DEBUG - 2025-12-16 05:08:35 --> Session: Class initialized using 'CodeIgniter\Session\Handlers\FileHandler' driver.
DEBUG - 2025-12-16 05:09:15 --> Session: Class initialized using 'CodeIgniter\Session\Handlers\FileHandler' driver.
DEBUG - 2025-12-16 05:09:15 --> Session: Class initialized using 'CodeIgniter\Session\Handlers\FileHandler' driver.
WARNING - 2025-12-16 05:09:15 --> [DEPRECATED] round(): Passing null to parameter #1 ($num) of type int|float is deprecated in APPPATH\Controllers\Dashboard.php on line 241.
 1 APPPATH\Controllers\Dashboard.php(241): round(null, 2)
 2 SYSTEMPATH\CodeIgniter.php(933): App\Controllers\Dashboard->index()
 3 SYSTEMPATH\CodeIgniter.php(509): CodeIgniter\CodeIgniter->runController(Object(App\Controllers\Dashboard))
 4 SYSTEMPATH\CodeIgniter.php(355): CodeIgniter\CodeIgniter->handleRequest(null, Object(Config\Cache), false)
 5 SYSTEMPATH\Boot.php(334): CodeIgniter\CodeIgniter->run()
 6 SYSTEMPATH\Boot.php(67): CodeIgniter\Boot::runCodeIgniter(Object(CodeIgniter\CodeIgniter))
 7 FCPATH\index.php(56): CodeIgniter\Boot::bootWeb(Object(Config\Paths))
WARNING - 2025-12-16 05:09:15 --> [DEPRECATED] round(): Passing null to parameter #1 ($num) of type int|float is deprecated in APPPATH\Controllers\Dashboard.php on line 247.
 1 APPPATH\Controllers\Dashboard.php(247): round(null, 2)
 2 SYSTEMPATH\CodeIgniter.php(933): App\Controllers\Dashboard->index()
 3 SYSTEMPATH\CodeIgniter.php(509): CodeIgniter\CodeIgniter->runController(Object(App\Controllers\Dashboard))
 4 SYSTEMPATH\CodeIgniter.php(355): CodeIgniter\CodeIgniter->handleRequest(null, Object(Config\Cache), false)
 5 SYSTEMPATH\Boot.php(334): CodeIgniter\CodeIgniter->run()
 6 SYSTEMPATH\Boot.php(67): CodeIgniter\Boot::runCodeIgniter(Object(CodeIgniter\CodeIgniter))
 7 FCPATH\index.php(56): CodeIgniter\Boot::bootWeb(Object(Config\Paths))
DEBUG - 2025-12-16 05:10:17 --> Session: Class initialized using 'CodeIgniter\Session\Handlers\FileHandler' driver.
DEBUG - 2025-12-16 05:10:18 --> Session: Class initialized using 'CodeIgniter\Session\Handlers\FileHandler' driver.
DEBUG - 2025-12-16 05:10:49 --> Session: Class initialized using 'CodeIgniter\Session\Handlers\FileHandler' driver.
DEBUG - 2025-12-16 05:10:49 --> Session: Class initialized using 'CodeIgniter\Session\Handlers\FileHandler' driver.
DEBUG - 2025-12-16 05:10:51 --> Session: Class initialized using 'CodeIgniter\Session\Handlers\FileHandler' driver.
INFO - 2025-12-16 05:10:51 --> getSightName(0) returned: 0 rows
INFO - 2025-12-16 05:10:51 --> getSightName(0) returned: 0 rows
INFO - 2025-12-16 05:10:51 --> getSightName(0) returned: 0 rows
DEBUG - 2025-12-16 05:10:57 --> Session: Class initialized using 'CodeIgniter\Session\Handlers\FileHandler' driver.
INFO - 2025-12-16 05:10:57 --> getLocationDescription(4) returned: 1 rows
INFO - 2025-12-16 05:10:57 --> getLocationDescription(4) returned: 1 rows
INFO - 2025-12-16 05:10:57 --> getLocationDescription(9) returned: 1 rows
INFO - 2025-12-16 05:10:57 --> getLocationDescription(9) returned: 1 rows
DEBUG - 2025-12-16 05:21:59 --> Session: Class initialized using 'CodeIgniter\Session\Handlers\FileHandler' driver.
DEBUG - 2025-12-16 05:21:59 --> Session: Class initialized using 'CodeIgniter\Session\Handlers\FileHandler' driver.
DEBUG - 2025-12-16 05:22:01 --> Session: Class initialized using 'CodeIgniter\Session\Handlers\FileHandler' driver.
INFO - 2025-12-16 05:22:01 --> getLocationDescription(4) returned: 1 rows
INFO - 2025-12-16 05:22:01 --> getLocationDescription(4) returned: 1 rows
INFO - 2025-12-16 05:22:01 --> getLocationDescription(9) returned: 1 rows
INFO - 2025-12-16 05:22:01 --> getLocationDescription(9) returned: 1 rows
DEBUG - 2025-12-16 05:52:28 --> Session: Class initialized using 'CodeIgniter\Session\Handlers\FileHandler' driver.
DEBUG - 2025-12-16 05:52:29 --> Session: Class initialized using 'CodeIgniter\Session\Handlers\FileHandler' driver.
DEBUG - 2025-12-16 05:52:30 --> Session: Class initialized using 'CodeIgniter\Session\Handlers\FileHandler' driver.
CRITICAL - 2025-12-16 05:52:30 --> ErrorException: Undefined array key "exp_room_category_name"
[Method: POST, Route: Enquiry/viewItinerarySheet]
in APPPATH\Views\enquiry\itinerary_sheet_view.php on line 133.
 1 APPPATH\Views\enquiry\itinerary_sheet_view.php(133): CodeIgniter\Debug\Exceptions->errorHandler(2, 'Undefined array key "exp_room_category_name"', 'C:\\wamp64\\www\\khm\\app\\Views\\enquiry\\itinerary_sheet_view.php', 133)
 2 SYSTEMPATH\View\View.php(234): include('C:\\wamp64\\www\\khm\\app\\Views\\enquiry\\itinerary_sheet_view.php')
 3 SYSTEMPATH\View\View.php(237): CodeIgniter\View\View->CodeIgniter\View\{closure}()
 4 SYSTEMPATH\Common.php(1171): CodeIgniter\View\View->render('enquiry/itinerary_sheet_view', [], true)
 5 APPPATH\Controllers\Enquiry.php(10126): view('enquiry/itinerary_sheet_view', [...])
 6 SYSTEMPATH\CodeIgniter.php(933): App\Controllers\Enquiry->viewItinerarySheet()
 7 SYSTEMPATH\CodeIgniter.php(509): CodeIgniter\CodeIgniter->runController(Object(App\Controllers\Enquiry))
 8 SYSTEMPATH\CodeIgniter.php(355): CodeIgniter\CodeIgniter->handleRequest(null, Object(Config\Cache), false)
 9 SYSTEMPATH\Boot.php(334): CodeIgniter\CodeIgniter->run()
10 SYSTEMPATH\Boot.php(67): CodeIgniter\Boot::runCodeIgniter(Object(CodeIgniter\CodeIgniter))
11 FCPATH\index.php(56): CodeIgniter\Boot::bootWeb(Object(Config\Paths))
DEBUG - 2025-12-16 05:52:31 --> Session: Class initialized using 'CodeIgniter\Session\Handlers\FileHandler' driver.
CRITICAL - 2025-12-16 05:52:31 --> ErrorException: Undefined array key "exp_room_category_name"
[Method: POST, Route: Enquiry/viewItinerarySheet]
in APPPATH\Views\enquiry\itinerary_sheet_view.php on line 133.
 1 APPPATH\Views\enquiry\itinerary_sheet_view.php(133): CodeIgniter\Debug\Exceptions->errorHandler(2, 'Undefined array key "exp_room_category_name"', 'C:\\wamp64\\www\\khm\\app\\Views\\enquiry\\itinerary_sheet_view.php', 133)
 2 SYSTEMPATH\View\View.php(234): include('C:\\wamp64\\www\\khm\\app\\Views\\enquiry\\itinerary_sheet_view.php')
 3 SYSTEMPATH\View\View.php(237): CodeIgniter\View\View->CodeIgniter\View\{closure}()
 4 SYSTEMPATH\Common.php(1171): CodeIgniter\View\View->render('enquiry/itinerary_sheet_view', [], true)
 5 APPPATH\Controllers\Enquiry.php(10126): view('enquiry/itinerary_sheet_view', [...])
 6 SYSTEMPATH\CodeIgniter.php(933): App\Controllers\Enquiry->viewItinerarySheet()
 7 SYSTEMPATH\CodeIgniter.php(509): CodeIgniter\CodeIgniter->runController(Object(App\Controllers\Enquiry))
 8 SYSTEMPATH\CodeIgniter.php(355): CodeIgniter\CodeIgniter->handleRequest(null, Object(Config\Cache), false)
 9 SYSTEMPATH\Boot.php(334): CodeIgniter\CodeIgniter->run()
10 SYSTEMPATH\Boot.php(67): CodeIgniter\Boot::runCodeIgniter(Object(CodeIgniter\CodeIgniter))
11 FCPATH\index.php(56): CodeIgniter\Boot::bootWeb(Object(Config\Paths))
DEBUG - 2025-12-16 05:52:32 --> Session: Class initialized using 'CodeIgniter\Session\Handlers\FileHandler' driver.
CRITICAL - 2025-12-16 05:52:32 --> ErrorException: Undefined array key "exp_room_category_name"
[Method: POST, Route: Enquiry/viewItinerarySheet]
in APPPATH\Views\enquiry\itinerary_sheet_view.php on line 133.
 1 APPPATH\Views\enquiry\itinerary_sheet_view.php(133): CodeIgniter\Debug\Exceptions->errorHandler(2, 'Undefined array key "exp_room_category_name"', 'C:\\wamp64\\www\\khm\\app\\Views\\enquiry\\itinerary_sheet_view.php', 133)
 2 SYSTEMPATH\View\View.php(234): include('C:\\wamp64\\www\\khm\\app\\Views\\enquiry\\itinerary_sheet_view.php')
 3 SYSTEMPATH\View\View.php(237): CodeIgniter\View\View->CodeIgniter\View\{closure}()
 4 SYSTEMPATH\Common.php(1171): CodeIgniter\View\View->render('enquiry/itinerary_sheet_view', [], true)
 5 APPPATH\Controllers\Enquiry.php(10126): view('enquiry/itinerary_sheet_view', [...])
 6 SYSTEMPATH\CodeIgniter.php(933): App\Controllers\Enquiry->viewItinerarySheet()
 7 SYSTEMPATH\CodeIgniter.php(509): CodeIgniter\CodeIgniter->runController(Object(App\Controllers\Enquiry))
 8 SYSTEMPATH\CodeIgniter.php(355): CodeIgniter\CodeIgniter->handleRequest(null, Object(Config\Cache), false)
 9 SYSTEMPATH\Boot.php(334): CodeIgniter\CodeIgniter->run()
10 SYSTEMPATH\Boot.php(67): CodeIgniter\Boot::runCodeIgniter(Object(CodeIgniter\CodeIgniter))
11 FCPATH\index.php(56): CodeIgniter\Boot::bootWeb(Object(Config\Paths))
DEBUG - 2025-12-16 05:52:32 --> Session: Class initialized using 'CodeIgniter\Session\Handlers\FileHandler' driver.
CRITICAL - 2025-12-16 05:52:33 --> ErrorException: Undefined array key "exp_room_category_name"
[Method: POST, Route: Enquiry/viewItinerarySheet]
in APPPATH\Views\enquiry\itinerary_sheet_view.php on line 133.
 1 APPPATH\Views\enquiry\itinerary_sheet_view.php(133): CodeIgniter\Debug\Exceptions->errorHandler(2, 'Undefined array key "exp_room_category_name"', 'C:\\wamp64\\www\\khm\\app\\Views\\enquiry\\itinerary_sheet_view.php', 133)
 2 SYSTEMPATH\View\View.php(234): include('C:\\wamp64\\www\\khm\\app\\Views\\enquiry\\itinerary_sheet_view.php')
 3 SYSTEMPATH\View\View.php(237): CodeIgniter\View\View->CodeIgniter\View\{closure}()
 4 SYSTEMPATH\Common.php(1171): CodeIgniter\View\View->render('enquiry/itinerary_sheet_view', [], true)
 5 APPPATH\Controllers\Enquiry.php(10126): view('enquiry/itinerary_sheet_view', [...])
 6 SYSTEMPATH\CodeIgniter.php(933): App\Controllers\Enquiry->viewItinerarySheet()
 7 SYSTEMPATH\CodeIgniter.php(509): CodeIgniter\CodeIgniter->runController(Object(App\Controllers\Enquiry))
 8 SYSTEMPATH\CodeIgniter.php(355): CodeIgniter\CodeIgniter->handleRequest(null, Object(Config\Cache), false)
 9 SYSTEMPATH\Boot.php(334): CodeIgniter\CodeIgniter->run()
10 SYSTEMPATH\Boot.php(67): CodeIgniter\Boot::runCodeIgniter(Object(CodeIgniter\CodeIgniter))
11 FCPATH\index.php(56): CodeIgniter\Boot::bootWeb(Object(Config\Paths))
DEBUG - 2025-12-16 05:52:33 --> Session: Class initialized using 'CodeIgniter\Session\Handlers\FileHandler' driver.
CRITICAL - 2025-12-16 05:52:33 --> ErrorException: Undefined array key "exp_room_category_name"
[Method: POST, Route: Enquiry/viewItinerarySheet]
in APPPATH\Views\enquiry\itinerary_sheet_view.php on line 133.
 1 APPPATH\Views\enquiry\itinerary_sheet_view.php(133): CodeIgniter\Debug\Exceptions->errorHandler(2, 'Undefined array key "exp_room_category_name"', 'C:\\wamp64\\www\\khm\\app\\Views\\enquiry\\itinerary_sheet_view.php', 133)
 2 SYSTEMPATH\View\View.php(234): include('C:\\wamp64\\www\\khm\\app\\Views\\enquiry\\itinerary_sheet_view.php')
 3 SYSTEMPATH\View\View.php(237): CodeIgniter\View\View->CodeIgniter\View\{closure}()
 4 SYSTEMPATH\Common.php(1171): CodeIgniter\View\View->render('enquiry/itinerary_sheet_view', [], true)
 5 APPPATH\Controllers\Enquiry.php(10126): view('enquiry/itinerary_sheet_view', [...])
 6 SYSTEMPATH\CodeIgniter.php(933): App\Controllers\Enquiry->viewItinerarySheet()
 7 SYSTEMPATH\CodeIgniter.php(509): CodeIgniter\CodeIgniter->runController(Object(App\Controllers\Enquiry))
 8 SYSTEMPATH\CodeIgniter.php(355): CodeIgniter\CodeIgniter->handleRequest(null, Object(Config\Cache), false)
 9 SYSTEMPATH\Boot.php(334): CodeIgniter\CodeIgniter->run()
10 SYSTEMPATH\Boot.php(67): CodeIgniter\Boot::runCodeIgniter(Object(CodeIgniter\CodeIgniter))
11 FCPATH\index.php(56): CodeIgniter\Boot::bootWeb(Object(Config\Paths))
DEBUG - 2025-12-16 05:52:33 --> Session: Class initialized using 'CodeIgniter\Session\Handlers\FileHandler' driver.
CRITICAL - 2025-12-16 05:52:33 --> ErrorException: Undefined array key "exp_room_category_name"
[Method: POST, Route: Enquiry/viewItinerarySheet]
in APPPATH\Views\enquiry\itinerary_sheet_view.php on line 133.
 1 APPPATH\Views\enquiry\itinerary_sheet_view.php(133): CodeIgniter\Debug\Exceptions->errorHandler(2, 'Undefined array key "exp_room_category_name"', 'C:\\wamp64\\www\\khm\\app\\Views\\enquiry\\itinerary_sheet_view.php', 133)
 2 SYSTEMPATH\View\View.php(234): include('C:\\wamp64\\www\\khm\\app\\Views\\enquiry\\itinerary_sheet_view.php')
 3 SYSTEMPATH\View\View.php(237): CodeIgniter\View\View->CodeIgniter\View\{closure}()
 4 SYSTEMPATH\Common.php(1171): CodeIgniter\View\View->render('enquiry/itinerary_sheet_view', [], true)
 5 APPPATH\Controllers\Enquiry.php(10126): view('enquiry/itinerary_sheet_view', [...])
 6 SYSTEMPATH\CodeIgniter.php(933): App\Controllers\Enquiry->viewItinerarySheet()
 7 SYSTEMPATH\CodeIgniter.php(509): CodeIgniter\CodeIgniter->runController(Object(App\Controllers\Enquiry))
 8 SYSTEMPATH\CodeIgniter.php(355): CodeIgniter\CodeIgniter->handleRequest(null, Object(Config\Cache), false)
 9 SYSTEMPATH\Boot.php(334): CodeIgniter\CodeIgniter->run()
10 SYSTEMPATH\Boot.php(67): CodeIgniter\Boot::runCodeIgniter(Object(CodeIgniter\CodeIgniter))
11 FCPATH\index.php(56): CodeIgniter\Boot::bootWeb(Object(Config\Paths))
DEBUG - 2025-12-16 05:52:33 --> Session: Class initialized using 'CodeIgniter\Session\Handlers\FileHandler' driver.
CRITICAL - 2025-12-16 05:52:33 --> ErrorException: Undefined array key "exp_room_category_name"
[Method: POST, Route: Enquiry/viewItinerarySheet]
in APPPATH\Views\enquiry\itinerary_sheet_view.php on line 133.
 1 APPPATH\Views\enquiry\itinerary_sheet_view.php(133): CodeIgniter\Debug\Exceptions->errorHandler(2, 'Undefined array key "exp_room_category_name"', 'C:\\wamp64\\www\\khm\\app\\Views\\enquiry\\itinerary_sheet_view.php', 133)
 2 SYSTEMPATH\View\View.php(234): include('C:\\wamp64\\www\\khm\\app\\Views\\enquiry\\itinerary_sheet_view.php')
 3 SYSTEMPATH\View\View.php(237): CodeIgniter\View\View->CodeIgniter\View\{closure}()
 4 SYSTEMPATH\Common.php(1171): CodeIgniter\View\View->render('enquiry/itinerary_sheet_view', [], true)
 5 APPPATH\Controllers\Enquiry.php(10126): view('enquiry/itinerary_sheet_view', [...])
 6 SYSTEMPATH\CodeIgniter.php(933): App\Controllers\Enquiry->viewItinerarySheet()
 7 SYSTEMPATH\CodeIgniter.php(509): CodeIgniter\CodeIgniter->runController(Object(App\Controllers\Enquiry))
 8 SYSTEMPATH\CodeIgniter.php(355): CodeIgniter\CodeIgniter->handleRequest(null, Object(Config\Cache), false)
 9 SYSTEMPATH\Boot.php(334): CodeIgniter\CodeIgniter->run()
10 SYSTEMPATH\Boot.php(67): CodeIgniter\Boot::runCodeIgniter(Object(CodeIgniter\CodeIgniter))
11 FCPATH\index.php(56): CodeIgniter\Boot::bootWeb(Object(Config\Paths))
DEBUG - 2025-12-16 05:52:33 --> Session: Class initialized using 'CodeIgniter\Session\Handlers\FileHandler' driver.
CRITICAL - 2025-12-16 05:52:33 --> ErrorException: Undefined array key "exp_room_category_name"
[Method: POST, Route: Enquiry/viewItinerarySheet]
in APPPATH\Views\enquiry\itinerary_sheet_view.php on line 133.
 1 APPPATH\Views\enquiry\itinerary_sheet_view.php(133): CodeIgniter\Debug\Exceptions->errorHandler(2, 'Undefined array key "exp_room_category_name"', 'C:\\wamp64\\www\\khm\\app\\Views\\enquiry\\itinerary_sheet_view.php', 133)
 2 SYSTEMPATH\View\View.php(234): include('C:\\wamp64\\www\\khm\\app\\Views\\enquiry\\itinerary_sheet_view.php')
 3 SYSTEMPATH\View\View.php(237): CodeIgniter\View\View->CodeIgniter\View\{closure}()
 4 SYSTEMPATH\Common.php(1171): CodeIgniter\View\View->render('enquiry/itinerary_sheet_view', [], true)
 5 APPPATH\Controllers\Enquiry.php(10126): view('enquiry/itinerary_sheet_view', [...])
 6 SYSTEMPATH\CodeIgniter.php(933): App\Controllers\Enquiry->viewItinerarySheet()
 7 SYSTEMPATH\CodeIgniter.php(509): CodeIgniter\CodeIgniter->runController(Object(App\Controllers\Enquiry))
 8 SYSTEMPATH\CodeIgniter.php(355): CodeIgniter\CodeIgniter->handleRequest(null, Object(Config\Cache), false)
 9 SYSTEMPATH\Boot.php(334): CodeIgniter\CodeIgniter->run()
10 SYSTEMPATH\Boot.php(67): CodeIgniter\Boot::runCodeIgniter(Object(CodeIgniter\CodeIgniter))
11 FCPATH\index.php(56): CodeIgniter\Boot::bootWeb(Object(Config\Paths))
DEBUG - 2025-12-16 05:52:33 --> Session: Class initialized using 'CodeIgniter\Session\Handlers\FileHandler' driver.
CRITICAL - 2025-12-16 05:52:33 --> ErrorException: Undefined array key "exp_room_category_name"
[Method: POST, Route: Enquiry/viewItinerarySheet]
in APPPATH\Views\enquiry\itinerary_sheet_view.php on line 133.
 1 APPPATH\Views\enquiry\itinerary_sheet_view.php(133): CodeIgniter\Debug\Exceptions->errorHandler(2, 'Undefined array key "exp_room_category_name"', 'C:\\wamp64\\www\\khm\\app\\Views\\enquiry\\itinerary_sheet_view.php', 133)
 2 SYSTEMPATH\View\View.php(234): include('C:\\wamp64\\www\\khm\\app\\Views\\enquiry\\itinerary_sheet_view.php')
 3 SYSTEMPATH\View\View.php(237): CodeIgniter\View\View->CodeIgniter\View\{closure}()
 4 SYSTEMPATH\Common.php(1171): CodeIgniter\View\View->render('enquiry/itinerary_sheet_view', [], true)
 5 APPPATH\Controllers\Enquiry.php(10126): view('enquiry/itinerary_sheet_view', [...])
 6 SYSTEMPATH\CodeIgniter.php(933): App\Controllers\Enquiry->viewItinerarySheet()
 7 SYSTEMPATH\CodeIgniter.php(509): CodeIgniter\CodeIgniter->runController(Object(App\Controllers\Enquiry))
 8 SYSTEMPATH\CodeIgniter.php(355): CodeIgniter\CodeIgniter->handleRequest(null, Object(Config\Cache), false)
 9 SYSTEMPATH\Boot.php(334): CodeIgniter\CodeIgniter->run()
10 SYSTEMPATH\Boot.php(67): CodeIgniter\Boot::runCodeIgniter(Object(CodeIgniter\CodeIgniter))
11 FCPATH\index.php(56): CodeIgniter\Boot::bootWeb(Object(Config\Paths))
DEBUG - 2025-12-16 05:52:33 --> Session: Class initialized using 'CodeIgniter\Session\Handlers\FileHandler' driver.
CRITICAL - 2025-12-16 05:52:33 --> ErrorException: Undefined array key "exp_room_category_name"
[Method: POST, Route: Enquiry/viewItinerarySheet]
in APPPATH\Views\enquiry\itinerary_sheet_view.php on line 133.
 1 APPPATH\Views\enquiry\itinerary_sheet_view.php(133): CodeIgniter\Debug\Exceptions->errorHandler(2, 'Undefined array key "exp_room_category_name"', 'C:\\wamp64\\www\\khm\\app\\Views\\enquiry\\itinerary_sheet_view.php', 133)
 2 SYSTEMPATH\View\View.php(234): include('C:\\wamp64\\www\\khm\\app\\Views\\enquiry\\itinerary_sheet_view.php')
 3 SYSTEMPATH\View\View.php(237): CodeIgniter\View\View->CodeIgniter\View\{closure}()
 4 SYSTEMPATH\Common.php(1171): CodeIgniter\View\View->render('enquiry/itinerary_sheet_view', [], true)
 5 APPPATH\Controllers\Enquiry.php(10126): view('enquiry/itinerary_sheet_view', [...])
 6 SYSTEMPATH\CodeIgniter.php(933): App\Controllers\Enquiry->viewItinerarySheet()
 7 SYSTEMPATH\CodeIgniter.php(509): CodeIgniter\CodeIgniter->runController(Object(App\Controllers\Enquiry))
 8 SYSTEMPATH\CodeIgniter.php(355): CodeIgniter\CodeIgniter->handleRequest(null, Object(Config\Cache), false)
 9 SYSTEMPATH\Boot.php(334): CodeIgniter\CodeIgniter->run()
10 SYSTEMPATH\Boot.php(67): CodeIgniter\Boot::runCodeIgniter(Object(CodeIgniter\CodeIgniter))
11 FCPATH\index.php(56): CodeIgniter\Boot::bootWeb(Object(Config\Paths))
DEBUG - 2025-12-16 05:52:34 --> Session: Class initialized using 'CodeIgniter\Session\Handlers\FileHandler' driver.
CRITICAL - 2025-12-16 05:52:34 --> ErrorException: Undefined array key "exp_room_category_name"
[Method: POST, Route: Enquiry/viewItinerarySheet]
in APPPATH\Views\enquiry\itinerary_sheet_view.php on line 133.
 1 APPPATH\Views\enquiry\itinerary_sheet_view.php(133): CodeIgniter\Debug\Exceptions->errorHandler(2, 'Undefined array key "exp_room_category_name"', 'C:\\wamp64\\www\\khm\\app\\Views\\enquiry\\itinerary_sheet_view.php', 133)
 2 SYSTEMPATH\View\View.php(234): include('C:\\wamp64\\www\\khm\\app\\Views\\enquiry\\itinerary_sheet_view.php')
 3 SYSTEMPATH\View\View.php(237): CodeIgniter\View\View->CodeIgniter\View\{closure}()
 4 SYSTEMPATH\Common.php(1171): CodeIgniter\View\View->render('enquiry/itinerary_sheet_view', [], true)
 5 APPPATH\Controllers\Enquiry.php(10126): view('enquiry/itinerary_sheet_view', [...])
 6 SYSTEMPATH\CodeIgniter.php(933): App\Controllers\Enquiry->viewItinerarySheet()
 7 SYSTEMPATH\CodeIgniter.php(509): CodeIgniter\CodeIgniter->runController(Object(App\Controllers\Enquiry))
 8 SYSTEMPATH\CodeIgniter.php(355): CodeIgniter\CodeIgniter->handleRequest(null, Object(Config\Cache), false)
 9 SYSTEMPATH\Boot.php(334): CodeIgniter\CodeIgniter->run()
10 SYSTEMPATH\Boot.php(67): CodeIgniter\Boot::runCodeIgniter(Object(CodeIgniter\CodeIgniter))
11 FCPATH\index.php(56): CodeIgniter\Boot::bootWeb(Object(Config\Paths))
DEBUG - 2025-12-16 05:52:34 --> Session: Class initialized using 'CodeIgniter\Session\Handlers\FileHandler' driver.
CRITICAL - 2025-12-16 05:52:34 --> ErrorException: Undefined array key "exp_room_category_name"
[Method: POST, Route: Enquiry/viewItinerarySheet]
in APPPATH\Views\enquiry\itinerary_sheet_view.php on line 133.
 1 APPPATH\Views\enquiry\itinerary_sheet_view.php(133): CodeIgniter\Debug\Exceptions->errorHandler(2, 'Undefined array key "exp_room_category_name"', 'C:\\wamp64\\www\\khm\\app\\Views\\enquiry\\itinerary_sheet_view.php', 133)
 2 SYSTEMPATH\View\View.php(234): include('C:\\wamp64\\www\\khm\\app\\Views\\enquiry\\itinerary_sheet_view.php')
 3 SYSTEMPATH\View\View.php(237): CodeIgniter\View\View->CodeIgniter\View\{closure}()
 4 SYSTEMPATH\Common.php(1171): CodeIgniter\View\View->render('enquiry/itinerary_sheet_view', [], true)
 5 APPPATH\Controllers\Enquiry.php(10126): view('enquiry/itinerary_sheet_view', [...])
 6 SYSTEMPATH\CodeIgniter.php(933): App\Controllers\Enquiry->viewItinerarySheet()
 7 SYSTEMPATH\CodeIgniter.php(509): CodeIgniter\CodeIgniter->runController(Object(App\Controllers\Enquiry))
 8 SYSTEMPATH\CodeIgniter.php(355): CodeIgniter\CodeIgniter->handleRequest(null, Object(Config\Cache), false)
 9 SYSTEMPATH\Boot.php(334): CodeIgniter\CodeIgniter->run()
10 SYSTEMPATH\Boot.php(67): CodeIgniter\Boot::runCodeIgniter(Object(CodeIgniter\CodeIgniter))
11 FCPATH\index.php(56): CodeIgniter\Boot::bootWeb(Object(Config\Paths))
DEBUG - 2025-12-16 05:52:34 --> Session: Class initialized using 'CodeIgniter\Session\Handlers\FileHandler' driver.
CRITICAL - 2025-12-16 05:52:34 --> ErrorException: Undefined array key "exp_room_category_name"
[Method: POST, Route: Enquiry/viewItinerarySheet]
in APPPATH\Views\enquiry\itinerary_sheet_view.php on line 133.
 1 APPPATH\Views\enquiry\itinerary_sheet_view.php(133): CodeIgniter\Debug\Exceptions->errorHandler(2, 'Undefined array key "exp_room_category_name"', 'C:\\wamp64\\www\\khm\\app\\Views\\enquiry\\itinerary_sheet_view.php', 133)
 2 SYSTEMPATH\View\View.php(234): include('C:\\wamp64\\www\\khm\\app\\Views\\enquiry\\itinerary_sheet_view.php')
 3 SYSTEMPATH\View\View.php(237): CodeIgniter\View\View->CodeIgniter\View\{closure}()
 4 SYSTEMPATH\Common.php(1171): CodeIgniter\View\View->render('enquiry/itinerary_sheet_view', [], true)
 5 APPPATH\Controllers\Enquiry.php(10126): view('enquiry/itinerary_sheet_view', [...])
 6 SYSTEMPATH\CodeIgniter.php(933): App\Controllers\Enquiry->viewItinerarySheet()
 7 SYSTEMPATH\CodeIgniter.php(509): CodeIgniter\CodeIgniter->runController(Object(App\Controllers\Enquiry))
 8 SYSTEMPATH\CodeIgniter.php(355): CodeIgniter\CodeIgniter->handleRequest(null, Object(Config\Cache), false)
 9 SYSTEMPATH\Boot.php(334): CodeIgniter\CodeIgniter->run()
10 SYSTEMPATH\Boot.php(67): CodeIgniter\Boot::runCodeIgniter(Object(CodeIgniter\CodeIgniter))
11 FCPATH\index.php(56): CodeIgniter\Boot::bootWeb(Object(Config\Paths))
DEBUG - 2025-12-16 05:52:57 --> Session: Class initialized using 'CodeIgniter\Session\Handlers\FileHandler' driver.
DEBUG - 2025-12-16 05:52:58 --> Session: Class initialized using 'CodeIgniter\Session\Handlers\FileHandler' driver.
DEBUG - 2025-12-16 05:52:59 --> Session: Class initialized using 'CodeIgniter\Session\Handlers\FileHandler' driver.
INFO - 2025-12-16 05:52:59 --> getLocationDescription(4) returned: 1 rows
INFO - 2025-12-16 05:53:00 --> getLocationDescription(4) returned: 1 rows
INFO - 2025-12-16 05:53:00 --> getLocationDescription(9) returned: 1 rows
INFO - 2025-12-16 05:53:00 --> getLocationDescription(9) returned: 1 rows
DEBUG - 2025-12-16 05:59:47 --> Session: Class initialized using 'CodeIgniter\Session\Handlers\FileHandler' driver.
DEBUG - 2025-12-16 05:59:47 --> Session: Class initialized using 'CodeIgniter\Session\Handlers\FileHandler' driver.
DEBUG - 2025-12-16 05:59:48 --> Session: Class initialized using 'CodeIgniter\Session\Handlers\FileHandler' driver.
CRITICAL - 2025-12-16 05:59:48 --> ErrorException: Undefined variable $room_cat
[Method: POST, Route: Enquiry/viewItinerarySheet]
in APPPATH\Views\enquiry\itinerary_sheet_view.php on line 133.
 1 APPPATH\Views\enquiry\itinerary_sheet_view.php(133): CodeIgniter\Debug\Exceptions->errorHandler(2, 'Undefined variable $room_cat', 'C:\\wamp64\\www\\khm\\app\\Views\\enquiry\\itinerary_sheet_view.php', 133)
 2 SYSTEMPATH\View\View.php(234): include('C:\\wamp64\\www\\khm\\app\\Views\\enquiry\\itinerary_sheet_view.php')
 3 SYSTEMPATH\View\View.php(237): CodeIgniter\View\View->CodeIgniter\View\{closure}()
 4 SYSTEMPATH\Common.php(1171): CodeIgniter\View\View->render('enquiry/itinerary_sheet_view', [], true)
 5 APPPATH\Controllers\Enquiry.php(10126): view('enquiry/itinerary_sheet_view', [...])
 6 SYSTEMPATH\CodeIgniter.php(933): App\Controllers\Enquiry->viewItinerarySheet()
 7 SYSTEMPATH\CodeIgniter.php(509): CodeIgniter\CodeIgniter->runController(Object(App\Controllers\Enquiry))
 8 SYSTEMPATH\CodeIgniter.php(355): CodeIgniter\CodeIgniter->handleRequest(null, Object(Config\Cache), false)
 9 SYSTEMPATH\Boot.php(334): CodeIgniter\CodeIgniter->run()
10 SYSTEMPATH\Boot.php(67): CodeIgniter\Boot::runCodeIgniter(Object(CodeIgniter\CodeIgniter))
11 FCPATH\index.php(56): CodeIgniter\Boot::bootWeb(Object(Config\Paths))
DEBUG - 2025-12-16 05:59:49 --> Session: Class initialized using 'CodeIgniter\Session\Handlers\FileHandler' driver.
CRITICAL - 2025-12-16 05:59:49 --> ErrorException: Undefined variable $room_cat
[Method: POST, Route: Enquiry/viewItinerarySheet]
in APPPATH\Views\enquiry\itinerary_sheet_view.php on line 133.
 1 APPPATH\Views\enquiry\itinerary_sheet_view.php(133): CodeIgniter\Debug\Exceptions->errorHandler(2, 'Undefined variable $room_cat', 'C:\\wamp64\\www\\khm\\app\\Views\\enquiry\\itinerary_sheet_view.php', 133)
 2 SYSTEMPATH\View\View.php(234): include('C:\\wamp64\\www\\khm\\app\\Views\\enquiry\\itinerary_sheet_view.php')
 3 SYSTEMPATH\View\View.php(237): CodeIgniter\View\View->CodeIgniter\View\{closure}()
 4 SYSTEMPATH\Common.php(1171): CodeIgniter\View\View->render('enquiry/itinerary_sheet_view', [], true)
 5 APPPATH\Controllers\Enquiry.php(10126): view('enquiry/itinerary_sheet_view', [...])
 6 SYSTEMPATH\CodeIgniter.php(933): App\Controllers\Enquiry->viewItinerarySheet()
 7 SYSTEMPATH\CodeIgniter.php(509): CodeIgniter\CodeIgniter->runController(Object(App\Controllers\Enquiry))
 8 SYSTEMPATH\CodeIgniter.php(355): CodeIgniter\CodeIgniter->handleRequest(null, Object(Config\Cache), false)
 9 SYSTEMPATH\Boot.php(334): CodeIgniter\CodeIgniter->run()
10 SYSTEMPATH\Boot.php(67): CodeIgniter\Boot::runCodeIgniter(Object(CodeIgniter\CodeIgniter))
11 FCPATH\index.php(56): CodeIgniter\Boot::bootWeb(Object(Config\Paths))
DEBUG - 2025-12-16 05:59:50 --> Session: Class initialized using 'CodeIgniter\Session\Handlers\FileHandler' driver.
CRITICAL - 2025-12-16 05:59:50 --> ErrorException: Undefined variable $room_cat
[Method: POST, Route: Enquiry/viewItinerarySheet]
in APPPATH\Views\enquiry\itinerary_sheet_view.php on line 133.
 1 APPPATH\Views\enquiry\itinerary_sheet_view.php(133): CodeIgniter\Debug\Exceptions->errorHandler(2, 'Undefined variable $room_cat', 'C:\\wamp64\\www\\khm\\app\\Views\\enquiry\\itinerary_sheet_view.php', 133)
 2 SYSTEMPATH\View\View.php(234): include('C:\\wamp64\\www\\khm\\app\\Views\\enquiry\\itinerary_sheet_view.php')
 3 SYSTEMPATH\View\View.php(237): CodeIgniter\View\View->CodeIgniter\View\{closure}()
 4 SYSTEMPATH\Common.php(1171): CodeIgniter\View\View->render('enquiry/itinerary_sheet_view', [], true)
 5 APPPATH\Controllers\Enquiry.php(10126): view('enquiry/itinerary_sheet_view', [...])
 6 SYSTEMPATH\CodeIgniter.php(933): App\Controllers\Enquiry->viewItinerarySheet()
 7 SYSTEMPATH\CodeIgniter.php(509): CodeIgniter\CodeIgniter->runController(Object(App\Controllers\Enquiry))
 8 SYSTEMPATH\CodeIgniter.php(355): CodeIgniter\CodeIgniter->handleRequest(null, Object(Config\Cache), false)
 9 SYSTEMPATH\Boot.php(334): CodeIgniter\CodeIgniter->run()
10 SYSTEMPATH\Boot.php(67): CodeIgniter\Boot::runCodeIgniter(Object(CodeIgniter\CodeIgniter))
11 FCPATH\index.php(56): CodeIgniter\Boot::bootWeb(Object(Config\Paths))
DEBUG - 2025-12-16 05:59:50 --> Session: Class initialized using 'CodeIgniter\Session\Handlers\FileHandler' driver.
CRITICAL - 2025-12-16 05:59:51 --> ErrorException: Undefined variable $room_cat
[Method: POST, Route: Enquiry/viewItinerarySheet]
in APPPATH\Views\enquiry\itinerary_sheet_view.php on line 133.
 1 APPPATH\Views\enquiry\itinerary_sheet_view.php(133): CodeIgniter\Debug\Exceptions->errorHandler(2, 'Undefined variable $room_cat', 'C:\\wamp64\\www\\khm\\app\\Views\\enquiry\\itinerary_sheet_view.php', 133)
 2 SYSTEMPATH\View\View.php(234): include('C:\\wamp64\\www\\khm\\app\\Views\\enquiry\\itinerary_sheet_view.php')
 3 SYSTEMPATH\View\View.php(237): CodeIgniter\View\View->CodeIgniter\View\{closure}()
 4 SYSTEMPATH\Common.php(1171): CodeIgniter\View\View->render('enquiry/itinerary_sheet_view', [], true)
 5 APPPATH\Controllers\Enquiry.php(10126): view('enquiry/itinerary_sheet_view', [...])
 6 SYSTEMPATH\CodeIgniter.php(933): App\Controllers\Enquiry->viewItinerarySheet()
 7 SYSTEMPATH\CodeIgniter.php(509): CodeIgniter\CodeIgniter->runController(Object(App\Controllers\Enquiry))
 8 SYSTEMPATH\CodeIgniter.php(355): CodeIgniter\CodeIgniter->handleRequest(null, Object(Config\Cache), false)
 9 SYSTEMPATH\Boot.php(334): CodeIgniter\CodeIgniter->run()
10 SYSTEMPATH\Boot.php(67): CodeIgniter\Boot::runCodeIgniter(Object(CodeIgniter\CodeIgniter))
11 FCPATH\index.php(56): CodeIgniter\Boot::bootWeb(Object(Config\Paths))
DEBUG - 2025-12-16 05:59:51 --> Session: Class initialized using 'CodeIgniter\Session\Handlers\FileHandler' driver.
DEBUG - 2025-12-16 05:59:52 --> Session: Class initialized using 'CodeIgniter\Session\Handlers\FileHandler' driver.
DEBUG - 2025-12-16 05:59:52 --> Session: Class initialized using 'CodeIgniter\Session\Handlers\FileHandler' driver.
DEBUG - 2025-12-16 05:59:52 --> Session: Class initialized using 'CodeIgniter\Session\Handlers\FileHandler' driver.
DEBUG - 2025-12-16 05:59:53 --> Session: Class initialized using 'CodeIgniter\Session\Handlers\FileHandler' driver.
DEBUG - 2025-12-16 05:59:55 --> Session: Class initialized using 'CodeIgniter\Session\Handlers\FileHandler' driver.
DEBUG - 2025-12-16 05:59:55 --> Session: Class initialized using 'CodeIgniter\Session\Handlers\FileHandler' driver.
DEBUG - 2025-12-16 05:59:55 --> Session: Class initialized using 'CodeIgniter\Session\Handlers\FileHandler' driver.
DEBUG - 2025-12-16 05:59:55 --> Session: Class initialized using 'CodeIgniter\Session\Handlers\FileHandler' driver.
DEBUG - 2025-12-16 06:00:06 --> Session: Class initialized using 'CodeIgniter\Session\Handlers\FileHandler' driver.
CRITICAL - 2025-12-16 06:00:06 --> ErrorException: Undefined variable $room_cat
[Method: POST, Route: Enquiry/viewItinerarySheet]
in APPPATH\Views\enquiry\itinerary_sheet_view.php on line 133.
 1 APPPATH\Views\enquiry\itinerary_sheet_view.php(133): CodeIgniter\Debug\Exceptions->errorHandler(2, 'Undefined variable $room_cat', 'C:\\wamp64\\www\\khm\\app\\Views\\enquiry\\itinerary_sheet_view.php', 133)
 2 SYSTEMPATH\View\View.php(234): include('C:\\wamp64\\www\\khm\\app\\Views\\enquiry\\itinerary_sheet_view.php')
 3 SYSTEMPATH\View\View.php(237): CodeIgniter\View\View->CodeIgniter\View\{closure}()
 4 SYSTEMPATH\Common.php(1171): CodeIgniter\View\View->render('enquiry/itinerary_sheet_view', [], true)
 5 APPPATH\Controllers\Enquiry.php(10126): view('enquiry/itinerary_sheet_view', [...])
 6 SYSTEMPATH\CodeIgniter.php(933): App\Controllers\Enquiry->viewItinerarySheet()
 7 SYSTEMPATH\CodeIgniter.php(509): CodeIgniter\CodeIgniter->runController(Object(App\Controllers\Enquiry))
 8 SYSTEMPATH\CodeIgniter.php(355): CodeIgniter\CodeIgniter->handleRequest(null, Object(Config\Cache), false)
 9 SYSTEMPATH\Boot.php(334): CodeIgniter\CodeIgniter->run()
10 SYSTEMPATH\Boot.php(67): CodeIgniter\Boot::runCodeIgniter(Object(CodeIgniter\CodeIgniter))
11 FCPATH\index.php(56): CodeIgniter\Boot::bootWeb(Object(Config\Paths))
DEBUG - 2025-12-16 06:01:04 --> Session: Class initialized using 'CodeIgniter\Session\Handlers\FileHandler' driver.
DEBUG - 2025-12-16 06:01:04 --> Session: Class initialized using 'CodeIgniter\Session\Handlers\FileHandler' driver.
DEBUG - 2025-12-16 06:01:04 --> Session: Class initialized using 'CodeIgniter\Session\Handlers\FileHandler' driver.
DEBUG - 2025-12-16 06:01:05 --> Session: Class initialized using 'CodeIgniter\Session\Handlers\FileHandler' driver.
DEBUG - 2025-12-16 06:01:05 --> Session: Class initialized using 'CodeIgniter\Session\Handlers\FileHandler' driver.
INFO - 2025-12-16 06:01:05 --> getLocationDescription(4) returned: 1 rows
INFO - 2025-12-16 06:01:05 --> getLocationDescription(4) returned: 1 rows
INFO - 2025-12-16 06:01:05 --> getLocationDescription(9) returned: 1 rows
INFO - 2025-12-16 06:01:05 --> getLocationDescription(9) returned: 1 rows
DEBUG - 2025-12-16 06:01:49 --> Session: Class initialized using 'CodeIgniter\Session\Handlers\FileHandler' driver.
DEBUG - 2025-12-16 06:01:49 --> Session: Class initialized using 'CodeIgniter\Session\Handlers\FileHandler' driver.
DEBUG - 2025-12-16 06:01:49 --> Session: Class initialized using 'CodeIgniter\Session\Handlers\FileHandler' driver.
DEBUG - 2025-12-16 06:01:49 --> Session: Class initialized using 'CodeIgniter\Session\Handlers\FileHandler' driver.
DEBUG - 2025-12-16 06:01:51 --> Session: Class initialized using 'CodeIgniter\Session\Handlers\FileHandler' driver.
INFO - 2025-12-16 06:01:51 --> getSightName(0) returned: 0 rows
INFO - 2025-12-16 06:01:51 --> getSightName(0) returned: 0 rows
INFO - 2025-12-16 06:01:51 --> getSightName(0) returned: 0 rows
DEBUG - 2025-12-16 06:01:58 --> Session: Class initialized using 'CodeIgniter\Session\Handlers\FileHandler' driver.
INFO - 2025-12-16 06:01:58 --> getLocationDescription(4) returned: 1 rows
INFO - 2025-12-16 06:01:58 --> getLocationDescription(4) returned: 1 rows
INFO - 2025-12-16 06:01:58 --> getLocationDescription(9) returned: 1 rows
INFO - 2025-12-16 06:01:58 --> getLocationDescription(9) returned: 1 rows
DEBUG - 2025-12-16 06:05:44 --> Session: Class initialized using 'CodeIgniter\Session\Handlers\FileHandler' driver.
DEBUG - 2025-12-16 06:05:45 --> Session: Class initialized using 'CodeIgniter\Session\Handlers\FileHandler' driver.
DEBUG - 2025-12-16 06:05:45 --> Session: Class initialized using 'CodeIgniter\Session\Handlers\FileHandler' driver.
DEBUG - 2025-12-16 06:05:45 --> Session: Class initialized using 'CodeIgniter\Session\Handlers\FileHandler' driver.
DEBUG - 2025-12-16 06:05:47 --> Session: Class initialized using 'CodeIgniter\Session\Handlers\FileHandler' driver.
ERROR - 2025-12-16 06:05:47 --> mysqli_sql_exception: Unknown column 'itie.gst' in 'field list' in C:\wamp64\www\khm\system\Database\MySQLi\Connection.php:312
Stack trace:
#0 C:\wamp64\www\khm\system\Database\MySQLi\Connection.php(312): mysqli->query('SELECT `itie`.*...', 0)
#1 C:\wamp64\www\khm\system\Database\BaseConnection.php(734): CodeIgniter\Database\MySQLi\Connection->execute('SELECT `itie`.*...')
#2 C:\wamp64\www\khm\system\Database\BaseConnection.php(648): CodeIgniter\Database\BaseConnection->simpleQuery('SELECT `itie`.*...')
#3 C:\wamp64\www\khm\system\Database\BaseBuilder.php(1644): CodeIgniter\Database\BaseConnection->query('SELECT `itie`.*...', Array, false)
#4 C:\wamp64\www\khm\app\Models\Enquiry_m.php(1762): CodeIgniter\Database\BaseBuilder->get()
#5 C:\wamp64\www\khm\app\Controllers\Enquiry.php(10065): App\Models\Enquiry_m->get_itinerary_expansion_grouped(Array)
#6 C:\wamp64\www\khm\system\CodeIgniter.php(933): App\Controllers\Enquiry->viewItinerarySheet()
#7 C:\wamp64\www\khm\system\CodeIgniter.php(509): CodeIgniter\CodeIgniter->runController(Object(App\Controllers\Enquiry))
#8 C:\wamp64\www\khm\system\CodeIgniter.php(355): CodeIgniter\CodeIgniter->handleRequest(NULL, Object(Config\Cache), false)
#9 C:\wamp64\www\khm\system\Boot.php(334): CodeIgniter\CodeIgniter->run()
#10 C:\wamp64\www\khm\system\Boot.php(67): CodeIgniter\Boot::runCodeIgniter(Object(CodeIgniter\CodeIgniter))
#11 C:\wamp64\www\khm\public\index.php(56): CodeIgniter\Boot::bootWeb(Object(Config\Paths))
#12 {main}
CRITICAL - 2025-12-16 06:05:47 --> CodeIgniter\Database\Exceptions\DatabaseException: Unknown column 'itie.gst' in 'field list'
[Method: POST, Route: Enquiry/viewItinerarySheet]
in SYSTEMPATH\Database\BaseConnection.php on line 688.
 1 SYSTEMPATH\Database\BaseBuilder.php(1644): CodeIgniter\Database\BaseConnection->query('SELECT `itie`.*, `itid`.`tour_details_id`, `itid`.`tour_date`, `rc`.`room_category_name`, `rc`.`room_category_name` as `exp_room_category_name`, `mt`.`meal_type_name` as `meal_plan_name`, `mt`.`meal_type_name` as `exp_meal_plan_name`, `itie`.`gst`
FROM `khm_obj_enquiry_tour_itinerary_expansion` as `itie`
LEFT JOIN `khm_obj_enquiry_itinerary_details` as `itid` ON `itid`.`itinerary_details_id` = `itie`.`itinerary_details_id`
LEFT JOIN `khm_obj_mst_hotel_room_category` as `rc` ON `rc`.`room_category_id` = `itie`.`room_category_id`
LEFT JOIN `khm_obj_mst_meal_type` as `mt` ON `mt`.`meal_type_id` = `itie`.`meal_plan_id`
WHERE `itie`.`itinerary_details_id` IN :itie.itinerary_details_id:
ORDER BY `itie`.`tour_expansion_date` ASC, `itie`.`tour_itinerary_expansion_id` ASC', [...], false)
 2 APPPATH\Models\Enquiry_m.php(1762): CodeIgniter\Database\BaseBuilder->get()
 3 APPPATH\Controllers\Enquiry.php(10065): App\Models\Enquiry_m->get_itinerary_expansion_grouped([...])
 4 SYSTEMPATH\CodeIgniter.php(933): App\Controllers\Enquiry->viewItinerarySheet()
 5 SYSTEMPATH\CodeIgniter.php(509): CodeIgniter\CodeIgniter->runController(Object(App\Controllers\Enquiry))
 6 SYSTEMPATH\CodeIgniter.php(355): CodeIgniter\CodeIgniter->handleRequest(null, Object(Config\Cache), false)
 7 SYSTEMPATH\Boot.php(334): CodeIgniter\CodeIgniter->run()
 8 SYSTEMPATH\Boot.php(67): CodeIgniter\Boot::runCodeIgniter(Object(CodeIgniter\CodeIgniter))
 9 FCPATH\index.php(56): CodeIgniter\Boot::bootWeb(Object(Config\Paths))
CRITICAL - 2025-12-16 06:05:47 --> [Caused by] CodeIgniter\Database\Exceptions\DatabaseException: Unknown column 'itie.gst' in 'field list'
in SYSTEMPATH\Database\MySQLi\Connection.php on line 317.
 1 SYSTEMPATH\Database\BaseConnection.php(734): CodeIgniter\Database\MySQLi\Connection->execute('SELECT `itie`.*, `itid`.`tour_details_id`, `itid`.`tour_date`, `rc`.`room_category_name`, `rc`.`room_category_name` as `exp_room_category_name`, `mt`.`meal_type_name` as `meal_plan_name`, `mt`.`meal_type_name` as `exp_meal_plan_name`, `itie`.`gst`
FROM `khm_obj_enquiry_tour_itinerary_expansion` as `itie`
LEFT JOIN `khm_obj_enquiry_itinerary_details` as `itid` ON `itid`.`itinerary_details_id` = `itie`.`itinerary_details_id`
LEFT JOIN `khm_obj_mst_hotel_room_category` as `rc` ON `rc`.`room_category_id` = `itie`.`room_category_id`
LEFT JOIN `khm_obj_mst_meal_type` as `mt` ON `mt`.`meal_type_id` = `itie`.`meal_plan_id`
WHERE `itie`.`itinerary_details_id` IN (\'3008\',\'3009\',\'3010\',\'3011\')
ORDER BY `itie`.`tour_expansion_date` ASC, `itie`.`tour_itinerary_expansion_id` ASC')
 2 SYSTEMPATH\Database\BaseConnection.php(648): CodeIgniter\Database\BaseConnection->simpleQuery('SELECT `itie`.*, `itid`.`tour_details_id`, `itid`.`tour_date`, `rc`.`room_category_name`, `rc`.`room_category_name` as `exp_room_category_name`, `mt`.`meal_type_name` as `meal_plan_name`, `mt`.`meal_type_name` as `exp_meal_plan_name`, `itie`.`gst`
FROM `khm_obj_enquiry_tour_itinerary_expansion` as `itie`
LEFT JOIN `khm_obj_enquiry_itinerary_details` as `itid` ON `itid`.`itinerary_details_id` = `itie`.`itinerary_details_id`
LEFT JOIN `khm_obj_mst_hotel_room_category` as `rc` ON `rc`.`room_category_id` = `itie`.`room_category_id`
LEFT JOIN `khm_obj_mst_meal_type` as `mt` ON `mt`.`meal_type_id` = `itie`.`meal_plan_id`
WHERE `itie`.`itinerary_details_id` IN (\'3008\',\'3009\',\'3010\',\'3011\')
ORDER BY `itie`.`tour_expansion_date` ASC, `itie`.`tour_itinerary_expansion_id` ASC')
 3 SYSTEMPATH\Database\BaseBuilder.php(1644): CodeIgniter\Database\BaseConnection->query('SELECT `itie`.*, `itid`.`tour_details_id`, `itid`.`tour_date`, `rc`.`room_category_name`, `rc`.`room_category_name` as `exp_room_category_name`, `mt`.`meal_type_name` as `meal_plan_name`, `mt`.`meal_type_name` as `exp_meal_plan_name`, `itie`.`gst`
FROM `khm_obj_enquiry_tour_itinerary_expansion` as `itie`
LEFT JOIN `khm_obj_enquiry_itinerary_details` as `itid` ON `itid`.`itinerary_details_id` = `itie`.`itinerary_details_id`
LEFT JOIN `khm_obj_mst_hotel_room_category` as `rc` ON `rc`.`room_category_id` = `itie`.`room_category_id`
LEFT JOIN `khm_obj_mst_meal_type` as `mt` ON `mt`.`meal_type_id` = `itie`.`meal_plan_id`
WHERE `itie`.`itinerary_details_id` IN :itie.itinerary_details_id:
ORDER BY `itie`.`tour_expansion_date` ASC, `itie`.`tour_itinerary_expansion_id` ASC', [...], false)
 4 APPPATH\Models\Enquiry_m.php(1762): CodeIgniter\Database\BaseBuilder->get()
 5 APPPATH\Controllers\Enquiry.php(10065): App\Models\Enquiry_m->get_itinerary_expansion_grouped([...])
 6 SYSTEMPATH\CodeIgniter.php(933): App\Controllers\Enquiry->viewItinerarySheet()
 7 SYSTEMPATH\CodeIgniter.php(509): CodeIgniter\CodeIgniter->runController(Object(App\Controllers\Enquiry))
 8 SYSTEMPATH\CodeIgniter.php(355): CodeIgniter\CodeIgniter->handleRequest(null, Object(Config\Cache), false)
 9 SYSTEMPATH\Boot.php(334): CodeIgniter\CodeIgniter->run()
10 SYSTEMPATH\Boot.php(67): CodeIgniter\Boot::runCodeIgniter(Object(CodeIgniter\CodeIgniter))
11 FCPATH\index.php(56): CodeIgniter\Boot::bootWeb(Object(Config\Paths))
CRITICAL - 2025-12-16 06:05:47 --> [Caused by] mysqli_sql_exception: Unknown column 'itie.gst' in 'field list'
in SYSTEMPATH\Database\MySQLi\Connection.php on line 312.
 1 SYSTEMPATH\Database\MySQLi\Connection.php(312): mysqli->query('SELECT `itie`.*, `itid`.`tour_details_id`, `itid`.`tour_date`, `rc`.`room_category_name`, `rc`.`room_category_name` as `exp_room_category_name`, `mt`.`meal_type_name` as `meal_plan_name`, `mt`.`meal_type_name` as `exp_meal_plan_name`, `itie`.`gst`
FROM `khm_obj_enquiry_tour_itinerary_expansion` as `itie`
LEFT JOIN `khm_obj_enquiry_itinerary_details` as `itid` ON `itid`.`itinerary_details_id` = `itie`.`itinerary_details_id`
LEFT JOIN `khm_obj_mst_hotel_room_category` as `rc` ON `rc`.`room_category_id` = `itie`.`room_category_id`
LEFT JOIN `khm_obj_mst_meal_type` as `mt` ON `mt`.`meal_type_id` = `itie`.`meal_plan_id`
WHERE `itie`.`itinerary_details_id` IN (\'3008\',\'3009\',\'3010\',\'3011\')
ORDER BY `itie`.`tour_expansion_date` ASC, `itie`.`tour_itinerary_expansion_id` ASC', 0)
 2 SYSTEMPATH\Database\BaseConnection.php(734): CodeIgniter\Database\MySQLi\Connection->execute('SELECT `itie`.*, `itid`.`tour_details_id`, `itid`.`tour_date`, `rc`.`room_category_name`, `rc`.`room_category_name` as `exp_room_category_name`, `mt`.`meal_type_name` as `meal_plan_name`, `mt`.`meal_type_name` as `exp_meal_plan_name`, `itie`.`gst`
FROM `khm_obj_enquiry_tour_itinerary_expansion` as `itie`
LEFT JOIN `khm_obj_enquiry_itinerary_details` as `itid` ON `itid`.`itinerary_details_id` = `itie`.`itinerary_details_id`
LEFT JOIN `khm_obj_mst_hotel_room_category` as `rc` ON `rc`.`room_category_id` = `itie`.`room_category_id`
LEFT JOIN `khm_obj_mst_meal_type` as `mt` ON `mt`.`meal_type_id` = `itie`.`meal_plan_id`
WHERE `itie`.`itinerary_details_id` IN (\'3008\',\'3009\',\'3010\',\'3011\')
ORDER BY `itie`.`tour_expansion_date` ASC, `itie`.`tour_itinerary_expansion_id` ASC')
 3 SYSTEMPATH\Database\BaseConnection.php(648): CodeIgniter\Database\BaseConnection->simpleQuery('SELECT `itie`.*, `itid`.`tour_details_id`, `itid`.`tour_date`, `rc`.`room_category_name`, `rc`.`room_category_name` as `exp_room_category_name`, `mt`.`meal_type_name` as `meal_plan_name`, `mt`.`meal_type_name` as `exp_meal_plan_name`, `itie`.`gst`
FROM `khm_obj_enquiry_tour_itinerary_expansion` as `itie`
LEFT JOIN `khm_obj_enquiry_itinerary_details` as `itid` ON `itid`.`itinerary_details_id` = `itie`.`itinerary_details_id`
LEFT JOIN `khm_obj_mst_hotel_room_category` as `rc` ON `rc`.`room_category_id` = `itie`.`room_category_id`
LEFT JOIN `khm_obj_mst_meal_type` as `mt` ON `mt`.`meal_type_id` = `itie`.`meal_plan_id`
WHERE `itie`.`itinerary_details_id` IN (\'3008\',\'3009\',\'3010\',\'3011\')
ORDER BY `itie`.`tour_expansion_date` ASC, `itie`.`tour_itinerary_expansion_id` ASC')
 4 SYSTEMPATH\Database\BaseBuilder.php(1644): CodeIgniter\Database\BaseConnection->query('SELECT `itie`.*, `itid`.`tour_details_id`, `itid`.`tour_date`, `rc`.`room_category_name`, `rc`.`room_category_name` as `exp_room_category_name`, `mt`.`meal_type_name` as `meal_plan_name`, `mt`.`meal_type_name` as `exp_meal_plan_name`, `itie`.`gst`
FROM `khm_obj_enquiry_tour_itinerary_expansion` as `itie`
LEFT JOIN `khm_obj_enquiry_itinerary_details` as `itid` ON `itid`.`itinerary_details_id` = `itie`.`itinerary_details_id`
LEFT JOIN `khm_obj_mst_hotel_room_category` as `rc` ON `rc`.`room_category_id` = `itie`.`room_category_id`
LEFT JOIN `khm_obj_mst_meal_type` as `mt` ON `mt`.`meal_type_id` = `itie`.`meal_plan_id`
WHERE `itie`.`itinerary_details_id` IN :itie.itinerary_details_id:
ORDER BY `itie`.`tour_expansion_date` ASC, `itie`.`tour_itinerary_expansion_id` ASC', [...], false)
 5 APPPATH\Models\Enquiry_m.php(1762): CodeIgniter\Database\BaseBuilder->get()
 6 APPPATH\Controllers\Enquiry.php(10065): App\Models\Enquiry_m->get_itinerary_expansion_grouped([...])
 7 SYSTEMPATH\CodeIgniter.php(933): App\Controllers\Enquiry->viewItinerarySheet()
 8 SYSTEMPATH\CodeIgniter.php(509): CodeIgniter\CodeIgniter->runController(Object(App\Controllers\Enquiry))
 9 SYSTEMPATH\CodeIgniter.php(355): CodeIgniter\CodeIgniter->handleRequest(null, Object(Config\Cache), false)
10 SYSTEMPATH\Boot.php(334): CodeIgniter\CodeIgniter->run()
11 SYSTEMPATH\Boot.php(67): CodeIgniter\Boot::runCodeIgniter(Object(CodeIgniter\CodeIgniter))
12 FCPATH\index.php(56): CodeIgniter\Boot::bootWeb(Object(Config\Paths))
DEBUG - 2025-12-16 06:05:48 --> Session: Class initialized using 'CodeIgniter\Session\Handlers\FileHandler' driver.
ERROR - 2025-12-16 06:05:48 --> mysqli_sql_exception: Unknown column 'itie.gst' in 'field list' in C:\wamp64\www\khm\system\Database\MySQLi\Connection.php:312
Stack trace:
#0 C:\wamp64\www\khm\system\Database\MySQLi\Connection.php(312): mysqli->query('SELECT `itie`.*...', 0)
#1 C:\wamp64\www\khm\system\Database\BaseConnection.php(734): CodeIgniter\Database\MySQLi\Connection->execute('SELECT `itie`.*...')
#2 C:\wamp64\www\khm\system\Database\BaseConnection.php(648): CodeIgniter\Database\BaseConnection->simpleQuery('SELECT `itie`.*...')
#3 C:\wamp64\www\khm\system\Database\BaseBuilder.php(1644): CodeIgniter\Database\BaseConnection->query('SELECT `itie`.*...', Array, false)
#4 C:\wamp64\www\khm\app\Models\Enquiry_m.php(1762): CodeIgniter\Database\BaseBuilder->get()
#5 C:\wamp64\www\khm\app\Controllers\Enquiry.php(10065): App\Models\Enquiry_m->get_itinerary_expansion_grouped(Array)
#6 C:\wamp64\www\khm\system\CodeIgniter.php(933): App\Controllers\Enquiry->viewItinerarySheet()
#7 C:\wamp64\www\khm\system\CodeIgniter.php(509): CodeIgniter\CodeIgniter->runController(Object(App\Controllers\Enquiry))
#8 C:\wamp64\www\khm\system\CodeIgniter.php(355): CodeIgniter\CodeIgniter->handleRequest(NULL, Object(Config\Cache), false)
#9 C:\wamp64\www\khm\system\Boot.php(334): CodeIgniter\CodeIgniter->run()
#10 C:\wamp64\www\khm\system\Boot.php(67): CodeIgniter\Boot::runCodeIgniter(Object(CodeIgniter\CodeIgniter))
#11 C:\wamp64\www\khm\public\index.php(56): CodeIgniter\Boot::bootWeb(Object(Config\Paths))
#12 {main}
CRITICAL - 2025-12-16 06:05:48 --> CodeIgniter\Database\Exceptions\DatabaseException: Unknown column 'itie.gst' in 'field list'
[Method: POST, Route: Enquiry/viewItinerarySheet]
in SYSTEMPATH\Database\BaseConnection.php on line 688.
 1 SYSTEMPATH\Database\BaseBuilder.php(1644): CodeIgniter\Database\BaseConnection->query('SELECT `itie`.*, `itid`.`tour_details_id`, `itid`.`tour_date`, `rc`.`room_category_name`, `rc`.`room_category_name` as `exp_room_category_name`, `mt`.`meal_type_name` as `meal_plan_name`, `mt`.`meal_type_name` as `exp_meal_plan_name`, `itie`.`gst`
FROM `khm_obj_enquiry_tour_itinerary_expansion` as `itie`
LEFT JOIN `khm_obj_enquiry_itinerary_details` as `itid` ON `itid`.`itinerary_details_id` = `itie`.`itinerary_details_id`
LEFT JOIN `khm_obj_mst_hotel_room_category` as `rc` ON `rc`.`room_category_id` = `itie`.`room_category_id`
LEFT JOIN `khm_obj_mst_meal_type` as `mt` ON `mt`.`meal_type_id` = `itie`.`meal_plan_id`
WHERE `itie`.`itinerary_details_id` IN :itie.itinerary_details_id:
ORDER BY `itie`.`tour_expansion_date` ASC, `itie`.`tour_itinerary_expansion_id` ASC', [...], false)
 2 APPPATH\Models\Enquiry_m.php(1762): CodeIgniter\Database\BaseBuilder->get()
 3 APPPATH\Controllers\Enquiry.php(10065): App\Models\Enquiry_m->get_itinerary_expansion_grouped([...])
 4 SYSTEMPATH\CodeIgniter.php(933): App\Controllers\Enquiry->viewItinerarySheet()
 5 SYSTEMPATH\CodeIgniter.php(509): CodeIgniter\CodeIgniter->runController(Object(App\Controllers\Enquiry))
 6 SYSTEMPATH\CodeIgniter.php(355): CodeIgniter\CodeIgniter->handleRequest(null, Object(Config\Cache), false)
 7 SYSTEMPATH\Boot.php(334): CodeIgniter\CodeIgniter->run()
 8 SYSTEMPATH\Boot.php(67): CodeIgniter\Boot::runCodeIgniter(Object(CodeIgniter\CodeIgniter))
 9 FCPATH\index.php(56): CodeIgniter\Boot::bootWeb(Object(Config\Paths))
CRITICAL - 2025-12-16 06:05:48 --> [Caused by] CodeIgniter\Database\Exceptions\DatabaseException: Unknown column 'itie.gst' in 'field list'
in SYSTEMPATH\Database\MySQLi\Connection.php on line 317.
 1 SYSTEMPATH\Database\BaseConnection.php(734): CodeIgniter\Database\MySQLi\Connection->execute('SELECT `itie`.*, `itid`.`tour_details_id`, `itid`.`tour_date`, `rc`.`room_category_name`, `rc`.`room_category_name` as `exp_room_category_name`, `mt`.`meal_type_name` as `meal_plan_name`, `mt`.`meal_type_name` as `exp_meal_plan_name`, `itie`.`gst`
FROM `khm_obj_enquiry_tour_itinerary_expansion` as `itie`
LEFT JOIN `khm_obj_enquiry_itinerary_details` as `itid` ON `itid`.`itinerary_details_id` = `itie`.`itinerary_details_id`
LEFT JOIN `khm_obj_mst_hotel_room_category` as `rc` ON `rc`.`room_category_id` = `itie`.`room_category_id`
LEFT JOIN `khm_obj_mst_meal_type` as `mt` ON `mt`.`meal_type_id` = `itie`.`meal_plan_id`
WHERE `itie`.`itinerary_details_id` IN (\'3008\',\'3009\',\'3010\',\'3011\')
ORDER BY `itie`.`tour_expansion_date` ASC, `itie`.`tour_itinerary_expansion_id` ASC')
 2 SYSTEMPATH\Database\BaseConnection.php(648): CodeIgniter\Database\BaseConnection->simpleQuery('SELECT `itie`.*, `itid`.`tour_details_id`, `itid`.`tour_date`, `rc`.`room_category_name`, `rc`.`room_category_name` as `exp_room_category_name`, `mt`.`meal_type_name` as `meal_plan_name`, `mt`.`meal_type_name` as `exp_meal_plan_name`, `itie`.`gst`
FROM `khm_obj_enquiry_tour_itinerary_expansion` as `itie`
LEFT JOIN `khm_obj_enquiry_itinerary_details` as `itid` ON `itid`.`itinerary_details_id` = `itie`.`itinerary_details_id`
LEFT JOIN `khm_obj_mst_hotel_room_category` as `rc` ON `rc`.`room_category_id` = `itie`.`room_category_id`
LEFT JOIN `khm_obj_mst_meal_type` as `mt` ON `mt`.`meal_type_id` = `itie`.`meal_plan_id`
WHERE `itie`.`itinerary_details_id` IN (\'3008\',\'3009\',\'3010\',\'3011\')
ORDER BY `itie`.`tour_expansion_date` ASC, `itie`.`tour_itinerary_expansion_id` ASC')
 3 SYSTEMPATH\Database\BaseBuilder.php(1644): CodeIgniter\Database\BaseConnection->query('SELECT `itie`.*, `itid`.`tour_details_id`, `itid`.`tour_date`, `rc`.`room_category_name`, `rc`.`room_category_name` as `exp_room_category_name`, `mt`.`meal_type_name` as `meal_plan_name`, `mt`.`meal_type_name` as `exp_meal_plan_name`, `itie`.`gst`
FROM `khm_obj_enquiry_tour_itinerary_expansion` as `itie`
LEFT JOIN `khm_obj_enquiry_itinerary_details` as `itid` ON `itid`.`itinerary_details_id` = `itie`.`itinerary_details_id`
LEFT JOIN `khm_obj_mst_hotel_room_category` as `rc` ON `rc`.`room_category_id` = `itie`.`room_category_id`
LEFT JOIN `khm_obj_mst_meal_type` as `mt` ON `mt`.`meal_type_id` = `itie`.`meal_plan_id`
WHERE `itie`.`itinerary_details_id` IN :itie.itinerary_details_id:
ORDER BY `itie`.`tour_expansion_date` ASC, `itie`.`tour_itinerary_expansion_id` ASC', [...], false)
 4 APPPATH\Models\Enquiry_m.php(1762): CodeIgniter\Database\BaseBuilder->get()
 5 APPPATH\Controllers\Enquiry.php(10065): App\Models\Enquiry_m->get_itinerary_expansion_grouped([...])
 6 SYSTEMPATH\CodeIgniter.php(933): App\Controllers\Enquiry->viewItinerarySheet()
 7 SYSTEMPATH\CodeIgniter.php(509): CodeIgniter\CodeIgniter->runController(Object(App\Controllers\Enquiry))
 8 SYSTEMPATH\CodeIgniter.php(355): CodeIgniter\CodeIgniter->handleRequest(null, Object(Config\Cache), false)
 9 SYSTEMPATH\Boot.php(334): CodeIgniter\CodeIgniter->run()
10 SYSTEMPATH\Boot.php(67): CodeIgniter\Boot::runCodeIgniter(Object(CodeIgniter\CodeIgniter))
11 FCPATH\index.php(56): CodeIgniter\Boot::bootWeb(Object(Config\Paths))
CRITICAL - 2025-12-16 06:05:48 --> [Caused by] mysqli_sql_exception: Unknown column 'itie.gst' in 'field list'
in SYSTEMPATH\Database\MySQLi\Connection.php on line 312.
 1 SYSTEMPATH\Database\MySQLi\Connection.php(312): mysqli->query('SELECT `itie`.*, `itid`.`tour_details_id`, `itid`.`tour_date`, `rc`.`room_category_name`, `rc`.`room_category_name` as `exp_room_category_name`, `mt`.`meal_type_name` as `meal_plan_name`, `mt`.`meal_type_name` as `exp_meal_plan_name`, `itie`.`gst`
FROM `khm_obj_enquiry_tour_itinerary_expansion` as `itie`
LEFT JOIN `khm_obj_enquiry_itinerary_details` as `itid` ON `itid`.`itinerary_details_id` = `itie`.`itinerary_details_id`
LEFT JOIN `khm_obj_mst_hotel_room_category` as `rc` ON `rc`.`room_category_id` = `itie`.`room_category_id`
LEFT JOIN `khm_obj_mst_meal_type` as `mt` ON `mt`.`meal_type_id` = `itie`.`meal_plan_id`
WHERE `itie`.`itinerary_details_id` IN (\'3008\',\'3009\',\'3010\',\'3011\')
ORDER BY `itie`.`tour_expansion_date` ASC, `itie`.`tour_itinerary_expansion_id` ASC', 0)
 2 SYSTEMPATH\Database\BaseConnection.php(734): CodeIgniter\Database\MySQLi\Connection->execute('SELECT `itie`.*, `itid`.`tour_details_id`, `itid`.`tour_date`, `rc`.`room_category_name`, `rc`.`room_category_name` as `exp_room_category_name`, `mt`.`meal_type_name` as `meal_plan_name`, `mt`.`meal_type_name` as `exp_meal_plan_name`, `itie`.`gst`
FROM `khm_obj_enquiry_tour_itinerary_expansion` as `itie`
LEFT JOIN `khm_obj_enquiry_itinerary_details` as `itid` ON `itid`.`itinerary_details_id` = `itie`.`itinerary_details_id`
LEFT JOIN `khm_obj_mst_hotel_room_category` as `rc` ON `rc`.`room_category_id` = `itie`.`room_category_id`
LEFT JOIN `khm_obj_mst_meal_type` as `mt` ON `mt`.`meal_type_id` = `itie`.`meal_plan_id`
WHERE `itie`.`itinerary_details_id` IN (\'3008\',\'3009\',\'3010\',\'3011\')
ORDER BY `itie`.`tour_expansion_date` ASC, `itie`.`tour_itinerary_expansion_id` ASC')
 3 SYSTEMPATH\Database\BaseConnection.php(648): CodeIgniter\Database\BaseConnection->simpleQuery('SELECT `itie`.*, `itid`.`tour_details_id`, `itid`.`tour_date`, `rc`.`room_category_name`, `rc`.`room_category_name` as `exp_room_category_name`, `mt`.`meal_type_name` as `meal_plan_name`, `mt`.`meal_type_name` as `exp_meal_plan_name`, `itie`.`gst`
FROM `khm_obj_enquiry_tour_itinerary_expansion` as `itie`
LEFT JOIN `khm_obj_enquiry_itinerary_details` as `itid` ON `itid`.`itinerary_details_id` = `itie`.`itinerary_details_id`
LEFT JOIN `khm_obj_mst_hotel_room_category` as `rc` ON `rc`.`room_category_id` = `itie`.`room_category_id`
LEFT JOIN `khm_obj_mst_meal_type` as `mt` ON `mt`.`meal_type_id` = `itie`.`meal_plan_id`
WHERE `itie`.`itinerary_details_id` IN (\'3008\',\'3009\',\'3010\',\'3011\')
ORDER BY `itie`.`tour_expansion_date` ASC, `itie`.`tour_itinerary_expansion_id` ASC')
 4 SYSTEMPATH\Database\BaseBuilder.php(1644): CodeIgniter\Database\BaseConnection->query('SELECT `itie`.*, `itid`.`tour_details_id`, `itid`.`tour_date`, `rc`.`room_category_name`, `rc`.`room_category_name` as `exp_room_category_name`, `mt`.`meal_type_name` as `meal_plan_name`, `mt`.`meal_type_name` as `exp_meal_plan_name`, `itie`.`gst`
FROM `khm_obj_enquiry_tour_itinerary_expansion` as `itie`
LEFT JOIN `khm_obj_enquiry_itinerary_details` as `itid` ON `itid`.`itinerary_details_id` = `itie`.`itinerary_details_id`
LEFT JOIN `khm_obj_mst_hotel_room_category` as `rc` ON `rc`.`room_category_id` = `itie`.`room_category_id`
LEFT JOIN `khm_obj_mst_meal_type` as `mt` ON `mt`.`meal_type_id` = `itie`.`meal_plan_id`
WHERE `itie`.`itinerary_details_id` IN :itie.itinerary_details_id:
ORDER BY `itie`.`tour_expansion_date` ASC, `itie`.`tour_itinerary_expansion_id` ASC', [...], false)
 5 APPPATH\Models\Enquiry_m.php(1762): CodeIgniter\Database\BaseBuilder->get()
 6 APPPATH\Controllers\Enquiry.php(10065): App\Models\Enquiry_m->get_itinerary_expansion_grouped([...])
 7 SYSTEMPATH\CodeIgniter.php(933): App\Controllers\Enquiry->viewItinerarySheet()
 8 SYSTEMPATH\CodeIgniter.php(509): CodeIgniter\CodeIgniter->runController(Object(App\Controllers\Enquiry))
 9 SYSTEMPATH\CodeIgniter.php(355): CodeIgniter\CodeIgniter->handleRequest(null, Object(Config\Cache), false)
10 SYSTEMPATH\Boot.php(334): CodeIgniter\CodeIgniter->run()
11 SYSTEMPATH\Boot.php(67): CodeIgniter\Boot::runCodeIgniter(Object(CodeIgniter\CodeIgniter))
12 FCPATH\index.php(56): CodeIgniter\Boot::bootWeb(Object(Config\Paths))
DEBUG - 2025-12-16 06:06:48 --> Session: Class initialized using 'CodeIgniter\Session\Handlers\FileHandler' driver.
DEBUG - 2025-12-16 06:06:48 --> Session: Class initialized using 'CodeIgniter\Session\Handlers\FileHandler' driver.
DEBUG - 2025-12-16 06:06:48 --> Session: Class initialized using 'CodeIgniter\Session\Handlers\FileHandler' driver.
DEBUG - 2025-12-16 06:06:48 --> Session: Class initialized using 'CodeIgniter\Session\Handlers\FileHandler' driver.
DEBUG - 2025-12-16 06:06:50 --> Session: Class initialized using 'CodeIgniter\Session\Handlers\FileHandler' driver.
INFO - 2025-12-16 06:06:50 --> getLocationDescription(4) returned: 1 rows
INFO - 2025-12-16 06:06:50 --> getLocationDescription(4) returned: 1 rows
INFO - 2025-12-16 06:06:50 --> getLocationDescription(9) returned: 1 rows
INFO - 2025-12-16 06:06:50 --> getLocationDescription(9) returned: 1 rows
DEBUG - 2025-12-16 06:51:58 --> Session: Class initialized using 'CodeIgniter\Session\Handlers\FileHandler' driver.
DEBUG - 2025-12-16 06:52:04 --> Session: Class initialized using 'CodeIgniter\Session\Handlers\FileHandler' driver.
DEBUG - 2025-12-16 06:52:04 --> Session: Class initialized using 'CodeIgniter\Session\Handlers\FileHandler' driver.
WARNING - 2025-12-16 06:52:04 --> [DEPRECATED] round(): Passing null to parameter #1 ($num) of type int|float is deprecated in APPPATH\Controllers\Dashboard.php on line 241.
 1 APPPATH\Controllers\Dashboard.php(241): round(null, 2)
 2 SYSTEMPATH\CodeIgniter.php(933): App\Controllers\Dashboard->index()
 3 SYSTEMPATH\CodeIgniter.php(509): CodeIgniter\CodeIgniter->runController(Object(App\Controllers\Dashboard))
 4 SYSTEMPATH\CodeIgniter.php(355): CodeIgniter\CodeIgniter->handleRequest(null, Object(Config\Cache), false)
 5 SYSTEMPATH\Boot.php(334): CodeIgniter\CodeIgniter->run()
 6 SYSTEMPATH\Boot.php(67): CodeIgniter\Boot::runCodeIgniter(Object(CodeIgniter\CodeIgniter))
 7 FCPATH\index.php(56): CodeIgniter\Boot::bootWeb(Object(Config\Paths))
WARNING - 2025-12-16 06:52:04 --> [DEPRECATED] round(): Passing null to parameter #1 ($num) of type int|float is deprecated in APPPATH\Controllers\Dashboard.php on line 247.
 1 APPPATH\Controllers\Dashboard.php(247): round(null, 2)
 2 SYSTEMPATH\CodeIgniter.php(933): App\Controllers\Dashboard->index()
 3 SYSTEMPATH\CodeIgniter.php(509): CodeIgniter\CodeIgniter->runController(Object(App\Controllers\Dashboard))
 4 SYSTEMPATH\CodeIgniter.php(355): CodeIgniter\CodeIgniter->handleRequest(null, Object(Config\Cache), false)
 5 SYSTEMPATH\Boot.php(334): CodeIgniter\CodeIgniter->run()
 6 SYSTEMPATH\Boot.php(67): CodeIgniter\Boot::runCodeIgniter(Object(CodeIgniter\CodeIgniter))
 7 FCPATH\index.php(56): CodeIgniter\Boot::bootWeb(Object(Config\Paths))
DEBUG - 2025-12-16 06:52:06 --> Session: Class initialized using 'CodeIgniter\Session\Handlers\FileHandler' driver.
DEBUG - 2025-12-16 06:52:07 --> Session: Class initialized using 'CodeIgniter\Session\Handlers\FileHandler' driver.
DEBUG - 2025-12-16 06:52:13 --> Session: Class initialized using 'CodeIgniter\Session\Handlers\FileHandler' driver.
DEBUG - 2025-12-16 06:52:13 --> Session: Class initialized using 'CodeIgniter\Session\Handlers\FileHandler' driver.
DEBUG - 2025-12-16 06:52:15 --> Session: Class initialized using 'CodeIgniter\Session\Handlers\FileHandler' driver.
INFO - 2025-12-16 06:52:15 --> getLocationDescription(4) returned: 1 rows
INFO - 2025-12-16 06:52:15 --> getLocationDescription(4) returned: 1 rows
INFO - 2025-12-16 06:52:15 --> getLocationDescription(9) returned: 1 rows
INFO - 2025-12-16 06:52:15 --> getLocationDescription(9) returned: 1 rows
DEBUG - 2025-12-16 06:53:06 --> Session: Class initialized using 'CodeIgniter\Session\Handlers\FileHandler' driver.
DEBUG - 2025-12-16 06:53:06 --> Session: Class initialized using 'CodeIgniter\Session\Handlers\FileHandler' driver.
DEBUG - 2025-12-16 06:53:07 --> Session: Class initialized using 'CodeIgniter\Session\Handlers\FileHandler' driver.
INFO - 2025-12-16 06:53:07 --> getLocationDescription(4) returned: 1 rows
INFO - 2025-12-16 06:53:07 --> getLocationDescription(4) returned: 1 rows
INFO - 2025-12-16 06:53:07 --> getLocationDescription(9) returned: 1 rows
INFO - 2025-12-16 06:53:07 --> getLocationDescription(9) returned: 1 rows
DEBUG - 2025-12-16 06:53:41 --> Session: Class initialized using 'CodeIgniter\Session\Handlers\FileHandler' driver.
DEBUG - 2025-12-16 06:53:41 --> Session: Class initialized using 'CodeIgniter\Session\Handlers\FileHandler' driver.
DEBUG - 2025-12-16 06:53:42 --> Session: Class initialized using 'CodeIgniter\Session\Handlers\FileHandler' driver.
INFO - 2025-12-16 06:53:43 --> getLocationDescription(4) returned: 1 rows
INFO - 2025-12-16 06:53:43 --> getLocationDescription(4) returned: 1 rows
INFO - 2025-12-16 06:53:43 --> getLocationDescription(9) returned: 1 rows
INFO - 2025-12-16 06:53:43 --> getLocationDescription(9) returned: 1 rows
DEBUG - 2025-12-16 06:54:24 --> Session: Class initialized using 'CodeIgniter\Session\Handlers\FileHandler' driver.
DEBUG - 2025-12-16 06:54:24 --> Session: Class initialized using 'CodeIgniter\Session\Handlers\FileHandler' driver.
DEBUG - 2025-12-16 06:54:25 --> Session: Class initialized using 'CodeIgniter\Session\Handlers\FileHandler' driver.
INFO - 2025-12-16 06:54:25 --> getLocationDescription(4) returned: 1 rows
INFO - 2025-12-16 06:54:25 --> getLocationDescription(4) returned: 1 rows
INFO - 2025-12-16 06:54:25 --> getLocationDescription(9) returned: 1 rows
INFO - 2025-12-16 06:54:25 --> getLocationDescription(9) returned: 1 rows
DEBUG - 2025-12-16 06:54:38 --> Session: Class initialized using 'CodeIgniter\Session\Handlers\FileHandler' driver.
DEBUG - 2025-12-16 06:54:38 --> Session: Class initialized using 'CodeIgniter\Session\Handlers\FileHandler' driver.
DEBUG - 2025-12-16 06:54:39 --> Session: Class initialized using 'CodeIgniter\Session\Handlers\FileHandler' driver.
CRITICAL - 2025-12-16 06:54:39 --> ErrorException: Undefined array key "exp_room_category_name"
[Method: POST, Route: Enquiry/viewItinerarySheet]
in APPPATH\Views\enquiry\itinerary_sheet_view.php on line 133.
 1 APPPATH\Views\enquiry\itinerary_sheet_view.php(133): CodeIgniter\Debug\Exceptions->errorHandler(2, 'Undefined array key "exp_room_category_name"', 'C:\\wamp64\\www\\khm\\app\\Views\\enquiry\\itinerary_sheet_view.php', 133)
 2 SYSTEMPATH\View\View.php(234): include('C:\\wamp64\\www\\khm\\app\\Views\\enquiry\\itinerary_sheet_view.php')
 3 SYSTEMPATH\View\View.php(237): CodeIgniter\View\View->CodeIgniter\View\{closure}()
 4 SYSTEMPATH\Common.php(1171): CodeIgniter\View\View->render('enquiry/itinerary_sheet_view', [], true)
 5 APPPATH\Controllers\Enquiry.php(10126): view('enquiry/itinerary_sheet_view', [...])
 6 SYSTEMPATH\CodeIgniter.php(933): App\Controllers\Enquiry->viewItinerarySheet()
 7 SYSTEMPATH\CodeIgniter.php(509): CodeIgniter\CodeIgniter->runController(Object(App\Controllers\Enquiry))
 8 SYSTEMPATH\CodeIgniter.php(355): CodeIgniter\CodeIgniter->handleRequest(null, Object(Config\Cache), false)
 9 SYSTEMPATH\Boot.php(334): CodeIgniter\CodeIgniter->run()
10 SYSTEMPATH\Boot.php(67): CodeIgniter\Boot::runCodeIgniter(Object(CodeIgniter\CodeIgniter))
11 FCPATH\index.php(56): CodeIgniter\Boot::bootWeb(Object(Config\Paths))
DEBUG - 2025-12-16 06:54:40 --> Session: Class initialized using 'CodeIgniter\Session\Handlers\FileHandler' driver.
CRITICAL - 2025-12-16 06:54:41 --> ErrorException: Undefined array key "exp_room_category_name"
[Method: POST, Route: Enquiry/viewItinerarySheet]
in APPPATH\Views\enquiry\itinerary_sheet_view.php on line 133.
 1 APPPATH\Views\enquiry\itinerary_sheet_view.php(133): CodeIgniter\Debug\Exceptions->errorHandler(2, 'Undefined array key "exp_room_category_name"', 'C:\\wamp64\\www\\khm\\app\\Views\\enquiry\\itinerary_sheet_view.php', 133)
 2 SYSTEMPATH\View\View.php(234): include('C:\\wamp64\\www\\khm\\app\\Views\\enquiry\\itinerary_sheet_view.php')
 3 SYSTEMPATH\View\View.php(237): CodeIgniter\View\View->CodeIgniter\View\{closure}()
 4 SYSTEMPATH\Common.php(1171): CodeIgniter\View\View->render('enquiry/itinerary_sheet_view', [], true)
 5 APPPATH\Controllers\Enquiry.php(10126): view('enquiry/itinerary_sheet_view', [...])
 6 SYSTEMPATH\CodeIgniter.php(933): App\Controllers\Enquiry->viewItinerarySheet()
 7 SYSTEMPATH\CodeIgniter.php(509): CodeIgniter\CodeIgniter->runController(Object(App\Controllers\Enquiry))
 8 SYSTEMPATH\CodeIgniter.php(355): CodeIgniter\CodeIgniter->handleRequest(null, Object(Config\Cache), false)
 9 SYSTEMPATH\Boot.php(334): CodeIgniter\CodeIgniter->run()
10 SYSTEMPATH\Boot.php(67): CodeIgniter\Boot::runCodeIgniter(Object(CodeIgniter\CodeIgniter))
11 FCPATH\index.php(56): CodeIgniter\Boot::bootWeb(Object(Config\Paths))
DEBUG - 2025-12-16 06:54:41 --> Session: Class initialized using 'CodeIgniter\Session\Handlers\FileHandler' driver.
CRITICAL - 2025-12-16 06:54:41 --> ErrorException: Undefined array key "exp_room_category_name"
[Method: POST, Route: Enquiry/viewItinerarySheet]
in APPPATH\Views\enquiry\itinerary_sheet_view.php on line 133.
 1 APPPATH\Views\enquiry\itinerary_sheet_view.php(133): CodeIgniter\Debug\Exceptions->errorHandler(2, 'Undefined array key "exp_room_category_name"', 'C:\\wamp64\\www\\khm\\app\\Views\\enquiry\\itinerary_sheet_view.php', 133)
 2 SYSTEMPATH\View\View.php(234): include('C:\\wamp64\\www\\khm\\app\\Views\\enquiry\\itinerary_sheet_view.php')
 3 SYSTEMPATH\View\View.php(237): CodeIgniter\View\View->CodeIgniter\View\{closure}()
 4 SYSTEMPATH\Common.php(1171): CodeIgniter\View\View->render('enquiry/itinerary_sheet_view', [], true)
 5 APPPATH\Controllers\Enquiry.php(10126): view('enquiry/itinerary_sheet_view', [...])
 6 SYSTEMPATH\CodeIgniter.php(933): App\Controllers\Enquiry->viewItinerarySheet()
 7 SYSTEMPATH\CodeIgniter.php(509): CodeIgniter\CodeIgniter->runController(Object(App\Controllers\Enquiry))
 8 SYSTEMPATH\CodeIgniter.php(355): CodeIgniter\CodeIgniter->handleRequest(null, Object(Config\Cache), false)
 9 SYSTEMPATH\Boot.php(334): CodeIgniter\CodeIgniter->run()
10 SYSTEMPATH\Boot.php(67): CodeIgniter\Boot::runCodeIgniter(Object(CodeIgniter\CodeIgniter))
11 FCPATH\index.php(56): CodeIgniter\Boot::bootWeb(Object(Config\Paths))
DEBUG - 2025-12-16 06:54:41 --> Session: Class initialized using 'CodeIgniter\Session\Handlers\FileHandler' driver.
CRITICAL - 2025-12-16 06:54:41 --> ErrorException: Undefined array key "exp_room_category_name"
[Method: POST, Route: Enquiry/viewItinerarySheet]
in APPPATH\Views\enquiry\itinerary_sheet_view.php on line 133.
 1 APPPATH\Views\enquiry\itinerary_sheet_view.php(133): CodeIgniter\Debug\Exceptions->errorHandler(2, 'Undefined array key "exp_room_category_name"', 'C:\\wamp64\\www\\khm\\app\\Views\\enquiry\\itinerary_sheet_view.php', 133)
 2 SYSTEMPATH\View\View.php(234): include('C:\\wamp64\\www\\khm\\app\\Views\\enquiry\\itinerary_sheet_view.php')
 3 SYSTEMPATH\View\View.php(237): CodeIgniter\View\View->CodeIgniter\View\{closure}()
 4 SYSTEMPATH\Common.php(1171): CodeIgniter\View\View->render('enquiry/itinerary_sheet_view', [], true)
 5 APPPATH\Controllers\Enquiry.php(10126): view('enquiry/itinerary_sheet_view', [...])
 6 SYSTEMPATH\CodeIgniter.php(933): App\Controllers\Enquiry->viewItinerarySheet()
 7 SYSTEMPATH\CodeIgniter.php(509): CodeIgniter\CodeIgniter->runController(Object(App\Controllers\Enquiry))
 8 SYSTEMPATH\CodeIgniter.php(355): CodeIgniter\CodeIgniter->handleRequest(null, Object(Config\Cache), false)
 9 SYSTEMPATH\Boot.php(334): CodeIgniter\CodeIgniter->run()
10 SYSTEMPATH\Boot.php(67): CodeIgniter\Boot::runCodeIgniter(Object(CodeIgniter\CodeIgniter))
11 FCPATH\index.php(56): CodeIgniter\Boot::bootWeb(Object(Config\Paths))
DEBUG - 2025-12-16 06:58:42 --> Session: Class initialized using 'CodeIgniter\Session\Handlers\FileHandler' driver.
INFO - 2025-12-16 06:58:43 --> getLocationDescription(4) returned: 1 rows
INFO - 2025-12-16 06:58:43 --> getLocationDescription(4) returned: 1 rows
INFO - 2025-12-16 06:58:43 --> getLocationDescription(9) returned: 1 rows
INFO - 2025-12-16 06:58:43 --> getLocationDescription(9) returned: 1 rows
DEBUG - 2025-12-16 07:00:07 --> Session: Class initialized using 'CodeIgniter\Session\Handlers\FileHandler' driver.
INFO - 2025-12-16 07:00:07 --> getLocationDescription(4) returned: 1 rows
INFO - 2025-12-16 07:00:07 --> getLocationDescription(4) returned: 1 rows
INFO - 2025-12-16 07:00:07 --> getLocationDescription(9) returned: 1 rows
INFO - 2025-12-16 07:00:07 --> getLocationDescription(9) returned: 1 rows
DEBUG - 2025-12-16 07:00:11 --> Session: Class initialized using 'CodeIgniter\Session\Handlers\FileHandler' driver.
INFO - 2025-12-16 07:00:11 --> getSightName(0) returned: 0 rows
INFO - 2025-12-16 07:00:11 --> getSightName(0) returned: 0 rows
INFO - 2025-12-16 07:00:11 --> getSightName(0) returned: 0 rows
DEBUG - 2025-12-16 07:00:20 --> Session: Class initialized using 'CodeIgniter\Session\Handlers\FileHandler' driver.
INFO - 2025-12-16 07:00:20 --> getLocationDescription(4) returned: 1 rows
INFO - 2025-12-16 07:00:20 --> getLocationDescription(4) returned: 1 rows
INFO - 2025-12-16 07:00:20 --> getLocationDescription(9) returned: 1 rows
INFO - 2025-12-16 07:00:20 --> getLocationDescription(9) returned: 1 rows
DEBUG - 2025-12-16 07:03:48 --> Session: Class initialized using 'CodeIgniter\Session\Handlers\FileHandler' driver.
DEBUG - 2025-12-16 07:03:49 --> Session: Class initialized using 'CodeIgniter\Session\Handlers\FileHandler' driver.
DEBUG - 2025-12-16 07:03:50 --> Session: Class initialized using 'CodeIgniter\Session\Handlers\FileHandler' driver.
INFO - 2025-12-16 07:03:50 --> getLocationDescription(4) returned: 1 rows
INFO - 2025-12-16 07:03:50 --> getLocationDescription(4) returned: 1 rows
INFO - 2025-12-16 07:03:50 --> getLocationDescription(9) returned: 1 rows
INFO - 2025-12-16 07:03:50 --> getLocationDescription(9) returned: 1 rows
DEBUG - 2025-12-16 07:03:57 --> Session: Class initialized using 'CodeIgniter\Session\Handlers\FileHandler' driver.
INFO - 2025-12-16 07:03:57 --> getLocationDescription(4) returned: 1 rows
INFO - 2025-12-16 07:03:57 --> getLocationDescription(4) returned: 1 rows
INFO - 2025-12-16 07:03:57 --> getLocationDescription(9) returned: 1 rows
INFO - 2025-12-16 07:03:57 --> getLocationDescription(9) returned: 1 rows
DEBUG - 2025-12-16 07:04:04 --> Session: Class initialized using 'CodeIgniter\Session\Handlers\FileHandler' driver.
INFO - 2025-12-16 07:04:04 --> getLocationDescription(4) returned: 1 rows
INFO - 2025-12-16 07:04:04 --> getLocationDescription(4) returned: 1 rows
INFO - 2025-12-16 07:04:04 --> getLocationDescription(9) returned: 1 rows
INFO - 2025-12-16 07:04:04 --> getLocationDescription(9) returned: 1 rows
DEBUG - 2025-12-16 07:06:23 --> Session: Class initialized using 'CodeIgniter\Session\Handlers\FileHandler' driver.
INFO - 2025-12-16 07:06:24 --> getLocationDescription(4) returned: 1 rows
INFO - 2025-12-16 07:06:24 --> getLocationDescription(4) returned: 1 rows
INFO - 2025-12-16 07:06:24 --> getLocationDescription(9) returned: 1 rows
INFO - 2025-12-16 07:06:24 --> getLocationDescription(9) returned: 1 rows
DEBUG - 2025-12-16 07:06:24 --> Session: Class initialized using 'CodeIgniter\Session\Handlers\FileHandler' driver.
CRITICAL - 2025-12-16 07:06:24 --> ErrorException: Undefined array key 0
[Method: GET, Route: Enquiry/confirm_costing_sheet/249/path/to/your/image.jpg]
in APPPATH\Views\enquiry\itinerary_details_view.php on line 499.
 1 APPPATH\Views\enquiry\itinerary_details_view.php(499): CodeIgniter\Debug\Exceptions->errorHandler(2, 'Undefined array key 0', 'C:\\wamp64\\www\\khm\\app\\Views\\enquiry\\itinerary_details_view.php', 499)
 2 SYSTEMPATH\View\View.php(234): include('C:\\wamp64\\www\\khm\\app\\Views\\enquiry\\itinerary_details_view.php')
 3 SYSTEMPATH\View\View.php(237): CodeIgniter\View\View->CodeIgniter\View\{closure}()
 4 SYSTEMPATH\Common.php(1171): CodeIgniter\View\View->render('enquiry/itinerary_details_view', [], true)
 5 APPPATH\Controllers\Enquiry.php(309): view('enquiry/itinerary_details_view', [...])
 6 SYSTEMPATH\CodeIgniter.php(933): App\Controllers\Enquiry->confirm_costing_sheet('249', 'path', 'to', 'your', 'image.jpg')
 7 SYSTEMPATH\CodeIgniter.php(509): CodeIgniter\CodeIgniter->runController(Object(App\Controllers\Enquiry))
 8 SYSTEMPATH\CodeIgniter.php(355): CodeIgniter\CodeIgniter->handleRequest(null, Object(Config\Cache), false)
 9 SYSTEMPATH\Boot.php(334): CodeIgniter\CodeIgniter->run()
10 SYSTEMPATH\Boot.php(67): CodeIgniter\Boot::runCodeIgniter(Object(CodeIgniter\CodeIgniter))
11 FCPATH\index.php(56): CodeIgniter\Boot::bootWeb(Object(Config\Paths))
DEBUG - 2025-12-16 07:06:24 --> Session: Class initialized using 'CodeIgniter\Session\Handlers\FileHandler' driver.
CRITICAL - 2025-12-16 07:06:24 --> ErrorException: Undefined array key 0
[Method: GET, Route: Enquiry/confirm_costing_sheet/249/path/to/your/image.jpg]
in APPPATH\Views\enquiry\itinerary_details_view.php on line 499.
 1 APPPATH\Views\enquiry\itinerary_details_view.php(499): CodeIgniter\Debug\Exceptions->errorHandler(2, 'Undefined array key 0', 'C:\\wamp64\\www\\khm\\app\\Views\\enquiry\\itinerary_details_view.php', 499)
 2 SYSTEMPATH\View\View.php(234): include('C:\\wamp64\\www\\khm\\app\\Views\\enquiry\\itinerary_details_view.php')
 3 SYSTEMPATH\View\View.php(237): CodeIgniter\View\View->CodeIgniter\View\{closure}()
 4 SYSTEMPATH\Common.php(1171): CodeIgniter\View\View->render('enquiry/itinerary_details_view', [], true)
 5 APPPATH\Controllers\Enquiry.php(309): view('enquiry/itinerary_details_view', [...])
 6 SYSTEMPATH\CodeIgniter.php(933): App\Controllers\Enquiry->confirm_costing_sheet('249', 'path', 'to', 'your', 'image.jpg')
 7 SYSTEMPATH\CodeIgniter.php(509): CodeIgniter\CodeIgniter->runController(Object(App\Controllers\Enquiry))
 8 SYSTEMPATH\CodeIgniter.php(355): CodeIgniter\CodeIgniter->handleRequest(null, Object(Config\Cache), false)
 9 SYSTEMPATH\Boot.php(334): CodeIgniter\CodeIgniter->run()
10 SYSTEMPATH\Boot.php(67): CodeIgniter\Boot::runCodeIgniter(Object(CodeIgniter\CodeIgniter))
11 FCPATH\index.php(56): CodeIgniter\Boot::bootWeb(Object(Config\Paths))
DEBUG - 2025-12-16 07:06:39 --> Session: Class initialized using 'CodeIgniter\Session\Handlers\FileHandler' driver.
INFO - 2025-12-16 07:06:39 --> getLocationDescription(4) returned: 1 rows
INFO - 2025-12-16 07:06:39 --> getLocationDescription(4) returned: 1 rows
INFO - 2025-12-16 07:06:39 --> getLocationDescription(9) returned: 1 rows
INFO - 2025-12-16 07:06:39 --> getLocationDescription(9) returned: 1 rows
DEBUG - 2025-12-16 07:06:50 --> Session: Class initialized using 'CodeIgniter\Session\Handlers\FileHandler' driver.
INFO - 2025-12-16 07:06:50 --> getLocationDescription(4) returned: 1 rows
INFO - 2025-12-16 07:06:50 --> getLocationDescription(4) returned: 1 rows
INFO - 2025-12-16 07:06:50 --> getLocationDescription(9) returned: 1 rows
INFO - 2025-12-16 07:06:50 --> getLocationDescription(9) returned: 1 rows
DEBUG - 2025-12-16 07:06:50 --> Session: Class initialized using 'CodeIgniter\Session\Handlers\FileHandler' driver.
CRITICAL - 2025-12-16 07:06:50 --> ErrorException: Undefined array key 0
[Method: GET, Route: Enquiry/confirm_costing_sheet/249/path/to/your/image.jpg]
in APPPATH\Views\enquiry\itinerary_details_view.php on line 499.
 1 APPPATH\Views\enquiry\itinerary_details_view.php(499): CodeIgniter\Debug\Exceptions->errorHandler(2, 'Undefined array key 0', 'C:\\wamp64\\www\\khm\\app\\Views\\enquiry\\itinerary_details_view.php', 499)
 2 SYSTEMPATH\View\View.php(234): include('C:\\wamp64\\www\\khm\\app\\Views\\enquiry\\itinerary_details_view.php')
 3 SYSTEMPATH\View\View.php(237): CodeIgniter\View\View->CodeIgniter\View\{closure}()
 4 SYSTEMPATH\Common.php(1171): CodeIgniter\View\View->render('enquiry/itinerary_details_view', [], true)
 5 APPPATH\Controllers\Enquiry.php(309): view('enquiry/itinerary_details_view', [...])
 6 SYSTEMPATH\CodeIgniter.php(933): App\Controllers\Enquiry->confirm_costing_sheet('249', 'path', 'to', 'your', 'image.jpg')
 7 SYSTEMPATH\CodeIgniter.php(509): CodeIgniter\CodeIgniter->runController(Object(App\Controllers\Enquiry))
 8 SYSTEMPATH\CodeIgniter.php(355): CodeIgniter\CodeIgniter->handleRequest(null, Object(Config\Cache), false)
 9 SYSTEMPATH\Boot.php(334): CodeIgniter\CodeIgniter->run()
10 SYSTEMPATH\Boot.php(67): CodeIgniter\Boot::runCodeIgniter(Object(CodeIgniter\CodeIgniter))
11 FCPATH\index.php(56): CodeIgniter\Boot::bootWeb(Object(Config\Paths))
DEBUG - 2025-12-16 07:06:50 --> Session: Class initialized using 'CodeIgniter\Session\Handlers\FileHandler' driver.
CRITICAL - 2025-12-16 07:06:50 --> ErrorException: Undefined array key 0
[Method: GET, Route: Enquiry/confirm_costing_sheet/249/path/to/your/image.jpg]
in APPPATH\Views\enquiry\itinerary_details_view.php on line 499.
 1 APPPATH\Views\enquiry\itinerary_details_view.php(499): CodeIgniter\Debug\Exceptions->errorHandler(2, 'Undefined array key 0', 'C:\\wamp64\\www\\khm\\app\\Views\\enquiry\\itinerary_details_view.php', 499)
 2 SYSTEMPATH\View\View.php(234): include('C:\\wamp64\\www\\khm\\app\\Views\\enquiry\\itinerary_details_view.php')
 3 SYSTEMPATH\View\View.php(237): CodeIgniter\View\View->CodeIgniter\View\{closure}()
 4 SYSTEMPATH\Common.php(1171): CodeIgniter\View\View->render('enquiry/itinerary_details_view', [], true)
 5 APPPATH\Controllers\Enquiry.php(309): view('enquiry/itinerary_details_view', [...])
 6 SYSTEMPATH\CodeIgniter.php(933): App\Controllers\Enquiry->confirm_costing_sheet('249', 'path', 'to', 'your', 'image.jpg')
 7 SYSTEMPATH\CodeIgniter.php(509): CodeIgniter\CodeIgniter->runController(Object(App\Controllers\Enquiry))
 8 SYSTEMPATH\CodeIgniter.php(355): CodeIgniter\CodeIgniter->handleRequest(null, Object(Config\Cache), false)
 9 SYSTEMPATH\Boot.php(334): CodeIgniter\CodeIgniter->run()
10 SYSTEMPATH\Boot.php(67): CodeIgniter\Boot::runCodeIgniter(Object(CodeIgniter\CodeIgniter))
11 FCPATH\index.php(56): CodeIgniter\Boot::bootWeb(Object(Config\Paths))
DEBUG - 2025-12-16 07:06:50 --> Session: Class initialized using 'CodeIgniter\Session\Handlers\FileHandler' driver.
CRITICAL - 2025-12-16 07:06:50 --> ErrorException: Undefined array key 0
[Method: GET, Route: Enquiry/confirm_costing_sheet/249/path/to/your/image.jpg]
in APPPATH\Views\enquiry\itinerary_details_view.php on line 499.
 1 APPPATH\Views\enquiry\itinerary_details_view.php(499): CodeIgniter\Debug\Exceptions->errorHandler(2, 'Undefined array key 0', 'C:\\wamp64\\www\\khm\\app\\Views\\enquiry\\itinerary_details_view.php', 499)
 2 SYSTEMPATH\View\View.php(234): include('C:\\wamp64\\www\\khm\\app\\Views\\enquiry\\itinerary_details_view.php')
 3 SYSTEMPATH\View\View.php(237): CodeIgniter\View\View->CodeIgniter\View\{closure}()
 4 SYSTEMPATH\Common.php(1171): CodeIgniter\View\View->render('enquiry/itinerary_details_view', [], true)
 5 APPPATH\Controllers\Enquiry.php(309): view('enquiry/itinerary_details_view', [...])
 6 SYSTEMPATH\CodeIgniter.php(933): App\Controllers\Enquiry->confirm_costing_sheet('249', 'path', 'to', 'your', 'image.jpg')
 7 SYSTEMPATH\CodeIgniter.php(509): CodeIgniter\CodeIgniter->runController(Object(App\Controllers\Enquiry))
 8 SYSTEMPATH\CodeIgniter.php(355): CodeIgniter\CodeIgniter->handleRequest(null, Object(Config\Cache), false)
 9 SYSTEMPATH\Boot.php(334): CodeIgniter\CodeIgniter->run()
10 SYSTEMPATH\Boot.php(67): CodeIgniter\Boot::runCodeIgniter(Object(CodeIgniter\CodeIgniter))
11 FCPATH\index.php(56): CodeIgniter\Boot::bootWeb(Object(Config\Paths))
DEBUG - 2025-12-16 07:08:17 --> Session: Class initialized using 'CodeIgniter\Session\Handlers\FileHandler' driver.
DEBUG - 2025-12-16 07:08:17 --> Session: Class initialized using 'CodeIgniter\Session\Handlers\FileHandler' driver.
DEBUG - 2025-12-16 07:08:18 --> Session: Class initialized using 'CodeIgniter\Session\Handlers\FileHandler' driver.
INFO - 2025-12-16 07:08:18 --> getLocationDescription(4) returned: 1 rows
INFO - 2025-12-16 07:08:18 --> getLocationDescription(4) returned: 1 rows
INFO - 2025-12-16 07:08:18 --> getLocationDescription(9) returned: 1 rows
INFO - 2025-12-16 07:08:18 --> getLocationDescription(9) returned: 1 rows
DEBUG - 2025-12-16 07:08:22 --> Session: Class initialized using 'CodeIgniter\Session\Handlers\FileHandler' driver.
INFO - 2025-12-16 07:08:22 --> getLocationDescription(4) returned: 1 rows
INFO - 2025-12-16 07:08:22 --> getLocationDescription(4) returned: 1 rows
INFO - 2025-12-16 07:08:22 --> getLocationDescription(9) returned: 1 rows
INFO - 2025-12-16 07:08:22 --> getLocationDescription(9) returned: 1 rows
DEBUG - 2025-12-16 07:08:30 --> Session: Class initialized using 'CodeIgniter\Session\Handlers\FileHandler' driver.
INFO - 2025-12-16 07:08:30 --> getSightName(0) returned: 0 rows
INFO - 2025-12-16 07:08:30 --> getSightName(0) returned: 0 rows
INFO - 2025-12-16 07:08:30 --> getSightName(0) returned: 0 rows
DEBUG - 2025-12-16 07:08:35 --> Session: Class initialized using 'CodeIgniter\Session\Handlers\FileHandler' driver.
INFO - 2025-12-16 07:08:35 --> getLocationDescription(4) returned: 1 rows
INFO - 2025-12-16 07:08:35 --> getLocationDescription(4) returned: 1 rows
INFO - 2025-12-16 07:08:35 --> getLocationDescription(9) returned: 1 rows
INFO - 2025-12-16 07:08:35 --> getLocationDescription(9) returned: 1 rows
DEBUG - 2025-12-16 07:08:47 --> Session: Class initialized using 'CodeIgniter\Session\Handlers\FileHandler' driver.
DEBUG - 2025-12-16 07:08:47 --> Session: Class initialized using 'CodeIgniter\Session\Handlers\FileHandler' driver.
DEBUG - 2025-12-16 07:08:49 --> Session: Class initialized using 'CodeIgniter\Session\Handlers\FileHandler' driver.
INFO - 2025-12-16 07:08:49 --> getLocationDescription(4) returned: 1 rows
INFO - 2025-12-16 07:08:49 --> getLocationDescription(4) returned: 1 rows
INFO - 2025-12-16 07:08:49 --> getLocationDescription(9) returned: 1 rows
INFO - 2025-12-16 07:08:49 --> getLocationDescription(9) returned: 1 rows
DEBUG - 2025-12-16 07:11:20 --> Session: Class initialized using 'CodeIgniter\Session\Handlers\FileHandler' driver.
DEBUG - 2025-12-16 07:11:20 --> Session: Class initialized using 'CodeIgniter\Session\Handlers\FileHandler' driver.
DEBUG - 2025-12-16 07:11:22 --> Session: Class initialized using 'CodeIgniter\Session\Handlers\FileHandler' driver.
INFO - 2025-12-16 07:11:22 --> getLocationDescription(4) returned: 1 rows
INFO - 2025-12-16 07:11:22 --> getLocationDescription(4) returned: 1 rows
INFO - 2025-12-16 07:11:22 --> getLocationDescription(9) returned: 1 rows
INFO - 2025-12-16 07:11:22 --> getLocationDescription(9) returned: 1 rows
DEBUG - 2025-12-16 07:11:47 --> Session: Class initialized using 'CodeIgniter\Session\Handlers\FileHandler' driver.
DEBUG - 2025-12-16 07:11:47 --> Session: Class initialized using 'CodeIgniter\Session\Handlers\FileHandler' driver.
DEBUG - 2025-12-16 07:11:50 --> Session: Class initialized using 'CodeIgniter\Session\Handlers\FileHandler' driver.
INFO - 2025-12-16 07:11:50 --> getLocationDescription(4) returned: 1 rows
INFO - 2025-12-16 07:11:50 --> getLocationDescription(4) returned: 1 rows
INFO - 2025-12-16 07:11:50 --> getLocationDescription(9) returned: 1 rows
INFO - 2025-12-16 07:11:50 --> getLocationDescription(9) returned: 1 rows
DEBUG - 2025-12-16 07:13:27 --> Session: Class initialized using 'CodeIgniter\Session\Handlers\FileHandler' driver.
DEBUG - 2025-12-16 07:13:27 --> Session: Class initialized using 'CodeIgniter\Session\Handlers\FileHandler' driver.
DEBUG - 2025-12-16 07:13:29 --> Session: Class initialized using 'CodeIgniter\Session\Handlers\FileHandler' driver.
CRITICAL - 2025-12-16 07:13:29 --> ErrorException: Undefined variable $is_bifurcation
[Method: POST, Route: Enquiry/viewItinerarySheet]
in APPPATH\Views\enquiry\itinerary_sheet_view.php on line 258.
 1 APPPATH\Views\enquiry\itinerary_sheet_view.php(258): CodeIgniter\Debug\Exceptions->errorHandler(2, 'Undefined variable $is_bifurcation', 'C:\\wamp64\\www\\khm\\app\\Views\\enquiry\\itinerary_sheet_view.php', 258)
 2 SYSTEMPATH\View\View.php(234): include('C:\\wamp64\\www\\khm\\app\\Views\\enquiry\\itinerary_sheet_view.php')
 3 SYSTEMPATH\View\View.php(237): CodeIgniter\View\View->CodeIgniter\View\{closure}()
 4 SYSTEMPATH\Common.php(1171): CodeIgniter\View\View->render('enquiry/itinerary_sheet_view', [], true)
 5 APPPATH\Controllers\Enquiry.php(10115): view('enquiry/itinerary_sheet_view', [...])
 6 SYSTEMPATH\CodeIgniter.php(933): App\Controllers\Enquiry->viewItinerarySheet()
 7 SYSTEMPATH\CodeIgniter.php(509): CodeIgniter\CodeIgniter->runController(Object(App\Controllers\Enquiry))
 8 SYSTEMPATH\CodeIgniter.php(355): CodeIgniter\CodeIgniter->handleRequest(null, Object(Config\Cache), false)
 9 SYSTEMPATH\Boot.php(334): CodeIgniter\CodeIgniter->run()
10 SYSTEMPATH\Boot.php(67): CodeIgniter\Boot::runCodeIgniter(Object(CodeIgniter\CodeIgniter))
11 FCPATH\index.php(56): CodeIgniter\Boot::bootWeb(Object(Config\Paths))
DEBUG - 2025-12-16 07:13:30 --> Session: Class initialized using 'CodeIgniter\Session\Handlers\FileHandler' driver.
CRITICAL - 2025-12-16 07:13:30 --> ErrorException: Undefined variable $is_bifurcation
[Method: POST, Route: Enquiry/viewItinerarySheet]
in APPPATH\Views\enquiry\itinerary_sheet_view.php on line 258.
 1 APPPATH\Views\enquiry\itinerary_sheet_view.php(258): CodeIgniter\Debug\Exceptions->errorHandler(2, 'Undefined variable $is_bifurcation', 'C:\\wamp64\\www\\khm\\app\\Views\\enquiry\\itinerary_sheet_view.php', 258)
 2 SYSTEMPATH\View\View.php(234): include('C:\\wamp64\\www\\khm\\app\\Views\\enquiry\\itinerary_sheet_view.php')
 3 SYSTEMPATH\View\View.php(237): CodeIgniter\View\View->CodeIgniter\View\{closure}()
 4 SYSTEMPATH\Common.php(1171): CodeIgniter\View\View->render('enquiry/itinerary_sheet_view', [], true)
 5 APPPATH\Controllers\Enquiry.php(10115): view('enquiry/itinerary_sheet_view', [...])
 6 SYSTEMPATH\CodeIgniter.php(933): App\Controllers\Enquiry->viewItinerarySheet()
 7 SYSTEMPATH\CodeIgniter.php(509): CodeIgniter\CodeIgniter->runController(Object(App\Controllers\Enquiry))
 8 SYSTEMPATH\CodeIgniter.php(355): CodeIgniter\CodeIgniter->handleRequest(null, Object(Config\Cache), false)
 9 SYSTEMPATH\Boot.php(334): CodeIgniter\CodeIgniter->run()
10 SYSTEMPATH\Boot.php(67): CodeIgniter\Boot::runCodeIgniter(Object(CodeIgniter\CodeIgniter))
11 FCPATH\index.php(56): CodeIgniter\Boot::bootWeb(Object(Config\Paths))
DEBUG - 2025-12-16 07:13:30 --> Session: Class initialized using 'CodeIgniter\Session\Handlers\FileHandler' driver.
CRITICAL - 2025-12-16 07:13:31 --> ErrorException: Undefined variable $is_bifurcation
[Method: POST, Route: Enquiry/viewItinerarySheet]
in APPPATH\Views\enquiry\itinerary_sheet_view.php on line 258.
 1 APPPATH\Views\enquiry\itinerary_sheet_view.php(258): CodeIgniter\Debug\Exceptions->errorHandler(2, 'Undefined variable $is_bifurcation', 'C:\\wamp64\\www\\khm\\app\\Views\\enquiry\\itinerary_sheet_view.php', 258)
 2 SYSTEMPATH\View\View.php(234): include('C:\\wamp64\\www\\khm\\app\\Views\\enquiry\\itinerary_sheet_view.php')
 3 SYSTEMPATH\View\View.php(237): CodeIgniter\View\View->CodeIgniter\View\{closure}()
 4 SYSTEMPATH\Common.php(1171): CodeIgniter\View\View->render('enquiry/itinerary_sheet_view', [], true)
 5 APPPATH\Controllers\Enquiry.php(10115): view('enquiry/itinerary_sheet_view', [...])
 6 SYSTEMPATH\CodeIgniter.php(933): App\Controllers\Enquiry->viewItinerarySheet()
 7 SYSTEMPATH\CodeIgniter.php(509): CodeIgniter\CodeIgniter->runController(Object(App\Controllers\Enquiry))
 8 SYSTEMPATH\CodeIgniter.php(355): CodeIgniter\CodeIgniter->handleRequest(null, Object(Config\Cache), false)
 9 SYSTEMPATH\Boot.php(334): CodeIgniter\CodeIgniter->run()
10 SYSTEMPATH\Boot.php(67): CodeIgniter\Boot::runCodeIgniter(Object(CodeIgniter\CodeIgniter))
11 FCPATH\index.php(56): CodeIgniter\Boot::bootWeb(Object(Config\Paths))
DEBUG - 2025-12-16 07:14:00 --> Session: Class initialized using 'CodeIgniter\Session\Handlers\FileHandler' driver.
INFO - 2025-12-16 07:14:00 --> getLocationDescription(4) returned: 1 rows
INFO - 2025-12-16 07:14:00 --> getLocationDescription(4) returned: 1 rows
INFO - 2025-12-16 07:14:00 --> getLocationDescription(9) returned: 1 rows
INFO - 2025-12-16 07:14:00 --> getLocationDescription(9) returned: 1 rows
DEBUG - 2025-12-16 07:15:33 --> Session: Class initialized using 'CodeIgniter\Session\Handlers\FileHandler' driver.
DEBUG - 2025-12-16 07:15:33 --> Session: Class initialized using 'CodeIgniter\Session\Handlers\FileHandler' driver.
DEBUG - 2025-12-16 07:15:34 --> Session: Class initialized using 'CodeIgniter\Session\Handlers\FileHandler' driver.
INFO - 2025-12-16 07:15:34 --> getSightName(0) returned: 0 rows
INFO - 2025-12-16 07:15:34 --> getSightName(0) returned: 0 rows
INFO - 2025-12-16 07:15:34 --> getSightName(0) returned: 0 rows
DEBUG - 2025-12-16 07:15:38 --> Session: Class initialized using 'CodeIgniter\Session\Handlers\FileHandler' driver.
INFO - 2025-12-16 07:15:38 --> getLocationDescription(4) returned: 1 rows
INFO - 2025-12-16 07:15:38 --> getLocationDescription(4) returned: 1 rows
INFO - 2025-12-16 07:15:38 --> getLocationDescription(9) returned: 1 rows
INFO - 2025-12-16 07:15:38 --> getLocationDescription(9) returned: 1 rows
DEBUG - 2025-12-16 07:16:08 --> Session: Class initialized using 'CodeIgniter\Session\Handlers\FileHandler' driver.
INFO - 2025-12-16 07:16:09 --> getSightName(0) returned: 0 rows
INFO - 2025-12-16 07:16:09 --> getSightName(0) returned: 0 rows
INFO - 2025-12-16 07:16:09 --> getSightName(0) returned: 0 rows
DEBUG - 2025-12-16 07:16:27 --> Session: Class initialized using 'CodeIgniter\Session\Handlers\FileHandler' driver.
INFO - 2025-12-16 07:16:27 --> getLocationDescription(4) returned: 1 rows
INFO - 2025-12-16 07:16:27 --> getLocationDescription(4) returned: 1 rows
INFO - 2025-12-16 07:16:27 --> getLocationDescription(9) returned: 1 rows
INFO - 2025-12-16 07:16:27 --> getLocationDescription(9) returned: 1 rows
DEBUG - 2025-12-16 07:21:20 --> Session: Class initialized using 'CodeIgniter\Session\Handlers\FileHandler' driver.
DEBUG - 2025-12-16 07:21:20 --> Session: Class initialized using 'CodeIgniter\Session\Handlers\FileHandler' driver.
DEBUG - 2025-12-16 07:21:25 --> Session: Class initialized using 'CodeIgniter\Session\Handlers\FileHandler' driver.
INFO - 2025-12-16 07:21:25 --> getSightName(0) returned: 0 rows
INFO - 2025-12-16 07:21:25 --> getSightName(0) returned: 0 rows
INFO - 2025-12-16 07:21:25 --> getSightName(0) returned: 0 rows
DEBUG - 2025-12-16 07:21:28 --> Session: Class initialized using 'CodeIgniter\Session\Handlers\FileHandler' driver.
INFO - 2025-12-16 07:21:29 --> getLocationDescription(4) returned: 1 rows
INFO - 2025-12-16 07:21:29 --> getLocationDescription(4) returned: 1 rows
INFO - 2025-12-16 07:21:29 --> getLocationDescription(9) returned: 1 rows
INFO - 2025-12-16 07:21:29 --> getLocationDescription(9) returned: 1 rows
DEBUG - 2025-12-16 07:23:03 --> Session: Class initialized using 'CodeIgniter\Session\Handlers\FileHandler' driver.
DEBUG - 2025-12-16 07:23:03 --> Session: Class initialized using 'CodeIgniter\Session\Handlers\FileHandler' driver.
DEBUG - 2025-12-16 07:23:04 --> Session: Class initialized using 'CodeIgniter\Session\Handlers\FileHandler' driver.
CRITICAL - 2025-12-16 07:23:04 --> ParseError: Unmatched '}'
[Method: POST, Route: Enquiry/viewItinerarySheet]
in APPPATH\Views\enquiry\itinerary_sheet_view.php on line 236.
 1 SYSTEMPATH\View\View.php(237): CodeIgniter\View\View->CodeIgniter\View\{closure}()
 2 SYSTEMPATH\Common.php(1171): CodeIgniter\View\View->render('enquiry/itinerary_sheet_view', [], true)
 3 APPPATH\Controllers\Enquiry.php(10126): view('enquiry/itinerary_sheet_view', [...])
 4 SYSTEMPATH\CodeIgniter.php(933): App\Controllers\Enquiry->viewItinerarySheet()
 5 SYSTEMPATH\CodeIgniter.php(509): CodeIgniter\CodeIgniter->runController(Object(App\Controllers\Enquiry))
 6 SYSTEMPATH\CodeIgniter.php(355): CodeIgniter\CodeIgniter->handleRequest(null, Object(Config\Cache), false)
 7 SYSTEMPATH\Boot.php(334): CodeIgniter\CodeIgniter->run()
 8 SYSTEMPATH\Boot.php(67): CodeIgniter\Boot::runCodeIgniter(Object(CodeIgniter\CodeIgniter))
 9 FCPATH\index.php(56): CodeIgniter\Boot::bootWeb(Object(Config\Paths))
DEBUG - 2025-12-16 07:23:05 --> Session: Class initialized using 'CodeIgniter\Session\Handlers\FileHandler' driver.
CRITICAL - 2025-12-16 07:23:06 --> ParseError: Unmatched '}'
[Method: POST, Route: Enquiry/viewItinerarySheet]
in APPPATH\Views\enquiry\itinerary_sheet_view.php on line 236.
 1 SYSTEMPATH\View\View.php(237): CodeIgniter\View\View->CodeIgniter\View\{closure}()
 2 SYSTEMPATH\Common.php(1171): CodeIgniter\View\View->render('enquiry/itinerary_sheet_view', [], true)
 3 APPPATH\Controllers\Enquiry.php(10126): view('enquiry/itinerary_sheet_view', [...])
 4 SYSTEMPATH\CodeIgniter.php(933): App\Controllers\Enquiry->viewItinerarySheet()
 5 SYSTEMPATH\CodeIgniter.php(509): CodeIgniter\CodeIgniter->runController(Object(App\Controllers\Enquiry))
 6 SYSTEMPATH\CodeIgniter.php(355): CodeIgniter\CodeIgniter->handleRequest(null, Object(Config\Cache), false)
 7 SYSTEMPATH\Boot.php(334): CodeIgniter\CodeIgniter->run()
 8 SYSTEMPATH\Boot.php(67): CodeIgniter\Boot::runCodeIgniter(Object(CodeIgniter\CodeIgniter))
 9 FCPATH\index.php(56): CodeIgniter\Boot::bootWeb(Object(Config\Paths))
DEBUG - 2025-12-16 07:23:06 --> Session: Class initialized using 'CodeIgniter\Session\Handlers\FileHandler' driver.
CRITICAL - 2025-12-16 07:23:06 --> ParseError: Unmatched '}'
[Method: POST, Route: Enquiry/viewItinerarySheet]
in APPPATH\Views\enquiry\itinerary_sheet_view.php on line 236.
 1 SYSTEMPATH\View\View.php(237): CodeIgniter\View\View->CodeIgniter\View\{closure}()
 2 SYSTEMPATH\Common.php(1171): CodeIgniter\View\View->render('enquiry/itinerary_sheet_view', [], true)
 3 APPPATH\Controllers\Enquiry.php(10126): view('enquiry/itinerary_sheet_view', [...])
 4 SYSTEMPATH\CodeIgniter.php(933): App\Controllers\Enquiry->viewItinerarySheet()
 5 SYSTEMPATH\CodeIgniter.php(509): CodeIgniter\CodeIgniter->runController(Object(App\Controllers\Enquiry))
 6 SYSTEMPATH\CodeIgniter.php(355): CodeIgniter\CodeIgniter->handleRequest(null, Object(Config\Cache), false)
 7 SYSTEMPATH\Boot.php(334): CodeIgniter\CodeIgniter->run()
 8 SYSTEMPATH\Boot.php(67): CodeIgniter\Boot::runCodeIgniter(Object(CodeIgniter\CodeIgniter))
 9 FCPATH\index.php(56): CodeIgniter\Boot::bootWeb(Object(Config\Paths))
DEBUG - 2025-12-16 07:23:12 --> Session: Class initialized using 'CodeIgniter\Session\Handlers\FileHandler' driver.
DEBUG - 2025-12-16 07:23:12 --> Session: Class initialized using 'CodeIgniter\Session\Handlers\FileHandler' driver.
DEBUG - 2025-12-16 07:23:14 --> Session: Class initialized using 'CodeIgniter\Session\Handlers\FileHandler' driver.
CRITICAL - 2025-12-16 07:23:14 --> ParseError: Unmatched '}'
[Method: POST, Route: Enquiry/viewItinerarySheet]
in APPPATH\Views\enquiry\itinerary_sheet_view.php on line 637.
 1 SYSTEMPATH\View\View.php(237): CodeIgniter\View\View->CodeIgniter\View\{closure}()
 2 SYSTEMPATH\Common.php(1171): CodeIgniter\View\View->render('enquiry/itinerary_sheet_view', [], true)
 3 APPPATH\Controllers\Enquiry.php(10126): view('enquiry/itinerary_sheet_view', [...])
 4 SYSTEMPATH\CodeIgniter.php(933): App\Controllers\Enquiry->viewItinerarySheet()
 5 SYSTEMPATH\CodeIgniter.php(509): CodeIgniter\CodeIgniter->runController(Object(App\Controllers\Enquiry))
 6 SYSTEMPATH\CodeIgniter.php(355): CodeIgniter\CodeIgniter->handleRequest(null, Object(Config\Cache), false)
 7 SYSTEMPATH\Boot.php(334): CodeIgniter\CodeIgniter->run()
 8 SYSTEMPATH\Boot.php(67): CodeIgniter\Boot::runCodeIgniter(Object(CodeIgniter\CodeIgniter))
 9 FCPATH\index.php(56): CodeIgniter\Boot::bootWeb(Object(Config\Paths))
DEBUG - 2025-12-16 07:23:32 --> Session: Class initialized using 'CodeIgniter\Session\Handlers\FileHandler' driver.
DEBUG - 2025-12-16 07:23:32 --> Session: Class initialized using 'CodeIgniter\Session\Handlers\FileHandler' driver.
DEBUG - 2025-12-16 07:23:34 --> Session: Class initialized using 'CodeIgniter\Session\Handlers\FileHandler' driver.
CRITICAL - 2025-12-16 07:23:34 --> ParseError: Unmatched '}'
[Method: POST, Route: Enquiry/viewItinerarySheet]
in APPPATH\Views\enquiry\itinerary_sheet_view.php on line 637.
 1 SYSTEMPATH\View\View.php(237): CodeIgniter\View\View->CodeIgniter\View\{closure}()
 2 SYSTEMPATH\Common.php(1171): CodeIgniter\View\View->render('enquiry/itinerary_sheet_view', [], true)
 3 APPPATH\Controllers\Enquiry.php(10126): view('enquiry/itinerary_sheet_view', [...])
 4 SYSTEMPATH\CodeIgniter.php(933): App\Controllers\Enquiry->viewItinerarySheet()
 5 SYSTEMPATH\CodeIgniter.php(509): CodeIgniter\CodeIgniter->runController(Object(App\Controllers\Enquiry))
 6 SYSTEMPATH\CodeIgniter.php(355): CodeIgniter\CodeIgniter->handleRequest(null, Object(Config\Cache), false)
 7 SYSTEMPATH\Boot.php(334): CodeIgniter\CodeIgniter->run()
 8 SYSTEMPATH\Boot.php(67): CodeIgniter\Boot::runCodeIgniter(Object(CodeIgniter\CodeIgniter))
 9 FCPATH\index.php(56): CodeIgniter\Boot::bootWeb(Object(Config\Paths))
DEBUG - 2025-12-16 07:23:35 --> Session: Class initialized using 'CodeIgniter\Session\Handlers\FileHandler' driver.
CRITICAL - 2025-12-16 07:23:35 --> ParseError: Unmatched '}'
[Method: POST, Route: Enquiry/viewItinerarySheet]
in APPPATH\Views\enquiry\itinerary_sheet_view.php on line 637.
 1 SYSTEMPATH\View\View.php(237): CodeIgniter\View\View->CodeIgniter\View\{closure}()
 2 SYSTEMPATH\Common.php(1171): CodeIgniter\View\View->render('enquiry/itinerary_sheet_view', [], true)
 3 APPPATH\Controllers\Enquiry.php(10126): view('enquiry/itinerary_sheet_view', [...])
 4 SYSTEMPATH\CodeIgniter.php(933): App\Controllers\Enquiry->viewItinerarySheet()
 5 SYSTEMPATH\CodeIgniter.php(509): CodeIgniter\CodeIgniter->runController(Object(App\Controllers\Enquiry))
 6 SYSTEMPATH\CodeIgniter.php(355): CodeIgniter\CodeIgniter->handleRequest(null, Object(Config\Cache), false)
 7 SYSTEMPATH\Boot.php(334): CodeIgniter\CodeIgniter->run()
 8 SYSTEMPATH\Boot.php(67): CodeIgniter\Boot::runCodeIgniter(Object(CodeIgniter\CodeIgniter))
 9 FCPATH\index.php(56): CodeIgniter\Boot::bootWeb(Object(Config\Paths))
DEBUG - 2025-12-16 07:30:44 --> Session: Class initialized using 'CodeIgniter\Session\Handlers\FileHandler' driver.
DEBUG - 2025-12-16 07:30:44 --> Session: Class initialized using 'CodeIgniter\Session\Handlers\FileHandler' driver.
DEBUG - 2025-12-16 07:30:46 --> Session: Class initialized using 'CodeIgniter\Session\Handlers\FileHandler' driver.
INFO - 2025-12-16 07:30:46 --> getSightName(0) returned: 0 rows
INFO - 2025-12-16 07:30:46 --> getSightName(0) returned: 0 rows
INFO - 2025-12-16 07:30:46 --> getSightName(0) returned: 0 rows
DEBUG - 2025-12-16 07:30:49 --> Session: Class initialized using 'CodeIgniter\Session\Handlers\FileHandler' driver.
INFO - 2025-12-16 07:30:49 --> getLocationDescription(4) returned: 1 rows
INFO - 2025-12-16 07:30:49 --> getLocationDescription(4) returned: 1 rows
INFO - 2025-12-16 07:30:49 --> getLocationDescription(9) returned: 1 rows
INFO - 2025-12-16 07:30:49 --> getLocationDescription(9) returned: 1 rows
DEBUG - 2025-12-16 07:32:06 --> Session: Class initialized using 'CodeIgniter\Session\Handlers\FileHandler' driver.
INFO - 2025-12-16 07:32:06 --> getSightName(0) returned: 0 rows
INFO - 2025-12-16 07:32:06 --> getSightName(0) returned: 0 rows
INFO - 2025-12-16 07:32:06 --> getSightName(0) returned: 0 rows
DEBUG - 2025-12-16 07:32:15 --> Session: Class initialized using 'CodeIgniter\Session\Handlers\FileHandler' driver.
INFO - 2025-12-16 07:32:15 --> getLocationDescription(4) returned: 1 rows
INFO - 2025-12-16 07:32:15 --> getLocationDescription(4) returned: 1 rows
INFO - 2025-12-16 07:32:15 --> getLocationDescription(9) returned: 1 rows
INFO - 2025-12-16 07:32:15 --> getLocationDescription(9) returned: 1 rows
DEBUG - 2025-12-16 07:32:28 --> Session: Class initialized using 'CodeIgniter\Session\Handlers\FileHandler' driver.
INFO - 2025-12-16 07:32:29 --> getLocationDescription(4) returned: 1 rows
INFO - 2025-12-16 07:32:29 --> getLocationDescription(4) returned: 1 rows
INFO - 2025-12-16 07:32:29 --> getLocationDescription(9) returned: 1 rows
INFO - 2025-12-16 07:32:29 --> getLocationDescription(9) returned: 1 rows
DEBUG - 2025-12-16 07:32:29 --> Session: Class initialized using 'CodeIgniter\Session\Handlers\FileHandler' driver.
CRITICAL - 2025-12-16 07:32:29 --> ErrorException: Undefined array key 0
[Method: GET, Route: Enquiry/confirm_costing_sheet/249/path/to/your/image.jpg]
in APPPATH\Views\enquiry\itinerary_details_view.php on line 499.
 1 APPPATH\Views\enquiry\itinerary_details_view.php(499): CodeIgniter\Debug\Exceptions->errorHandler(2, 'Undefined array key 0', 'C:\\wamp64\\www\\khm\\app\\Views\\enquiry\\itinerary_details_view.php', 499)
 2 SYSTEMPATH\View\View.php(234): include('C:\\wamp64\\www\\khm\\app\\Views\\enquiry\\itinerary_details_view.php')
 3 SYSTEMPATH\View\View.php(237): CodeIgniter\View\View->CodeIgniter\View\{closure}()
 4 SYSTEMPATH\Common.php(1171): CodeIgniter\View\View->render('enquiry/itinerary_details_view', [], true)
 5 APPPATH\Controllers\Enquiry.php(309): view('enquiry/itinerary_details_view', [...])
 6 SYSTEMPATH\CodeIgniter.php(933): App\Controllers\Enquiry->confirm_costing_sheet('249', 'path', 'to', 'your', 'image.jpg')
 7 SYSTEMPATH\CodeIgniter.php(509): CodeIgniter\CodeIgniter->runController(Object(App\Controllers\Enquiry))
 8 SYSTEMPATH\CodeIgniter.php(355): CodeIgniter\CodeIgniter->handleRequest(null, Object(Config\Cache), false)
 9 SYSTEMPATH\Boot.php(334): CodeIgniter\CodeIgniter->run()
10 SYSTEMPATH\Boot.php(67): CodeIgniter\Boot::runCodeIgniter(Object(CodeIgniter\CodeIgniter))
11 FCPATH\index.php(56): CodeIgniter\Boot::bootWeb(Object(Config\Paths))
DEBUG - 2025-12-16 07:32:29 --> Session: Class initialized using 'CodeIgniter\Session\Handlers\FileHandler' driver.
CRITICAL - 2025-12-16 07:32:29 --> ErrorException: Undefined array key 0
[Method: GET, Route: Enquiry/confirm_costing_sheet/249/path/to/your/image.jpg]
in APPPATH\Views\enquiry\itinerary_details_view.php on line 499.
 1 APPPATH\Views\enquiry\itinerary_details_view.php(499): CodeIgniter\Debug\Exceptions->errorHandler(2, 'Undefined array key 0', 'C:\\wamp64\\www\\khm\\app\\Views\\enquiry\\itinerary_details_view.php', 499)
 2 SYSTEMPATH\View\View.php(234): include('C:\\wamp64\\www\\khm\\app\\Views\\enquiry\\itinerary_details_view.php')
 3 SYSTEMPATH\View\View.php(237): CodeIgniter\View\View->CodeIgniter\View\{closure}()
 4 SYSTEMPATH\Common.php(1171): CodeIgniter\View\View->render('enquiry/itinerary_details_view', [], true)
 5 APPPATH\Controllers\Enquiry.php(309): view('enquiry/itinerary_details_view', [...])
 6 SYSTEMPATH\CodeIgniter.php(933): App\Controllers\Enquiry->confirm_costing_sheet('249', 'path', 'to', 'your', 'image.jpg')
 7 SYSTEMPATH\CodeIgniter.php(509): CodeIgniter\CodeIgniter->runController(Object(App\Controllers\Enquiry))
 8 SYSTEMPATH\CodeIgniter.php(355): CodeIgniter\CodeIgniter->handleRequest(null, Object(Config\Cache), false)
 9 SYSTEMPATH\Boot.php(334): CodeIgniter\CodeIgniter->run()
10 SYSTEMPATH\Boot.php(67): CodeIgniter\Boot::runCodeIgniter(Object(CodeIgniter\CodeIgniter))
11 FCPATH\index.php(56): CodeIgniter\Boot::bootWeb(Object(Config\Paths))
DEBUG - 2025-12-16 07:34:34 --> Session: Class initialized using 'CodeIgniter\Session\Handlers\FileHandler' driver.
DEBUG - 2025-12-16 07:34:35 --> Session: Class initialized using 'CodeIgniter\Session\Handlers\FileHandler' driver.
DEBUG - 2025-12-16 07:34:37 --> Session: Class initialized using 'CodeIgniter\Session\Handlers\FileHandler' driver.
INFO - 2025-12-16 07:34:37 --> getLocationDescription(4) returned: 1 rows
INFO - 2025-12-16 07:34:37 --> getLocationDescription(4) returned: 1 rows
INFO - 2025-12-16 07:34:37 --> getLocationDescription(9) returned: 1 rows
INFO - 2025-12-16 07:34:37 --> getLocationDescription(9) returned: 1 rows
DEBUG - 2025-12-16 07:34:37 --> Session: Class initialized using 'CodeIgniter\Session\Handlers\FileHandler' driver.
CRITICAL - 2025-12-16 07:34:37 --> ErrorException: Undefined array key 0
[Method: GET, Route: Enquiry/confirm_costing_sheet/249/path/to/your/image.jpg]
in APPPATH\Views\enquiry\itinerary_details_view.php on line 499.
 1 APPPATH\Views\enquiry\itinerary_details_view.php(499): CodeIgniter\Debug\Exceptions->errorHandler(2, 'Undefined array key 0', 'C:\\wamp64\\www\\khm\\app\\Views\\enquiry\\itinerary_details_view.php', 499)
 2 SYSTEMPATH\View\View.php(234): include('C:\\wamp64\\www\\khm\\app\\Views\\enquiry\\itinerary_details_view.php')
 3 SYSTEMPATH\View\View.php(237): CodeIgniter\View\View->CodeIgniter\View\{closure}()
 4 SYSTEMPATH\Common.php(1171): CodeIgniter\View\View->render('enquiry/itinerary_details_view', [], true)
 5 APPPATH\Controllers\Enquiry.php(309): view('enquiry/itinerary_details_view', [...])
 6 SYSTEMPATH\CodeIgniter.php(933): App\Controllers\Enquiry->confirm_costing_sheet('249', 'path', 'to', 'your', 'image.jpg')
 7 SYSTEMPATH\CodeIgniter.php(509): CodeIgniter\CodeIgniter->runController(Object(App\Controllers\Enquiry))
 8 SYSTEMPATH\CodeIgniter.php(355): CodeIgniter\CodeIgniter->handleRequest(null, Object(Config\Cache), false)
 9 SYSTEMPATH\Boot.php(334): CodeIgniter\CodeIgniter->run()
10 SYSTEMPATH\Boot.php(67): CodeIgniter\Boot::runCodeIgniter(Object(CodeIgniter\CodeIgniter))
11 FCPATH\index.php(56): CodeIgniter\Boot::bootWeb(Object(Config\Paths))
DEBUG - 2025-12-16 07:34:38 --> Session: Class initialized using 'CodeIgniter\Session\Handlers\FileHandler' driver.
CRITICAL - 2025-12-16 07:34:38 --> ErrorException: Undefined array key 0
[Method: GET, Route: Enquiry/confirm_costing_sheet/249/path/to/your/image.jpg]
in APPPATH\Views\enquiry\itinerary_details_view.php on line 499.
 1 APPPATH\Views\enquiry\itinerary_details_view.php(499): CodeIgniter\Debug\Exceptions->errorHandler(2, 'Undefined array key 0', 'C:\\wamp64\\www\\khm\\app\\Views\\enquiry\\itinerary_details_view.php', 499)
 2 SYSTEMPATH\View\View.php(234): include('C:\\wamp64\\www\\khm\\app\\Views\\enquiry\\itinerary_details_view.php')
 3 SYSTEMPATH\View\View.php(237): CodeIgniter\View\View->CodeIgniter\View\{closure}()
 4 SYSTEMPATH\Common.php(1171): CodeIgniter\View\View->render('enquiry/itinerary_details_view', [], true)
 5 APPPATH\Controllers\Enquiry.php(309): view('enquiry/itinerary_details_view', [...])
 6 SYSTEMPATH\CodeIgniter.php(933): App\Controllers\Enquiry->confirm_costing_sheet('249', 'path', 'to', 'your', 'image.jpg')
 7 SYSTEMPATH\CodeIgniter.php(509): CodeIgniter\CodeIgniter->runController(Object(App\Controllers\Enquiry))
 8 SYSTEMPATH\CodeIgniter.php(355): CodeIgniter\CodeIgniter->handleRequest(null, Object(Config\Cache), false)
 9 SYSTEMPATH\Boot.php(334): CodeIgniter\CodeIgniter->run()
10 SYSTEMPATH\Boot.php(67): CodeIgniter\Boot::runCodeIgniter(Object(CodeIgniter\CodeIgniter))
11 FCPATH\index.php(56): CodeIgniter\Boot::bootWeb(Object(Config\Paths))
DEBUG - 2025-12-16 07:35:11 --> Session: Class initialized using 'CodeIgniter\Session\Handlers\FileHandler' driver.
INFO - 2025-12-16 07:35:11 --> getSightName(0) returned: 0 rows
INFO - 2025-12-16 07:35:11 --> getSightName(0) returned: 0 rows
INFO - 2025-12-16 07:35:11 --> getSightName(0) returned: 0 rows
DEBUG - 2025-12-16 07:35:14 --> Session: Class initialized using 'CodeIgniter\Session\Handlers\FileHandler' driver.
INFO - 2025-12-16 07:35:14 --> getLocationDescription(4) returned: 1 rows
INFO - 2025-12-16 07:35:14 --> getLocationDescription(4) returned: 1 rows
INFO - 2025-12-16 07:35:14 --> getLocationDescription(9) returned: 1 rows
INFO - 2025-12-16 07:35:14 --> getLocationDescription(9) returned: 1 rows
DEBUG - 2025-12-16 07:35:56 --> Session: Class initialized using 'CodeIgniter\Session\Handlers\FileHandler' driver.
INFO - 2025-12-16 07:35:56 --> getLocationDescription(4) returned: 1 rows
INFO - 2025-12-16 07:35:56 --> getLocationDescription(4) returned: 1 rows
INFO - 2025-12-16 07:35:56 --> getLocationDescription(9) returned: 1 rows
INFO - 2025-12-16 07:35:56 --> getLocationDescription(9) returned: 1 rows
DEBUG - 2025-12-16 07:36:02 --> Session: Class initialized using 'CodeIgniter\Session\Handlers\FileHandler' driver.
INFO - 2025-12-16 07:36:02 --> getLocationDescription(4) returned: 1 rows
INFO - 2025-12-16 07:36:02 --> getLocationDescription(4) returned: 1 rows
INFO - 2025-12-16 07:36:02 --> getLocationDescription(9) returned: 1 rows
INFO - 2025-12-16 07:36:02 --> getLocationDescription(9) returned: 1 rows
DEBUG - 2025-12-16 07:36:02 --> Session: Class initialized using 'CodeIgniter\Session\Handlers\FileHandler' driver.
CRITICAL - 2025-12-16 07:36:02 --> ErrorException: Undefined array key 0
[Method: GET, Route: Enquiry/confirm_costing_sheet/249/path/to/your/image.jpg]
in APPPATH\Views\enquiry\itinerary_details_view.php on line 499.
 1 APPPATH\Views\enquiry\itinerary_details_view.php(499): CodeIgniter\Debug\Exceptions->errorHandler(2, 'Undefined array key 0', 'C:\\wamp64\\www\\khm\\app\\Views\\enquiry\\itinerary_details_view.php', 499)
 2 SYSTEMPATH\View\View.php(234): include('C:\\wamp64\\www\\khm\\app\\Views\\enquiry\\itinerary_details_view.php')
 3 SYSTEMPATH\View\View.php(237): CodeIgniter\View\View->CodeIgniter\View\{closure}()
 4 SYSTEMPATH\Common.php(1171): CodeIgniter\View\View->render('enquiry/itinerary_details_view', [], true)
 5 APPPATH\Controllers\Enquiry.php(309): view('enquiry/itinerary_details_view', [...])
 6 SYSTEMPATH\CodeIgniter.php(933): App\Controllers\Enquiry->confirm_costing_sheet('249', 'path', 'to', 'your', 'image.jpg')
 7 SYSTEMPATH\CodeIgniter.php(509): CodeIgniter\CodeIgniter->runController(Object(App\Controllers\Enquiry))
 8 SYSTEMPATH\CodeIgniter.php(355): CodeIgniter\CodeIgniter->handleRequest(null, Object(Config\Cache), false)
 9 SYSTEMPATH\Boot.php(334): CodeIgniter\CodeIgniter->run()
10 SYSTEMPATH\Boot.php(67): CodeIgniter\Boot::runCodeIgniter(Object(CodeIgniter\CodeIgniter))
11 FCPATH\index.php(56): CodeIgniter\Boot::bootWeb(Object(Config\Paths))
DEBUG - 2025-12-16 07:36:02 --> Session: Class initialized using 'CodeIgniter\Session\Handlers\FileHandler' driver.
CRITICAL - 2025-12-16 07:36:02 --> ErrorException: Undefined array key 0
[Method: GET, Route: Enquiry/confirm_costing_sheet/249/path/to/your/image.jpg]
in APPPATH\Views\enquiry\itinerary_details_view.php on line 499.
 1 APPPATH\Views\enquiry\itinerary_details_view.php(499): CodeIgniter\Debug\Exceptions->errorHandler(2, 'Undefined array key 0', 'C:\\wamp64\\www\\khm\\app\\Views\\enquiry\\itinerary_details_view.php', 499)
 2 SYSTEMPATH\View\View.php(234): include('C:\\wamp64\\www\\khm\\app\\Views\\enquiry\\itinerary_details_view.php')
 3 SYSTEMPATH\View\View.php(237): CodeIgniter\View\View->CodeIgniter\View\{closure}()
 4 SYSTEMPATH\Common.php(1171): CodeIgniter\View\View->render('enquiry/itinerary_details_view', [], true)
 5 APPPATH\Controllers\Enquiry.php(309): view('enquiry/itinerary_details_view', [...])
 6 SYSTEMPATH\CodeIgniter.php(933): App\Controllers\Enquiry->confirm_costing_sheet('249', 'path', 'to', 'your', 'image.jpg')
 7 SYSTEMPATH\CodeIgniter.php(509): CodeIgniter\CodeIgniter->runController(Object(App\Controllers\Enquiry))
 8 SYSTEMPATH\CodeIgniter.php(355): CodeIgniter\CodeIgniter->handleRequest(null, Object(Config\Cache), false)
 9 SYSTEMPATH\Boot.php(334): CodeIgniter\CodeIgniter->run()
10 SYSTEMPATH\Boot.php(67): CodeIgniter\Boot::runCodeIgniter(Object(CodeIgniter\CodeIgniter))
11 FCPATH\index.php(56): CodeIgniter\Boot::bootWeb(Object(Config\Paths))
DEBUG - 2025-12-16 07:36:02 --> Session: Class initialized using 'CodeIgniter\Session\Handlers\FileHandler' driver.
CRITICAL - 2025-12-16 07:36:02 --> ErrorException: Undefined array key 0
[Method: GET, Route: Enquiry/confirm_costing_sheet/249/path/to/your/image.jpg]
in APPPATH\Views\enquiry\itinerary_details_view.php on line 499.
 1 APPPATH\Views\enquiry\itinerary_details_view.php(499): CodeIgniter\Debug\Exceptions->errorHandler(2, 'Undefined array key 0', 'C:\\wamp64\\www\\khm\\app\\Views\\enquiry\\itinerary_details_view.php', 499)
 2 SYSTEMPATH\View\View.php(234): include('C:\\wamp64\\www\\khm\\app\\Views\\enquiry\\itinerary_details_view.php')
 3 SYSTEMPATH\View\View.php(237): CodeIgniter\View\View->CodeIgniter\View\{closure}()
 4 SYSTEMPATH\Common.php(1171): CodeIgniter\View\View->render('enquiry/itinerary_details_view', [], true)
 5 APPPATH\Controllers\Enquiry.php(309): view('enquiry/itinerary_details_view', [...])
 6 SYSTEMPATH\CodeIgniter.php(933): App\Controllers\Enquiry->confirm_costing_sheet('249', 'path', 'to', 'your', 'image.jpg')
 7 SYSTEMPATH\CodeIgniter.php(509): CodeIgniter\CodeIgniter->runController(Object(App\Controllers\Enquiry))
 8 SYSTEMPATH\CodeIgniter.php(355): CodeIgniter\CodeIgniter->handleRequest(null, Object(Config\Cache), false)
 9 SYSTEMPATH\Boot.php(334): CodeIgniter\CodeIgniter->run()
10 SYSTEMPATH\Boot.php(67): CodeIgniter\Boot::runCodeIgniter(Object(CodeIgniter\CodeIgniter))
11 FCPATH\index.php(56): CodeIgniter\Boot::bootWeb(Object(Config\Paths))
DEBUG - 2025-12-16 07:36:33 --> Session: Class initialized using 'CodeIgniter\Session\Handlers\FileHandler' driver.
INFO - 2025-12-16 07:36:33 --> getLocationDescription(4) returned: 1 rows
INFO - 2025-12-16 07:36:33 --> getLocationDescription(4) returned: 1 rows
INFO - 2025-12-16 07:36:33 --> getLocationDescription(9) returned: 1 rows
INFO - 2025-12-16 07:36:33 --> getLocationDescription(9) returned: 1 rows
DEBUG - 2025-12-16 07:36:33 --> Session: Class initialized using 'CodeIgniter\Session\Handlers\FileHandler' driver.
CRITICAL - 2025-12-16 07:36:34 --> ErrorException: Undefined array key 0
[Method: GET, Route: Enquiry/confirm_costing_sheet/249/path/to/your/image.jpg]
in APPPATH\Views\enquiry\itinerary_details_view.php on line 499.
 1 APPPATH\Views\enquiry\itinerary_details_view.php(499): CodeIgniter\Debug\Exceptions->errorHandler(2, 'Undefined array key 0', 'C:\\wamp64\\www\\khm\\app\\Views\\enquiry\\itinerary_details_view.php', 499)
 2 SYSTEMPATH\View\View.php(234): include('C:\\wamp64\\www\\khm\\app\\Views\\enquiry\\itinerary_details_view.php')
 3 SYSTEMPATH\View\View.php(237): CodeIgniter\View\View->CodeIgniter\View\{closure}()
 4 SYSTEMPATH\Common.php(1171): CodeIgniter\View\View->render('enquiry/itinerary_details_view', [], true)
 5 APPPATH\Controllers\Enquiry.php(309): view('enquiry/itinerary_details_view', [...])
 6 SYSTEMPATH\CodeIgniter.php(933): App\Controllers\Enquiry->confirm_costing_sheet('249', 'path', 'to', 'your', 'image.jpg')
 7 SYSTEMPATH\CodeIgniter.php(509): CodeIgniter\CodeIgniter->runController(Object(App\Controllers\Enquiry))
 8 SYSTEMPATH\CodeIgniter.php(355): CodeIgniter\CodeIgniter->handleRequest(null, Object(Config\Cache), false)
 9 SYSTEMPATH\Boot.php(334): CodeIgniter\CodeIgniter->run()
10 SYSTEMPATH\Boot.php(67): CodeIgniter\Boot::runCodeIgniter(Object(CodeIgniter\CodeIgniter))
11 FCPATH\index.php(56): CodeIgniter\Boot::bootWeb(Object(Config\Paths))
DEBUG - 2025-12-16 07:36:34 --> Session: Class initialized using 'CodeIgniter\Session\Handlers\FileHandler' driver.
CRITICAL - 2025-12-16 07:36:34 --> ErrorException: Undefined array key 0
[Method: GET, Route: Enquiry/confirm_costing_sheet/249/path/to/your/image.jpg]
in APPPATH\Views\enquiry\itinerary_details_view.php on line 499.
 1 APPPATH\Views\enquiry\itinerary_details_view.php(499): CodeIgniter\Debug\Exceptions->errorHandler(2, 'Undefined array key 0', 'C:\\wamp64\\www\\khm\\app\\Views\\enquiry\\itinerary_details_view.php', 499)
 2 SYSTEMPATH\View\View.php(234): include('C:\\wamp64\\www\\khm\\app\\Views\\enquiry\\itinerary_details_view.php')
 3 SYSTEMPATH\View\View.php(237): CodeIgniter\View\View->CodeIgniter\View\{closure}()
 4 SYSTEMPATH\Common.php(1171): CodeIgniter\View\View->render('enquiry/itinerary_details_view', [], true)
 5 APPPATH\Controllers\Enquiry.php(309): view('enquiry/itinerary_details_view', [...])
 6 SYSTEMPATH\CodeIgniter.php(933): App\Controllers\Enquiry->confirm_costing_sheet('249', 'path', 'to', 'your', 'image.jpg')
 7 SYSTEMPATH\CodeIgniter.php(509): CodeIgniter\CodeIgniter->runController(Object(App\Controllers\Enquiry))
 8 SYSTEMPATH\CodeIgniter.php(355): CodeIgniter\CodeIgniter->handleRequest(null, Object(Config\Cache), false)
 9 SYSTEMPATH\Boot.php(334): CodeIgniter\CodeIgniter->run()
10 SYSTEMPATH\Boot.php(67): CodeIgniter\Boot::runCodeIgniter(Object(CodeIgniter\CodeIgniter))
11 FCPATH\index.php(56): CodeIgniter\Boot::bootWeb(Object(Config\Paths))
DEBUG - 2025-12-16 07:36:34 --> Session: Class initialized using 'CodeIgniter\Session\Handlers\FileHandler' driver.
CRITICAL - 2025-12-16 07:36:34 --> ErrorException: Undefined array key 0
[Method: GET, Route: Enquiry/confirm_costing_sheet/249/path/to/your/image.jpg]
in APPPATH\Views\enquiry\itinerary_details_view.php on line 499.
 1 APPPATH\Views\enquiry\itinerary_details_view.php(499): CodeIgniter\Debug\Exceptions->errorHandler(2, 'Undefined array key 0', 'C:\\wamp64\\www\\khm\\app\\Views\\enquiry\\itinerary_details_view.php', 499)
 2 SYSTEMPATH\View\View.php(234): include('C:\\wamp64\\www\\khm\\app\\Views\\enquiry\\itinerary_details_view.php')
 3 SYSTEMPATH\View\View.php(237): CodeIgniter\View\View->CodeIgniter\View\{closure}()
 4 SYSTEMPATH\Common.php(1171): CodeIgniter\View\View->render('enquiry/itinerary_details_view', [], true)
 5 APPPATH\Controllers\Enquiry.php(309): view('enquiry/itinerary_details_view', [...])
 6 SYSTEMPATH\CodeIgniter.php(933): App\Controllers\Enquiry->confirm_costing_sheet('249', 'path', 'to', 'your', 'image.jpg')
 7 SYSTEMPATH\CodeIgniter.php(509): CodeIgniter\CodeIgniter->runController(Object(App\Controllers\Enquiry))
 8 SYSTEMPATH\CodeIgniter.php(355): CodeIgniter\CodeIgniter->handleRequest(null, Object(Config\Cache), false)
 9 SYSTEMPATH\Boot.php(334): CodeIgniter\CodeIgniter->run()
10 SYSTEMPATH\Boot.php(67): CodeIgniter\Boot::runCodeIgniter(Object(CodeIgniter\CodeIgniter))
11 FCPATH\index.php(56): CodeIgniter\Boot::bootWeb(Object(Config\Paths))
DEBUG - 2025-12-16 07:36:34 --> Session: Class initialized using 'CodeIgniter\Session\Handlers\FileHandler' driver.
CRITICAL - 2025-12-16 07:36:34 --> ErrorException: Undefined array key 0
[Method: GET, Route: Enquiry/confirm_costing_sheet/249/path/to/your/image.jpg]
in APPPATH\Views\enquiry\itinerary_details_view.php on line 499.
 1 APPPATH\Views\enquiry\itinerary_details_view.php(499): CodeIgniter\Debug\Exceptions->errorHandler(2, 'Undefined array key 0', 'C:\\wamp64\\www\\khm\\app\\Views\\enquiry\\itinerary_details_view.php', 499)
 2 SYSTEMPATH\View\View.php(234): include('C:\\wamp64\\www\\khm\\app\\Views\\enquiry\\itinerary_details_view.php')
 3 SYSTEMPATH\View\View.php(237): CodeIgniter\View\View->CodeIgniter\View\{closure}()
 4 SYSTEMPATH\Common.php(1171): CodeIgniter\View\View->render('enquiry/itinerary_details_view', [], true)
 5 APPPATH\Controllers\Enquiry.php(309): view('enquiry/itinerary_details_view', [...])
 6 SYSTEMPATH\CodeIgniter.php(933): App\Controllers\Enquiry->confirm_costing_sheet('249', 'path', 'to', 'your', 'image.jpg')
 7 SYSTEMPATH\CodeIgniter.php(509): CodeIgniter\CodeIgniter->runController(Object(App\Controllers\Enquiry))
 8 SYSTEMPATH\CodeIgniter.php(355): CodeIgniter\CodeIgniter->handleRequest(null, Object(Config\Cache), false)
 9 SYSTEMPATH\Boot.php(334): CodeIgniter\CodeIgniter->run()
10 SYSTEMPATH\Boot.php(67): CodeIgniter\Boot::runCodeIgniter(Object(CodeIgniter\CodeIgniter))
11 FCPATH\index.php(56): CodeIgniter\Boot::bootWeb(Object(Config\Paths))
DEBUG - 2025-12-16 07:36:58 --> Session: Class initialized using 'CodeIgniter\Session\Handlers\FileHandler' driver.
INFO - 2025-12-16 07:36:58 --> getLocationDescription(4) returned: 1 rows
INFO - 2025-12-16 07:36:58 --> getLocationDescription(4) returned: 1 rows
INFO - 2025-12-16 07:36:58 --> getLocationDescription(9) returned: 1 rows
INFO - 2025-12-16 07:36:58 --> getLocationDescription(9) returned: 1 rows
DEBUG - 2025-12-16 07:36:58 --> Session: Class initialized using 'CodeIgniter\Session\Handlers\FileHandler' driver.
CRITICAL - 2025-12-16 07:36:58 --> ErrorException: Undefined array key 0
[Method: GET, Route: Enquiry/confirm_costing_sheet/249/path/to/your/image.jpg]
in APPPATH\Views\enquiry\itinerary_details_view.php on line 499.
 1 APPPATH\Views\enquiry\itinerary_details_view.php(499): CodeIgniter\Debug\Exceptions->errorHandler(2, 'Undefined array key 0', 'C:\\wamp64\\www\\khm\\app\\Views\\enquiry\\itinerary_details_view.php', 499)
 2 SYSTEMPATH\View\View.php(234): include('C:\\wamp64\\www\\khm\\app\\Views\\enquiry\\itinerary_details_view.php')
 3 SYSTEMPATH\View\View.php(237): CodeIgniter\View\View->CodeIgniter\View\{closure}()
 4 SYSTEMPATH\Common.php(1171): CodeIgniter\View\View->render('enquiry/itinerary_details_view', [], true)
 5 APPPATH\Controllers\Enquiry.php(309): view('enquiry/itinerary_details_view', [...])
 6 SYSTEMPATH\CodeIgniter.php(933): App\Controllers\Enquiry->confirm_costing_sheet('249', 'path', 'to', 'your', 'image.jpg')
 7 SYSTEMPATH\CodeIgniter.php(509): CodeIgniter\CodeIgniter->runController(Object(App\Controllers\Enquiry))
 8 SYSTEMPATH\CodeIgniter.php(355): CodeIgniter\CodeIgniter->handleRequest(null, Object(Config\Cache), false)
 9 SYSTEMPATH\Boot.php(334): CodeIgniter\CodeIgniter->run()
10 SYSTEMPATH\Boot.php(67): CodeIgniter\Boot::runCodeIgniter(Object(CodeIgniter\CodeIgniter))
11 FCPATH\index.php(56): CodeIgniter\Boot::bootWeb(Object(Config\Paths))
DEBUG - 2025-12-16 07:36:59 --> Session: Class initialized using 'CodeIgniter\Session\Handlers\FileHandler' driver.
CRITICAL - 2025-12-16 07:36:59 --> ErrorException: Undefined array key 0
[Method: GET, Route: Enquiry/confirm_costing_sheet/249/path/to/your/image.jpg]
in APPPATH\Views\enquiry\itinerary_details_view.php on line 499.
 1 APPPATH\Views\enquiry\itinerary_details_view.php(499): CodeIgniter\Debug\Exceptions->errorHandler(2, 'Undefined array key 0', 'C:\\wamp64\\www\\khm\\app\\Views\\enquiry\\itinerary_details_view.php', 499)
 2 SYSTEMPATH\View\View.php(234): include('C:\\wamp64\\www\\khm\\app\\Views\\enquiry\\itinerary_details_view.php')
 3 SYSTEMPATH\View\View.php(237): CodeIgniter\View\View->CodeIgniter\View\{closure}()
 4 SYSTEMPATH\Common.php(1171): CodeIgniter\View\View->render('enquiry/itinerary_details_view', [], true)
 5 APPPATH\Controllers\Enquiry.php(309): view('enquiry/itinerary_details_view', [...])
 6 SYSTEMPATH\CodeIgniter.php(933): App\Controllers\Enquiry->confirm_costing_sheet('249', 'path', 'to', 'your', 'image.jpg')
 7 SYSTEMPATH\CodeIgniter.php(509): CodeIgniter\CodeIgniter->runController(Object(App\Controllers\Enquiry))
 8 SYSTEMPATH\CodeIgniter.php(355): CodeIgniter\CodeIgniter->handleRequest(null, Object(Config\Cache), false)
 9 SYSTEMPATH\Boot.php(334): CodeIgniter\CodeIgniter->run()
10 SYSTEMPATH\Boot.php(67): CodeIgniter\Boot::runCodeIgniter(Object(CodeIgniter\CodeIgniter))
11 FCPATH\index.php(56): CodeIgniter\Boot::bootWeb(Object(Config\Paths))
DEBUG - 2025-12-16 07:36:59 --> Session: Class initialized using 'CodeIgniter\Session\Handlers\FileHandler' driver.
CRITICAL - 2025-12-16 07:36:59 --> ErrorException: Undefined array key 0
[Method: GET, Route: Enquiry/confirm_costing_sheet/249/path/to/your/image.jpg]
in APPPATH\Views\enquiry\itinerary_details_view.php on line 499.
 1 APPPATH\Views\enquiry\itinerary_details_view.php(499): CodeIgniter\Debug\Exceptions->errorHandler(2, 'Undefined array key 0', 'C:\\wamp64\\www\\khm\\app\\Views\\enquiry\\itinerary_details_view.php', 499)
 2 SYSTEMPATH\View\View.php(234): include('C:\\wamp64\\www\\khm\\app\\Views\\enquiry\\itinerary_details_view.php')
 3 SYSTEMPATH\View\View.php(237): CodeIgniter\View\View->CodeIgniter\View\{closure}()
 4 SYSTEMPATH\Common.php(1171): CodeIgniter\View\View->render('enquiry/itinerary_details_view', [], true)
 5 APPPATH\Controllers\Enquiry.php(309): view('enquiry/itinerary_details_view', [...])
 6 SYSTEMPATH\CodeIgniter.php(933): App\Controllers\Enquiry->confirm_costing_sheet('249', 'path', 'to', 'your', 'image.jpg')
 7 SYSTEMPATH\CodeIgniter.php(509): CodeIgniter\CodeIgniter->runController(Object(App\Controllers\Enquiry))
 8 SYSTEMPATH\CodeIgniter.php(355): CodeIgniter\CodeIgniter->handleRequest(null, Object(Config\Cache), false)
 9 SYSTEMPATH\Boot.php(334): CodeIgniter\CodeIgniter->run()
10 SYSTEMPATH\Boot.php(67): CodeIgniter\Boot::runCodeIgniter(Object(CodeIgniter\CodeIgniter))
11 FCPATH\index.php(56): CodeIgniter\Boot::bootWeb(Object(Config\Paths))
DEBUG - 2025-12-16 07:36:59 --> Session: Class initialized using 'CodeIgniter\Session\Handlers\FileHandler' driver.
CRITICAL - 2025-12-16 07:36:59 --> ErrorException: Undefined array key 0
[Method: GET, Route: Enquiry/confirm_costing_sheet/249/path/to/your/image.jpg]
in APPPATH\Views\enquiry\itinerary_details_view.php on line 499.
 1 APPPATH\Views\enquiry\itinerary_details_view.php(499): CodeIgniter\Debug\Exceptions->errorHandler(2, 'Undefined array key 0', 'C:\\wamp64\\www\\khm\\app\\Views\\enquiry\\itinerary_details_view.php', 499)
 2 SYSTEMPATH\View\View.php(234): include('C:\\wamp64\\www\\khm\\app\\Views\\enquiry\\itinerary_details_view.php')
 3 SYSTEMPATH\View\View.php(237): CodeIgniter\View\View->CodeIgniter\View\{closure}()
 4 SYSTEMPATH\Common.php(1171): CodeIgniter\View\View->render('enquiry/itinerary_details_view', [], true)
 5 APPPATH\Controllers\Enquiry.php(309): view('enquiry/itinerary_details_view', [...])
 6 SYSTEMPATH\CodeIgniter.php(933): App\Controllers\Enquiry->confirm_costing_sheet('249', 'path', 'to', 'your', 'image.jpg')
 7 SYSTEMPATH\CodeIgniter.php(509): CodeIgniter\CodeIgniter->runController(Object(App\Controllers\Enquiry))
 8 SYSTEMPATH\CodeIgniter.php(355): CodeIgniter\CodeIgniter->handleRequest(null, Object(Config\Cache), false)
 9 SYSTEMPATH\Boot.php(334): CodeIgniter\CodeIgniter->run()
10 SYSTEMPATH\Boot.php(67): CodeIgniter\Boot::runCodeIgniter(Object(CodeIgniter\CodeIgniter))
11 FCPATH\index.php(56): CodeIgniter\Boot::bootWeb(Object(Config\Paths))
DEBUG - 2025-12-16 07:36:59 --> Session: Class initialized using 'CodeIgniter\Session\Handlers\FileHandler' driver.
CRITICAL - 2025-12-16 07:36:59 --> ErrorException: Undefined array key 0
[Method: GET, Route: Enquiry/confirm_costing_sheet/249/path/to/your/image.jpg]
in APPPATH\Views\enquiry\itinerary_details_view.php on line 499.
 1 APPPATH\Views\enquiry\itinerary_details_view.php(499): CodeIgniter\Debug\Exceptions->errorHandler(2, 'Undefined array key 0', 'C:\\wamp64\\www\\khm\\app\\Views\\enquiry\\itinerary_details_view.php', 499)
 2 SYSTEMPATH\View\View.php(234): include('C:\\wamp64\\www\\khm\\app\\Views\\enquiry\\itinerary_details_view.php')
 3 SYSTEMPATH\View\View.php(237): CodeIgniter\View\View->CodeIgniter\View\{closure}()
 4 SYSTEMPATH\Common.php(1171): CodeIgniter\View\View->render('enquiry/itinerary_details_view', [], true)
 5 APPPATH\Controllers\Enquiry.php(309): view('enquiry/itinerary_details_view', [...])
 6 SYSTEMPATH\CodeIgniter.php(933): App\Controllers\Enquiry->confirm_costing_sheet('249', 'path', 'to', 'your', 'image.jpg')
 7 SYSTEMPATH\CodeIgniter.php(509): CodeIgniter\CodeIgniter->runController(Object(App\Controllers\Enquiry))
 8 SYSTEMPATH\CodeIgniter.php(355): CodeIgniter\CodeIgniter->handleRequest(null, Object(Config\Cache), false)
 9 SYSTEMPATH\Boot.php(334): CodeIgniter\CodeIgniter->run()
10 SYSTEMPATH\Boot.php(67): CodeIgniter\Boot::runCodeIgniter(Object(CodeIgniter\CodeIgniter))
11 FCPATH\index.php(56): CodeIgniter\Boot::bootWeb(Object(Config\Paths))
DEBUG - 2025-12-16 07:42:32 --> Session: Class initialized using 'CodeIgniter\Session\Handlers\FileHandler' driver.
INFO - 2025-12-16 07:42:32 --> getLocationDescription(4) returned: 1 rows
INFO - 2025-12-16 07:42:32 --> getLocationDescription(4) returned: 1 rows
INFO - 2025-12-16 07:42:32 --> getLocationDescription(9) returned: 1 rows
INFO - 2025-12-16 07:42:32 --> getLocationDescription(9) returned: 1 rows
DEBUG - 2025-12-16 07:42:40 --> Session: Class initialized using 'CodeIgniter\Session\Handlers\FileHandler' driver.
INFO - 2025-12-16 07:42:40 --> getSightName(0) returned: 0 rows
INFO - 2025-12-16 07:42:40 --> getSightName(0) returned: 0 rows
INFO - 2025-12-16 07:42:40 --> getSightName(0) returned: 0 rows
DEBUG - 2025-12-16 07:42:45 --> Session: Class initialized using 'CodeIgniter\Session\Handlers\FileHandler' driver.
INFO - 2025-12-16 07:42:45 --> getLocationDescription(4) returned: 1 rows
INFO - 2025-12-16 07:42:45 --> getLocationDescription(4) returned: 1 rows
INFO - 2025-12-16 07:42:45 --> getLocationDescription(9) returned: 1 rows
INFO - 2025-12-16 07:42:45 --> getLocationDescription(9) returned: 1 rows
DEBUG - 2025-12-16 07:43:35 --> Session: Class initialized using 'CodeIgniter\Session\Handlers\FileHandler' driver.
DEBUG - 2025-12-16 07:43:35 --> Session: Class initialized using 'CodeIgniter\Session\Handlers\FileHandler' driver.
DEBUG - 2025-12-16 07:43:37 --> Session: Class initialized using 'CodeIgniter\Session\Handlers\FileHandler' driver.
CRITICAL - 2025-12-16 07:43:37 --> ParseError: syntax error, unexpected token "<"
[Method: POST, Route: Enquiry/viewMultipleItinerarySheet]
in APPPATH\Views\enquiry\multiple_itinerary_sheet_view.php on line 407.
 1 SYSTEMPATH\View\View.php(237): CodeIgniter\View\View->CodeIgniter\View\{closure}()
 2 SYSTEMPATH\Common.php(1171): CodeIgniter\View\View->render('enquiry/multiple_itinerary_sheet_view', [], true)
 3 APPPATH\Controllers\Enquiry.php(10257): view('enquiry/multiple_itinerary_sheet_view', [...])
 4 SYSTEMPATH\CodeIgniter.php(933): App\Controllers\Enquiry->viewMultipleItinerarySheet()
 5 SYSTEMPATH\CodeIgniter.php(509): CodeIgniter\CodeIgniter->runController(Object(App\Controllers\Enquiry))
 6 SYSTEMPATH\CodeIgniter.php(355): CodeIgniter\CodeIgniter->handleRequest(null, Object(Config\Cache), false)
 7 SYSTEMPATH\Boot.php(334): CodeIgniter\CodeIgniter->run()
 8 SYSTEMPATH\Boot.php(67): CodeIgniter\Boot::runCodeIgniter(Object(CodeIgniter\CodeIgniter))
 9 FCPATH\index.php(56): CodeIgniter\Boot::bootWeb(Object(Config\Paths))
DEBUG - 2025-12-16 07:43:38 --> Session: Class initialized using 'CodeIgniter\Session\Handlers\FileHandler' driver.
CRITICAL - 2025-12-16 07:43:39 --> ParseError: syntax error, unexpected token "<"
[Method: POST, Route: Enquiry/viewMultipleItinerarySheet]
in APPPATH\Views\enquiry\multiple_itinerary_sheet_view.php on line 407.
 1 SYSTEMPATH\View\View.php(237): CodeIgniter\View\View->CodeIgniter\View\{closure}()
 2 SYSTEMPATH\Common.php(1171): CodeIgniter\View\View->render('enquiry/multiple_itinerary_sheet_view', [], true)
 3 APPPATH\Controllers\Enquiry.php(10257): view('enquiry/multiple_itinerary_sheet_view', [...])
 4 SYSTEMPATH\CodeIgniter.php(933): App\Controllers\Enquiry->viewMultipleItinerarySheet()
 5 SYSTEMPATH\CodeIgniter.php(509): CodeIgniter\CodeIgniter->runController(Object(App\Controllers\Enquiry))
 6 SYSTEMPATH\CodeIgniter.php(355): CodeIgniter\CodeIgniter->handleRequest(null, Object(Config\Cache), false)
 7 SYSTEMPATH\Boot.php(334): CodeIgniter\CodeIgniter->run()
 8 SYSTEMPATH\Boot.php(67): CodeIgniter\Boot::runCodeIgniter(Object(CodeIgniter\CodeIgniter))
 9 FCPATH\index.php(56): CodeIgniter\Boot::bootWeb(Object(Config\Paths))
DEBUG - 2025-12-16 07:46:04 --> Session: Class initialized using 'CodeIgniter\Session\Handlers\FileHandler' driver.
DEBUG - 2025-12-16 07:46:04 --> Session: Class initialized using 'CodeIgniter\Session\Handlers\FileHandler' driver.
DEBUG - 2025-12-16 07:46:06 --> Session: Class initialized using 'CodeIgniter\Session\Handlers\FileHandler' driver.
INFO - 2025-12-16 07:46:06 --> getLocationDescription(4) returned: 1 rows
INFO - 2025-12-16 07:46:06 --> getLocationDescription(4) returned: 1 rows
INFO - 2025-12-16 07:46:06 --> getLocationDescription(9) returned: 1 rows
INFO - 2025-12-16 07:46:06 --> getLocationDescription(9) returned: 1 rows
DEBUG - 2025-12-16 07:46:06 --> Session: Class initialized using 'CodeIgniter\Session\Handlers\FileHandler' driver.
CRITICAL - 2025-12-16 07:46:06 --> ErrorException: Undefined array key 0
[Method: GET, Route: Enquiry/confirm_costing_sheet/249/path/to/your/image.jpg]
in APPPATH\Views\enquiry\itinerary_details_view.php on line 499.
 1 APPPATH\Views\enquiry\itinerary_details_view.php(499): CodeIgniter\Debug\Exceptions->errorHandler(2, 'Undefined array key 0', 'C:\\wamp64\\www\\khm\\app\\Views\\enquiry\\itinerary_details_view.php', 499)
 2 SYSTEMPATH\View\View.php(234): include('C:\\wamp64\\www\\khm\\app\\Views\\enquiry\\itinerary_details_view.php')
 3 SYSTEMPATH\View\View.php(237): CodeIgniter\View\View->CodeIgniter\View\{closure}()
 4 SYSTEMPATH\Common.php(1171): CodeIgniter\View\View->render('enquiry/itinerary_details_view', [], true)
 5 APPPATH\Controllers\Enquiry.php(309): view('enquiry/itinerary_details_view', [...])
 6 SYSTEMPATH\CodeIgniter.php(933): App\Controllers\Enquiry->confirm_costing_sheet('249', 'path', 'to', 'your', 'image.jpg')
 7 SYSTEMPATH\CodeIgniter.php(509): CodeIgniter\CodeIgniter->runController(Object(App\Controllers\Enquiry))
 8 SYSTEMPATH\CodeIgniter.php(355): CodeIgniter\CodeIgniter->handleRequest(null, Object(Config\Cache), false)
 9 SYSTEMPATH\Boot.php(334): CodeIgniter\CodeIgniter->run()
10 SYSTEMPATH\Boot.php(67): CodeIgniter\Boot::runCodeIgniter(Object(CodeIgniter\CodeIgniter))
11 FCPATH\index.php(56): CodeIgniter\Boot::bootWeb(Object(Config\Paths))
DEBUG - 2025-12-16 07:49:28 --> Session: Class initialized using 'CodeIgniter\Session\Handlers\FileHandler' driver.
DEBUG - 2025-12-16 07:49:29 --> Session: Class initialized using 'CodeIgniter\Session\Handlers\FileHandler' driver.
DEBUG - 2025-12-16 07:49:31 --> Session: Class initialized using 'CodeIgniter\Session\Handlers\FileHandler' driver.
INFO - 2025-12-16 07:49:31 --> getLocationDescription(4) returned: 1 rows
INFO - 2025-12-16 07:49:31 --> getLocationDescription(4) returned: 1 rows
INFO - 2025-12-16 07:49:31 --> getLocationDescription(9) returned: 1 rows
INFO - 2025-12-16 07:49:31 --> getLocationDescription(9) returned: 1 rows
DEBUG - 2025-12-16 07:49:31 --> Session: Class initialized using 'CodeIgniter\Session\Handlers\FileHandler' driver.
CRITICAL - 2025-12-16 07:49:31 --> ErrorException: Undefined array key 0
[Method: GET, Route: Enquiry/confirm_costing_sheet/249/path/to/your/image.jpg]
in APPPATH\Views\enquiry\itinerary_details_view.php on line 499.
 1 APPPATH\Views\enquiry\itinerary_details_view.php(499): CodeIgniter\Debug\Exceptions->errorHandler(2, 'Undefined array key 0', 'C:\\wamp64\\www\\khm\\app\\Views\\enquiry\\itinerary_details_view.php', 499)
 2 SYSTEMPATH\View\View.php(234): include('C:\\wamp64\\www\\khm\\app\\Views\\enquiry\\itinerary_details_view.php')
 3 SYSTEMPATH\View\View.php(237): CodeIgniter\View\View->CodeIgniter\View\{closure}()
 4 SYSTEMPATH\Common.php(1171): CodeIgniter\View\View->render('enquiry/itinerary_details_view', [], true)
 5 APPPATH\Controllers\Enquiry.php(309): view('enquiry/itinerary_details_view', [...])
 6 SYSTEMPATH\CodeIgniter.php(933): App\Controllers\Enquiry->confirm_costing_sheet('249', 'path', 'to', 'your', 'image.jpg')
 7 SYSTEMPATH\CodeIgniter.php(509): CodeIgniter\CodeIgniter->runController(Object(App\Controllers\Enquiry))
 8 SYSTEMPATH\CodeIgniter.php(355): CodeIgniter\CodeIgniter->handleRequest(null, Object(Config\Cache), false)
 9 SYSTEMPATH\Boot.php(334): CodeIgniter\CodeIgniter->run()
10 SYSTEMPATH\Boot.php(67): CodeIgniter\Boot::runCodeIgniter(Object(CodeIgniter\CodeIgniter))
11 FCPATH\index.php(56): CodeIgniter\Boot::bootWeb(Object(Config\Paths))
DEBUG - 2025-12-16 07:49:31 --> Session: Class initialized using 'CodeIgniter\Session\Handlers\FileHandler' driver.
CRITICAL - 2025-12-16 07:49:31 --> ErrorException: Undefined array key 0
[Method: GET, Route: Enquiry/confirm_costing_sheet/249/path/to/your/image.jpg]
in APPPATH\Views\enquiry\itinerary_details_view.php on line 499.
 1 APPPATH\Views\enquiry\itinerary_details_view.php(499): CodeIgniter\Debug\Exceptions->errorHandler(2, 'Undefined array key 0', 'C:\\wamp64\\www\\khm\\app\\Views\\enquiry\\itinerary_details_view.php', 499)
 2 SYSTEMPATH\View\View.php(234): include('C:\\wamp64\\www\\khm\\app\\Views\\enquiry\\itinerary_details_view.php')
 3 SYSTEMPATH\View\View.php(237): CodeIgniter\View\View->CodeIgniter\View\{closure}()
 4 SYSTEMPATH\Common.php(1171): CodeIgniter\View\View->render('enquiry/itinerary_details_view', [], true)
 5 APPPATH\Controllers\Enquiry.php(309): view('enquiry/itinerary_details_view', [...])
 6 SYSTEMPATH\CodeIgniter.php(933): App\Controllers\Enquiry->confirm_costing_sheet('249', 'path', 'to', 'your', 'image.jpg')
 7 SYSTEMPATH\CodeIgniter.php(509): CodeIgniter\CodeIgniter->runController(Object(App\Controllers\Enquiry))
 8 SYSTEMPATH\CodeIgniter.php(355): CodeIgniter\CodeIgniter->handleRequest(null, Object(Config\Cache), false)
 9 SYSTEMPATH\Boot.php(334): CodeIgniter\CodeIgniter->run()
10 SYSTEMPATH\Boot.php(67): CodeIgniter\Boot::runCodeIgniter(Object(CodeIgniter\CodeIgniter))
11 FCPATH\index.php(56): CodeIgniter\Boot::bootWeb(Object(Config\Paths))
DEBUG - 2025-12-16 07:49:40 --> Session: Class initialized using 'CodeIgniter\Session\Handlers\FileHandler' driver.
INFO - 2025-12-16 07:49:40 --> getLocationDescription(4) returned: 1 rows
INFO - 2025-12-16 07:49:40 --> getLocationDescription(4) returned: 1 rows
INFO - 2025-12-16 07:49:40 --> getLocationDescription(9) returned: 1 rows
INFO - 2025-12-16 07:49:40 --> getLocationDescription(9) returned: 1 rows
DEBUG - 2025-12-16 07:49:40 --> Session: Class initialized using 'CodeIgniter\Session\Handlers\FileHandler' driver.
CRITICAL - 2025-12-16 07:49:40 --> ErrorException: Undefined array key 0
[Method: GET, Route: Enquiry/confirm_costing_sheet/249/path/to/your/image.jpg]
in APPPATH\Views\enquiry\itinerary_details_view.php on line 499.
 1 APPPATH\Views\enquiry\itinerary_details_view.php(499): CodeIgniter\Debug\Exceptions->errorHandler(2, 'Undefined array key 0', 'C:\\wamp64\\www\\khm\\app\\Views\\enquiry\\itinerary_details_view.php', 499)
 2 SYSTEMPATH\View\View.php(234): include('C:\\wamp64\\www\\khm\\app\\Views\\enquiry\\itinerary_details_view.php')
 3 SYSTEMPATH\View\View.php(237): CodeIgniter\View\View->CodeIgniter\View\{closure}()
 4 SYSTEMPATH\Common.php(1171): CodeIgniter\View\View->render('enquiry/itinerary_details_view', [], true)
 5 APPPATH\Controllers\Enquiry.php(309): view('enquiry/itinerary_details_view', [...])
 6 SYSTEMPATH\CodeIgniter.php(933): App\Controllers\Enquiry->confirm_costing_sheet('249', 'path', 'to', 'your', 'image.jpg')
 7 SYSTEMPATH\CodeIgniter.php(509): CodeIgniter\CodeIgniter->runController(Object(App\Controllers\Enquiry))
 8 SYSTEMPATH\CodeIgniter.php(355): CodeIgniter\CodeIgniter->handleRequest(null, Object(Config\Cache), false)
 9 SYSTEMPATH\Boot.php(334): CodeIgniter\CodeIgniter->run()
10 SYSTEMPATH\Boot.php(67): CodeIgniter\Boot::runCodeIgniter(Object(CodeIgniter\CodeIgniter))
11 FCPATH\index.php(56): CodeIgniter\Boot::bootWeb(Object(Config\Paths))
DEBUG - 2025-12-16 07:49:40 --> Session: Class initialized using 'CodeIgniter\Session\Handlers\FileHandler' driver.
CRITICAL - 2025-12-16 07:49:40 --> ErrorException: Undefined array key 0
[Method: GET, Route: Enquiry/confirm_costing_sheet/249/path/to/your/image.jpg]
in APPPATH\Views\enquiry\itinerary_details_view.php on line 499.
 1 APPPATH\Views\enquiry\itinerary_details_view.php(499): CodeIgniter\Debug\Exceptions->errorHandler(2, 'Undefined array key 0', 'C:\\wamp64\\www\\khm\\app\\Views\\enquiry\\itinerary_details_view.php', 499)
 2 SYSTEMPATH\View\View.php(234): include('C:\\wamp64\\www\\khm\\app\\Views\\enquiry\\itinerary_details_view.php')
 3 SYSTEMPATH\View\View.php(237): CodeIgniter\View\View->CodeIgniter\View\{closure}()
 4 SYSTEMPATH\Common.php(1171): CodeIgniter\View\View->render('enquiry/itinerary_details_view', [], true)
 5 APPPATH\Controllers\Enquiry.php(309): view('enquiry/itinerary_details_view', [...])
 6 SYSTEMPATH\CodeIgniter.php(933): App\Controllers\Enquiry->confirm_costing_sheet('249', 'path', 'to', 'your', 'image.jpg')
 7 SYSTEMPATH\CodeIgniter.php(509): CodeIgniter\CodeIgniter->runController(Object(App\Controllers\Enquiry))
 8 SYSTEMPATH\CodeIgniter.php(355): CodeIgniter\CodeIgniter->handleRequest(null, Object(Config\Cache), false)
 9 SYSTEMPATH\Boot.php(334): CodeIgniter\CodeIgniter->run()
10 SYSTEMPATH\Boot.php(67): CodeIgniter\Boot::runCodeIgniter(Object(CodeIgniter\CodeIgniter))
11 FCPATH\index.php(56): CodeIgniter\Boot::bootWeb(Object(Config\Paths))
DEBUG - 2025-12-16 07:49:40 --> Session: Class initialized using 'CodeIgniter\Session\Handlers\FileHandler' driver.
CRITICAL - 2025-12-16 07:49:41 --> ErrorException: Undefined array key 0
[Method: GET, Route: Enquiry/confirm_costing_sheet/249/path/to/your/image.jpg]
in APPPATH\Views\enquiry\itinerary_details_view.php on line 499.
 1 APPPATH\Views\enquiry\itinerary_details_view.php(499): CodeIgniter\Debug\Exceptions->errorHandler(2, 'Undefined array key 0', 'C:\\wamp64\\www\\khm\\app\\Views\\enquiry\\itinerary_details_view.php', 499)
 2 SYSTEMPATH\View\View.php(234): include('C:\\wamp64\\www\\khm\\app\\Views\\enquiry\\itinerary_details_view.php')
 3 SYSTEMPATH\View\View.php(237): CodeIgniter\View\View->CodeIgniter\View\{closure}()
 4 SYSTEMPATH\Common.php(1171): CodeIgniter\View\View->render('enquiry/itinerary_details_view', [], true)
 5 APPPATH\Controllers\Enquiry.php(309): view('enquiry/itinerary_details_view', [...])
 6 SYSTEMPATH\CodeIgniter.php(933): App\Controllers\Enquiry->confirm_costing_sheet('249', 'path', 'to', 'your', 'image.jpg')
 7 SYSTEMPATH\CodeIgniter.php(509): CodeIgniter\CodeIgniter->runController(Object(App\Controllers\Enquiry))
 8 SYSTEMPATH\CodeIgniter.php(355): CodeIgniter\CodeIgniter->handleRequest(null, Object(Config\Cache), false)
 9 SYSTEMPATH\Boot.php(334): CodeIgniter\CodeIgniter->run()
10 SYSTEMPATH\Boot.php(67): CodeIgniter\Boot::runCodeIgniter(Object(CodeIgniter\CodeIgniter))
11 FCPATH\index.php(56): CodeIgniter\Boot::bootWeb(Object(Config\Paths))
DEBUG - 2025-12-16 07:49:50 --> Session: Class initialized using 'CodeIgniter\Session\Handlers\FileHandler' driver.
DEBUG - 2025-12-16 07:49:51 --> Session: Class initialized using 'CodeIgniter\Session\Handlers\FileHandler' driver.
DEBUG - 2025-12-16 07:49:53 --> Session: Class initialized using 'CodeIgniter\Session\Handlers\FileHandler' driver.
DEBUG - 2025-12-16 07:49:53 --> Session: Class initialized using 'CodeIgniter\Session\Handlers\FileHandler' driver.
DEBUG - 2025-12-16 07:49:55 --> Session: Class initialized using 'CodeIgniter\Session\Handlers\FileHandler' driver.
DEBUG - 2025-12-16 07:49:55 --> Session: Class initialized using 'CodeIgniter\Session\Handlers\FileHandler' driver.
DEBUG - 2025-12-16 07:49:58 --> Session: Class initialized using 'CodeIgniter\Session\Handlers\FileHandler' driver.
DEBUG - 2025-12-16 07:49:58 --> Session: Class initialized using 'CodeIgniter\Session\Handlers\FileHandler' driver.
DEBUG - 2025-12-16 07:50:00 --> Session: Class initialized using 'CodeIgniter\Session\Handlers\FileHandler' driver.
INFO - 2025-12-16 07:50:01 --> getLocationDescription(16) returned: 1 rows
INFO - 2025-12-16 07:50:01 --> getMultipleSightseeingWithPax returned: 1 rows for IDs: 91
INFO - 2025-12-16 07:50:01 --> getLocationDescription(9) returned: 1 rows
INFO - 2025-12-16 07:50:01 --> getMultipleSightseeingWithPax returned: 1 rows for IDs: 95
INFO - 2025-12-16 07:50:01 --> getLocationDescription(9) returned: 1 rows
DEBUG - 2025-12-16 07:50:01 --> Session: Class initialized using 'CodeIgniter\Session\Handlers\FileHandler' driver.
CRITICAL - 2025-12-16 07:50:01 --> ErrorException: Undefined array key 0
[Method: GET, Route: Enquiry/confirm_costing_sheet/248/path/to/your/image.jpg]
in APPPATH\Views\enquiry\itinerary_details_view.php on line 499.
 1 APPPATH\Views\enquiry\itinerary_details_view.php(499): CodeIgniter\Debug\Exceptions->errorHandler(2, 'Undefined array key 0', 'C:\\wamp64\\www\\khm\\app\\Views\\enquiry\\itinerary_details_view.php', 499)
 2 SYSTEMPATH\View\View.php(234): include('C:\\wamp64\\www\\khm\\app\\Views\\enquiry\\itinerary_details_view.php')
 3 SYSTEMPATH\View\View.php(237): CodeIgniter\View\View->CodeIgniter\View\{closure}()
 4 SYSTEMPATH\Common.php(1171): CodeIgniter\View\View->render('enquiry/itinerary_details_view', [], true)
 5 APPPATH\Controllers\Enquiry.php(309): view('enquiry/itinerary_details_view', [...])
 6 SYSTEMPATH\CodeIgniter.php(933): App\Controllers\Enquiry->confirm_costing_sheet('248', 'path', 'to', 'your', 'image.jpg')
 7 SYSTEMPATH\CodeIgniter.php(509): CodeIgniter\CodeIgniter->runController(Object(App\Controllers\Enquiry))
 8 SYSTEMPATH\CodeIgniter.php(355): CodeIgniter\CodeIgniter->handleRequest(null, Object(Config\Cache), false)
 9 SYSTEMPATH\Boot.php(334): CodeIgniter\CodeIgniter->run()
10 SYSTEMPATH\Boot.php(67): CodeIgniter\Boot::runCodeIgniter(Object(CodeIgniter\CodeIgniter))
11 FCPATH\index.php(56): CodeIgniter\Boot::bootWeb(Object(Config\Paths))
DEBUG - 2025-12-16 07:50:01 --> Session: Class initialized using 'CodeIgniter\Session\Handlers\FileHandler' driver.
CRITICAL - 2025-12-16 07:50:01 --> ErrorException: Undefined array key 0
[Method: GET, Route: Enquiry/confirm_costing_sheet/248/path/to/your/image.jpg]
in APPPATH\Views\enquiry\itinerary_details_view.php on line 499.
 1 APPPATH\Views\enquiry\itinerary_details_view.php(499): CodeIgniter\Debug\Exceptions->errorHandler(2, 'Undefined array key 0', 'C:\\wamp64\\www\\khm\\app\\Views\\enquiry\\itinerary_details_view.php', 499)
 2 SYSTEMPATH\View\View.php(234): include('C:\\wamp64\\www\\khm\\app\\Views\\enquiry\\itinerary_details_view.php')
 3 SYSTEMPATH\View\View.php(237): CodeIgniter\View\View->CodeIgniter\View\{closure}()
 4 SYSTEMPATH\Common.php(1171): CodeIgniter\View\View->render('enquiry/itinerary_details_view', [], true)
 5 APPPATH\Controllers\Enquiry.php(309): view('enquiry/itinerary_details_view', [...])
 6 SYSTEMPATH\CodeIgniter.php(933): App\Controllers\Enquiry->confirm_costing_sheet('248', 'path', 'to', 'your', 'image.jpg')
 7 SYSTEMPATH\CodeIgniter.php(509): CodeIgniter\CodeIgniter->runController(Object(App\Controllers\Enquiry))
 8 SYSTEMPATH\CodeIgniter.php(355): CodeIgniter\CodeIgniter->handleRequest(null, Object(Config\Cache), false)
 9 SYSTEMPATH\Boot.php(334): CodeIgniter\CodeIgniter->run()
10 SYSTEMPATH\Boot.php(67): CodeIgniter\Boot::runCodeIgniter(Object(CodeIgniter\CodeIgniter))
11 FCPATH\index.php(56): CodeIgniter\Boot::bootWeb(Object(Config\Paths))
DEBUG - 2025-12-16 07:50:28 --> Session: Class initialized using 'CodeIgniter\Session\Handlers\FileHandler' driver.
DEBUG - 2025-12-16 07:50:29 --> Session: Class initialized using 'CodeIgniter\Session\Handlers\FileHandler' driver.
DEBUG - 2025-12-16 07:50:31 --> Session: Class initialized using 'CodeIgniter\Session\Handlers\FileHandler' driver.
DEBUG - 2025-12-16 07:50:33 --> Session: Class initialized using 'CodeIgniter\Session\Handlers\FileHandler' driver.
DEBUG - 2025-12-16 07:50:40 --> Session: Class initialized using 'CodeIgniter\Session\Handlers\FileHandler' driver.
DEBUG - 2025-12-16 07:50:47 --> Session: Class initialized using 'CodeIgniter\Session\Handlers\FileHandler' driver.
DEBUG - 2025-12-16 07:50:47 --> Session: Class initialized using 'CodeIgniter\Session\Handlers\FileHandler' driver.
DEBUG - 2025-12-16 07:50:49 --> Session: Class initialized using 'CodeIgniter\Session\Handlers\FileHandler' driver.
DEBUG - 2025-12-16 07:50:49 --> Session: Class initialized using 'CodeIgniter\Session\Handlers\FileHandler' driver.
DEBUG - 2025-12-16 07:50:51 --> Session: Class initialized using 'CodeIgniter\Session\Handlers\FileHandler' driver.
DEBUG - 2025-12-16 07:50:51 --> Session: Class initialized using 'CodeIgniter\Session\Handlers\FileHandler' driver.
DEBUG - 2025-12-16 07:50:52 --> Session: Class initialized using 'CodeIgniter\Session\Handlers\FileHandler' driver.
DEBUG - 2025-12-16 07:50:52 --> Session: Class initialized using 'CodeIgniter\Session\Handlers\FileHandler' driver.
DEBUG - 2025-12-16 07:50:55 --> Session: Class initialized using 'CodeIgniter\Session\Handlers\FileHandler' driver.
DEBUG - 2025-12-16 07:50:57 --> Session: Class initialized using 'CodeIgniter\Session\Handlers\FileHandler' driver.
INFO - 2025-12-16 07:50:57 --> getSightName(0) returned: 0 rows
INFO - 2025-12-16 07:50:57 --> getSightName(0) returned: 0 rows
INFO - 2025-12-16 07:50:57 --> getSightName(0) returned: 0 rows
DEBUG - 2025-12-16 07:50:58 --> Session: Class initialized using 'CodeIgniter\Session\Handlers\FileHandler' driver.
DEBUG - 2025-12-16 07:51:00 --> Session: Class initialized using 'CodeIgniter\Session\Handlers\FileHandler' driver.
DEBUG - 2025-12-16 07:51:03 --> Session: Class initialized using 'CodeIgniter\Session\Handlers\FileHandler' driver.
DEBUG - 2025-12-16 07:51:07 --> Session: Class initialized using 'CodeIgniter\Session\Handlers\FileHandler' driver.
INFO - 2025-12-16 07:51:07 --> getLocationDescription(4) returned: 1 rows
INFO - 2025-12-16 07:51:07 --> getLocationDescription(4) returned: 1 rows
INFO - 2025-12-16 07:51:07 --> getLocationDescription(9) returned: 1 rows
INFO - 2025-12-16 07:51:07 --> getLocationDescription(9) returned: 1 rows
DEBUG - 2025-12-16 07:51:09 --> Session: Class initialized using 'CodeIgniter\Session\Handlers\FileHandler' driver.
DEBUG - 2025-12-16 07:51:10 --> Session: Class initialized using 'CodeIgniter\Session\Handlers\FileHandler' driver.
DEBUG - 2025-12-16 07:51:10 --> Session: Class initialized using 'CodeIgniter\Session\Handlers\FileHandler' driver.
DEBUG - 2025-12-16 07:51:10 --> Session: Class initialized using 'CodeIgniter\Session\Handlers\FileHandler' driver.
DEBUG - 2025-12-16 07:51:12 --> Session: Class initialized using 'CodeIgniter\Session\Handlers\FileHandler' driver.
ERROR - 2025-12-16 13:21:13 --> Email: Unable to send email using SMTP. Your server might not be configured to send mail using this method.
ERROR - 2025-12-16 13:21:13 --> 220 smtp.gmail.com ESMTP d9443c01a7336-29eea016ef4sm159712885ad.56 - gsmtp

hello: 250-smtp.gmail.com at your service, [202.88.246.70]
250-SIZE 35882577
250-8BITMIME
250-AUTH LOGIN PLAIN XOAUTH2 PLAIN-CLIENTTOKEN OAUTHBEARER XOAUTH
250-ENHANCEDSTATUSCODES
250-PIPELINING
250-CHUNKING
250 SMTPUTF8

Failed to authenticate password. Error: 535-5.7.8 Username and Password not accepted. For more information, go to
535 5.7.8  https://support.google.com/mail/?p=BadCredentials d9443c01a7336-29eea016ef4sm159712885ad.56 - gsmtp

DEBUG - 2025-12-16 07:51:18 --> Session: Class initialized using 'CodeIgniter\Session\Handlers\FileHandler' driver.
DEBUG - 2025-12-16 07:51:18 --> Session: Class initialized using 'CodeIgniter\Session\Handlers\FileHandler' driver.
DEBUG - 2025-12-16 07:51:20 --> Session: Class initialized using 'CodeIgniter\Session\Handlers\FileHandler' driver.
DEBUG - 2025-12-16 07:51:20 --> Session: Class initialized using 'CodeIgniter\Session\Handlers\FileHandler' driver.
DEBUG - 2025-12-16 07:51:23 --> Session: Class initialized using 'CodeIgniter\Session\Handlers\FileHandler' driver.
DEBUG - 2025-12-16 07:51:24 --> Session: Class initialized using 'CodeIgniter\Session\Handlers\FileHandler' driver.
DEBUG - 2025-12-16 07:51:30 --> Session: Class initialized using 'CodeIgniter\Session\Handlers\FileHandler' driver.
DEBUG - 2025-12-16 10:16:41 --> Session: Class initialized using 'CodeIgniter\Session\Handlers\FileHandler' driver.
DEBUG - 2025-12-16 10:16:48 --> Session: Class initialized using 'CodeIgniter\Session\Handlers\FileHandler' driver.
DEBUG - 2025-12-16 10:16:48 --> Session: Class initialized using 'CodeIgniter\Session\Handlers\FileHandler' driver.
WARNING - 2025-12-16 10:16:48 --> [DEPRECATED] round(): Passing null to parameter #1 ($num) of type int|float is deprecated in APPPATH\Controllers\Dashboard.php on line 241.
 1 APPPATH\Controllers\Dashboard.php(241): round(null, 2)
 2 SYSTEMPATH\CodeIgniter.php(933): App\Controllers\Dashboard->index()
 3 SYSTEMPATH\CodeIgniter.php(509): CodeIgniter\CodeIgniter->runController(Object(App\Controllers\Dashboard))
 4 SYSTEMPATH\CodeIgniter.php(355): CodeIgniter\CodeIgniter->handleRequest(null, Object(Config\Cache), false)
 5 SYSTEMPATH\Boot.php(334): CodeIgniter\CodeIgniter->run()
 6 SYSTEMPATH\Boot.php(67): CodeIgniter\Boot::runCodeIgniter(Object(CodeIgniter\CodeIgniter))
 7 FCPATH\index.php(56): CodeIgniter\Boot::bootWeb(Object(Config\Paths))
WARNING - 2025-12-16 10:16:48 --> [DEPRECATED] round(): Passing null to parameter #1 ($num) of type int|float is deprecated in APPPATH\Controllers\Dashboard.php on line 247.
 1 APPPATH\Controllers\Dashboard.php(247): round(null, 2)
 2 SYSTEMPATH\CodeIgniter.php(933): App\Controllers\Dashboard->index()
 3 SYSTEMPATH\CodeIgniter.php(509): CodeIgniter\CodeIgniter->runController(Object(App\Controllers\Dashboard))
 4 SYSTEMPATH\CodeIgniter.php(355): CodeIgniter\CodeIgniter->handleRequest(null, Object(Config\Cache), false)
 5 SYSTEMPATH\Boot.php(334): CodeIgniter\CodeIgniter->run()
 6 SYSTEMPATH\Boot.php(67): CodeIgniter\Boot::runCodeIgniter(Object(CodeIgniter\CodeIgniter))
 7 FCPATH\index.php(56): CodeIgniter\Boot::bootWeb(Object(Config\Paths))
DEBUG - 2025-12-16 10:16:51 --> Session: Class initialized using 'CodeIgniter\Session\Handlers\FileHandler' driver.
DEBUG - 2025-12-16 10:16:52 --> Session: Class initialized using 'CodeIgniter\Session\Handlers\FileHandler' driver.
DEBUG - 2025-12-16 10:17:01 --> Session: Class initialized using 'CodeIgniter\Session\Handlers\FileHandler' driver.
DEBUG - 2025-12-16 10:17:03 --> Session: Class initialized using 'CodeIgniter\Session\Handlers\FileHandler' driver.
DEBUG - 2025-12-16 10:59:13 --> Session: Class initialized using 'CodeIgniter\Session\Handlers\FileHandler' driver.
DEBUG - 2025-12-16 10:59:13 --> Session: Class initialized using 'CodeIgniter\Session\Handlers\FileHandler' driver.
DEBUG - 2025-12-16 12:09:56 --> Session: Class initialized using 'CodeIgniter\Session\Handlers\FileHandler' driver.
DEBUG - 2025-12-16 12:09:56 --> Session: Class initialized using 'CodeIgniter\Session\Handlers\FileHandler' driver.
DEBUG - 2025-12-16 12:09:57 --> Session: Class initialized using 'CodeIgniter\Session\Handlers\FileHandler' driver.
DEBUG - 2025-12-16 12:09:58 --> Session: Class initialized using 'CodeIgniter\Session\Handlers\FileHandler' driver.
DEBUG - 2025-12-16 12:09:59 --> Session: Class initialized using 'CodeIgniter\Session\Handlers\FileHandler' driver.
DEBUG - 2025-12-16 12:09:59 --> Session: Class initialized using 'CodeIgniter\Session\Handlers\FileHandler' driver.
DEBUG - 2025-12-16 12:10:00 --> Session: Class initialized using 'CodeIgniter\Session\Handlers\FileHandler' driver.
DEBUG - 2025-12-16 12:10:01 --> Session: Class initialized using 'CodeIgniter\Session\Handlers\FileHandler' driver.
DEBUG - 2025-12-16 12:10:03 --> Session: Class initialized using 'CodeIgniter\Session\Handlers\FileHandler' driver.
DEBUG - 2025-12-16 12:12:36 --> Session: Class initialized using 'CodeIgniter\Session\Handlers\FileHandler' driver.
DEBUG - 2025-12-16 12:12:36 --> Session: Class initialized using 'CodeIgniter\Session\Handlers\FileHandler' driver.
DEBUG - 2025-12-16 12:12:38 --> Session: Class initialized using 'CodeIgniter\Session\Handlers\FileHandler' driver.
DEBUG - 2025-12-16 12:12:41 --> Session: Class initialized using 'CodeIgniter\Session\Handlers\FileHandler' driver.
DEBUG - 2025-12-16 12:19:13 --> Session: Class initialized using 'CodeIgniter\Session\Handlers\FileHandler' driver.
DEBUG - 2025-12-16 12:19:13 --> Session: Class initialized using 'CodeIgniter\Session\Handlers\FileHandler' driver.
DEBUG - 2025-12-16 12:19:17 --> Session: Class initialized using 'CodeIgniter\Session\Handlers\FileHandler' driver.
DEBUG - 2025-12-16 12:19:22 --> Session: Class initialized using 'CodeIgniter\Session\Handlers\FileHandler' driver.
DEBUG - 2025-12-16 12:19:23 --> Session: Class initialized using 'CodeIgniter\Session\Handlers\FileHandler' driver.
DEBUG - 2025-12-16 12:20:23 --> Session: Class initialized using 'CodeIgniter\Session\Handlers\FileHandler' driver.
DEBUG - 2025-12-16 12:20:25 --> Session: Class initialized using 'CodeIgniter\Session\Handlers\FileHandler' driver.
DEBUG - 2025-12-16 12:32:26 --> Session: Class initialized using 'CodeIgniter\Session\Handlers\FileHandler' driver.
DEBUG - 2025-12-16 12:32:29 --> Session: Class initialized using 'CodeIgniter\Session\Handlers\FileHandler' driver.
DEBUG - 2025-12-16 12:32:29 --> Session: Class initialized using 'CodeIgniter\Session\Handlers\FileHandler' driver.
DEBUG - 2025-12-16 12:32:33 --> Session: Class initialized using 'CodeIgniter\Session\Handlers\FileHandler' driver.
DEBUG - 2025-12-16 12:32:33 --> Session: Class initialized using 'CodeIgniter\Session\Handlers\FileHandler' driver.
DEBUG - 2025-12-16 12:32:34 --> Session: Class initialized using 'CodeIgniter\Session\Handlers\FileHandler' driver.
DEBUG - 2025-12-16 12:32:35 --> Session: Class initialized using 'CodeIgniter\Session\Handlers\FileHandler' driver.
DEBUG - 2025-12-16 12:32:36 --> Session: Class initialized using 'CodeIgniter\Session\Handlers\FileHandler' driver.
DEBUG - 2025-12-16 12:32:36 --> Session: Class initialized using 'CodeIgniter\Session\Handlers\FileHandler' driver.
DEBUG - 2025-12-16 12:32:38 --> Session: Class initialized using 'CodeIgniter\Session\Handlers\FileHandler' driver.
DEBUG - 2025-12-16 12:32:52 --> Session: Class initialized using 'CodeIgniter\Session\Handlers\FileHandler' driver.
DEBUG - 2025-12-16 12:38:12 --> Session: Class initialized using 'CodeIgniter\Session\Handlers\FileHandler' driver.
DEBUG - 2025-12-16 12:38:12 --> Session: Class initialized using 'CodeIgniter\Session\Handlers\FileHandler' driver.
DEBUG - 2025-12-16 12:38:14 --> Session: Class initialized using 'CodeIgniter\Session\Handlers\FileHandler' driver.
DEBUG - 2025-12-16 12:38:21 --> Session: Class initialized using 'CodeIgniter\Session\Handlers\FileHandler' driver.
DEBUG - 2025-12-16 12:38:23 --> Session: Class initialized using 'CodeIgniter\Session\Handlers\FileHandler' driver.
DEBUG - 2025-12-16 12:38:26 --> Session: Class initialized using 'CodeIgniter\Session\Handlers\FileHandler' driver.
