DEBUG - 2025-12-11 13:59:51 --> Session: Class initialized using 'CodeIgniter\Session\Handlers\FileHandler' driver.
DEBUG - 2025-12-11 14:00:06 --> Session: Class initialized using 'CodeIgniter\Session\Handlers\FileHandler' driver.
DEBUG - 2025-12-11 14:00:06 --> Session: Class initialized using 'CodeIgniter\Session\Handlers\FileHandler' driver.
WARNING - 2025-12-11 14:00:06 --> [DEPRECATED] round(): Passing null to parameter #1 ($num) of type int|float is deprecated in APPPATH\Controllers\Dashboard.php on line 241.
 1 APPPATH\Controllers\Dashboard.php(241): round(null, 2)
 2 SYSTEMPATH\CodeIgniter.php(933): App\Controllers\Dashboard->index()
 3 SYSTEMPATH\CodeIgniter.php(509): CodeIgniter\CodeIgniter->runController(Object(App\Controllers\Dashboard))
 4 SYSTEMPATH\CodeIgniter.php(355): CodeIgniter\CodeIgniter->handleRequest(null, Object(Config\Cache), false)
 5 SYSTEMPATH\Boot.php(334): CodeIgniter\CodeIgniter->run()
 6 SYSTEMPATH\Boot.php(67): CodeIgniter\Boot::runCodeIgniter(Object(CodeIgniter\CodeIgniter))
 7 FCPATH\index.php(56): CodeIgniter\Boot::bootWeb(Object(Config\Paths))
WARNING - 2025-12-11 14:00:06 --> [DEPRECATED] round(): Passing null to parameter #1 ($num) of type int|float is deprecated in APPPATH\Controllers\Dashboard.php on line 247.
 1 APPPATH\Controllers\Dashboard.php(247): round(null, 2)
 2 SYSTEMPATH\CodeIgniter.php(933): App\Controllers\Dashboard->index()
 3 SYSTEMPATH\CodeIgniter.php(509): CodeIgniter\CodeIgniter->runController(Object(App\Controllers\Dashboard))
 4 SYSTEMPATH\CodeIgniter.php(355): CodeIgniter\CodeIgniter->handleRequest(null, Object(Config\Cache), false)
 5 SYSTEMPATH\Boot.php(334): CodeIgniter\CodeIgniter->run()
 6 SYSTEMPATH\Boot.php(67): CodeIgniter\Boot::runCodeIgniter(Object(CodeIgniter\CodeIgniter))
 7 FCPATH\index.php(56): CodeIgniter\Boot::bootWeb(Object(Config\Paths))
DEBUG - 2025-12-11 14:00:13 --> Session: Class initialized using 'CodeIgniter\Session\Handlers\FileHandler' driver.
DEBUG - 2025-12-11 14:00:13 --> Session: Class initialized using 'CodeIgniter\Session\Handlers\FileHandler' driver.
DEBUG - 2025-12-11 14:27:00 --> Session: Class initialized using 'CodeIgniter\Session\Handlers\FileHandler' driver.
DEBUG - 2025-12-11 14:27:02 --> Session: Class initialized using 'CodeIgniter\Session\Handlers\FileHandler' driver.
DEBUG - 2025-12-11 14:27:05 --> Session: Class initialized using 'CodeIgniter\Session\Handlers\FileHandler' driver.
DEBUG - 2025-12-11 14:27:07 --> Session: Class initialized using 'CodeIgniter\Session\Handlers\FileHandler' driver.
DEBUG - 2025-12-11 14:27:27 --> Session: Class initialized using 'CodeIgniter\Session\Handlers\FileHandler' driver.
DEBUG - 2025-12-11 14:28:58 --> Session: Class initialized using 'CodeIgniter\Session\Handlers\FileHandler' driver.
DEBUG - 2025-12-11 14:29:00 --> Session: Class initialized using 'CodeIgniter\Session\Handlers\FileHandler' driver.
DEBUG - 2025-12-11 14:29:03 --> Session: Class initialized using 'CodeIgniter\Session\Handlers\FileHandler' driver.
ERROR - 2025-12-11 19:59:06 --> Email: Unable to send email using SMTP. Your server might not be configured to send mail using this method.
ERROR - 2025-12-11 19:59:06 --> 220 smtp.gmail.com ESMTP d9443c01a7336-29ee9b37356sm26794875ad.2 - gsmtp

hello: 250-smtp.gmail.com at your service, [2402:3a80:444a:123e:7438:5ea1:6cac:6d2b]
250-SIZE 35882577
250-8BITMIME
250-AUTH LOGIN PLAIN XOAUTH2 PLAIN-CLIENTTOKEN OAUTHBEARER XOAUTH
250-ENHANCEDSTATUSCODES
250-PIPELINING
250-CHUNKING
250 SMTPUTF8

Failed to authenticate password. Error: 535-5.7.8 Username and Password not accepted. For more information, go to
535 5.7.8  https://support.google.com/mail/?p=BadCredentials d9443c01a7336-29ee9b37356sm26794875ad.2 - gsmtp

DEBUG - 2025-12-11 14:29:06 --> Session: Class initialized using 'CodeIgniter\Session\Handlers\FileHandler' driver.
DEBUG - 2025-12-11 14:29:06 --> Session: Class initialized using 'CodeIgniter\Session\Handlers\FileHandler' driver.
DEBUG - 2025-12-11 14:29:24 --> Session: Class initialized using 'CodeIgniter\Session\Handlers\FileHandler' driver.
DEBUG - 2025-12-11 14:29:29 --> Session: Class initialized using 'CodeIgniter\Session\Handlers\FileHandler' driver.
DEBUG - 2025-12-11 14:29:29 --> Session: Class initialized using 'CodeIgniter\Session\Handlers\FileHandler' driver.
DEBUG - 2025-12-11 14:29:32 --> Session: Class initialized using 'CodeIgniter\Session\Handlers\FileHandler' driver.
DEBUG - 2025-12-11 14:29:34 --> Session: Class initialized using 'CodeIgniter\Session\Handlers\FileHandler' driver.
DEBUG - 2025-12-11 14:29:38 --> Session: Class initialized using 'CodeIgniter\Session\Handlers\FileHandler' driver.
DEBUG - 2025-12-11 14:29:38 --> Session: Class initialized using 'CodeIgniter\Session\Handlers\FileHandler' driver.
DEBUG - 2025-12-11 14:29:38 --> Session: Class initialized using 'CodeIgniter\Session\Handlers\FileHandler' driver.
DEBUG - 2025-12-11 14:29:38 --> Session: Class initialized using 'CodeIgniter\Session\Handlers\FileHandler' driver.
DEBUG - 2025-12-11 14:29:38 --> Session: Class initialized using 'CodeIgniter\Session\Handlers\FileHandler' driver.
DEBUG - 2025-12-11 14:29:38 --> Session: Class initialized using 'CodeIgniter\Session\Handlers\FileHandler' driver.
DEBUG - 2025-12-11 14:29:38 --> Session: Class initialized using 'CodeIgniter\Session\Handlers\FileHandler' driver.
DEBUG - 2025-12-11 14:29:38 --> Session: Class initialized using 'CodeIgniter\Session\Handlers\FileHandler' driver.
DEBUG - 2025-12-11 14:29:38 --> Session: Class initialized using 'CodeIgniter\Session\Handlers\FileHandler' driver.
DEBUG - 2025-12-11 14:29:38 --> Session: Class initialized using 'CodeIgniter\Session\Handlers\FileHandler' driver.
DEBUG - 2025-12-11 14:29:38 --> Session: Class initialized using 'CodeIgniter\Session\Handlers\FileHandler' driver.
DEBUG - 2025-12-11 14:29:38 --> Session: Class initialized using 'CodeIgniter\Session\Handlers\FileHandler' driver.
DEBUG - 2025-12-11 14:29:38 --> Session: Class initialized using 'CodeIgniter\Session\Handlers\FileHandler' driver.
DEBUG - 2025-12-11 14:29:38 --> Session: Class initialized using 'CodeIgniter\Session\Handlers\FileHandler' driver.
DEBUG - 2025-12-11 14:29:38 --> Session: Class initialized using 'CodeIgniter\Session\Handlers\FileHandler' driver.
DEBUG - 2025-12-11 14:29:39 --> Session: Class initialized using 'CodeIgniter\Session\Handlers\FileHandler' driver.
DEBUG - 2025-12-11 14:29:39 --> Session: Class initialized using 'CodeIgniter\Session\Handlers\FileHandler' driver.
DEBUG - 2025-12-11 14:29:39 --> Session: Class initialized using 'CodeIgniter\Session\Handlers\FileHandler' driver.
DEBUG - 2025-12-11 14:29:39 --> Session: Class initialized using 'CodeIgniter\Session\Handlers\FileHandler' driver.
DEBUG - 2025-12-11 14:29:39 --> Session: Class initialized using 'CodeIgniter\Session\Handlers\FileHandler' driver.
DEBUG - 2025-12-11 14:29:48 --> Session: Class initialized using 'CodeIgniter\Session\Handlers\FileHandler' driver.
DEBUG - 2025-12-11 14:29:48 --> Session: Class initialized using 'CodeIgniter\Session\Handlers\FileHandler' driver.
DEBUG - 2025-12-11 14:29:50 --> Session: Class initialized using 'CodeIgniter\Session\Handlers\FileHandler' driver.
DEBUG - 2025-12-11 14:29:53 --> Session: Class initialized using 'CodeIgniter\Session\Handlers\FileHandler' driver.
DEBUG - 2025-12-11 14:29:53 --> Session: Class initialized using 'CodeIgniter\Session\Handlers\FileHandler' driver.
DEBUG - 2025-12-11 14:29:53 --> Session: Class initialized using 'CodeIgniter\Session\Handlers\FileHandler' driver.
DEBUG - 2025-12-11 14:29:53 --> Session: Class initialized using 'CodeIgniter\Session\Handlers\FileHandler' driver.
DEBUG - 2025-12-11 14:29:53 --> Session: Class initialized using 'CodeIgniter\Session\Handlers\FileHandler' driver.
DEBUG - 2025-12-11 14:29:53 --> Session: Class initialized using 'CodeIgniter\Session\Handlers\FileHandler' driver.
DEBUG - 2025-12-11 14:29:54 --> Session: Class initialized using 'CodeIgniter\Session\Handlers\FileHandler' driver.
DEBUG - 2025-12-11 14:29:54 --> Session: Class initialized using 'CodeIgniter\Session\Handlers\FileHandler' driver.
DEBUG - 2025-12-11 14:29:54 --> Session: Class initialized using 'CodeIgniter\Session\Handlers\FileHandler' driver.
DEBUG - 2025-12-11 14:29:54 --> Session: Class initialized using 'CodeIgniter\Session\Handlers\FileHandler' driver.
DEBUG - 2025-12-11 14:29:54 --> Session: Class initialized using 'CodeIgniter\Session\Handlers\FileHandler' driver.
DEBUG - 2025-12-11 14:29:54 --> Session: Class initialized using 'CodeIgniter\Session\Handlers\FileHandler' driver.
DEBUG - 2025-12-11 14:29:54 --> Session: Class initialized using 'CodeIgniter\Session\Handlers\FileHandler' driver.
DEBUG - 2025-12-11 14:29:54 --> Session: Class initialized using 'CodeIgniter\Session\Handlers\FileHandler' driver.
DEBUG - 2025-12-11 14:29:54 --> Session: Class initialized using 'CodeIgniter\Session\Handlers\FileHandler' driver.
DEBUG - 2025-12-11 14:29:54 --> Session: Class initialized using 'CodeIgniter\Session\Handlers\FileHandler' driver.
DEBUG - 2025-12-11 14:29:54 --> Session: Class initialized using 'CodeIgniter\Session\Handlers\FileHandler' driver.
DEBUG - 2025-12-11 14:29:54 --> Session: Class initialized using 'CodeIgniter\Session\Handlers\FileHandler' driver.
DEBUG - 2025-12-11 14:29:54 --> Session: Class initialized using 'CodeIgniter\Session\Handlers\FileHandler' driver.
DEBUG - 2025-12-11 14:29:54 --> Session: Class initialized using 'CodeIgniter\Session\Handlers\FileHandler' driver.
DEBUG - 2025-12-11 14:29:57 --> Session: Class initialized using 'CodeIgniter\Session\Handlers\FileHandler' driver.
DEBUG - 2025-12-11 14:29:58 --> Session: Class initialized using 'CodeIgniter\Session\Handlers\FileHandler' driver.
DEBUG - 2025-12-11 14:29:58 --> Session: Class initialized using 'CodeIgniter\Session\Handlers\FileHandler' driver.
DEBUG - 2025-12-11 14:29:58 --> Session: Class initialized using 'CodeIgniter\Session\Handlers\FileHandler' driver.
DEBUG - 2025-12-11 14:29:58 --> Session: Class initialized using 'CodeIgniter\Session\Handlers\FileHandler' driver.
DEBUG - 2025-12-11 14:29:59 --> Session: Class initialized using 'CodeIgniter\Session\Handlers\FileHandler' driver.
DEBUG - 2025-12-11 14:30:07 --> Session: Class initialized using 'CodeIgniter\Session\Handlers\FileHandler' driver.
DEBUG - 2025-12-11 14:30:08 --> Session: Class initialized using 'CodeIgniter\Session\Handlers\FileHandler' driver.
DEBUG - 2025-12-11 14:30:10 --> Session: Class initialized using 'CodeIgniter\Session\Handlers\FileHandler' driver.
INFO - 2025-12-11 14:30:10 --> Day 1 (date 2026-03-06): No defaults loaded
INFO - 2025-12-11 14:30:10 --> Loaded default SS for Day 2 (date 2026-03-07): 0 items
INFO - 2025-12-11 14:30:10 --> Expansion date 2026-03-06: DB Total=141km, Saved SS=0km, Derived Base=141km (display base; JS adds current SS)
INFO - 2025-12-11 14:30:10 --> Expansion date 2026-03-06: DB Total=141km, Saved SS=0km, Derived Base=141km (display base; JS adds current SS)
INFO - 2025-12-11 14:30:10 --> Expansion date 2026-03-07: DB Total=141km, Saved SS=0km, Derived Base=141km (display base; JS adds current SS)
INFO - 2025-12-11 14:30:10 --> Expansion date 2026-03-07: DB Total=141km, Saved SS=0km, Derived Base=141km (display base; JS adds current SS)
INFO - 2025-12-11 14:30:10 --> Expansion date 2026-03-06: DB Total=141km, Saved SS=0km, Derived Base=141km (display base; JS adds current SS)
INFO - 2025-12-11 14:30:10 --> Expansion date 2026-03-06: DB Total=141km, Saved SS=0km, Derived Base=141km (display base; JS adds current SS)
INFO - 2025-12-11 14:30:10 --> Expansion date 2026-03-07: DB Total=141km, Saved SS=0km, Derived Base=141km (display base; JS adds current SS)
INFO - 2025-12-11 14:30:10 --> Expansion date 2026-03-07: DB Total=141km, Saved SS=0km, Derived Base=141km (display base; JS adds current SS)
INFO - 2025-12-11 14:30:10 --> Day 1 (date 2026-03-08): No defaults loaded
INFO - 2025-12-11 14:30:10 --> Loaded default SS for Day 2 (date 2026-03-09): 1 items
INFO - 2025-12-11 14:30:10 --> Expansion date 2026-03-08: DB Total=120km, Saved SS=0km, Derived Base=120km (display base; JS adds current SS)
INFO - 2025-12-11 14:30:10 --> Expansion date 2026-03-08: DB Total=120km, Saved SS=0km, Derived Base=120km (display base; JS adds current SS)
INFO - 2025-12-11 14:30:10 --> Expansion date 2026-03-08: DB Total=120km, Saved SS=0km, Derived Base=120km (display base; JS adds current SS)
INFO - 2025-12-11 14:30:10 --> Expansion date 2026-03-08: DB Total=120km, Saved SS=0km, Derived Base=120km (display base; JS adds current SS)
INFO - 2025-12-11 14:30:10 --> Expansion date 2026-03-09: DB Total=36km, Saved SS=0km, Derived Base=36km (display base; JS adds current SS)
INFO - 2025-12-11 14:30:10 --> Expansion date 2026-03-09: DB Total=36km, Saved SS=0km, Derived Base=36km (display base; JS adds current SS)
INFO - 2025-12-11 14:30:10 --> Expansion date 2026-03-09: DB Total=36km, Saved SS=0km, Derived Base=36km (display base; JS adds current SS)
INFO - 2025-12-11 14:30:10 --> Expansion date 2026-03-09: DB Total=36km, Saved SS=0km, Derived Base=36km (display base; JS adds current SS)
DEBUG - 2025-12-11 14:31:53 --> Session: Class initialized using 'CodeIgniter\Session\Handlers\FileHandler' driver.
INFO - 2025-12-11 14:31:53 --> Day 1 (date 2026-03-06): No defaults loaded
INFO - 2025-12-11 14:31:53 --> Loaded default SS for Day 2 (date 2026-03-07): 0 items
INFO - 2025-12-11 14:31:53 --> Expansion date 2026-03-06: DB Total=141km, Saved SS=0km, Derived Base=141km (display base; JS adds current SS)
INFO - 2025-12-11 14:31:53 --> Expansion date 2026-03-06: DB Total=141km, Saved SS=0km, Derived Base=141km (display base; JS adds current SS)
INFO - 2025-12-11 14:31:53 --> Expansion date 2026-03-07: DB Total=141km, Saved SS=0km, Derived Base=141km (display base; JS adds current SS)
INFO - 2025-12-11 14:31:53 --> Expansion date 2026-03-07: DB Total=141km, Saved SS=0km, Derived Base=141km (display base; JS adds current SS)
INFO - 2025-12-11 14:31:53 --> Expansion date 2026-03-06: DB Total=141km, Saved SS=0km, Derived Base=141km (display base; JS adds current SS)
INFO - 2025-12-11 14:31:53 --> Expansion date 2026-03-06: DB Total=141km, Saved SS=0km, Derived Base=141km (display base; JS adds current SS)
INFO - 2025-12-11 14:31:53 --> Expansion date 2026-03-07: DB Total=141km, Saved SS=0km, Derived Base=141km (display base; JS adds current SS)
INFO - 2025-12-11 14:31:53 --> Expansion date 2026-03-07: DB Total=141km, Saved SS=0km, Derived Base=141km (display base; JS adds current SS)
INFO - 2025-12-11 14:31:53 --> Day 1 (date 2026-03-08): No defaults loaded
INFO - 2025-12-11 14:31:53 --> Loaded default SS for Day 2 (date 2026-03-09): 1 items
INFO - 2025-12-11 14:31:53 --> Expansion date 2026-03-08: DB Total=120km, Saved SS=0km, Derived Base=120km (display base; JS adds current SS)
INFO - 2025-12-11 14:31:53 --> Expansion date 2026-03-08: DB Total=120km, Saved SS=0km, Derived Base=120km (display base; JS adds current SS)
INFO - 2025-12-11 14:31:53 --> Expansion date 2026-03-08: DB Total=120km, Saved SS=0km, Derived Base=120km (display base; JS adds current SS)
INFO - 2025-12-11 14:31:53 --> Expansion date 2026-03-08: DB Total=120km, Saved SS=0km, Derived Base=120km (display base; JS adds current SS)
INFO - 2025-12-11 14:31:53 --> Expansion date 2026-03-09: DB Total=36km, Saved SS=0km, Derived Base=36km (display base; JS adds current SS)
INFO - 2025-12-11 14:31:53 --> Expansion date 2026-03-09: DB Total=36km, Saved SS=0km, Derived Base=36km (display base; JS adds current SS)
INFO - 2025-12-11 14:31:53 --> Expansion date 2026-03-09: DB Total=36km, Saved SS=0km, Derived Base=36km (display base; JS adds current SS)
INFO - 2025-12-11 14:31:53 --> Expansion date 2026-03-09: DB Total=36km, Saved SS=0km, Derived Base=36km (display base; JS adds current SS)
DEBUG - 2025-12-11 14:34:40 --> Session: Class initialized using 'CodeIgniter\Session\Handlers\FileHandler' driver.
INFO - 2025-12-11 14:34:40 --> Day 1 (date 2026-03-06): No defaults loaded
INFO - 2025-12-11 14:34:40 --> Loaded default SS for Day 2 (date 2026-03-07): 0 items
INFO - 2025-12-11 14:34:40 --> Expansion date 2026-03-06: DB Total=141km, Saved SS=0km, Derived Base=141km (display base; JS adds current SS)
INFO - 2025-12-11 14:34:40 --> Expansion date 2026-03-06: DB Total=141km, Saved SS=0km, Derived Base=141km (display base; JS adds current SS)
INFO - 2025-12-11 14:34:40 --> Expansion date 2026-03-07: DB Total=141km, Saved SS=0km, Derived Base=141km (display base; JS adds current SS)
INFO - 2025-12-11 14:34:40 --> Expansion date 2026-03-07: DB Total=141km, Saved SS=0km, Derived Base=141km (display base; JS adds current SS)
INFO - 2025-12-11 14:34:40 --> Expansion date 2026-03-06: DB Total=141km, Saved SS=0km, Derived Base=141km (display base; JS adds current SS)
INFO - 2025-12-11 14:34:40 --> Expansion date 2026-03-06: DB Total=141km, Saved SS=0km, Derived Base=141km (display base; JS adds current SS)
INFO - 2025-12-11 14:34:40 --> Expansion date 2026-03-07: DB Total=141km, Saved SS=0km, Derived Base=141km (display base; JS adds current SS)
INFO - 2025-12-11 14:34:40 --> Expansion date 2026-03-07: DB Total=141km, Saved SS=0km, Derived Base=141km (display base; JS adds current SS)
INFO - 2025-12-11 14:34:40 --> Day 1 (date 2026-03-08): No defaults loaded
INFO - 2025-12-11 14:34:40 --> Loaded default SS for Day 2 (date 2026-03-09): 1 items
INFO - 2025-12-11 14:34:40 --> Expansion date 2026-03-08: DB Total=120km, Saved SS=0km, Derived Base=120km (display base; JS adds current SS)
INFO - 2025-12-11 14:34:40 --> Expansion date 2026-03-08: DB Total=120km, Saved SS=0km, Derived Base=120km (display base; JS adds current SS)
INFO - 2025-12-11 14:34:40 --> Expansion date 2026-03-08: DB Total=120km, Saved SS=0km, Derived Base=120km (display base; JS adds current SS)
INFO - 2025-12-11 14:34:40 --> Expansion date 2026-03-08: DB Total=120km, Saved SS=0km, Derived Base=120km (display base; JS adds current SS)
INFO - 2025-12-11 14:34:40 --> Expansion date 2026-03-09: DB Total=36km, Saved SS=0km, Derived Base=36km (display base; JS adds current SS)
INFO - 2025-12-11 14:34:40 --> Expansion date 2026-03-09: DB Total=36km, Saved SS=0km, Derived Base=36km (display base; JS adds current SS)
INFO - 2025-12-11 14:34:40 --> Expansion date 2026-03-09: DB Total=36km, Saved SS=0km, Derived Base=36km (display base; JS adds current SS)
INFO - 2025-12-11 14:34:40 --> Expansion date 2026-03-09: DB Total=36km, Saved SS=0km, Derived Base=36km (display base; JS adds current SS)
DEBUG - 2025-12-11 14:36:00 --> Session: Class initialized using 'CodeIgniter\Session\Handlers\FileHandler' driver.
INFO - 2025-12-11 14:36:00 --> Day 1 (date 2026-03-06): No defaults loaded
INFO - 2025-12-11 14:36:00 --> Loaded default SS for Day 2 (date 2026-03-07): 0 items
INFO - 2025-12-11 14:36:00 --> Expansion date 2026-03-06: DB Total=141km, Saved SS=0km, Derived Base=141km (display base; JS adds current SS)
INFO - 2025-12-11 14:36:00 --> Expansion date 2026-03-06: DB Total=141km, Saved SS=0km, Derived Base=141km (display base; JS adds current SS)
INFO - 2025-12-11 14:36:00 --> Expansion date 2026-03-07: DB Total=141km, Saved SS=0km, Derived Base=141km (display base; JS adds current SS)
INFO - 2025-12-11 14:36:00 --> Expansion date 2026-03-07: DB Total=141km, Saved SS=0km, Derived Base=141km (display base; JS adds current SS)
INFO - 2025-12-11 14:36:00 --> Expansion date 2026-03-06: DB Total=141km, Saved SS=0km, Derived Base=141km (display base; JS adds current SS)
INFO - 2025-12-11 14:36:00 --> Expansion date 2026-03-06: DB Total=141km, Saved SS=0km, Derived Base=141km (display base; JS adds current SS)
INFO - 2025-12-11 14:36:00 --> Expansion date 2026-03-07: DB Total=141km, Saved SS=0km, Derived Base=141km (display base; JS adds current SS)
INFO - 2025-12-11 14:36:00 --> Expansion date 2026-03-07: DB Total=141km, Saved SS=0km, Derived Base=141km (display base; JS adds current SS)
INFO - 2025-12-11 14:36:00 --> Day 1 (date 2026-03-08): No defaults loaded
INFO - 2025-12-11 14:36:00 --> Loaded default SS for Day 2 (date 2026-03-09): 1 items
INFO - 2025-12-11 14:36:00 --> Expansion date 2026-03-08: DB Total=120km, Saved SS=0km, Derived Base=120km (display base; JS adds current SS)
INFO - 2025-12-11 14:36:00 --> Expansion date 2026-03-08: DB Total=120km, Saved SS=0km, Derived Base=120km (display base; JS adds current SS)
INFO - 2025-12-11 14:36:00 --> Expansion date 2026-03-08: DB Total=120km, Saved SS=0km, Derived Base=120km (display base; JS adds current SS)
INFO - 2025-12-11 14:36:00 --> Expansion date 2026-03-08: DB Total=120km, Saved SS=0km, Derived Base=120km (display base; JS adds current SS)
INFO - 2025-12-11 14:36:00 --> Expansion date 2026-03-09: DB Total=36km, Saved SS=0km, Derived Base=36km (display base; JS adds current SS)
INFO - 2025-12-11 14:36:00 --> Expansion date 2026-03-09: DB Total=36km, Saved SS=0km, Derived Base=36km (display base; JS adds current SS)
INFO - 2025-12-11 14:36:00 --> Expansion date 2026-03-09: DB Total=36km, Saved SS=0km, Derived Base=36km (display base; JS adds current SS)
INFO - 2025-12-11 14:36:00 --> Expansion date 2026-03-09: DB Total=36km, Saved SS=0km, Derived Base=36km (display base; JS adds current SS)
DEBUG - 2025-12-11 14:36:05 --> Session: Class initialized using 'CodeIgniter\Session\Handlers\FileHandler' driver.
DEBUG - 2025-12-11 14:36:06 --> Session: Class initialized using 'CodeIgniter\Session\Handlers\FileHandler' driver.
DEBUG - 2025-12-11 14:36:06 --> Session: Class initialized using 'CodeIgniter\Session\Handlers\FileHandler' driver.
DEBUG - 2025-12-11 14:36:06 --> Session: Class initialized using 'CodeIgniter\Session\Handlers\FileHandler' driver.
CRITICAL - 2025-12-11 14:36:06 --> ErrorException: Undefined array key "boolean_value"
[Method: POST, Route: Enquiry/getTourRoomCategoryDraft]
in APPPATH\Models\Enquiry_m.php on line 987.
 1 APPPATH\Models\Enquiry_m.php(987): CodeIgniter\Debug\Exceptions->errorHandler(2, 'Undefined array key "boolean_value"', 'C:\\wamp64\\www\\khm\\app\\Models\\Enquiry_m.php', 987)
 2 APPPATH\Controllers\Enquiry.php(904): App\Models\Enquiry_m->getTourRoomCategoryDraft('1502', '2620', '2', '2')
 3 SYSTEMPATH\CodeIgniter.php(933): App\Controllers\Enquiry->getTourRoomCategoryDraft()
 4 SYSTEMPATH\CodeIgniter.php(509): CodeIgniter\CodeIgniter->runController(Object(App\Controllers\Enquiry))
 5 SYSTEMPATH\CodeIgniter.php(355): CodeIgniter\CodeIgniter->handleRequest(null, Object(Config\Cache), false)
 6 SYSTEMPATH\Boot.php(334): CodeIgniter\CodeIgniter->run()
 7 SYSTEMPATH\Boot.php(67): CodeIgniter\Boot::runCodeIgniter(Object(CodeIgniter\CodeIgniter))
 8 FCPATH\index.php(56): CodeIgniter\Boot::bootWeb(Object(Config\Paths))
DEBUG - 2025-12-11 14:36:06 --> Session: Class initialized using 'CodeIgniter\Session\Handlers\FileHandler' driver.
DEBUG - 2025-12-11 14:36:06 --> Session: Class initialized using 'CodeIgniter\Session\Handlers\FileHandler' driver.
DEBUG - 2025-12-11 14:36:06 --> Session: Class initialized using 'CodeIgniter\Session\Handlers\FileHandler' driver.
DEBUG - 2025-12-11 14:36:45 --> Session: Class initialized using 'CodeIgniter\Session\Handlers\FileHandler' driver.
DEBUG - 2025-12-11 14:36:45 --> Session: Class initialized using 'CodeIgniter\Session\Handlers\FileHandler' driver.
DEBUG - 2025-12-11 14:36:48 --> Session: Class initialized using 'CodeIgniter\Session\Handlers\FileHandler' driver.
DEBUG - 2025-12-11 14:36:51 --> Session: Class initialized using 'CodeIgniter\Session\Handlers\FileHandler' driver.
DEBUG - 2025-12-11 14:36:52 --> Session: Class initialized using 'CodeIgniter\Session\Handlers\FileHandler' driver.
DEBUG - 2025-12-11 14:36:52 --> Session: Class initialized using 'CodeIgniter\Session\Handlers\FileHandler' driver.
DEBUG - 2025-12-11 14:36:52 --> Session: Class initialized using 'CodeIgniter\Session\Handlers\FileHandler' driver.
DEBUG - 2025-12-11 14:36:52 --> Session: Class initialized using 'CodeIgniter\Session\Handlers\FileHandler' driver.
DEBUG - 2025-12-11 14:37:12 --> Session: Class initialized using 'CodeIgniter\Session\Handlers\FileHandler' driver.
DEBUG - 2025-12-11 14:37:12 --> Session: Class initialized using 'CodeIgniter\Session\Handlers\FileHandler' driver.
DEBUG - 2025-12-11 14:37:13 --> Session: Class initialized using 'CodeIgniter\Session\Handlers\FileHandler' driver.
DEBUG - 2025-12-11 14:37:13 --> Session: Class initialized using 'CodeIgniter\Session\Handlers\FileHandler' driver.
DEBUG - 2025-12-11 14:37:14 --> Session: Class initialized using 'CodeIgniter\Session\Handlers\FileHandler' driver.
DEBUG - 2025-12-11 14:37:14 --> Session: Class initialized using 'CodeIgniter\Session\Handlers\FileHandler' driver.
DEBUG - 2025-12-11 14:37:17 --> Session: Class initialized using 'CodeIgniter\Session\Handlers\FileHandler' driver.
DEBUG - 2025-12-11 14:37:18 --> Session: Class initialized using 'CodeIgniter\Session\Handlers\FileHandler' driver.
DEBUG - 2025-12-11 14:37:18 --> Session: Class initialized using 'CodeIgniter\Session\Handlers\FileHandler' driver.
DEBUG - 2025-12-11 14:37:19 --> Session: Class initialized using 'CodeIgniter\Session\Handlers\FileHandler' driver.
DEBUG - 2025-12-11 14:37:19 --> Session: Class initialized using 'CodeIgniter\Session\Handlers\FileHandler' driver.
DEBUG - 2025-12-11 14:37:19 --> Session: Class initialized using 'CodeIgniter\Session\Handlers\FileHandler' driver.
DEBUG - 2025-12-11 14:37:21 --> Session: Class initialized using 'CodeIgniter\Session\Handlers\FileHandler' driver.
DEBUG - 2025-12-11 14:37:21 --> Session: Class initialized using 'CodeIgniter\Session\Handlers\FileHandler' driver.
DEBUG - 2025-12-11 14:37:21 --> Session: Class initialized using 'CodeIgniter\Session\Handlers\FileHandler' driver.
DEBUG - 2025-12-11 14:37:22 --> Session: Class initialized using 'CodeIgniter\Session\Handlers\FileHandler' driver.
DEBUG - 2025-12-11 14:37:23 --> Session: Class initialized using 'CodeIgniter\Session\Handlers\FileHandler' driver.
DEBUG - 2025-12-11 14:37:24 --> Session: Class initialized using 'CodeIgniter\Session\Handlers\FileHandler' driver.
DEBUG - 2025-12-11 14:37:24 --> Session: Class initialized using 'CodeIgniter\Session\Handlers\FileHandler' driver.
DEBUG - 2025-12-11 14:37:24 --> Session: Class initialized using 'CodeIgniter\Session\Handlers\FileHandler' driver.
DEBUG - 2025-12-11 14:37:24 --> Session: Class initialized using 'CodeIgniter\Session\Handlers\FileHandler' driver.
DEBUG - 2025-12-11 14:37:24 --> Session: Class initialized using 'CodeIgniter\Session\Handlers\FileHandler' driver.
DEBUG - 2025-12-11 14:37:52 --> Session: Class initialized using 'CodeIgniter\Session\Handlers\FileHandler' driver.
DEBUG - 2025-12-11 14:37:53 --> Session: Class initialized using 'CodeIgniter\Session\Handlers\FileHandler' driver.
INFO - 2025-12-11 14:37:53 --> Expansion date 2026-03-06: DB Total=141km, Saved SS=0km, Derived Base=141km (display base; JS adds current SS)
INFO - 2025-12-11 14:37:53 --> Expansion date 2026-03-06: DB Total=141km, Saved SS=0km, Derived Base=141km (display base; JS adds current SS)
INFO - 2025-12-11 14:37:53 --> Expansion date 2026-03-07: DB Total=141km, Saved SS=0km, Derived Base=141km (display base; JS adds current SS)
INFO - 2025-12-11 14:37:53 --> Expansion date 2026-03-07: DB Total=141km, Saved SS=0km, Derived Base=141km (display base; JS adds current SS)
INFO - 2025-12-11 14:37:53 --> Expansion date 2026-03-06: DB Total=141km, Saved SS=0km, Derived Base=141km (display base; JS adds current SS)
INFO - 2025-12-11 14:37:53 --> Expansion date 2026-03-06: DB Total=141km, Saved SS=0km, Derived Base=141km (display base; JS adds current SS)
INFO - 2025-12-11 14:37:53 --> Expansion date 2026-03-07: DB Total=141km, Saved SS=0km, Derived Base=141km (display base; JS adds current SS)
INFO - 2025-12-11 14:37:53 --> Expansion date 2026-03-07: DB Total=141km, Saved SS=0km, Derived Base=141km (display base; JS adds current SS)
INFO - 2025-12-11 14:37:53 --> Expansion date 2026-03-08: DB Total=120km, Saved SS=0km, Derived Base=120km (display base; JS adds current SS)
INFO - 2025-12-11 14:37:53 --> Expansion date 2026-03-08: DB Total=120km, Saved SS=0km, Derived Base=120km (display base; JS adds current SS)
INFO - 2025-12-11 14:37:53 --> Expansion date 2026-03-08: DB Total=120km, Saved SS=0km, Derived Base=120km (display base; JS adds current SS)
INFO - 2025-12-11 14:37:53 --> Expansion date 2026-03-08: DB Total=120km, Saved SS=0km, Derived Base=120km (display base; JS adds current SS)
INFO - 2025-12-11 14:37:53 --> Expansion date 2026-03-09: DB Total=36km, Saved SS=200km, Derived Base=0km (display base; JS adds current SS)
INFO - 2025-12-11 14:37:53 --> Expansion date 2026-03-09: DB Total=36km, Saved SS=200km, Derived Base=0km (display base; JS adds current SS)
INFO - 2025-12-11 14:37:53 --> Expansion date 2026-03-09: DB Total=36km, Saved SS=200km, Derived Base=0km (display base; JS adds current SS)
INFO - 2025-12-11 14:37:53 --> Expansion date 2026-03-09: DB Total=36km, Saved SS=200km, Derived Base=0km (display base; JS adds current SS)
INFO - 2025-12-11 14:37:53 --> Itinerary expansion date 2026-03-08: Derived Base=120km (no SS added)
INFO - 2025-12-11 14:37:53 --> Itinerary expansion date 2026-03-08: Derived Base=120km (no SS added)
INFO - 2025-12-11 14:37:53 --> Itinerary expansion date 2026-03-08: Derived Base=120km (no SS added)
INFO - 2025-12-11 14:37:53 --> Itinerary expansion date 2026-03-08: Derived Base=120km (no SS added)
INFO - 2025-12-11 14:37:53 --> Itinerary expansion date 2026-03-09: Derived Base=0km (no SS added)
INFO - 2025-12-11 14:37:53 --> Itinerary expansion date 2026-03-09: Derived Base=0km (no SS added)
INFO - 2025-12-11 14:37:53 --> Itinerary expansion date 2026-03-09: Derived Base=0km (no SS added)
INFO - 2025-12-11 14:37:53 --> Itinerary expansion date 2026-03-09: Derived Base=0km (no SS added)
DEBUG - 2025-12-11 14:38:28 --> Session: Class initialized using 'CodeIgniter\Session\Handlers\FileHandler' driver.
DEBUG - 2025-12-11 14:38:28 --> Session: Class initialized using 'CodeIgniter\Session\Handlers\FileHandler' driver.
DEBUG - 2025-12-11 14:49:34 --> Session: Class initialized using 'CodeIgniter\Session\Handlers\FileHandler' driver.
DEBUG - 2025-12-11 14:49:35 --> Session: Class initialized using 'CodeIgniter\Session\Handlers\FileHandler' driver.
DEBUG - 2025-12-11 14:49:36 --> Session: Class initialized using 'CodeIgniter\Session\Handlers\FileHandler' driver.
DEBUG - 2025-12-11 14:49:36 --> Session: Class initialized using 'CodeIgniter\Session\Handlers\FileHandler' driver.
DEBUG - 2025-12-11 14:49:37 --> Session: Class initialized using 'CodeIgniter\Session\Handlers\FileHandler' driver.
INFO - 2025-12-11 14:49:37 --> Day 1 (date 2026-03-06): No defaults loaded
INFO - 2025-12-11 14:49:37 --> Loaded default SS for Day 2 (date 2026-03-07): 0 items
INFO - 2025-12-11 14:49:37 --> Expansion date 2026-03-06: DB Total=141km, Saved SS=0km, Derived Base=141km (display base; JS adds current SS)
INFO - 2025-12-11 14:49:37 --> Expansion date 2026-03-06: DB Total=141km, Saved SS=0km, Derived Base=141km (display base; JS adds current SS)
INFO - 2025-12-11 14:49:37 --> Expansion date 2026-03-07: DB Total=141km, Saved SS=0km, Derived Base=141km (display base; JS adds current SS)
INFO - 2025-12-11 14:49:37 --> Expansion date 2026-03-07: DB Total=141km, Saved SS=0km, Derived Base=141km (display base; JS adds current SS)
INFO - 2025-12-11 14:49:37 --> Expansion date 2026-03-06: DB Total=141km, Saved SS=0km, Derived Base=141km (display base; JS adds current SS)
INFO - 2025-12-11 14:49:37 --> Expansion date 2026-03-06: DB Total=141km, Saved SS=0km, Derived Base=141km (display base; JS adds current SS)
INFO - 2025-12-11 14:49:37 --> Expansion date 2026-03-07: DB Total=141km, Saved SS=0km, Derived Base=141km (display base; JS adds current SS)
INFO - 2025-12-11 14:49:37 --> Expansion date 2026-03-07: DB Total=141km, Saved SS=0km, Derived Base=141km (display base; JS adds current SS)
INFO - 2025-12-11 14:49:37 --> Day 1 (date 2026-03-08): No defaults loaded
INFO - 2025-12-11 14:49:37 --> Loaded default SS for Day 2 (date 2026-03-09): 1 items
INFO - 2025-12-11 14:49:37 --> Expansion date 2026-03-08: DB Total=120km, Saved SS=0km, Derived Base=120km (display base; JS adds current SS)
INFO - 2025-12-11 14:49:37 --> Expansion date 2026-03-08: DB Total=120km, Saved SS=0km, Derived Base=120km (display base; JS adds current SS)
INFO - 2025-12-11 14:49:37 --> Expansion date 2026-03-08: DB Total=120km, Saved SS=0km, Derived Base=120km (display base; JS adds current SS)
INFO - 2025-12-11 14:49:37 --> Expansion date 2026-03-08: DB Total=120km, Saved SS=0km, Derived Base=120km (display base; JS adds current SS)
INFO - 2025-12-11 14:49:37 --> Expansion date 2026-03-09: DB Total=36km, Saved SS=0km, Derived Base=36km (display base; JS adds current SS)
INFO - 2025-12-11 14:49:37 --> Expansion date 2026-03-09: DB Total=36km, Saved SS=0km, Derived Base=36km (display base; JS adds current SS)
INFO - 2025-12-11 14:49:37 --> Expansion date 2026-03-09: DB Total=36km, Saved SS=0km, Derived Base=36km (display base; JS adds current SS)
INFO - 2025-12-11 14:49:37 --> Expansion date 2026-03-09: DB Total=36km, Saved SS=0km, Derived Base=36km (display base; JS adds current SS)
DEBUG - 2025-12-11 14:49:48 --> Session: Class initialized using 'CodeIgniter\Session\Handlers\FileHandler' driver.
DEBUG - 2025-12-11 14:49:48 --> Session: Class initialized using 'CodeIgniter\Session\Handlers\FileHandler' driver.
INFO - 2025-12-11 14:49:48 --> Expansion date 2026-03-06: DB Total=141km, Saved SS=0km, Derived Base=141km (display base; JS adds current SS)
INFO - 2025-12-11 14:49:48 --> Expansion date 2026-03-06: DB Total=141km, Saved SS=0km, Derived Base=141km (display base; JS adds current SS)
INFO - 2025-12-11 14:49:48 --> Expansion date 2026-03-07: DB Total=141km, Saved SS=0km, Derived Base=141km (display base; JS adds current SS)
INFO - 2025-12-11 14:49:48 --> Expansion date 2026-03-07: DB Total=141km, Saved SS=0km, Derived Base=141km (display base; JS adds current SS)
INFO - 2025-12-11 14:49:48 --> Expansion date 2026-03-06: DB Total=141km, Saved SS=0km, Derived Base=141km (display base; JS adds current SS)
INFO - 2025-12-11 14:49:48 --> Expansion date 2026-03-06: DB Total=141km, Saved SS=0km, Derived Base=141km (display base; JS adds current SS)
INFO - 2025-12-11 14:49:48 --> Expansion date 2026-03-07: DB Total=141km, Saved SS=0km, Derived Base=141km (display base; JS adds current SS)
INFO - 2025-12-11 14:49:48 --> Expansion date 2026-03-07: DB Total=141km, Saved SS=0km, Derived Base=141km (display base; JS adds current SS)
INFO - 2025-12-11 14:49:48 --> Expansion date 2026-03-08: DB Total=120km, Saved SS=0km, Derived Base=120km (display base; JS adds current SS)
INFO - 2025-12-11 14:49:48 --> Expansion date 2026-03-08: DB Total=120km, Saved SS=0km, Derived Base=120km (display base; JS adds current SS)
INFO - 2025-12-11 14:49:48 --> Expansion date 2026-03-08: DB Total=120km, Saved SS=0km, Derived Base=120km (display base; JS adds current SS)
INFO - 2025-12-11 14:49:48 --> Expansion date 2026-03-08: DB Total=120km, Saved SS=0km, Derived Base=120km (display base; JS adds current SS)
INFO - 2025-12-11 14:49:48 --> Expansion date 2026-03-09: DB Total=36km, Saved SS=200km, Derived Base=0km (display base; JS adds current SS)
INFO - 2025-12-11 14:49:48 --> Expansion date 2026-03-09: DB Total=36km, Saved SS=200km, Derived Base=0km (display base; JS adds current SS)
INFO - 2025-12-11 14:49:48 --> Expansion date 2026-03-09: DB Total=36km, Saved SS=200km, Derived Base=0km (display base; JS adds current SS)
INFO - 2025-12-11 14:49:48 --> Expansion date 2026-03-09: DB Total=36km, Saved SS=200km, Derived Base=0km (display base; JS adds current SS)
INFO - 2025-12-11 14:49:48 --> Itinerary expansion date 2026-03-08: Derived Base=120km (no SS added)
INFO - 2025-12-11 14:49:48 --> Itinerary expansion date 2026-03-08: Derived Base=120km (no SS added)
INFO - 2025-12-11 14:49:48 --> Itinerary expansion date 2026-03-08: Derived Base=120km (no SS added)
INFO - 2025-12-11 14:49:48 --> Itinerary expansion date 2026-03-08: Derived Base=120km (no SS added)
INFO - 2025-12-11 14:49:48 --> Itinerary expansion date 2026-03-09: Derived Base=0km (no SS added)
INFO - 2025-12-11 14:49:48 --> Itinerary expansion date 2026-03-09: Derived Base=0km (no SS added)
INFO - 2025-12-11 14:49:48 --> Itinerary expansion date 2026-03-09: Derived Base=0km (no SS added)
INFO - 2025-12-11 14:49:48 --> Itinerary expansion date 2026-03-09: Derived Base=0km (no SS added)
DEBUG - 2025-12-11 14:51:10 --> Session: Class initialized using 'CodeIgniter\Session\Handlers\FileHandler' driver.
INFO - 2025-12-11 14:51:10 --> Expansion date 2026-03-06: DB Total=141km, Saved SS=0km, Derived Base=141km (display base; JS adds current SS)
INFO - 2025-12-11 14:51:10 --> Expansion date 2026-03-06: DB Total=141km, Saved SS=0km, Derived Base=141km (display base; JS adds current SS)
INFO - 2025-12-11 14:51:10 --> Expansion date 2026-03-07: DB Total=141km, Saved SS=0km, Derived Base=141km (display base; JS adds current SS)
INFO - 2025-12-11 14:51:10 --> Expansion date 2026-03-07: DB Total=141km, Saved SS=0km, Derived Base=141km (display base; JS adds current SS)
INFO - 2025-12-11 14:51:10 --> Expansion date 2026-03-06: DB Total=141km, Saved SS=0km, Derived Base=141km (display base; JS adds current SS)
INFO - 2025-12-11 14:51:10 --> Expansion date 2026-03-06: DB Total=141km, Saved SS=0km, Derived Base=141km (display base; JS adds current SS)
INFO - 2025-12-11 14:51:10 --> Expansion date 2026-03-07: DB Total=141km, Saved SS=0km, Derived Base=141km (display base; JS adds current SS)
INFO - 2025-12-11 14:51:10 --> Expansion date 2026-03-07: DB Total=141km, Saved SS=0km, Derived Base=141km (display base; JS adds current SS)
INFO - 2025-12-11 14:51:10 --> Expansion date 2026-03-08: DB Total=120km, Saved SS=0km, Derived Base=120km (display base; JS adds current SS)
INFO - 2025-12-11 14:51:10 --> Expansion date 2026-03-08: DB Total=120km, Saved SS=0km, Derived Base=120km (display base; JS adds current SS)
INFO - 2025-12-11 14:51:10 --> Expansion date 2026-03-08: DB Total=120km, Saved SS=0km, Derived Base=120km (display base; JS adds current SS)
INFO - 2025-12-11 14:51:10 --> Expansion date 2026-03-08: DB Total=120km, Saved SS=0km, Derived Base=120km (display base; JS adds current SS)
INFO - 2025-12-11 14:51:10 --> Expansion date 2026-03-09: DB Total=36km, Saved SS=200km, Derived Base=0km (display base; JS adds current SS)
INFO - 2025-12-11 14:51:10 --> Expansion date 2026-03-09: DB Total=36km, Saved SS=200km, Derived Base=0km (display base; JS adds current SS)
INFO - 2025-12-11 14:51:10 --> Expansion date 2026-03-09: DB Total=36km, Saved SS=200km, Derived Base=0km (display base; JS adds current SS)
INFO - 2025-12-11 14:51:10 --> Expansion date 2026-03-09: DB Total=36km, Saved SS=200km, Derived Base=0km (display base; JS adds current SS)
INFO - 2025-12-11 14:51:10 --> Itinerary expansion date 2026-03-08: Derived Base=120km (no SS added)
INFO - 2025-12-11 14:51:10 --> Itinerary expansion date 2026-03-08: Derived Base=120km (no SS added)
INFO - 2025-12-11 14:51:10 --> Itinerary expansion date 2026-03-08: Derived Base=120km (no SS added)
INFO - 2025-12-11 14:51:10 --> Itinerary expansion date 2026-03-08: Derived Base=120km (no SS added)
INFO - 2025-12-11 14:51:10 --> Itinerary expansion date 2026-03-09: Derived Base=0km (no SS added)
INFO - 2025-12-11 14:51:10 --> Itinerary expansion date 2026-03-09: Derived Base=0km (no SS added)
INFO - 2025-12-11 14:51:10 --> Itinerary expansion date 2026-03-09: Derived Base=0km (no SS added)
INFO - 2025-12-11 14:51:10 --> Itinerary expansion date 2026-03-09: Derived Base=0km (no SS added)
DEBUG - 2025-12-11 14:54:47 --> Session: Class initialized using 'CodeIgniter\Session\Handlers\FileHandler' driver.
INFO - 2025-12-11 14:54:47 --> Expansion date 2026-03-06: DB Total=141km, Saved SS=0km, Derived Base=141km (display base; JS adds current SS)
INFO - 2025-12-11 14:54:47 --> Expansion date 2026-03-06: DB Total=141km, Saved SS=0km, Derived Base=141km (display base; JS adds current SS)
INFO - 2025-12-11 14:54:47 --> Expansion date 2026-03-07: DB Total=141km, Saved SS=0km, Derived Base=141km (display base; JS adds current SS)
INFO - 2025-12-11 14:54:47 --> Expansion date 2026-03-07: DB Total=141km, Saved SS=0km, Derived Base=141km (display base; JS adds current SS)
INFO - 2025-12-11 14:54:47 --> Expansion date 2026-03-06: DB Total=141km, Saved SS=0km, Derived Base=141km (display base; JS adds current SS)
INFO - 2025-12-11 14:54:47 --> Expansion date 2026-03-06: DB Total=141km, Saved SS=0km, Derived Base=141km (display base; JS adds current SS)
INFO - 2025-12-11 14:54:47 --> Expansion date 2026-03-07: DB Total=141km, Saved SS=0km, Derived Base=141km (display base; JS adds current SS)
INFO - 2025-12-11 14:54:47 --> Expansion date 2026-03-07: DB Total=141km, Saved SS=0km, Derived Base=141km (display base; JS adds current SS)
INFO - 2025-12-11 14:54:47 --> Expansion date 2026-03-08: DB Total=120km, Saved SS=0km, Derived Base=120km (display base; JS adds current SS)
INFO - 2025-12-11 14:54:47 --> Expansion date 2026-03-08: DB Total=120km, Saved SS=0km, Derived Base=120km (display base; JS adds current SS)
INFO - 2025-12-11 14:54:47 --> Expansion date 2026-03-08: DB Total=120km, Saved SS=0km, Derived Base=120km (display base; JS adds current SS)
INFO - 2025-12-11 14:54:47 --> Expansion date 2026-03-08: DB Total=120km, Saved SS=0km, Derived Base=120km (display base; JS adds current SS)
INFO - 2025-12-11 14:54:47 --> Expansion date 2026-03-09: DB Total=36km, Saved SS=200km, Derived Base=0km (display base; JS adds current SS)
INFO - 2025-12-11 14:54:47 --> Expansion date 2026-03-09: DB Total=36km, Saved SS=200km, Derived Base=0km (display base; JS adds current SS)
INFO - 2025-12-11 14:54:47 --> Expansion date 2026-03-09: DB Total=36km, Saved SS=200km, Derived Base=0km (display base; JS adds current SS)
INFO - 2025-12-11 14:54:47 --> Expansion date 2026-03-09: DB Total=36km, Saved SS=200km, Derived Base=0km (display base; JS adds current SS)
INFO - 2025-12-11 14:54:47 --> Itinerary expansion date 2026-03-08: Derived Base=120km (no SS added)
INFO - 2025-12-11 14:54:47 --> Itinerary expansion date 2026-03-08: Derived Base=120km (no SS added)
INFO - 2025-12-11 14:54:47 --> Itinerary expansion date 2026-03-08: Derived Base=120km (no SS added)
INFO - 2025-12-11 14:54:47 --> Itinerary expansion date 2026-03-08: Derived Base=120km (no SS added)
INFO - 2025-12-11 14:54:47 --> Itinerary expansion date 2026-03-09: Derived Base=0km (no SS added)
INFO - 2025-12-11 14:54:47 --> Itinerary expansion date 2026-03-09: Derived Base=0km (no SS added)
INFO - 2025-12-11 14:54:47 --> Itinerary expansion date 2026-03-09: Derived Base=0km (no SS added)
INFO - 2025-12-11 14:54:47 --> Itinerary expansion date 2026-03-09: Derived Base=0km (no SS added)
DEBUG - 2025-12-11 14:55:18 --> Session: Class initialized using 'CodeIgniter\Session\Handlers\FileHandler' driver.
INFO - 2025-12-11 14:55:18 --> Expansion date 2026-03-06: DB Total=141km, Saved SS=0km, Derived Base=141km (display base; JS adds current SS)
INFO - 2025-12-11 14:55:18 --> Expansion date 2026-03-06: DB Total=141km, Saved SS=0km, Derived Base=141km (display base; JS adds current SS)
INFO - 2025-12-11 14:55:18 --> Expansion date 2026-03-07: DB Total=141km, Saved SS=0km, Derived Base=141km (display base; JS adds current SS)
INFO - 2025-12-11 14:55:18 --> Expansion date 2026-03-07: DB Total=141km, Saved SS=0km, Derived Base=141km (display base; JS adds current SS)
INFO - 2025-12-11 14:55:18 --> Expansion date 2026-03-06: DB Total=141km, Saved SS=0km, Derived Base=141km (display base; JS adds current SS)
INFO - 2025-12-11 14:55:18 --> Expansion date 2026-03-06: DB Total=141km, Saved SS=0km, Derived Base=141km (display base; JS adds current SS)
INFO - 2025-12-11 14:55:18 --> Expansion date 2026-03-07: DB Total=141km, Saved SS=0km, Derived Base=141km (display base; JS adds current SS)
INFO - 2025-12-11 14:55:18 --> Expansion date 2026-03-07: DB Total=141km, Saved SS=0km, Derived Base=141km (display base; JS adds current SS)
INFO - 2025-12-11 14:55:18 --> Expansion date 2026-03-08: DB Total=120km, Saved SS=0km, Derived Base=120km (display base; JS adds current SS)
INFO - 2025-12-11 14:55:18 --> Expansion date 2026-03-08: DB Total=120km, Saved SS=0km, Derived Base=120km (display base; JS adds current SS)
INFO - 2025-12-11 14:55:18 --> Expansion date 2026-03-08: DB Total=120km, Saved SS=0km, Derived Base=120km (display base; JS adds current SS)
INFO - 2025-12-11 14:55:18 --> Expansion date 2026-03-08: DB Total=120km, Saved SS=0km, Derived Base=120km (display base; JS adds current SS)
INFO - 2025-12-11 14:55:18 --> Expansion date 2026-03-09: DB Total=36km, Saved SS=200km, Derived Base=0km (display base; JS adds current SS)
INFO - 2025-12-11 14:55:18 --> Expansion date 2026-03-09: DB Total=36km, Saved SS=200km, Derived Base=0km (display base; JS adds current SS)
INFO - 2025-12-11 14:55:18 --> Expansion date 2026-03-09: DB Total=36km, Saved SS=200km, Derived Base=0km (display base; JS adds current SS)
INFO - 2025-12-11 14:55:18 --> Expansion date 2026-03-09: DB Total=36km, Saved SS=200km, Derived Base=0km (display base; JS adds current SS)
INFO - 2025-12-11 14:55:18 --> Itinerary expansion date 2026-03-08: Derived Base=120km (no SS added)
INFO - 2025-12-11 14:55:18 --> Itinerary expansion date 2026-03-08: Derived Base=120km (no SS added)
INFO - 2025-12-11 14:55:18 --> Itinerary expansion date 2026-03-08: Derived Base=120km (no SS added)
INFO - 2025-12-11 14:55:18 --> Itinerary expansion date 2026-03-08: Derived Base=120km (no SS added)
INFO - 2025-12-11 14:55:18 --> Itinerary expansion date 2026-03-09: Derived Base=0km (no SS added)
INFO - 2025-12-11 14:55:18 --> Itinerary expansion date 2026-03-09: Derived Base=0km (no SS added)
INFO - 2025-12-11 14:55:18 --> Itinerary expansion date 2026-03-09: Derived Base=0km (no SS added)
INFO - 2025-12-11 14:55:18 --> Itinerary expansion date 2026-03-09: Derived Base=0km (no SS added)
DEBUG - 2025-12-11 14:59:20 --> Session: Class initialized using 'CodeIgniter\Session\Handlers\FileHandler' driver.
INFO - 2025-12-11 14:59:20 --> Expansion date 2026-03-06: DB Total=141km, Saved SS=0km, Derived Base=141km (display base; JS adds current SS)
INFO - 2025-12-11 14:59:20 --> Expansion date 2026-03-06: DB Total=141km, Saved SS=0km, Derived Base=141km (display base; JS adds current SS)
INFO - 2025-12-11 14:59:20 --> Expansion date 2026-03-07: DB Total=141km, Saved SS=0km, Derived Base=141km (display base; JS adds current SS)
INFO - 2025-12-11 14:59:20 --> Expansion date 2026-03-07: DB Total=141km, Saved SS=0km, Derived Base=141km (display base; JS adds current SS)
INFO - 2025-12-11 14:59:20 --> Expansion date 2026-03-06: DB Total=141km, Saved SS=0km, Derived Base=141km (display base; JS adds current SS)
INFO - 2025-12-11 14:59:20 --> Expansion date 2026-03-06: DB Total=141km, Saved SS=0km, Derived Base=141km (display base; JS adds current SS)
INFO - 2025-12-11 14:59:20 --> Expansion date 2026-03-07: DB Total=141km, Saved SS=0km, Derived Base=141km (display base; JS adds current SS)
INFO - 2025-12-11 14:59:20 --> Expansion date 2026-03-07: DB Total=141km, Saved SS=0km, Derived Base=141km (display base; JS adds current SS)
INFO - 2025-12-11 14:59:20 --> Expansion date 2026-03-08: DB Total=120km, Saved SS=0km, Derived Base=120km (display base; JS adds current SS)
INFO - 2025-12-11 14:59:20 --> Expansion date 2026-03-08: DB Total=120km, Saved SS=0km, Derived Base=120km (display base; JS adds current SS)
INFO - 2025-12-11 14:59:20 --> Expansion date 2026-03-08: DB Total=120km, Saved SS=0km, Derived Base=120km (display base; JS adds current SS)
INFO - 2025-12-11 14:59:20 --> Expansion date 2026-03-08: DB Total=120km, Saved SS=0km, Derived Base=120km (display base; JS adds current SS)
INFO - 2025-12-11 14:59:20 --> Expansion date 2026-03-09: DB Total=36km, Saved SS=200km, Derived Base=0km (display base; JS adds current SS)
INFO - 2025-12-11 14:59:20 --> Expansion date 2026-03-09: DB Total=36km, Saved SS=200km, Derived Base=0km (display base; JS adds current SS)
INFO - 2025-12-11 14:59:20 --> Expansion date 2026-03-09: DB Total=36km, Saved SS=200km, Derived Base=0km (display base; JS adds current SS)
INFO - 2025-12-11 14:59:20 --> Expansion date 2026-03-09: DB Total=36km, Saved SS=200km, Derived Base=0km (display base; JS adds current SS)
INFO - 2025-12-11 14:59:20 --> Itinerary expansion date 2026-03-08: Derived Base=120km (no SS added)
INFO - 2025-12-11 14:59:20 --> Itinerary expansion date 2026-03-08: Derived Base=120km (no SS added)
INFO - 2025-12-11 14:59:20 --> Itinerary expansion date 2026-03-08: Derived Base=120km (no SS added)
INFO - 2025-12-11 14:59:20 --> Itinerary expansion date 2026-03-08: Derived Base=120km (no SS added)
INFO - 2025-12-11 14:59:20 --> Itinerary expansion date 2026-03-09: Derived Base=0km (no SS added)
INFO - 2025-12-11 14:59:20 --> Itinerary expansion date 2026-03-09: Derived Base=0km (no SS added)
INFO - 2025-12-11 14:59:20 --> Itinerary expansion date 2026-03-09: Derived Base=0km (no SS added)
INFO - 2025-12-11 14:59:20 --> Itinerary expansion date 2026-03-09: Derived Base=0km (no SS added)
CRITICAL - 2025-12-11 14:59:25 --> ParseError: Unmatched '}'
[Method: GET, Route: Enquiry/itinerary/2824/1]
in APPPATH\Views\enquiry\itinerary_view.php on line 4325.
 1 SYSTEMPATH\View\View.php(237): CodeIgniter\View\View->CodeIgniter\View\{closure}()
 2 SYSTEMPATH\Common.php(1171): CodeIgniter\View\View->render('enquiry/itinerary_view', [], true)
 3 APPPATH\Controllers\Enquiry.php(6708): view('enquiry/itinerary_view', [...])
 4 SYSTEMPATH\CodeIgniter.php(933): App\Controllers\Enquiry->itinerary('2824', '1')
 5 SYSTEMPATH\CodeIgniter.php(509): CodeIgniter\CodeIgniter->runController(Object(App\Controllers\Enquiry))
 6 SYSTEMPATH\CodeIgniter.php(355): CodeIgniter\CodeIgniter->handleRequest(null, Object(Config\Cache), false)
 7 SYSTEMPATH\Boot.php(334): CodeIgniter\CodeIgniter->run()
 8 SYSTEMPATH\Boot.php(67): CodeIgniter\Boot::runCodeIgniter(Object(CodeIgniter\CodeIgniter))
 9 FCPATH\index.php(56): CodeIgniter\Boot::bootWeb(Object(Config\Paths))
DEBUG - 2025-12-11 14:59:41 --> Session: Class initialized using 'CodeIgniter\Session\Handlers\FileHandler' driver.
INFO - 2025-12-11 14:59:41 --> Expansion date 2026-03-06: DB Total=141km, Saved SS=0km, Derived Base=141km (display base; JS adds current SS)
INFO - 2025-12-11 14:59:41 --> Expansion date 2026-03-06: DB Total=141km, Saved SS=0km, Derived Base=141km (display base; JS adds current SS)
INFO - 2025-12-11 14:59:41 --> Expansion date 2026-03-07: DB Total=141km, Saved SS=0km, Derived Base=141km (display base; JS adds current SS)
INFO - 2025-12-11 14:59:41 --> Expansion date 2026-03-07: DB Total=141km, Saved SS=0km, Derived Base=141km (display base; JS adds current SS)
INFO - 2025-12-11 14:59:41 --> Expansion date 2026-03-06: DB Total=141km, Saved SS=0km, Derived Base=141km (display base; JS adds current SS)
INFO - 2025-12-11 14:59:41 --> Expansion date 2026-03-06: DB Total=141km, Saved SS=0km, Derived Base=141km (display base; JS adds current SS)
INFO - 2025-12-11 14:59:41 --> Expansion date 2026-03-07: DB Total=141km, Saved SS=0km, Derived Base=141km (display base; JS adds current SS)
INFO - 2025-12-11 14:59:41 --> Expansion date 2026-03-07: DB Total=141km, Saved SS=0km, Derived Base=141km (display base; JS adds current SS)
INFO - 2025-12-11 14:59:41 --> Expansion date 2026-03-08: DB Total=120km, Saved SS=0km, Derived Base=120km (display base; JS adds current SS)
INFO - 2025-12-11 14:59:41 --> Expansion date 2026-03-08: DB Total=120km, Saved SS=0km, Derived Base=120km (display base; JS adds current SS)
INFO - 2025-12-11 14:59:41 --> Expansion date 2026-03-08: DB Total=120km, Saved SS=0km, Derived Base=120km (display base; JS adds current SS)
INFO - 2025-12-11 14:59:41 --> Expansion date 2026-03-08: DB Total=120km, Saved SS=0km, Derived Base=120km (display base; JS adds current SS)
INFO - 2025-12-11 14:59:41 --> Expansion date 2026-03-09: DB Total=36km, Saved SS=200km, Derived Base=0km (display base; JS adds current SS)
INFO - 2025-12-11 14:59:41 --> Expansion date 2026-03-09: DB Total=36km, Saved SS=200km, Derived Base=0km (display base; JS adds current SS)
INFO - 2025-12-11 14:59:41 --> Expansion date 2026-03-09: DB Total=36km, Saved SS=200km, Derived Base=0km (display base; JS adds current SS)
INFO - 2025-12-11 14:59:41 --> Expansion date 2026-03-09: DB Total=36km, Saved SS=200km, Derived Base=0km (display base; JS adds current SS)
INFO - 2025-12-11 14:59:41 --> Itinerary expansion date 2026-03-08: Derived Base=120km (no SS added)
INFO - 2025-12-11 14:59:41 --> Itinerary expansion date 2026-03-08: Derived Base=120km (no SS added)
INFO - 2025-12-11 14:59:41 --> Itinerary expansion date 2026-03-08: Derived Base=120km (no SS added)
INFO - 2025-12-11 14:59:41 --> Itinerary expansion date 2026-03-08: Derived Base=120km (no SS added)
INFO - 2025-12-11 14:59:41 --> Itinerary expansion date 2026-03-09: Derived Base=0km (no SS added)
INFO - 2025-12-11 14:59:41 --> Itinerary expansion date 2026-03-09: Derived Base=0km (no SS added)
INFO - 2025-12-11 14:59:41 --> Itinerary expansion date 2026-03-09: Derived Base=0km (no SS added)
INFO - 2025-12-11 14:59:41 --> Itinerary expansion date 2026-03-09: Derived Base=0km (no SS added)
DEBUG - 2025-12-11 15:00:06 --> Session: Class initialized using 'CodeIgniter\Session\Handlers\FileHandler' driver.
INFO - 2025-12-11 15:00:06 --> Expansion date 2026-03-06: DB Total=141km, Saved SS=0km, Derived Base=141km (display base; JS adds current SS)
INFO - 2025-12-11 15:00:06 --> Expansion date 2026-03-06: DB Total=141km, Saved SS=0km, Derived Base=141km (display base; JS adds current SS)
INFO - 2025-12-11 15:00:06 --> Expansion date 2026-03-07: DB Total=141km, Saved SS=0km, Derived Base=141km (display base; JS adds current SS)
INFO - 2025-12-11 15:00:06 --> Expansion date 2026-03-07: DB Total=141km, Saved SS=0km, Derived Base=141km (display base; JS adds current SS)
INFO - 2025-12-11 15:00:06 --> Expansion date 2026-03-06: DB Total=141km, Saved SS=0km, Derived Base=141km (display base; JS adds current SS)
INFO - 2025-12-11 15:00:06 --> Expansion date 2026-03-06: DB Total=141km, Saved SS=0km, Derived Base=141km (display base; JS adds current SS)
INFO - 2025-12-11 15:00:06 --> Expansion date 2026-03-07: DB Total=141km, Saved SS=0km, Derived Base=141km (display base; JS adds current SS)
INFO - 2025-12-11 15:00:06 --> Expansion date 2026-03-07: DB Total=141km, Saved SS=0km, Derived Base=141km (display base; JS adds current SS)
INFO - 2025-12-11 15:00:06 --> Expansion date 2026-03-08: DB Total=120km, Saved SS=0km, Derived Base=120km (display base; JS adds current SS)
INFO - 2025-12-11 15:00:06 --> Expansion date 2026-03-08: DB Total=120km, Saved SS=0km, Derived Base=120km (display base; JS adds current SS)
INFO - 2025-12-11 15:00:06 --> Expansion date 2026-03-08: DB Total=120km, Saved SS=0km, Derived Base=120km (display base; JS adds current SS)
INFO - 2025-12-11 15:00:06 --> Expansion date 2026-03-08: DB Total=120km, Saved SS=0km, Derived Base=120km (display base; JS adds current SS)
INFO - 2025-12-11 15:00:06 --> Expansion date 2026-03-09: DB Total=36km, Saved SS=200km, Derived Base=0km (display base; JS adds current SS)
INFO - 2025-12-11 15:00:06 --> Expansion date 2026-03-09: DB Total=36km, Saved SS=200km, Derived Base=0km (display base; JS adds current SS)
INFO - 2025-12-11 15:00:06 --> Expansion date 2026-03-09: DB Total=36km, Saved SS=200km, Derived Base=0km (display base; JS adds current SS)
INFO - 2025-12-11 15:00:06 --> Expansion date 2026-03-09: DB Total=36km, Saved SS=200km, Derived Base=0km (display base; JS adds current SS)
INFO - 2025-12-11 15:00:06 --> Itinerary expansion date 2026-03-08: Derived Base=120km (no SS added)
INFO - 2025-12-11 15:00:06 --> Itinerary expansion date 2026-03-08: Derived Base=120km (no SS added)
INFO - 2025-12-11 15:00:06 --> Itinerary expansion date 2026-03-08: Derived Base=120km (no SS added)
INFO - 2025-12-11 15:00:06 --> Itinerary expansion date 2026-03-08: Derived Base=120km (no SS added)
INFO - 2025-12-11 15:00:06 --> Itinerary expansion date 2026-03-09: Derived Base=0km (no SS added)
INFO - 2025-12-11 15:00:06 --> Itinerary expansion date 2026-03-09: Derived Base=0km (no SS added)
INFO - 2025-12-11 15:00:06 --> Itinerary expansion date 2026-03-09: Derived Base=0km (no SS added)
INFO - 2025-12-11 15:00:06 --> Itinerary expansion date 2026-03-09: Derived Base=0km (no SS added)
CRITICAL - 2025-12-11 15:00:08 --> ParseError: Unmatched '}'
[Method: GET, Route: Enquiry/itinerary/2824/1]
in APPPATH\Views\enquiry\itinerary_view.php on line 4322.
 1 SYSTEMPATH\View\View.php(237): CodeIgniter\View\View->CodeIgniter\View\{closure}()
 2 SYSTEMPATH\Common.php(1171): CodeIgniter\View\View->render('enquiry/itinerary_view', [], true)
 3 APPPATH\Controllers\Enquiry.php(6708): view('enquiry/itinerary_view', [...])
 4 SYSTEMPATH\CodeIgniter.php(933): App\Controllers\Enquiry->itinerary('2824', '1')
 5 SYSTEMPATH\CodeIgniter.php(509): CodeIgniter\CodeIgniter->runController(Object(App\Controllers\Enquiry))
 6 SYSTEMPATH\CodeIgniter.php(355): CodeIgniter\CodeIgniter->handleRequest(null, Object(Config\Cache), false)
 7 SYSTEMPATH\Boot.php(334): CodeIgniter\CodeIgniter->run()
 8 SYSTEMPATH\Boot.php(67): CodeIgniter\Boot::runCodeIgniter(Object(CodeIgniter\CodeIgniter))
 9 FCPATH\index.php(56): CodeIgniter\Boot::bootWeb(Object(Config\Paths))
DEBUG - 2025-12-11 15:12:27 --> Session: Class initialized using 'CodeIgniter\Session\Handlers\FileHandler' driver.
INFO - 2025-12-11 15:12:27 --> Expansion date 2026-03-06: DB Total=141km, Saved SS=0km, Derived Base=141km (display base; JS adds current SS)
INFO - 2025-12-11 15:12:27 --> Expansion date 2026-03-06: DB Total=141km, Saved SS=0km, Derived Base=141km (display base; JS adds current SS)
INFO - 2025-12-11 15:12:27 --> Expansion date 2026-03-07: DB Total=141km, Saved SS=0km, Derived Base=141km (display base; JS adds current SS)
INFO - 2025-12-11 15:12:27 --> Expansion date 2026-03-07: DB Total=141km, Saved SS=0km, Derived Base=141km (display base; JS adds current SS)
INFO - 2025-12-11 15:12:27 --> Expansion date 2026-03-06: DB Total=141km, Saved SS=0km, Derived Base=141km (display base; JS adds current SS)
INFO - 2025-12-11 15:12:27 --> Expansion date 2026-03-06: DB Total=141km, Saved SS=0km, Derived Base=141km (display base; JS adds current SS)
INFO - 2025-12-11 15:12:27 --> Expansion date 2026-03-07: DB Total=141km, Saved SS=0km, Derived Base=141km (display base; JS adds current SS)
INFO - 2025-12-11 15:12:27 --> Expansion date 2026-03-07: DB Total=141km, Saved SS=0km, Derived Base=141km (display base; JS adds current SS)
INFO - 2025-12-11 15:12:27 --> Expansion date 2026-03-08: DB Total=120km, Saved SS=0km, Derived Base=120km (display base; JS adds current SS)
INFO - 2025-12-11 15:12:27 --> Expansion date 2026-03-08: DB Total=120km, Saved SS=0km, Derived Base=120km (display base; JS adds current SS)
INFO - 2025-12-11 15:12:27 --> Expansion date 2026-03-08: DB Total=120km, Saved SS=0km, Derived Base=120km (display base; JS adds current SS)
INFO - 2025-12-11 15:12:27 --> Expansion date 2026-03-08: DB Total=120km, Saved SS=0km, Derived Base=120km (display base; JS adds current SS)
INFO - 2025-12-11 15:12:27 --> Expansion date 2026-03-09: DB Total=36km, Saved SS=200km, Derived Base=0km (display base; JS adds current SS)
INFO - 2025-12-11 15:12:27 --> Expansion date 2026-03-09: DB Total=36km, Saved SS=200km, Derived Base=0km (display base; JS adds current SS)
INFO - 2025-12-11 15:12:27 --> Expansion date 2026-03-09: DB Total=36km, Saved SS=200km, Derived Base=0km (display base; JS adds current SS)
INFO - 2025-12-11 15:12:27 --> Expansion date 2026-03-09: DB Total=36km, Saved SS=200km, Derived Base=0km (display base; JS adds current SS)
INFO - 2025-12-11 15:12:27 --> Itinerary expansion date 2026-03-08: Derived Base=120km (no SS added)
INFO - 2025-12-11 15:12:27 --> Itinerary expansion date 2026-03-08: Derived Base=120km (no SS added)
INFO - 2025-12-11 15:12:27 --> Itinerary expansion date 2026-03-08: Derived Base=120km (no SS added)
INFO - 2025-12-11 15:12:27 --> Itinerary expansion date 2026-03-08: Derived Base=120km (no SS added)
INFO - 2025-12-11 15:12:27 --> Itinerary expansion date 2026-03-09: Derived Base=0km (no SS added)
INFO - 2025-12-11 15:12:27 --> Itinerary expansion date 2026-03-09: Derived Base=0km (no SS added)
INFO - 2025-12-11 15:12:27 --> Itinerary expansion date 2026-03-09: Derived Base=0km (no SS added)
INFO - 2025-12-11 15:12:27 --> Itinerary expansion date 2026-03-09: Derived Base=0km (no SS added)
DEBUG - 2025-12-11 15:12:37 --> Session: Class initialized using 'CodeIgniter\Session\Handlers\FileHandler' driver.
INFO - 2025-12-11 15:12:37 --> Expansion date 2026-03-06: DB Total=141km, Saved SS=0km, Derived Base=141km (display base; JS adds current SS)
INFO - 2025-12-11 15:12:37 --> Expansion date 2026-03-06: DB Total=141km, Saved SS=0km, Derived Base=141km (display base; JS adds current SS)
INFO - 2025-12-11 15:12:37 --> Expansion date 2026-03-07: DB Total=141km, Saved SS=0km, Derived Base=141km (display base; JS adds current SS)
INFO - 2025-12-11 15:12:37 --> Expansion date 2026-03-07: DB Total=141km, Saved SS=0km, Derived Base=141km (display base; JS adds current SS)
INFO - 2025-12-11 15:12:37 --> Expansion date 2026-03-06: DB Total=141km, Saved SS=0km, Derived Base=141km (display base; JS adds current SS)
INFO - 2025-12-11 15:12:37 --> Expansion date 2026-03-06: DB Total=141km, Saved SS=0km, Derived Base=141km (display base; JS adds current SS)
INFO - 2025-12-11 15:12:37 --> Expansion date 2026-03-07: DB Total=141km, Saved SS=0km, Derived Base=141km (display base; JS adds current SS)
INFO - 2025-12-11 15:12:37 --> Expansion date 2026-03-07: DB Total=141km, Saved SS=0km, Derived Base=141km (display base; JS adds current SS)
INFO - 2025-12-11 15:12:37 --> Expansion date 2026-03-08: DB Total=120km, Saved SS=0km, Derived Base=120km (display base; JS adds current SS)
INFO - 2025-12-11 15:12:37 --> Expansion date 2026-03-08: DB Total=120km, Saved SS=0km, Derived Base=120km (display base; JS adds current SS)
INFO - 2025-12-11 15:12:37 --> Expansion date 2026-03-08: DB Total=120km, Saved SS=0km, Derived Base=120km (display base; JS adds current SS)
INFO - 2025-12-11 15:12:37 --> Expansion date 2026-03-08: DB Total=120km, Saved SS=0km, Derived Base=120km (display base; JS adds current SS)
INFO - 2025-12-11 15:12:37 --> Expansion date 2026-03-09: DB Total=36km, Saved SS=200km, Derived Base=0km (display base; JS adds current SS)
INFO - 2025-12-11 15:12:37 --> Expansion date 2026-03-09: DB Total=36km, Saved SS=200km, Derived Base=0km (display base; JS adds current SS)
INFO - 2025-12-11 15:12:37 --> Expansion date 2026-03-09: DB Total=36km, Saved SS=200km, Derived Base=0km (display base; JS adds current SS)
INFO - 2025-12-11 15:12:37 --> Expansion date 2026-03-09: DB Total=36km, Saved SS=200km, Derived Base=0km (display base; JS adds current SS)
INFO - 2025-12-11 15:12:37 --> Itinerary expansion date 2026-03-08: Derived Base=120km (no SS added)
INFO - 2025-12-11 15:12:37 --> Itinerary expansion date 2026-03-08: Derived Base=120km (no SS added)
INFO - 2025-12-11 15:12:37 --> Itinerary expansion date 2026-03-08: Derived Base=120km (no SS added)
INFO - 2025-12-11 15:12:37 --> Itinerary expansion date 2026-03-08: Derived Base=120km (no SS added)
INFO - 2025-12-11 15:12:37 --> Itinerary expansion date 2026-03-09: Derived Base=0km (no SS added)
INFO - 2025-12-11 15:12:37 --> Itinerary expansion date 2026-03-09: Derived Base=0km (no SS added)
INFO - 2025-12-11 15:12:37 --> Itinerary expansion date 2026-03-09: Derived Base=0km (no SS added)
INFO - 2025-12-11 15:12:37 --> Itinerary expansion date 2026-03-09: Derived Base=0km (no SS added)
DEBUG - 2025-12-11 15:15:25 --> Session: Class initialized using 'CodeIgniter\Session\Handlers\FileHandler' driver.
INFO - 2025-12-11 15:15:25 --> Expansion date 2026-03-06: DB Total=141km, Saved SS=0km, Derived Base=141km (display base; JS adds current SS)
INFO - 2025-12-11 15:15:25 --> Expansion date 2026-03-06: DB Total=141km, Saved SS=0km, Derived Base=141km (display base; JS adds current SS)
INFO - 2025-12-11 15:15:25 --> Expansion date 2026-03-07: DB Total=141km, Saved SS=0km, Derived Base=141km (display base; JS adds current SS)
INFO - 2025-12-11 15:15:25 --> Expansion date 2026-03-07: DB Total=141km, Saved SS=0km, Derived Base=141km (display base; JS adds current SS)
INFO - 2025-12-11 15:15:25 --> Expansion date 2026-03-06: DB Total=141km, Saved SS=0km, Derived Base=141km (display base; JS adds current SS)
INFO - 2025-12-11 15:15:25 --> Expansion date 2026-03-06: DB Total=141km, Saved SS=0km, Derived Base=141km (display base; JS adds current SS)
INFO - 2025-12-11 15:15:25 --> Expansion date 2026-03-07: DB Total=141km, Saved SS=0km, Derived Base=141km (display base; JS adds current SS)
INFO - 2025-12-11 15:15:25 --> Expansion date 2026-03-07: DB Total=141km, Saved SS=0km, Derived Base=141km (display base; JS adds current SS)
INFO - 2025-12-11 15:15:25 --> Expansion date 2026-03-08: DB Total=120km, Saved SS=0km, Derived Base=120km (display base; JS adds current SS)
INFO - 2025-12-11 15:15:25 --> Expansion date 2026-03-08: DB Total=120km, Saved SS=0km, Derived Base=120km (display base; JS adds current SS)
INFO - 2025-12-11 15:15:25 --> Expansion date 2026-03-08: DB Total=120km, Saved SS=0km, Derived Base=120km (display base; JS adds current SS)
INFO - 2025-12-11 15:15:25 --> Expansion date 2026-03-08: DB Total=120km, Saved SS=0km, Derived Base=120km (display base; JS adds current SS)
INFO - 2025-12-11 15:15:25 --> Expansion date 2026-03-09: DB Total=36km, Saved SS=200km, Derived Base=0km (display base; JS adds current SS)
INFO - 2025-12-11 15:15:25 --> Expansion date 2026-03-09: DB Total=36km, Saved SS=200km, Derived Base=0km (display base; JS adds current SS)
INFO - 2025-12-11 15:15:25 --> Expansion date 2026-03-09: DB Total=36km, Saved SS=200km, Derived Base=0km (display base; JS adds current SS)
INFO - 2025-12-11 15:15:25 --> Expansion date 2026-03-09: DB Total=36km, Saved SS=200km, Derived Base=0km (display base; JS adds current SS)
INFO - 2025-12-11 15:15:25 --> Itinerary expansion date 2026-03-08: Derived Base=120km (no SS added)
INFO - 2025-12-11 15:15:25 --> Itinerary expansion date 2026-03-08: Derived Base=120km (no SS added)
INFO - 2025-12-11 15:15:25 --> Itinerary expansion date 2026-03-08: Derived Base=120km (no SS added)
INFO - 2025-12-11 15:15:25 --> Itinerary expansion date 2026-03-08: Derived Base=120km (no SS added)
INFO - 2025-12-11 15:15:25 --> Itinerary expansion date 2026-03-09: Derived Base=0km (no SS added)
INFO - 2025-12-11 15:15:25 --> Itinerary expansion date 2026-03-09: Derived Base=0km (no SS added)
INFO - 2025-12-11 15:15:25 --> Itinerary expansion date 2026-03-09: Derived Base=0km (no SS added)
INFO - 2025-12-11 15:15:25 --> Itinerary expansion date 2026-03-09: Derived Base=0km (no SS added)
DEBUG - 2025-12-11 16:54:42 --> Session: Class initialized using 'CodeIgniter\Session\Handlers\FileHandler' driver.
INFO - 2025-12-11 16:54:42 --> Expansion date 2026-03-06: DB Total=141km, Saved SS=0km, Derived Base=141km (display base; JS adds current SS)
INFO - 2025-12-11 16:54:42 --> Expansion date 2026-03-06: DB Total=141km, Saved SS=0km, Derived Base=141km (display base; JS adds current SS)
INFO - 2025-12-11 16:54:42 --> Expansion date 2026-03-07: DB Total=141km, Saved SS=0km, Derived Base=141km (display base; JS adds current SS)
INFO - 2025-12-11 16:54:42 --> Expansion date 2026-03-07: DB Total=141km, Saved SS=0km, Derived Base=141km (display base; JS adds current SS)
INFO - 2025-12-11 16:54:42 --> Expansion date 2026-03-06: DB Total=141km, Saved SS=0km, Derived Base=141km (display base; JS adds current SS)
INFO - 2025-12-11 16:54:42 --> Expansion date 2026-03-06: DB Total=141km, Saved SS=0km, Derived Base=141km (display base; JS adds current SS)
INFO - 2025-12-11 16:54:42 --> Expansion date 2026-03-07: DB Total=141km, Saved SS=0km, Derived Base=141km (display base; JS adds current SS)
INFO - 2025-12-11 16:54:42 --> Expansion date 2026-03-07: DB Total=141km, Saved SS=0km, Derived Base=141km (display base; JS adds current SS)
INFO - 2025-12-11 16:54:42 --> Expansion date 2026-03-08: DB Total=120km, Saved SS=0km, Derived Base=120km (display base; JS adds current SS)
INFO - 2025-12-11 16:54:42 --> Expansion date 2026-03-08: DB Total=120km, Saved SS=0km, Derived Base=120km (display base; JS adds current SS)
INFO - 2025-12-11 16:54:42 --> Expansion date 2026-03-08: DB Total=120km, Saved SS=0km, Derived Base=120km (display base; JS adds current SS)
INFO - 2025-12-11 16:54:42 --> Expansion date 2026-03-08: DB Total=120km, Saved SS=0km, Derived Base=120km (display base; JS adds current SS)
INFO - 2025-12-11 16:54:42 --> Expansion date 2026-03-09: DB Total=36km, Saved SS=200km, Derived Base=0km (display base; JS adds current SS)
INFO - 2025-12-11 16:54:42 --> Expansion date 2026-03-09: DB Total=36km, Saved SS=200km, Derived Base=0km (display base; JS adds current SS)
INFO - 2025-12-11 16:54:42 --> Expansion date 2026-03-09: DB Total=36km, Saved SS=200km, Derived Base=0km (display base; JS adds current SS)
INFO - 2025-12-11 16:54:42 --> Expansion date 2026-03-09: DB Total=36km, Saved SS=200km, Derived Base=0km (display base; JS adds current SS)
INFO - 2025-12-11 16:54:42 --> Itinerary expansion date 2026-03-08: Derived Base=120km (no SS added)
INFO - 2025-12-11 16:54:42 --> Itinerary expansion date 2026-03-08: Derived Base=120km (no SS added)
INFO - 2025-12-11 16:54:42 --> Itinerary expansion date 2026-03-08: Derived Base=120km (no SS added)
INFO - 2025-12-11 16:54:42 --> Itinerary expansion date 2026-03-08: Derived Base=120km (no SS added)
INFO - 2025-12-11 16:54:42 --> Itinerary expansion date 2026-03-09: Derived Base=0km (no SS added)
INFO - 2025-12-11 16:54:42 --> Itinerary expansion date 2026-03-09: Derived Base=0km (no SS added)
INFO - 2025-12-11 16:54:42 --> Itinerary expansion date 2026-03-09: Derived Base=0km (no SS added)
INFO - 2025-12-11 16:54:42 --> Itinerary expansion date 2026-03-09: Derived Base=0km (no SS added)
DEBUG - 2025-12-11 16:55:21 --> Session: Class initialized using 'CodeIgniter\Session\Handlers\FileHandler' driver.
INFO - 2025-12-11 16:55:21 --> Expansion date 2026-03-06: DB Total=141km, Saved SS=0km, Derived Base=141km (display base; JS adds current SS)
INFO - 2025-12-11 16:55:21 --> Expansion date 2026-03-06: DB Total=141km, Saved SS=0km, Derived Base=141km (display base; JS adds current SS)
INFO - 2025-12-11 16:55:21 --> Expansion date 2026-03-07: DB Total=141km, Saved SS=0km, Derived Base=141km (display base; JS adds current SS)
INFO - 2025-12-11 16:55:21 --> Expansion date 2026-03-07: DB Total=141km, Saved SS=0km, Derived Base=141km (display base; JS adds current SS)
INFO - 2025-12-11 16:55:21 --> Expansion date 2026-03-06: DB Total=141km, Saved SS=0km, Derived Base=141km (display base; JS adds current SS)
INFO - 2025-12-11 16:55:21 --> Expansion date 2026-03-06: DB Total=141km, Saved SS=0km, Derived Base=141km (display base; JS adds current SS)
INFO - 2025-12-11 16:55:21 --> Expansion date 2026-03-07: DB Total=141km, Saved SS=0km, Derived Base=141km (display base; JS adds current SS)
INFO - 2025-12-11 16:55:21 --> Expansion date 2026-03-07: DB Total=141km, Saved SS=0km, Derived Base=141km (display base; JS adds current SS)
INFO - 2025-12-11 16:55:21 --> Expansion date 2026-03-08: DB Total=120km, Saved SS=0km, Derived Base=120km (display base; JS adds current SS)
INFO - 2025-12-11 16:55:21 --> Expansion date 2026-03-08: DB Total=120km, Saved SS=0km, Derived Base=120km (display base; JS adds current SS)
INFO - 2025-12-11 16:55:21 --> Expansion date 2026-03-08: DB Total=120km, Saved SS=0km, Derived Base=120km (display base; JS adds current SS)
INFO - 2025-12-11 16:55:21 --> Expansion date 2026-03-08: DB Total=120km, Saved SS=0km, Derived Base=120km (display base; JS adds current SS)
INFO - 2025-12-11 16:55:21 --> Expansion date 2026-03-09: DB Total=36km, Saved SS=200km, Derived Base=0km (display base; JS adds current SS)
INFO - 2025-12-11 16:55:21 --> Expansion date 2026-03-09: DB Total=36km, Saved SS=200km, Derived Base=0km (display base; JS adds current SS)
INFO - 2025-12-11 16:55:21 --> Expansion date 2026-03-09: DB Total=36km, Saved SS=200km, Derived Base=0km (display base; JS adds current SS)
INFO - 2025-12-11 16:55:21 --> Expansion date 2026-03-09: DB Total=36km, Saved SS=200km, Derived Base=0km (display base; JS adds current SS)
INFO - 2025-12-11 16:55:21 --> Itinerary expansion date 2026-03-08: Derived Base=120km (no SS added)
INFO - 2025-12-11 16:55:21 --> Itinerary expansion date 2026-03-08: Derived Base=120km (no SS added)
INFO - 2025-12-11 16:55:21 --> Itinerary expansion date 2026-03-08: Derived Base=120km (no SS added)
INFO - 2025-12-11 16:55:21 --> Itinerary expansion date 2026-03-08: Derived Base=120km (no SS added)
INFO - 2025-12-11 16:55:21 --> Itinerary expansion date 2026-03-09: Derived Base=0km (no SS added)
INFO - 2025-12-11 16:55:21 --> Itinerary expansion date 2026-03-09: Derived Base=0km (no SS added)
INFO - 2025-12-11 16:55:21 --> Itinerary expansion date 2026-03-09: Derived Base=0km (no SS added)
INFO - 2025-12-11 16:55:21 --> Itinerary expansion date 2026-03-09: Derived Base=0km (no SS added)
DEBUG - 2025-12-11 16:58:06 --> Session: Class initialized using 'CodeIgniter\Session\Handlers\FileHandler' driver.
INFO - 2025-12-11 16:58:06 --> Expansion date 2026-03-06: DB Total=141km, Saved SS=0km, Derived Base=141km (display base; JS adds current SS)
INFO - 2025-12-11 16:58:06 --> Expansion date 2026-03-06: DB Total=141km, Saved SS=0km, Derived Base=141km (display base; JS adds current SS)
INFO - 2025-12-11 16:58:06 --> Expansion date 2026-03-07: DB Total=141km, Saved SS=0km, Derived Base=141km (display base; JS adds current SS)
INFO - 2025-12-11 16:58:06 --> Expansion date 2026-03-07: DB Total=141km, Saved SS=0km, Derived Base=141km (display base; JS adds current SS)
INFO - 2025-12-11 16:58:06 --> Expansion date 2026-03-06: DB Total=141km, Saved SS=0km, Derived Base=141km (display base; JS adds current SS)
INFO - 2025-12-11 16:58:06 --> Expansion date 2026-03-06: DB Total=141km, Saved SS=0km, Derived Base=141km (display base; JS adds current SS)
INFO - 2025-12-11 16:58:06 --> Expansion date 2026-03-07: DB Total=141km, Saved SS=0km, Derived Base=141km (display base; JS adds current SS)
INFO - 2025-12-11 16:58:06 --> Expansion date 2026-03-07: DB Total=141km, Saved SS=0km, Derived Base=141km (display base; JS adds current SS)
INFO - 2025-12-11 16:58:06 --> Expansion date 2026-03-08: DB Total=120km, Saved SS=0km, Derived Base=120km (display base; JS adds current SS)
INFO - 2025-12-11 16:58:06 --> Expansion date 2026-03-08: DB Total=120km, Saved SS=0km, Derived Base=120km (display base; JS adds current SS)
INFO - 2025-12-11 16:58:06 --> Expansion date 2026-03-08: DB Total=120km, Saved SS=0km, Derived Base=120km (display base; JS adds current SS)
INFO - 2025-12-11 16:58:06 --> Expansion date 2026-03-08: DB Total=120km, Saved SS=0km, Derived Base=120km (display base; JS adds current SS)
INFO - 2025-12-11 16:58:06 --> Expansion date 2026-03-09: DB Total=36km, Saved SS=200km, Derived Base=0km (display base; JS adds current SS)
INFO - 2025-12-11 16:58:06 --> Expansion date 2026-03-09: DB Total=36km, Saved SS=200km, Derived Base=0km (display base; JS adds current SS)
INFO - 2025-12-11 16:58:06 --> Expansion date 2026-03-09: DB Total=36km, Saved SS=200km, Derived Base=0km (display base; JS adds current SS)
INFO - 2025-12-11 16:58:06 --> Expansion date 2026-03-09: DB Total=36km, Saved SS=200km, Derived Base=0km (display base; JS adds current SS)
INFO - 2025-12-11 16:58:06 --> Itinerary expansion date 2026-03-08: Derived Base=120km (no SS added)
INFO - 2025-12-11 16:58:06 --> Itinerary expansion date 2026-03-08: Derived Base=120km (no SS added)
INFO - 2025-12-11 16:58:06 --> Itinerary expansion date 2026-03-08: Derived Base=120km (no SS added)
INFO - 2025-12-11 16:58:06 --> Itinerary expansion date 2026-03-08: Derived Base=120km (no SS added)
INFO - 2025-12-11 16:58:06 --> Itinerary expansion date 2026-03-09: Derived Base=0km (no SS added)
INFO - 2025-12-11 16:58:06 --> Itinerary expansion date 2026-03-09: Derived Base=0km (no SS added)
INFO - 2025-12-11 16:58:06 --> Itinerary expansion date 2026-03-09: Derived Base=0km (no SS added)
INFO - 2025-12-11 16:58:06 --> Itinerary expansion date 2026-03-09: Derived Base=0km (no SS added)
DEBUG - 2025-12-11 17:07:17 --> Session: Class initialized using 'CodeIgniter\Session\Handlers\FileHandler' driver.
INFO - 2025-12-11 17:07:17 --> Expansion date 2026-03-06: DB Total=141km, Saved SS=0km, Derived Base=141km (display base; JS adds current SS)
INFO - 2025-12-11 17:07:17 --> Expansion date 2026-03-06: DB Total=141km, Saved SS=0km, Derived Base=141km (display base; JS adds current SS)
INFO - 2025-12-11 17:07:17 --> Expansion date 2026-03-07: DB Total=141km, Saved SS=0km, Derived Base=141km (display base; JS adds current SS)
INFO - 2025-12-11 17:07:17 --> Expansion date 2026-03-07: DB Total=141km, Saved SS=0km, Derived Base=141km (display base; JS adds current SS)
INFO - 2025-12-11 17:07:17 --> Expansion date 2026-03-06: DB Total=141km, Saved SS=0km, Derived Base=141km (display base; JS adds current SS)
INFO - 2025-12-11 17:07:17 --> Expansion date 2026-03-06: DB Total=141km, Saved SS=0km, Derived Base=141km (display base; JS adds current SS)
INFO - 2025-12-11 17:07:17 --> Expansion date 2026-03-07: DB Total=141km, Saved SS=0km, Derived Base=141km (display base; JS adds current SS)
INFO - 2025-12-11 17:07:17 --> Expansion date 2026-03-07: DB Total=141km, Saved SS=0km, Derived Base=141km (display base; JS adds current SS)
INFO - 2025-12-11 17:07:17 --> Expansion date 2026-03-08: DB Total=120km, Saved SS=0km, Derived Base=120km (display base; JS adds current SS)
INFO - 2025-12-11 17:07:17 --> Expansion date 2026-03-08: DB Total=120km, Saved SS=0km, Derived Base=120km (display base; JS adds current SS)
INFO - 2025-12-11 17:07:17 --> Expansion date 2026-03-08: DB Total=120km, Saved SS=0km, Derived Base=120km (display base; JS adds current SS)
INFO - 2025-12-11 17:07:17 --> Expansion date 2026-03-08: DB Total=120km, Saved SS=0km, Derived Base=120km (display base; JS adds current SS)
INFO - 2025-12-11 17:07:17 --> Expansion date 2026-03-09: DB Total=36km, Saved SS=200km, Derived Base=0km (display base; JS adds current SS)
INFO - 2025-12-11 17:07:17 --> Expansion date 2026-03-09: DB Total=36km, Saved SS=200km, Derived Base=0km (display base; JS adds current SS)
INFO - 2025-12-11 17:07:17 --> Expansion date 2026-03-09: DB Total=36km, Saved SS=200km, Derived Base=0km (display base; JS adds current SS)
INFO - 2025-12-11 17:07:17 --> Expansion date 2026-03-09: DB Total=36km, Saved SS=200km, Derived Base=0km (display base; JS adds current SS)
INFO - 2025-12-11 17:07:17 --> Itinerary expansion date 2026-03-08: Derived Base=120km (no SS added)
INFO - 2025-12-11 17:07:17 --> Itinerary expansion date 2026-03-08: Derived Base=120km (no SS added)
INFO - 2025-12-11 17:07:17 --> Itinerary expansion date 2026-03-08: Derived Base=120km (no SS added)
INFO - 2025-12-11 17:07:17 --> Itinerary expansion date 2026-03-08: Derived Base=120km (no SS added)
INFO - 2025-12-11 17:07:17 --> Itinerary expansion date 2026-03-09: Derived Base=0km (no SS added)
INFO - 2025-12-11 17:07:17 --> Itinerary expansion date 2026-03-09: Derived Base=0km (no SS added)
INFO - 2025-12-11 17:07:17 --> Itinerary expansion date 2026-03-09: Derived Base=0km (no SS added)
INFO - 2025-12-11 17:07:17 --> Itinerary expansion date 2026-03-09: Derived Base=0km (no SS added)
DEBUG - 2025-12-11 17:07:39 --> Session: Class initialized using 'CodeIgniter\Session\Handlers\FileHandler' driver.
INFO - 2025-12-11 17:07:39 --> Expansion date 2026-03-06: DB Total=141km, Saved SS=0km, Derived Base=141km (display base; JS adds current SS)
INFO - 2025-12-11 17:07:39 --> Expansion date 2026-03-06: DB Total=141km, Saved SS=0km, Derived Base=141km (display base; JS adds current SS)
INFO - 2025-12-11 17:07:39 --> Expansion date 2026-03-07: DB Total=141km, Saved SS=0km, Derived Base=141km (display base; JS adds current SS)
INFO - 2025-12-11 17:07:39 --> Expansion date 2026-03-07: DB Total=141km, Saved SS=0km, Derived Base=141km (display base; JS adds current SS)
INFO - 2025-12-11 17:07:39 --> Expansion date 2026-03-06: DB Total=141km, Saved SS=0km, Derived Base=141km (display base; JS adds current SS)
INFO - 2025-12-11 17:07:39 --> Expansion date 2026-03-06: DB Total=141km, Saved SS=0km, Derived Base=141km (display base; JS adds current SS)
INFO - 2025-12-11 17:07:39 --> Expansion date 2026-03-07: DB Total=141km, Saved SS=0km, Derived Base=141km (display base; JS adds current SS)
INFO - 2025-12-11 17:07:39 --> Expansion date 2026-03-07: DB Total=141km, Saved SS=0km, Derived Base=141km (display base; JS adds current SS)
INFO - 2025-12-11 17:07:39 --> Expansion date 2026-03-08: DB Total=120km, Saved SS=0km, Derived Base=120km (display base; JS adds current SS)
INFO - 2025-12-11 17:07:39 --> Expansion date 2026-03-08: DB Total=120km, Saved SS=0km, Derived Base=120km (display base; JS adds current SS)
INFO - 2025-12-11 17:07:39 --> Expansion date 2026-03-08: DB Total=120km, Saved SS=0km, Derived Base=120km (display base; JS adds current SS)
INFO - 2025-12-11 17:07:39 --> Expansion date 2026-03-08: DB Total=120km, Saved SS=0km, Derived Base=120km (display base; JS adds current SS)
INFO - 2025-12-11 17:07:39 --> Expansion date 2026-03-09: DB Total=36km, Saved SS=200km, Derived Base=0km (display base; JS adds current SS)
INFO - 2025-12-11 17:07:39 --> Expansion date 2026-03-09: DB Total=36km, Saved SS=200km, Derived Base=0km (display base; JS adds current SS)
INFO - 2025-12-11 17:07:39 --> Expansion date 2026-03-09: DB Total=36km, Saved SS=200km, Derived Base=0km (display base; JS adds current SS)
INFO - 2025-12-11 17:07:39 --> Expansion date 2026-03-09: DB Total=36km, Saved SS=200km, Derived Base=0km (display base; JS adds current SS)
INFO - 2025-12-11 17:07:39 --> Itinerary expansion date 2026-03-08: Derived Base=120km (no SS added)
INFO - 2025-12-11 17:07:39 --> Itinerary expansion date 2026-03-08: Derived Base=120km (no SS added)
INFO - 2025-12-11 17:07:39 --> Itinerary expansion date 2026-03-08: Derived Base=120km (no SS added)
INFO - 2025-12-11 17:07:39 --> Itinerary expansion date 2026-03-08: Derived Base=120km (no SS added)
INFO - 2025-12-11 17:07:39 --> Itinerary expansion date 2026-03-09: Derived Base=0km (no SS added)
INFO - 2025-12-11 17:07:39 --> Itinerary expansion date 2026-03-09: Derived Base=0km (no SS added)
INFO - 2025-12-11 17:07:39 --> Itinerary expansion date 2026-03-09: Derived Base=0km (no SS added)
INFO - 2025-12-11 17:07:39 --> Itinerary expansion date 2026-03-09: Derived Base=0km (no SS added)
DEBUG - 2025-12-11 17:09:23 --> Session: Class initialized using 'CodeIgniter\Session\Handlers\FileHandler' driver.
INFO - 2025-12-11 17:09:23 --> Expansion date 2026-03-06: DB Total=141km, Saved SS=0km, Derived Base=141km (display base; JS adds current SS)
INFO - 2025-12-11 17:09:23 --> Expansion date 2026-03-06: DB Total=141km, Saved SS=0km, Derived Base=141km (display base; JS adds current SS)
INFO - 2025-12-11 17:09:23 --> Expansion date 2026-03-07: DB Total=141km, Saved SS=0km, Derived Base=141km (display base; JS adds current SS)
INFO - 2025-12-11 17:09:23 --> Expansion date 2026-03-07: DB Total=141km, Saved SS=0km, Derived Base=141km (display base; JS adds current SS)
INFO - 2025-12-11 17:09:23 --> Expansion date 2026-03-06: DB Total=141km, Saved SS=0km, Derived Base=141km (display base; JS adds current SS)
INFO - 2025-12-11 17:09:23 --> Expansion date 2026-03-06: DB Total=141km, Saved SS=0km, Derived Base=141km (display base; JS adds current SS)
INFO - 2025-12-11 17:09:23 --> Expansion date 2026-03-07: DB Total=141km, Saved SS=0km, Derived Base=141km (display base; JS adds current SS)
INFO - 2025-12-11 17:09:23 --> Expansion date 2026-03-07: DB Total=141km, Saved SS=0km, Derived Base=141km (display base; JS adds current SS)
INFO - 2025-12-11 17:09:23 --> Expansion date 2026-03-08: DB Total=120km, Saved SS=0km, Derived Base=120km (display base; JS adds current SS)
INFO - 2025-12-11 17:09:23 --> Expansion date 2026-03-08: DB Total=120km, Saved SS=0km, Derived Base=120km (display base; JS adds current SS)
INFO - 2025-12-11 17:09:23 --> Expansion date 2026-03-08: DB Total=120km, Saved SS=0km, Derived Base=120km (display base; JS adds current SS)
INFO - 2025-12-11 17:09:23 --> Expansion date 2026-03-08: DB Total=120km, Saved SS=0km, Derived Base=120km (display base; JS adds current SS)
INFO - 2025-12-11 17:09:23 --> Expansion date 2026-03-09: DB Total=36km, Saved SS=200km, Derived Base=0km (display base; JS adds current SS)
INFO - 2025-12-11 17:09:23 --> Expansion date 2026-03-09: DB Total=36km, Saved SS=200km, Derived Base=0km (display base; JS adds current SS)
INFO - 2025-12-11 17:09:23 --> Expansion date 2026-03-09: DB Total=36km, Saved SS=200km, Derived Base=0km (display base; JS adds current SS)
INFO - 2025-12-11 17:09:23 --> Expansion date 2026-03-09: DB Total=36km, Saved SS=200km, Derived Base=0km (display base; JS adds current SS)
INFO - 2025-12-11 17:09:23 --> Itinerary expansion date 2026-03-08: Derived Base=120km (no SS added)
INFO - 2025-12-11 17:09:23 --> Itinerary expansion date 2026-03-08: Derived Base=120km (no SS added)
INFO - 2025-12-11 17:09:23 --> Itinerary expansion date 2026-03-08: Derived Base=120km (no SS added)
INFO - 2025-12-11 17:09:23 --> Itinerary expansion date 2026-03-08: Derived Base=120km (no SS added)
INFO - 2025-12-11 17:09:23 --> Itinerary expansion date 2026-03-09: Derived Base=0km (no SS added)
INFO - 2025-12-11 17:09:23 --> Itinerary expansion date 2026-03-09: Derived Base=0km (no SS added)
INFO - 2025-12-11 17:09:23 --> Itinerary expansion date 2026-03-09: Derived Base=0km (no SS added)
INFO - 2025-12-11 17:09:23 --> Itinerary expansion date 2026-03-09: Derived Base=0km (no SS added)
DEBUG - 2025-12-11 17:35:17 --> Session: Class initialized using 'CodeIgniter\Session\Handlers\FileHandler' driver.
INFO - 2025-12-11 17:35:18 --> Expansion date 2026-03-06: DB Total=141km, Saved SS=0km, Derived Base=141km (display base; JS adds current SS)
INFO - 2025-12-11 17:35:18 --> Expansion date 2026-03-06: DB Total=141km, Saved SS=0km, Derived Base=141km (display base; JS adds current SS)
INFO - 2025-12-11 17:35:18 --> Expansion date 2026-03-07: DB Total=141km, Saved SS=0km, Derived Base=141km (display base; JS adds current SS)
INFO - 2025-12-11 17:35:18 --> Expansion date 2026-03-07: DB Total=141km, Saved SS=0km, Derived Base=141km (display base; JS adds current SS)
INFO - 2025-12-11 17:35:18 --> Expansion date 2026-03-06: DB Total=141km, Saved SS=0km, Derived Base=141km (display base; JS adds current SS)
INFO - 2025-12-11 17:35:18 --> Expansion date 2026-03-06: DB Total=141km, Saved SS=0km, Derived Base=141km (display base; JS adds current SS)
INFO - 2025-12-11 17:35:18 --> Expansion date 2026-03-07: DB Total=141km, Saved SS=0km, Derived Base=141km (display base; JS adds current SS)
INFO - 2025-12-11 17:35:18 --> Expansion date 2026-03-07: DB Total=141km, Saved SS=0km, Derived Base=141km (display base; JS adds current SS)
INFO - 2025-12-11 17:35:18 --> Expansion date 2026-03-08: DB Total=120km, Saved SS=0km, Derived Base=120km (display base; JS adds current SS)
INFO - 2025-12-11 17:35:18 --> Expansion date 2026-03-08: DB Total=120km, Saved SS=0km, Derived Base=120km (display base; JS adds current SS)
INFO - 2025-12-11 17:35:18 --> Expansion date 2026-03-08: DB Total=120km, Saved SS=0km, Derived Base=120km (display base; JS adds current SS)
INFO - 2025-12-11 17:35:18 --> Expansion date 2026-03-08: DB Total=120km, Saved SS=0km, Derived Base=120km (display base; JS adds current SS)
INFO - 2025-12-11 17:35:18 --> Expansion date 2026-03-09: DB Total=36km, Saved SS=200km, Derived Base=0km (display base; JS adds current SS)
INFO - 2025-12-11 17:35:18 --> Expansion date 2026-03-09: DB Total=36km, Saved SS=200km, Derived Base=0km (display base; JS adds current SS)
INFO - 2025-12-11 17:35:18 --> Expansion date 2026-03-09: DB Total=36km, Saved SS=200km, Derived Base=0km (display base; JS adds current SS)
INFO - 2025-12-11 17:35:18 --> Expansion date 2026-03-09: DB Total=36km, Saved SS=200km, Derived Base=0km (display base; JS adds current SS)
INFO - 2025-12-11 17:35:18 --> Itinerary expansion date 2026-03-08: Derived Base=120km (no SS added)
INFO - 2025-12-11 17:35:18 --> Itinerary expansion date 2026-03-08: Derived Base=120km (no SS added)
INFO - 2025-12-11 17:35:18 --> Itinerary expansion date 2026-03-08: Derived Base=120km (no SS added)
INFO - 2025-12-11 17:35:18 --> Itinerary expansion date 2026-03-08: Derived Base=120km (no SS added)
INFO - 2025-12-11 17:35:18 --> Itinerary expansion date 2026-03-09: Derived Base=0km (no SS added)
INFO - 2025-12-11 17:35:18 --> Itinerary expansion date 2026-03-09: Derived Base=0km (no SS added)
INFO - 2025-12-11 17:35:18 --> Itinerary expansion date 2026-03-09: Derived Base=0km (no SS added)
INFO - 2025-12-11 17:35:18 --> Itinerary expansion date 2026-03-09: Derived Base=0km (no SS added)
DEBUG - 2025-12-11 17:43:33 --> Session: Class initialized using 'CodeIgniter\Session\Handlers\FileHandler' driver.
INFO - 2025-12-11 17:43:33 --> Expansion date 2026-03-06: DB Total=141km, Saved SS=0km, Derived Base=141km (display base; JS adds current SS)
INFO - 2025-12-11 17:43:33 --> Expansion date 2026-03-06: DB Total=141km, Saved SS=0km, Derived Base=141km (display base; JS adds current SS)
INFO - 2025-12-11 17:43:33 --> Expansion date 2026-03-07: DB Total=141km, Saved SS=0km, Derived Base=141km (display base; JS adds current SS)
INFO - 2025-12-11 17:43:33 --> Expansion date 2026-03-07: DB Total=141km, Saved SS=0km, Derived Base=141km (display base; JS adds current SS)
INFO - 2025-12-11 17:43:33 --> Expansion date 2026-03-06: DB Total=141km, Saved SS=0km, Derived Base=141km (display base; JS adds current SS)
INFO - 2025-12-11 17:43:33 --> Expansion date 2026-03-06: DB Total=141km, Saved SS=0km, Derived Base=141km (display base; JS adds current SS)
INFO - 2025-12-11 17:43:33 --> Expansion date 2026-03-07: DB Total=141km, Saved SS=0km, Derived Base=141km (display base; JS adds current SS)
INFO - 2025-12-11 17:43:33 --> Expansion date 2026-03-07: DB Total=141km, Saved SS=0km, Derived Base=141km (display base; JS adds current SS)
INFO - 2025-12-11 17:43:33 --> Expansion date 2026-03-08: DB Total=120km, Saved SS=0km, Derived Base=120km (display base; JS adds current SS)
INFO - 2025-12-11 17:43:33 --> Expansion date 2026-03-08: DB Total=120km, Saved SS=0km, Derived Base=120km (display base; JS adds current SS)
INFO - 2025-12-11 17:43:33 --> Expansion date 2026-03-08: DB Total=120km, Saved SS=0km, Derived Base=120km (display base; JS adds current SS)
INFO - 2025-12-11 17:43:33 --> Expansion date 2026-03-08: DB Total=120km, Saved SS=0km, Derived Base=120km (display base; JS adds current SS)
INFO - 2025-12-11 17:43:33 --> Expansion date 2026-03-09: DB Total=36km, Saved SS=200km, Derived Base=0km (display base; JS adds current SS)
INFO - 2025-12-11 17:43:33 --> Expansion date 2026-03-09: DB Total=36km, Saved SS=200km, Derived Base=0km (display base; JS adds current SS)
INFO - 2025-12-11 17:43:33 --> Expansion date 2026-03-09: DB Total=36km, Saved SS=200km, Derived Base=0km (display base; JS adds current SS)
INFO - 2025-12-11 17:43:33 --> Expansion date 2026-03-09: DB Total=36km, Saved SS=200km, Derived Base=0km (display base; JS adds current SS)
INFO - 2025-12-11 17:43:33 --> Itinerary expansion date 2026-03-08: Derived Base=120km (no SS added)
INFO - 2025-12-11 17:43:33 --> Itinerary expansion date 2026-03-08: Derived Base=120km (no SS added)
INFO - 2025-12-11 17:43:33 --> Itinerary expansion date 2026-03-08: Derived Base=120km (no SS added)
INFO - 2025-12-11 17:43:33 --> Itinerary expansion date 2026-03-08: Derived Base=120km (no SS added)
INFO - 2025-12-11 17:43:33 --> Itinerary expansion date 2026-03-09: Derived Base=0km (no SS added)
INFO - 2025-12-11 17:43:33 --> Itinerary expansion date 2026-03-09: Derived Base=0km (no SS added)
INFO - 2025-12-11 17:43:33 --> Itinerary expansion date 2026-03-09: Derived Base=0km (no SS added)
INFO - 2025-12-11 17:43:33 --> Itinerary expansion date 2026-03-09: Derived Base=0km (no SS added)
DEBUG - 2025-12-11 17:57:32 --> Session: Class initialized using 'CodeIgniter\Session\Handlers\FileHandler' driver.
INFO - 2025-12-11 17:57:32 --> Expansion date 2026-03-06: DB Total=141km, Saved SS=0km, Derived Base=141km (display base; JS adds current SS)
INFO - 2025-12-11 17:57:32 --> Expansion date 2026-03-06: DB Total=141km, Saved SS=0km, Derived Base=141km (display base; JS adds current SS)
INFO - 2025-12-11 17:57:32 --> Expansion date 2026-03-07: DB Total=141km, Saved SS=0km, Derived Base=141km (display base; JS adds current SS)
INFO - 2025-12-11 17:57:32 --> Expansion date 2026-03-07: DB Total=141km, Saved SS=0km, Derived Base=141km (display base; JS adds current SS)
INFO - 2025-12-11 17:57:32 --> Expansion date 2026-03-06: DB Total=141km, Saved SS=0km, Derived Base=141km (display base; JS adds current SS)
INFO - 2025-12-11 17:57:32 --> Expansion date 2026-03-06: DB Total=141km, Saved SS=0km, Derived Base=141km (display base; JS adds current SS)
INFO - 2025-12-11 17:57:32 --> Expansion date 2026-03-07: DB Total=141km, Saved SS=0km, Derived Base=141km (display base; JS adds current SS)
INFO - 2025-12-11 17:57:32 --> Expansion date 2026-03-07: DB Total=141km, Saved SS=0km, Derived Base=141km (display base; JS adds current SS)
INFO - 2025-12-11 17:57:32 --> Expansion date 2026-03-08: DB Total=120km, Saved SS=0km, Derived Base=120km (display base; JS adds current SS)
INFO - 2025-12-11 17:57:32 --> Expansion date 2026-03-08: DB Total=120km, Saved SS=0km, Derived Base=120km (display base; JS adds current SS)
INFO - 2025-12-11 17:57:32 --> Expansion date 2026-03-08: DB Total=120km, Saved SS=0km, Derived Base=120km (display base; JS adds current SS)
INFO - 2025-12-11 17:57:32 --> Expansion date 2026-03-08: DB Total=120km, Saved SS=0km, Derived Base=120km (display base; JS adds current SS)
INFO - 2025-12-11 17:57:32 --> Expansion date 2026-03-09: DB Total=36km, Saved SS=200km, Derived Base=0km (display base; JS adds current SS)
INFO - 2025-12-11 17:57:32 --> Expansion date 2026-03-09: DB Total=36km, Saved SS=200km, Derived Base=0km (display base; JS adds current SS)
INFO - 2025-12-11 17:57:32 --> Expansion date 2026-03-09: DB Total=36km, Saved SS=200km, Derived Base=0km (display base; JS adds current SS)
INFO - 2025-12-11 17:57:32 --> Expansion date 2026-03-09: DB Total=36km, Saved SS=200km, Derived Base=0km (display base; JS adds current SS)
INFO - 2025-12-11 17:57:32 --> Itinerary expansion date 2026-03-08: Derived Base=120km (no SS added)
INFO - 2025-12-11 17:57:32 --> Itinerary expansion date 2026-03-08: Derived Base=120km (no SS added)
INFO - 2025-12-11 17:57:32 --> Itinerary expansion date 2026-03-08: Derived Base=120km (no SS added)
INFO - 2025-12-11 17:57:32 --> Itinerary expansion date 2026-03-08: Derived Base=120km (no SS added)
INFO - 2025-12-11 17:57:32 --> Itinerary expansion date 2026-03-09: Derived Base=0km (no SS added)
INFO - 2025-12-11 17:57:32 --> Itinerary expansion date 2026-03-09: Derived Base=0km (no SS added)
INFO - 2025-12-11 17:57:32 --> Itinerary expansion date 2026-03-09: Derived Base=0km (no SS added)
INFO - 2025-12-11 17:57:32 --> Itinerary expansion date 2026-03-09: Derived Base=0km (no SS added)
CRITICAL - 2025-12-11 17:57:32 --> ParseError: syntax error, unexpected token "<", expecting end of file
[Method: GET, Route: Enquiry/itinerary/2824/1]
in APPPATH\Views\enquiry\itinerary_view.php on line 3452.
 1 SYSTEMPATH\View\View.php(237): CodeIgniter\View\View->CodeIgniter\View\{closure}()
 2 SYSTEMPATH\Common.php(1171): CodeIgniter\View\View->render('enquiry/itinerary_view', [], true)
 3 APPPATH\Controllers\Enquiry.php(6708): view('enquiry/itinerary_view', [...])
 4 SYSTEMPATH\CodeIgniter.php(933): App\Controllers\Enquiry->itinerary('2824', '1')
 5 SYSTEMPATH\CodeIgniter.php(509): CodeIgniter\CodeIgniter->runController(Object(App\Controllers\Enquiry))
 6 SYSTEMPATH\CodeIgniter.php(355): CodeIgniter\CodeIgniter->handleRequest(null, Object(Config\Cache), false)
 7 SYSTEMPATH\Boot.php(334): CodeIgniter\CodeIgniter->run()
 8 SYSTEMPATH\Boot.php(67): CodeIgniter\Boot::runCodeIgniter(Object(CodeIgniter\CodeIgniter))
 9 FCPATH\index.php(56): CodeIgniter\Boot::bootWeb(Object(Config\Paths))
DEBUG - 2025-12-11 17:57:44 --> Session: Class initialized using 'CodeIgniter\Session\Handlers\FileHandler' driver.
INFO - 2025-12-11 17:57:44 --> Expansion date 2026-03-06: DB Total=141km, Saved SS=0km, Derived Base=141km (display base; JS adds current SS)
INFO - 2025-12-11 17:57:44 --> Expansion date 2026-03-06: DB Total=141km, Saved SS=0km, Derived Base=141km (display base; JS adds current SS)
INFO - 2025-12-11 17:57:44 --> Expansion date 2026-03-07: DB Total=141km, Saved SS=0km, Derived Base=141km (display base; JS adds current SS)
INFO - 2025-12-11 17:57:44 --> Expansion date 2026-03-07: DB Total=141km, Saved SS=0km, Derived Base=141km (display base; JS adds current SS)
INFO - 2025-12-11 17:57:44 --> Expansion date 2026-03-06: DB Total=141km, Saved SS=0km, Derived Base=141km (display base; JS adds current SS)
INFO - 2025-12-11 17:57:44 --> Expansion date 2026-03-06: DB Total=141km, Saved SS=0km, Derived Base=141km (display base; JS adds current SS)
INFO - 2025-12-11 17:57:44 --> Expansion date 2026-03-07: DB Total=141km, Saved SS=0km, Derived Base=141km (display base; JS adds current SS)
INFO - 2025-12-11 17:57:44 --> Expansion date 2026-03-07: DB Total=141km, Saved SS=0km, Derived Base=141km (display base; JS adds current SS)
INFO - 2025-12-11 17:57:44 --> Expansion date 2026-03-08: DB Total=120km, Saved SS=0km, Derived Base=120km (display base; JS adds current SS)
INFO - 2025-12-11 17:57:44 --> Expansion date 2026-03-08: DB Total=120km, Saved SS=0km, Derived Base=120km (display base; JS adds current SS)
INFO - 2025-12-11 17:57:44 --> Expansion date 2026-03-08: DB Total=120km, Saved SS=0km, Derived Base=120km (display base; JS adds current SS)
INFO - 2025-12-11 17:57:44 --> Expansion date 2026-03-08: DB Total=120km, Saved SS=0km, Derived Base=120km (display base; JS adds current SS)
INFO - 2025-12-11 17:57:44 --> Expansion date 2026-03-09: DB Total=36km, Saved SS=200km, Derived Base=0km (display base; JS adds current SS)
INFO - 2025-12-11 17:57:44 --> Expansion date 2026-03-09: DB Total=36km, Saved SS=200km, Derived Base=0km (display base; JS adds current SS)
INFO - 2025-12-11 17:57:44 --> Expansion date 2026-03-09: DB Total=36km, Saved SS=200km, Derived Base=0km (display base; JS adds current SS)
INFO - 2025-12-11 17:57:44 --> Expansion date 2026-03-09: DB Total=36km, Saved SS=200km, Derived Base=0km (display base; JS adds current SS)
INFO - 2025-12-11 17:57:44 --> Itinerary expansion date 2026-03-08: Derived Base=120km (no SS added)
INFO - 2025-12-11 17:57:44 --> Itinerary expansion date 2026-03-08: Derived Base=120km (no SS added)
INFO - 2025-12-11 17:57:44 --> Itinerary expansion date 2026-03-08: Derived Base=120km (no SS added)
INFO - 2025-12-11 17:57:44 --> Itinerary expansion date 2026-03-08: Derived Base=120km (no SS added)
INFO - 2025-12-11 17:57:44 --> Itinerary expansion date 2026-03-09: Derived Base=0km (no SS added)
INFO - 2025-12-11 17:57:44 --> Itinerary expansion date 2026-03-09: Derived Base=0km (no SS added)
INFO - 2025-12-11 17:57:44 --> Itinerary expansion date 2026-03-09: Derived Base=0km (no SS added)
INFO - 2025-12-11 17:57:44 --> Itinerary expansion date 2026-03-09: Derived Base=0km (no SS added)
DEBUG - 2025-12-11 17:58:02 --> Session: Class initialized using 'CodeIgniter\Session\Handlers\FileHandler' driver.
INFO - 2025-12-11 17:58:02 --> Expansion date 2026-03-06: DB Total=141km, Saved SS=0km, Derived Base=141km (display base; JS adds current SS)
INFO - 2025-12-11 17:58:02 --> Expansion date 2026-03-06: DB Total=141km, Saved SS=0km, Derived Base=141km (display base; JS adds current SS)
INFO - 2025-12-11 17:58:02 --> Expansion date 2026-03-07: DB Total=141km, Saved SS=0km, Derived Base=141km (display base; JS adds current SS)
INFO - 2025-12-11 17:58:02 --> Expansion date 2026-03-07: DB Total=141km, Saved SS=0km, Derived Base=141km (display base; JS adds current SS)
INFO - 2025-12-11 17:58:02 --> Expansion date 2026-03-06: DB Total=141km, Saved SS=0km, Derived Base=141km (display base; JS adds current SS)
INFO - 2025-12-11 17:58:02 --> Expansion date 2026-03-06: DB Total=141km, Saved SS=0km, Derived Base=141km (display base; JS adds current SS)
INFO - 2025-12-11 17:58:02 --> Expansion date 2026-03-07: DB Total=141km, Saved SS=0km, Derived Base=141km (display base; JS adds current SS)
INFO - 2025-12-11 17:58:02 --> Expansion date 2026-03-07: DB Total=141km, Saved SS=0km, Derived Base=141km (display base; JS adds current SS)
INFO - 2025-12-11 17:58:02 --> Expansion date 2026-03-08: DB Total=120km, Saved SS=0km, Derived Base=120km (display base; JS adds current SS)
INFO - 2025-12-11 17:58:02 --> Expansion date 2026-03-08: DB Total=120km, Saved SS=0km, Derived Base=120km (display base; JS adds current SS)
INFO - 2025-12-11 17:58:02 --> Expansion date 2026-03-08: DB Total=120km, Saved SS=0km, Derived Base=120km (display base; JS adds current SS)
INFO - 2025-12-11 17:58:02 --> Expansion date 2026-03-08: DB Total=120km, Saved SS=0km, Derived Base=120km (display base; JS adds current SS)
INFO - 2025-12-11 17:58:02 --> Expansion date 2026-03-09: DB Total=36km, Saved SS=200km, Derived Base=0km (display base; JS adds current SS)
INFO - 2025-12-11 17:58:02 --> Expansion date 2026-03-09: DB Total=36km, Saved SS=200km, Derived Base=0km (display base; JS adds current SS)
INFO - 2025-12-11 17:58:02 --> Expansion date 2026-03-09: DB Total=36km, Saved SS=200km, Derived Base=0km (display base; JS adds current SS)
INFO - 2025-12-11 17:58:02 --> Expansion date 2026-03-09: DB Total=36km, Saved SS=200km, Derived Base=0km (display base; JS adds current SS)
INFO - 2025-12-11 17:58:02 --> Itinerary expansion date 2026-03-08: Derived Base=120km (no SS added)
INFO - 2025-12-11 17:58:02 --> Itinerary expansion date 2026-03-08: Derived Base=120km (no SS added)
INFO - 2025-12-11 17:58:02 --> Itinerary expansion date 2026-03-08: Derived Base=120km (no SS added)
INFO - 2025-12-11 17:58:02 --> Itinerary expansion date 2026-03-08: Derived Base=120km (no SS added)
INFO - 2025-12-11 17:58:02 --> Itinerary expansion date 2026-03-09: Derived Base=0km (no SS added)
INFO - 2025-12-11 17:58:02 --> Itinerary expansion date 2026-03-09: Derived Base=0km (no SS added)
INFO - 2025-12-11 17:58:02 --> Itinerary expansion date 2026-03-09: Derived Base=0km (no SS added)
INFO - 2025-12-11 17:58:02 --> Itinerary expansion date 2026-03-09: Derived Base=0km (no SS added)
CRITICAL - 2025-12-11 17:58:08 --> ParseError: syntax error, unexpected token "<", expecting end of file
[Method: GET, Route: Enquiry/itinerary/2824/1]
in APPPATH\Views\enquiry\itinerary_view.php on line 3452.
 1 SYSTEMPATH\View\View.php(237): CodeIgniter\View\View->CodeIgniter\View\{closure}()
 2 SYSTEMPATH\Common.php(1171): CodeIgniter\View\View->render('enquiry/itinerary_view', [], true)
 3 APPPATH\Controllers\Enquiry.php(6708): view('enquiry/itinerary_view', [...])
 4 SYSTEMPATH\CodeIgniter.php(933): App\Controllers\Enquiry->itinerary('2824', '1')
 5 SYSTEMPATH\CodeIgniter.php(509): CodeIgniter\CodeIgniter->runController(Object(App\Controllers\Enquiry))
 6 SYSTEMPATH\CodeIgniter.php(355): CodeIgniter\CodeIgniter->handleRequest(null, Object(Config\Cache), false)
 7 SYSTEMPATH\Boot.php(334): CodeIgniter\CodeIgniter->run()
 8 SYSTEMPATH\Boot.php(67): CodeIgniter\Boot::runCodeIgniter(Object(CodeIgniter\CodeIgniter))
 9 FCPATH\index.php(56): CodeIgniter\Boot::bootWeb(Object(Config\Paths))
DEBUG - 2025-12-11 17:58:19 --> Session: Class initialized using 'CodeIgniter\Session\Handlers\FileHandler' driver.
INFO - 2025-12-11 17:58:19 --> Expansion date 2026-03-06: DB Total=141km, Saved SS=0km, Derived Base=141km (display base; JS adds current SS)
INFO - 2025-12-11 17:58:19 --> Expansion date 2026-03-06: DB Total=141km, Saved SS=0km, Derived Base=141km (display base; JS adds current SS)
INFO - 2025-12-11 17:58:19 --> Expansion date 2026-03-07: DB Total=141km, Saved SS=0km, Derived Base=141km (display base; JS adds current SS)
INFO - 2025-12-11 17:58:19 --> Expansion date 2026-03-07: DB Total=141km, Saved SS=0km, Derived Base=141km (display base; JS adds current SS)
INFO - 2025-12-11 17:58:19 --> Expansion date 2026-03-06: DB Total=141km, Saved SS=0km, Derived Base=141km (display base; JS adds current SS)
INFO - 2025-12-11 17:58:19 --> Expansion date 2026-03-06: DB Total=141km, Saved SS=0km, Derived Base=141km (display base; JS adds current SS)
INFO - 2025-12-11 17:58:19 --> Expansion date 2026-03-07: DB Total=141km, Saved SS=0km, Derived Base=141km (display base; JS adds current SS)
INFO - 2025-12-11 17:58:19 --> Expansion date 2026-03-07: DB Total=141km, Saved SS=0km, Derived Base=141km (display base; JS adds current SS)
INFO - 2025-12-11 17:58:19 --> Expansion date 2026-03-08: DB Total=120km, Saved SS=0km, Derived Base=120km (display base; JS adds current SS)
INFO - 2025-12-11 17:58:19 --> Expansion date 2026-03-08: DB Total=120km, Saved SS=0km, Derived Base=120km (display base; JS adds current SS)
INFO - 2025-12-11 17:58:19 --> Expansion date 2026-03-08: DB Total=120km, Saved SS=0km, Derived Base=120km (display base; JS adds current SS)
INFO - 2025-12-11 17:58:19 --> Expansion date 2026-03-08: DB Total=120km, Saved SS=0km, Derived Base=120km (display base; JS adds current SS)
INFO - 2025-12-11 17:58:19 --> Expansion date 2026-03-09: DB Total=36km, Saved SS=200km, Derived Base=0km (display base; JS adds current SS)
INFO - 2025-12-11 17:58:19 --> Expansion date 2026-03-09: DB Total=36km, Saved SS=200km, Derived Base=0km (display base; JS adds current SS)
INFO - 2025-12-11 17:58:19 --> Expansion date 2026-03-09: DB Total=36km, Saved SS=200km, Derived Base=0km (display base; JS adds current SS)
INFO - 2025-12-11 17:58:19 --> Expansion date 2026-03-09: DB Total=36km, Saved SS=200km, Derived Base=0km (display base; JS adds current SS)
INFO - 2025-12-11 17:58:19 --> Itinerary expansion date 2026-03-08: Derived Base=120km (no SS added)
INFO - 2025-12-11 17:58:19 --> Itinerary expansion date 2026-03-08: Derived Base=120km (no SS added)
INFO - 2025-12-11 17:58:19 --> Itinerary expansion date 2026-03-08: Derived Base=120km (no SS added)
INFO - 2025-12-11 17:58:19 --> Itinerary expansion date 2026-03-08: Derived Base=120km (no SS added)
INFO - 2025-12-11 17:58:19 --> Itinerary expansion date 2026-03-09: Derived Base=0km (no SS added)
INFO - 2025-12-11 17:58:19 --> Itinerary expansion date 2026-03-09: Derived Base=0km (no SS added)
INFO - 2025-12-11 17:58:19 --> Itinerary expansion date 2026-03-09: Derived Base=0km (no SS added)
INFO - 2025-12-11 17:58:19 --> Itinerary expansion date 2026-03-09: Derived Base=0km (no SS added)
DEBUG - 2025-12-11 18:00:09 --> Session: Class initialized using 'CodeIgniter\Session\Handlers\FileHandler' driver.
INFO - 2025-12-11 18:00:09 --> Expansion date 2026-03-06: DB Total=141km, Saved SS=0km, Derived Base=141km (display base; JS adds current SS)
INFO - 2025-12-11 18:00:09 --> Expansion date 2026-03-06: DB Total=141km, Saved SS=0km, Derived Base=141km (display base; JS adds current SS)
INFO - 2025-12-11 18:00:09 --> Expansion date 2026-03-07: DB Total=141km, Saved SS=0km, Derived Base=141km (display base; JS adds current SS)
INFO - 2025-12-11 18:00:09 --> Expansion date 2026-03-07: DB Total=141km, Saved SS=0km, Derived Base=141km (display base; JS adds current SS)
INFO - 2025-12-11 18:00:09 --> Expansion date 2026-03-06: DB Total=141km, Saved SS=0km, Derived Base=141km (display base; JS adds current SS)
INFO - 2025-12-11 18:00:09 --> Expansion date 2026-03-06: DB Total=141km, Saved SS=0km, Derived Base=141km (display base; JS adds current SS)
INFO - 2025-12-11 18:00:09 --> Expansion date 2026-03-07: DB Total=141km, Saved SS=0km, Derived Base=141km (display base; JS adds current SS)
INFO - 2025-12-11 18:00:09 --> Expansion date 2026-03-07: DB Total=141km, Saved SS=0km, Derived Base=141km (display base; JS adds current SS)
INFO - 2025-12-11 18:00:09 --> Expansion date 2026-03-08: DB Total=120km, Saved SS=0km, Derived Base=120km (display base; JS adds current SS)
INFO - 2025-12-11 18:00:09 --> Expansion date 2026-03-08: DB Total=120km, Saved SS=0km, Derived Base=120km (display base; JS adds current SS)
INFO - 2025-12-11 18:00:09 --> Expansion date 2026-03-08: DB Total=120km, Saved SS=0km, Derived Base=120km (display base; JS adds current SS)
INFO - 2025-12-11 18:00:09 --> Expansion date 2026-03-08: DB Total=120km, Saved SS=0km, Derived Base=120km (display base; JS adds current SS)
INFO - 2025-12-11 18:00:09 --> Expansion date 2026-03-09: DB Total=36km, Saved SS=200km, Derived Base=0km (display base; JS adds current SS)
INFO - 2025-12-11 18:00:09 --> Expansion date 2026-03-09: DB Total=36km, Saved SS=200km, Derived Base=0km (display base; JS adds current SS)
INFO - 2025-12-11 18:00:09 --> Expansion date 2026-03-09: DB Total=36km, Saved SS=200km, Derived Base=0km (display base; JS adds current SS)
INFO - 2025-12-11 18:00:09 --> Expansion date 2026-03-09: DB Total=36km, Saved SS=200km, Derived Base=0km (display base; JS adds current SS)
INFO - 2025-12-11 18:00:09 --> Itinerary expansion date 2026-03-08: Derived Base=120km (no SS added)
INFO - 2025-12-11 18:00:09 --> Itinerary expansion date 2026-03-08: Derived Base=120km (no SS added)
INFO - 2025-12-11 18:00:09 --> Itinerary expansion date 2026-03-08: Derived Base=120km (no SS added)
INFO - 2025-12-11 18:00:09 --> Itinerary expansion date 2026-03-08: Derived Base=120km (no SS added)
INFO - 2025-12-11 18:00:09 --> Itinerary expansion date 2026-03-09: Derived Base=0km (no SS added)
INFO - 2025-12-11 18:00:09 --> Itinerary expansion date 2026-03-09: Derived Base=0km (no SS added)
INFO - 2025-12-11 18:00:09 --> Itinerary expansion date 2026-03-09: Derived Base=0km (no SS added)
INFO - 2025-12-11 18:00:09 --> Itinerary expansion date 2026-03-09: Derived Base=0km (no SS added)
DEBUG - 2025-12-11 18:00:27 --> Session: Class initialized using 'CodeIgniter\Session\Handlers\FileHandler' driver.
INFO - 2025-12-11 18:00:27 --> Expansion date 2026-03-06: DB Total=141km, Saved SS=0km, Derived Base=141km (display base; JS adds current SS)
INFO - 2025-12-11 18:00:27 --> Expansion date 2026-03-06: DB Total=141km, Saved SS=0km, Derived Base=141km (display base; JS adds current SS)
INFO - 2025-12-11 18:00:27 --> Expansion date 2026-03-07: DB Total=141km, Saved SS=0km, Derived Base=141km (display base; JS adds current SS)
INFO - 2025-12-11 18:00:27 --> Expansion date 2026-03-07: DB Total=141km, Saved SS=0km, Derived Base=141km (display base; JS adds current SS)
INFO - 2025-12-11 18:00:27 --> Expansion date 2026-03-06: DB Total=141km, Saved SS=0km, Derived Base=141km (display base; JS adds current SS)
INFO - 2025-12-11 18:00:27 --> Expansion date 2026-03-06: DB Total=141km, Saved SS=0km, Derived Base=141km (display base; JS adds current SS)
INFO - 2025-12-11 18:00:27 --> Expansion date 2026-03-07: DB Total=141km, Saved SS=0km, Derived Base=141km (display base; JS adds current SS)
INFO - 2025-12-11 18:00:27 --> Expansion date 2026-03-07: DB Total=141km, Saved SS=0km, Derived Base=141km (display base; JS adds current SS)
INFO - 2025-12-11 18:00:27 --> Expansion date 2026-03-08: DB Total=120km, Saved SS=0km, Derived Base=120km (display base; JS adds current SS)
INFO - 2025-12-11 18:00:27 --> Expansion date 2026-03-08: DB Total=120km, Saved SS=0km, Derived Base=120km (display base; JS adds current SS)
INFO - 2025-12-11 18:00:27 --> Expansion date 2026-03-08: DB Total=120km, Saved SS=0km, Derived Base=120km (display base; JS adds current SS)
INFO - 2025-12-11 18:00:27 --> Expansion date 2026-03-08: DB Total=120km, Saved SS=0km, Derived Base=120km (display base; JS adds current SS)
INFO - 2025-12-11 18:00:27 --> Expansion date 2026-03-09: DB Total=36km, Saved SS=200km, Derived Base=0km (display base; JS adds current SS)
INFO - 2025-12-11 18:00:27 --> Expansion date 2026-03-09: DB Total=36km, Saved SS=200km, Derived Base=0km (display base; JS adds current SS)
INFO - 2025-12-11 18:00:27 --> Expansion date 2026-03-09: DB Total=36km, Saved SS=200km, Derived Base=0km (display base; JS adds current SS)
INFO - 2025-12-11 18:00:27 --> Expansion date 2026-03-09: DB Total=36km, Saved SS=200km, Derived Base=0km (display base; JS adds current SS)
INFO - 2025-12-11 18:00:27 --> Itinerary expansion date 2026-03-08: Derived Base=120km (no SS added)
INFO - 2025-12-11 18:00:27 --> Itinerary expansion date 2026-03-08: Derived Base=120km (no SS added)
INFO - 2025-12-11 18:00:27 --> Itinerary expansion date 2026-03-08: Derived Base=120km (no SS added)
INFO - 2025-12-11 18:00:27 --> Itinerary expansion date 2026-03-08: Derived Base=120km (no SS added)
INFO - 2025-12-11 18:00:27 --> Itinerary expansion date 2026-03-09: Derived Base=0km (no SS added)
INFO - 2025-12-11 18:00:27 --> Itinerary expansion date 2026-03-09: Derived Base=0km (no SS added)
INFO - 2025-12-11 18:00:27 --> Itinerary expansion date 2026-03-09: Derived Base=0km (no SS added)
INFO - 2025-12-11 18:00:27 --> Itinerary expansion date 2026-03-09: Derived Base=0km (no SS added)
DEBUG - 2025-12-11 18:00:39 --> Session: Class initialized using 'CodeIgniter\Session\Handlers\FileHandler' driver.
INFO - 2025-12-11 18:00:40 --> Expansion date 2026-03-06: DB Total=141km, Saved SS=0km, Derived Base=141km (display base; JS adds current SS)
INFO - 2025-12-11 18:00:40 --> Expansion date 2026-03-06: DB Total=141km, Saved SS=0km, Derived Base=141km (display base; JS adds current SS)
INFO - 2025-12-11 18:00:40 --> Expansion date 2026-03-07: DB Total=141km, Saved SS=0km, Derived Base=141km (display base; JS adds current SS)
INFO - 2025-12-11 18:00:40 --> Expansion date 2026-03-07: DB Total=141km, Saved SS=0km, Derived Base=141km (display base; JS adds current SS)
INFO - 2025-12-11 18:00:40 --> Expansion date 2026-03-06: DB Total=141km, Saved SS=0km, Derived Base=141km (display base; JS adds current SS)
INFO - 2025-12-11 18:00:40 --> Expansion date 2026-03-06: DB Total=141km, Saved SS=0km, Derived Base=141km (display base; JS adds current SS)
INFO - 2025-12-11 18:00:40 --> Expansion date 2026-03-07: DB Total=141km, Saved SS=0km, Derived Base=141km (display base; JS adds current SS)
INFO - 2025-12-11 18:00:40 --> Expansion date 2026-03-07: DB Total=141km, Saved SS=0km, Derived Base=141km (display base; JS adds current SS)
INFO - 2025-12-11 18:00:40 --> Expansion date 2026-03-08: DB Total=120km, Saved SS=0km, Derived Base=120km (display base; JS adds current SS)
INFO - 2025-12-11 18:00:40 --> Expansion date 2026-03-08: DB Total=120km, Saved SS=0km, Derived Base=120km (display base; JS adds current SS)
INFO - 2025-12-11 18:00:40 --> Expansion date 2026-03-08: DB Total=120km, Saved SS=0km, Derived Base=120km (display base; JS adds current SS)
INFO - 2025-12-11 18:00:40 --> Expansion date 2026-03-08: DB Total=120km, Saved SS=0km, Derived Base=120km (display base; JS adds current SS)
INFO - 2025-12-11 18:00:40 --> Expansion date 2026-03-09: DB Total=36km, Saved SS=200km, Derived Base=0km (display base; JS adds current SS)
INFO - 2025-12-11 18:00:40 --> Expansion date 2026-03-09: DB Total=36km, Saved SS=200km, Derived Base=0km (display base; JS adds current SS)
INFO - 2025-12-11 18:00:40 --> Expansion date 2026-03-09: DB Total=36km, Saved SS=200km, Derived Base=0km (display base; JS adds current SS)
INFO - 2025-12-11 18:00:40 --> Expansion date 2026-03-09: DB Total=36km, Saved SS=200km, Derived Base=0km (display base; JS adds current SS)
INFO - 2025-12-11 18:00:40 --> Itinerary expansion date 2026-03-08: Derived Base=120km (no SS added)
INFO - 2025-12-11 18:00:40 --> Itinerary expansion date 2026-03-08: Derived Base=120km (no SS added)
INFO - 2025-12-11 18:00:40 --> Itinerary expansion date 2026-03-08: Derived Base=120km (no SS added)
INFO - 2025-12-11 18:00:40 --> Itinerary expansion date 2026-03-08: Derived Base=120km (no SS added)
INFO - 2025-12-11 18:00:40 --> Itinerary expansion date 2026-03-09: Derived Base=0km (no SS added)
INFO - 2025-12-11 18:00:40 --> Itinerary expansion date 2026-03-09: Derived Base=0km (no SS added)
INFO - 2025-12-11 18:00:40 --> Itinerary expansion date 2026-03-09: Derived Base=0km (no SS added)
INFO - 2025-12-11 18:00:40 --> Itinerary expansion date 2026-03-09: Derived Base=0km (no SS added)
DEBUG - 2025-12-11 18:01:10 --> Session: Class initialized using 'CodeIgniter\Session\Handlers\FileHandler' driver.
DEBUG - 2025-12-11 18:01:10 --> Session: Class initialized using 'CodeIgniter\Session\Handlers\FileHandler' driver.
DEBUG - 2025-12-11 18:01:10 --> Session: Class initialized using 'CodeIgniter\Session\Handlers\FileHandler' driver.
DEBUG - 2025-12-11 18:01:12 --> Session: Class initialized using 'CodeIgniter\Session\Handlers\FileHandler' driver.
DEBUG - 2025-12-11 18:01:12 --> Session: Class initialized using 'CodeIgniter\Session\Handlers\FileHandler' driver.
DEBUG - 2025-12-11 18:01:14 --> Session: Class initialized using 'CodeIgniter\Session\Handlers\FileHandler' driver.
INFO - 2025-12-11 18:01:14 --> getSightName(0) returned: 0 rows
INFO - 2025-12-11 18:01:14 --> getSightName(0) returned: 0 rows
INFO - 2025-12-11 18:01:14 --> getSightName(0) returned: 0 rows
INFO - 2025-12-11 18:01:14 --> getSightName(0) returned: 0 rows
DEBUG - 2025-12-11 18:05:58 --> Session: Class initialized using 'CodeIgniter\Session\Handlers\FileHandler' driver.
DEBUG - 2025-12-11 18:05:58 --> Session: Class initialized using 'CodeIgniter\Session\Handlers\FileHandler' driver.
DEBUG - 2025-12-11 18:06:00 --> Session: Class initialized using 'CodeIgniter\Session\Handlers\FileHandler' driver.
INFO - 2025-12-11 18:06:00 --> getSightName(0) returned: 0 rows
INFO - 2025-12-11 18:06:00 --> getSightName(0) returned: 0 rows
INFO - 2025-12-11 18:06:00 --> getSightName(0) returned: 0 rows
INFO - 2025-12-11 18:06:00 --> getSightName(0) returned: 0 rows
DEBUG - 2025-12-11 18:07:01 --> Session: Class initialized using 'CodeIgniter\Session\Handlers\FileHandler' driver.
DEBUG - 2025-12-11 18:07:02 --> Session: Class initialized using 'CodeIgniter\Session\Handlers\FileHandler' driver.
DEBUG - 2025-12-11 18:07:03 --> Session: Class initialized using 'CodeIgniter\Session\Handlers\FileHandler' driver.
INFO - 2025-12-11 18:07:03 --> getSightName(0) returned: 0 rows
INFO - 2025-12-11 18:07:03 --> getSightName(0) returned: 0 rows
INFO - 2025-12-11 18:07:03 --> getSightName(0) returned: 0 rows
INFO - 2025-12-11 18:07:03 --> getSightName(0) returned: 0 rows
DEBUG - 2025-12-11 18:08:02 --> Session: Class initialized using 'CodeIgniter\Session\Handlers\FileHandler' driver.
INFO - 2025-12-11 18:08:02 --> Expansion date 2026-03-06: DB Total=141km, Saved SS=0km, Derived Base=141km (display base; JS adds current SS)
INFO - 2025-12-11 18:08:02 --> Expansion date 2026-03-06: DB Total=141km, Saved SS=0km, Derived Base=141km (display base; JS adds current SS)
INFO - 2025-12-11 18:08:02 --> Expansion date 2026-03-07: DB Total=141km, Saved SS=0km, Derived Base=141km (display base; JS adds current SS)
INFO - 2025-12-11 18:08:02 --> Expansion date 2026-03-07: DB Total=141km, Saved SS=0km, Derived Base=141km (display base; JS adds current SS)
INFO - 2025-12-11 18:08:02 --> Expansion date 2026-03-06: DB Total=141km, Saved SS=0km, Derived Base=141km (display base; JS adds current SS)
INFO - 2025-12-11 18:08:02 --> Expansion date 2026-03-06: DB Total=141km, Saved SS=0km, Derived Base=141km (display base; JS adds current SS)
INFO - 2025-12-11 18:08:02 --> Expansion date 2026-03-07: DB Total=141km, Saved SS=0km, Derived Base=141km (display base; JS adds current SS)
INFO - 2025-12-11 18:08:02 --> Expansion date 2026-03-07: DB Total=141km, Saved SS=0km, Derived Base=141km (display base; JS adds current SS)
INFO - 2025-12-11 18:08:02 --> Expansion date 2026-03-08: DB Total=120km, Saved SS=0km, Derived Base=120km (display base; JS adds current SS)
INFO - 2025-12-11 18:08:02 --> Expansion date 2026-03-08: DB Total=120km, Saved SS=0km, Derived Base=120km (display base; JS adds current SS)
INFO - 2025-12-11 18:08:02 --> Expansion date 2026-03-08: DB Total=120km, Saved SS=0km, Derived Base=120km (display base; JS adds current SS)
INFO - 2025-12-11 18:08:02 --> Expansion date 2026-03-08: DB Total=120km, Saved SS=0km, Derived Base=120km (display base; JS adds current SS)
INFO - 2025-12-11 18:08:02 --> Expansion date 2026-03-09: DB Total=36km, Saved SS=200km, Derived Base=0km (display base; JS adds current SS)
INFO - 2025-12-11 18:08:02 --> Expansion date 2026-03-09: DB Total=36km, Saved SS=200km, Derived Base=0km (display base; JS adds current SS)
INFO - 2025-12-11 18:08:02 --> Expansion date 2026-03-09: DB Total=36km, Saved SS=200km, Derived Base=0km (display base; JS adds current SS)
INFO - 2025-12-11 18:08:02 --> Expansion date 2026-03-09: DB Total=36km, Saved SS=200km, Derived Base=0km (display base; JS adds current SS)
INFO - 2025-12-11 18:08:02 --> Itinerary expansion date 2026-03-08: Derived Base=120km (no SS added)
INFO - 2025-12-11 18:08:02 --> Itinerary expansion date 2026-03-08: Derived Base=120km (no SS added)
INFO - 2025-12-11 18:08:02 --> Itinerary expansion date 2026-03-08: Derived Base=120km (no SS added)
INFO - 2025-12-11 18:08:02 --> Itinerary expansion date 2026-03-08: Derived Base=120km (no SS added)
INFO - 2025-12-11 18:08:02 --> Itinerary expansion date 2026-03-09: Derived Base=0km (no SS added)
INFO - 2025-12-11 18:08:02 --> Itinerary expansion date 2026-03-09: Derived Base=0km (no SS added)
INFO - 2025-12-11 18:08:02 --> Itinerary expansion date 2026-03-09: Derived Base=0km (no SS added)
INFO - 2025-12-11 18:08:02 --> Itinerary expansion date 2026-03-09: Derived Base=0km (no SS added)
DEBUG - 2025-12-11 18:08:14 --> Session: Class initialized using 'CodeIgniter\Session\Handlers\FileHandler' driver.
DEBUG - 2025-12-11 18:08:14 --> Session: Class initialized using 'CodeIgniter\Session\Handlers\FileHandler' driver.
INFO - 2025-12-11 18:08:14 --> Expansion date 2026-03-06: DB Total=141km, Saved SS=0km, Derived Base=141km (display base; JS adds current SS)
INFO - 2025-12-11 18:08:14 --> Expansion date 2026-03-06: DB Total=141km, Saved SS=0km, Derived Base=141km (display base; JS adds current SS)
INFO - 2025-12-11 18:08:14 --> Expansion date 2026-03-07: DB Total=141km, Saved SS=0km, Derived Base=141km (display base; JS adds current SS)
INFO - 2025-12-11 18:08:14 --> Expansion date 2026-03-07: DB Total=141km, Saved SS=0km, Derived Base=141km (display base; JS adds current SS)
INFO - 2025-12-11 18:08:14 --> Expansion date 2026-03-06: DB Total=141km, Saved SS=0km, Derived Base=141km (display base; JS adds current SS)
INFO - 2025-12-11 18:08:14 --> Expansion date 2026-03-06: DB Total=141km, Saved SS=0km, Derived Base=141km (display base; JS adds current SS)
INFO - 2025-12-11 18:08:14 --> Expansion date 2026-03-07: DB Total=141km, Saved SS=0km, Derived Base=141km (display base; JS adds current SS)
INFO - 2025-12-11 18:08:14 --> Expansion date 2026-03-07: DB Total=141km, Saved SS=0km, Derived Base=141km (display base; JS adds current SS)
INFO - 2025-12-11 18:08:14 --> Expansion date 2026-03-08: DB Total=120km, Saved SS=0km, Derived Base=120km (display base; JS adds current SS)
INFO - 2025-12-11 18:08:14 --> Expansion date 2026-03-08: DB Total=120km, Saved SS=0km, Derived Base=120km (display base; JS adds current SS)
INFO - 2025-12-11 18:08:14 --> Expansion date 2026-03-08: DB Total=120km, Saved SS=0km, Derived Base=120km (display base; JS adds current SS)
INFO - 2025-12-11 18:08:14 --> Expansion date 2026-03-08: DB Total=120km, Saved SS=0km, Derived Base=120km (display base; JS adds current SS)
INFO - 2025-12-11 18:08:14 --> Expansion date 2026-03-09: DB Total=36km, Saved SS=200km, Derived Base=0km (display base; JS adds current SS)
INFO - 2025-12-11 18:08:14 --> Expansion date 2026-03-09: DB Total=36km, Saved SS=200km, Derived Base=0km (display base; JS adds current SS)
INFO - 2025-12-11 18:08:14 --> Expansion date 2026-03-09: DB Total=36km, Saved SS=200km, Derived Base=0km (display base; JS adds current SS)
INFO - 2025-12-11 18:08:14 --> Expansion date 2026-03-09: DB Total=36km, Saved SS=200km, Derived Base=0km (display base; JS adds current SS)
INFO - 2025-12-11 18:08:14 --> Itinerary expansion date 2026-03-08: Derived Base=120km (no SS added)
INFO - 2025-12-11 18:08:14 --> Itinerary expansion date 2026-03-08: Derived Base=120km (no SS added)
INFO - 2025-12-11 18:08:14 --> Itinerary expansion date 2026-03-08: Derived Base=120km (no SS added)
INFO - 2025-12-11 18:08:14 --> Itinerary expansion date 2026-03-08: Derived Base=120km (no SS added)
INFO - 2025-12-11 18:08:14 --> Itinerary expansion date 2026-03-09: Derived Base=0km (no SS added)
INFO - 2025-12-11 18:08:14 --> Itinerary expansion date 2026-03-09: Derived Base=0km (no SS added)
INFO - 2025-12-11 18:08:14 --> Itinerary expansion date 2026-03-09: Derived Base=0km (no SS added)
INFO - 2025-12-11 18:08:14 --> Itinerary expansion date 2026-03-09: Derived Base=0km (no SS added)
DEBUG - 2025-12-11 18:08:17 --> Session: Class initialized using 'CodeIgniter\Session\Handlers\FileHandler' driver.
DEBUG - 2025-12-11 18:08:17 --> Session: Class initialized using 'CodeIgniter\Session\Handlers\FileHandler' driver.
DEBUG - 2025-12-11 18:08:17 --> Session: Class initialized using 'CodeIgniter\Session\Handlers\FileHandler' driver.
DEBUG - 2025-12-11 18:08:21 --> Session: Class initialized using 'CodeIgniter\Session\Handlers\FileHandler' driver.
DEBUG - 2025-12-11 18:08:21 --> Session: Class initialized using 'CodeIgniter\Session\Handlers\FileHandler' driver.
DEBUG - 2025-12-11 18:08:23 --> Session: Class initialized using 'CodeIgniter\Session\Handlers\FileHandler' driver.
INFO - 2025-12-11 18:08:23 --> getSightName(0) returned: 0 rows
INFO - 2025-12-11 18:08:23 --> getSightName(0) returned: 0 rows
INFO - 2025-12-11 18:08:23 --> getSightName(0) returned: 0 rows
INFO - 2025-12-11 18:08:23 --> getSightName(0) returned: 0 rows
DEBUG - 2025-12-11 18:08:41 --> Session: Class initialized using 'CodeIgniter\Session\Handlers\FileHandler' driver.
INFO - 2025-12-11 18:08:41 --> getLocationDescription(4) returned: 1 rows
INFO - 2025-12-11 18:08:41 --> getLocationDescription(4) returned: 1 rows
INFO - 2025-12-11 18:08:41 --> getLocationDescription(9) returned: 1 rows
INFO - 2025-12-11 18:08:41 --> getMultipleSightseeingWithPax returned: 1 rows for IDs: 95
INFO - 2025-12-11 18:08:41 --> getLocationDescription(9) returned: 1 rows
DEBUG - 2025-12-11 18:08:54 --> Session: Class initialized using 'CodeIgniter\Session\Handlers\FileHandler' driver.
INFO - 2025-12-11 18:08:54 --> getSightName(0) returned: 0 rows
INFO - 2025-12-11 18:08:54 --> getSightName(0) returned: 0 rows
INFO - 2025-12-11 18:08:54 --> getSightName(0) returned: 0 rows
INFO - 2025-12-11 18:08:54 --> getSightName(0) returned: 0 rows
DEBUG - 2025-12-11 18:08:58 --> Session: Class initialized using 'CodeIgniter\Session\Handlers\FileHandler' driver.
INFO - 2025-12-11 18:08:58 --> Expansion date 2026-03-06: DB Total=141km, Saved SS=0km, Derived Base=141km (display base; JS adds current SS)
INFO - 2025-12-11 18:08:58 --> Expansion date 2026-03-06: DB Total=141km, Saved SS=0km, Derived Base=141km (display base; JS adds current SS)
INFO - 2025-12-11 18:08:58 --> Expansion date 2026-03-07: DB Total=141km, Saved SS=0km, Derived Base=141km (display base; JS adds current SS)
INFO - 2025-12-11 18:08:58 --> Expansion date 2026-03-07: DB Total=141km, Saved SS=0km, Derived Base=141km (display base; JS adds current SS)
INFO - 2025-12-11 18:08:58 --> Expansion date 2026-03-06: DB Total=141km, Saved SS=0km, Derived Base=141km (display base; JS adds current SS)
INFO - 2025-12-11 18:08:58 --> Expansion date 2026-03-06: DB Total=141km, Saved SS=0km, Derived Base=141km (display base; JS adds current SS)
INFO - 2025-12-11 18:08:58 --> Expansion date 2026-03-07: DB Total=141km, Saved SS=0km, Derived Base=141km (display base; JS adds current SS)
INFO - 2025-12-11 18:08:58 --> Expansion date 2026-03-07: DB Total=141km, Saved SS=0km, Derived Base=141km (display base; JS adds current SS)
INFO - 2025-12-11 18:08:58 --> Expansion date 2026-03-08: DB Total=120km, Saved SS=0km, Derived Base=120km (display base; JS adds current SS)
INFO - 2025-12-11 18:08:58 --> Expansion date 2026-03-08: DB Total=120km, Saved SS=0km, Derived Base=120km (display base; JS adds current SS)
INFO - 2025-12-11 18:08:58 --> Expansion date 2026-03-08: DB Total=120km, Saved SS=0km, Derived Base=120km (display base; JS adds current SS)
INFO - 2025-12-11 18:08:58 --> Expansion date 2026-03-08: DB Total=120km, Saved SS=0km, Derived Base=120km (display base; JS adds current SS)
INFO - 2025-12-11 18:08:58 --> Expansion date 2026-03-09: DB Total=36km, Saved SS=200km, Derived Base=0km (display base; JS adds current SS)
INFO - 2025-12-11 18:08:58 --> Expansion date 2026-03-09: DB Total=36km, Saved SS=200km, Derived Base=0km (display base; JS adds current SS)
INFO - 2025-12-11 18:08:58 --> Expansion date 2026-03-09: DB Total=36km, Saved SS=200km, Derived Base=0km (display base; JS adds current SS)
INFO - 2025-12-11 18:08:58 --> Expansion date 2026-03-09: DB Total=36km, Saved SS=200km, Derived Base=0km (display base; JS adds current SS)
INFO - 2025-12-11 18:08:58 --> Itinerary expansion date 2026-03-08: Derived Base=120km (no SS added)
INFO - 2025-12-11 18:08:58 --> Itinerary expansion date 2026-03-08: Derived Base=120km (no SS added)
INFO - 2025-12-11 18:08:58 --> Itinerary expansion date 2026-03-08: Derived Base=120km (no SS added)
INFO - 2025-12-11 18:08:58 --> Itinerary expansion date 2026-03-08: Derived Base=120km (no SS added)
INFO - 2025-12-11 18:08:58 --> Itinerary expansion date 2026-03-09: Derived Base=0km (no SS added)
INFO - 2025-12-11 18:08:58 --> Itinerary expansion date 2026-03-09: Derived Base=0km (no SS added)
INFO - 2025-12-11 18:08:58 --> Itinerary expansion date 2026-03-09: Derived Base=0km (no SS added)
INFO - 2025-12-11 18:08:58 --> Itinerary expansion date 2026-03-09: Derived Base=0km (no SS added)
DEBUG - 2025-12-11 18:09:22 --> Session: Class initialized using 'CodeIgniter\Session\Handlers\FileHandler' driver.
DEBUG - 2025-12-11 18:09:22 --> Session: Class initialized using 'CodeIgniter\Session\Handlers\FileHandler' driver.
DEBUG - 2025-12-11 18:09:25 --> Session: Class initialized using 'CodeIgniter\Session\Handlers\FileHandler' driver.
DEBUG - 2025-12-11 18:09:25 --> Session: Class initialized using 'CodeIgniter\Session\Handlers\FileHandler' driver.
DEBUG - 2025-12-11 18:09:29 --> Session: Class initialized using 'CodeIgniter\Session\Handlers\FileHandler' driver.
DEBUG - 2025-12-11 18:09:32 --> Session: Class initialized using 'CodeIgniter\Session\Handlers\FileHandler' driver.
INFO - 2025-12-11 18:09:32 --> getSightName(0) returned: 0 rows
INFO - 2025-12-11 18:09:32 --> getSightName(0) returned: 0 rows
INFO - 2025-12-11 18:09:32 --> getSightName(0) returned: 0 rows
INFO - 2025-12-11 18:09:32 --> getSightName(0) returned: 0 rows
DEBUG - 2025-12-11 18:09:33 --> Session: Class initialized using 'CodeIgniter\Session\Handlers\FileHandler' driver.
DEBUG - 2025-12-11 18:09:34 --> Session: Class initialized using 'CodeIgniter\Session\Handlers\FileHandler' driver.
DEBUG - 2025-12-11 18:09:37 --> Session: Class initialized using 'CodeIgniter\Session\Handlers\FileHandler' driver.
INFO - 2025-12-11 18:09:37 --> getLocationDescription(4) returned: 1 rows
INFO - 2025-12-11 18:09:37 --> getLocationDescription(4) returned: 1 rows
INFO - 2025-12-11 18:09:37 --> getLocationDescription(9) returned: 1 rows
INFO - 2025-12-11 18:09:37 --> getMultipleSightseeingWithPax returned: 1 rows for IDs: 95
INFO - 2025-12-11 18:09:37 --> getLocationDescription(9) returned: 1 rows
DEBUG - 2025-12-11 18:09:40 --> Session: Class initialized using 'CodeIgniter\Session\Handlers\FileHandler' driver.
DEBUG - 2025-12-11 18:09:41 --> Session: Class initialized using 'CodeIgniter\Session\Handlers\FileHandler' driver.
DEBUG - 2025-12-11 18:09:41 --> Session: Class initialized using 'CodeIgniter\Session\Handlers\FileHandler' driver.
DEBUG - 2025-12-11 18:09:41 --> Session: Class initialized using 'CodeIgniter\Session\Handlers\FileHandler' driver.
DEBUG - 2025-12-11 18:09:46 --> Session: Class initialized using 'CodeIgniter\Session\Handlers\FileHandler' driver.
ERROR - 2025-12-11 23:39:48 --> Email: Unable to send email using SMTP. Your server might not be configured to send mail using this method.
ERROR - 2025-12-11 23:39:48 --> 220 smtp.gmail.com ESMTP 98e67ed59e1d1-34a9285f538sm2491318a91.10 - gsmtp

hello: 250-smtp.gmail.com at your service, [116.68.82.45]
250-SIZE 35882577
250-8BITMIME
250-AUTH LOGIN PLAIN XOAUTH2 PLAIN-CLIENTTOKEN OAUTHBEARER XOAUTH
250-ENHANCEDSTATUSCODES
250-PIPELINING
250-CHUNKING
250 SMTPUTF8

Failed to authenticate password. Error: 535-5.7.8 Username and Password not accepted. For more information, go to
535 5.7.8  https://support.google.com/mail/?p=BadCredentials 98e67ed59e1d1-34a9285f538sm2491318a91.10 - gsmtp

DEBUG - 2025-12-11 18:09:55 --> Session: Class initialized using 'CodeIgniter\Session\Handlers\FileHandler' driver.
ERROR - 2025-12-11 23:39:56 --> Email: Unable to send email using SMTP. Your server might not be configured to send mail using this method.
ERROR - 2025-12-11 23:39:56 --> 220 smtp.gmail.com ESMTP d2e1a72fcca58-7f4c4aa9b94sm3105661b3a.37 - gsmtp

hello: 250-smtp.gmail.com at your service, [116.68.82.45]
250-SIZE 35882577
250-8BITMIME
250-AUTH LOGIN PLAIN XOAUTH2 PLAIN-CLIENTTOKEN OAUTHBEARER XOAUTH
250-ENHANCEDSTATUSCODES
250-PIPELINING
250-CHUNKING
250 SMTPUTF8

Failed to authenticate password. Error: 535-5.7.8 Username and Password not accepted. For more information, go to
535 5.7.8  https://support.google.com/mail/?p=BadCredentials d2e1a72fcca58-7f4c4aa9b94sm3105661b3a.37 - gsmtp

DEBUG - 2025-12-11 18:09:58 --> Session: Class initialized using 'CodeIgniter\Session\Handlers\FileHandler' driver.
DEBUG - 2025-12-11 18:09:58 --> Session: Class initialized using 'CodeIgniter\Session\Handlers\FileHandler' driver.
DEBUG - 2025-12-11 18:10:01 --> Session: Class initialized using 'CodeIgniter\Session\Handlers\FileHandler' driver.
DEBUG - 2025-12-11 18:10:01 --> Session: Class initialized using 'CodeIgniter\Session\Handlers\FileHandler' driver.
DEBUG - 2025-12-11 18:10:03 --> Session: Class initialized using 'CodeIgniter\Session\Handlers\FileHandler' driver.
DEBUG - 2025-12-11 18:10:03 --> Session: Class initialized using 'CodeIgniter\Session\Handlers\FileHandler' driver.
DEBUG - 2025-12-11 18:10:05 --> Session: Class initialized using 'CodeIgniter\Session\Handlers\FileHandler' driver.
DEBUG - 2025-12-11 18:10:06 --> Session: Class initialized using 'CodeIgniter\Session\Handlers\FileHandler' driver.
DEBUG - 2025-12-11 18:10:10 --> Session: Class initialized using 'CodeIgniter\Session\Handlers\FileHandler' driver.
DEBUG - 2025-12-11 18:10:11 --> Session: Class initialized using 'CodeIgniter\Session\Handlers\FileHandler' driver.
DEBUG - 2025-12-11 18:10:14 --> Session: Class initialized using 'CodeIgniter\Session\Handlers\FileHandler' driver.
DEBUG - 2025-12-11 18:10:28 --> Session: Class initialized using 'CodeIgniter\Session\Handlers\FileHandler' driver.
DEBUG - 2025-12-11 18:10:58 --> Session: Class initialized using 'CodeIgniter\Session\Handlers\FileHandler' driver.
INFO - 2025-12-11 18:10:58 --> Expansion date 2026-03-06: DB Total=141km, Saved SS=0km, Derived Base=141km (display base; JS adds current SS)
INFO - 2025-12-11 18:10:58 --> Expansion date 2026-03-06: DB Total=141km, Saved SS=0km, Derived Base=141km (display base; JS adds current SS)
INFO - 2025-12-11 18:10:58 --> Expansion date 2026-03-07: DB Total=141km, Saved SS=0km, Derived Base=141km (display base; JS adds current SS)
INFO - 2025-12-11 18:10:58 --> Expansion date 2026-03-07: DB Total=141km, Saved SS=0km, Derived Base=141km (display base; JS adds current SS)
INFO - 2025-12-11 18:10:58 --> Expansion date 2026-03-06: DB Total=141km, Saved SS=0km, Derived Base=141km (display base; JS adds current SS)
INFO - 2025-12-11 18:10:58 --> Expansion date 2026-03-06: DB Total=141km, Saved SS=0km, Derived Base=141km (display base; JS adds current SS)
INFO - 2025-12-11 18:10:58 --> Expansion date 2026-03-07: DB Total=141km, Saved SS=0km, Derived Base=141km (display base; JS adds current SS)
INFO - 2025-12-11 18:10:58 --> Expansion date 2026-03-07: DB Total=141km, Saved SS=0km, Derived Base=141km (display base; JS adds current SS)
INFO - 2025-12-11 18:10:58 --> Expansion date 2026-03-08: DB Total=120km, Saved SS=0km, Derived Base=120km (display base; JS adds current SS)
INFO - 2025-12-11 18:10:58 --> Expansion date 2026-03-08: DB Total=120km, Saved SS=0km, Derived Base=120km (display base; JS adds current SS)
INFO - 2025-12-11 18:10:58 --> Expansion date 2026-03-08: DB Total=120km, Saved SS=0km, Derived Base=120km (display base; JS adds current SS)
INFO - 2025-12-11 18:10:58 --> Expansion date 2026-03-08: DB Total=120km, Saved SS=0km, Derived Base=120km (display base; JS adds current SS)
INFO - 2025-12-11 18:10:58 --> Expansion date 2026-03-09: DB Total=36km, Saved SS=200km, Derived Base=0km (display base; JS adds current SS)
INFO - 2025-12-11 18:10:58 --> Expansion date 2026-03-09: DB Total=36km, Saved SS=200km, Derived Base=0km (display base; JS adds current SS)
INFO - 2025-12-11 18:10:58 --> Expansion date 2026-03-09: DB Total=36km, Saved SS=200km, Derived Base=0km (display base; JS adds current SS)
INFO - 2025-12-11 18:10:58 --> Expansion date 2026-03-09: DB Total=36km, Saved SS=200km, Derived Base=0km (display base; JS adds current SS)
INFO - 2025-12-11 18:10:58 --> Itinerary expansion date 2026-03-08: Derived Base=120km (no SS added)
INFO - 2025-12-11 18:10:58 --> Itinerary expansion date 2026-03-08: Derived Base=120km (no SS added)
INFO - 2025-12-11 18:10:58 --> Itinerary expansion date 2026-03-08: Derived Base=120km (no SS added)
INFO - 2025-12-11 18:10:58 --> Itinerary expansion date 2026-03-08: Derived Base=120km (no SS added)
INFO - 2025-12-11 18:10:58 --> Itinerary expansion date 2026-03-09: Derived Base=0km (no SS added)
INFO - 2025-12-11 18:10:58 --> Itinerary expansion date 2026-03-09: Derived Base=0km (no SS added)
INFO - 2025-12-11 18:10:58 --> Itinerary expansion date 2026-03-09: Derived Base=0km (no SS added)
INFO - 2025-12-11 18:10:58 --> Itinerary expansion date 2026-03-09: Derived Base=0km (no SS added)
