DEBUG - 2025-12-01 05:59:46 --> Session: Class initialized using 'CodeIgniter\Session\Handlers\FileHandler' driver.
DEBUG - 2025-12-01 05:59:52 --> Session: Class initialized using 'CodeIgniter\Session\Handlers\FileHandler' driver.
DEBUG - 2025-12-01 05:59:52 --> Session: Class initialized using 'CodeIgniter\Session\Handlers\FileHandler' driver.
WARNING - 2025-12-01 05:59:52 --> [DEPRECATED] round(): Passing null to parameter #1 ($num) of type int|float is deprecated in APPPATH\Controllers\Dashboard.php on line 241.
 1 APPPATH\Controllers\Dashboard.php(241): round(null, 2)
 2 SYSTEMPATH\CodeIgniter.php(933): App\Controllers\Dashboard->index()
 3 SYSTEMPATH\CodeIgniter.php(509): CodeIgniter\CodeIgniter->runController(Object(App\Controllers\Dashboard))
 4 SYSTEMPATH\CodeIgniter.php(355): CodeIgniter\CodeIgniter->handleRequest(null, Object(Config\Cache), false)
 5 SYSTEMPATH\Boot.php(334): CodeIgniter\CodeIgniter->run()
 6 SYSTEMPATH\Boot.php(67): CodeIgniter\Boot::runCodeIgniter(Object(CodeIgniter\CodeIgniter))
 7 FCPATH\index.php(56): CodeIgniter\Boot::bootWeb(Object(Config\Paths))
WARNING - 2025-12-01 05:59:52 --> [DEPRECATED] round(): Passing null to parameter #1 ($num) of type int|float is deprecated in APPPATH\Controllers\Dashboard.php on line 247.
 1 APPPATH\Controllers\Dashboard.php(247): round(null, 2)
 2 SYSTEMPATH\CodeIgniter.php(933): App\Controllers\Dashboard->index()
 3 SYSTEMPATH\CodeIgniter.php(509): CodeIgniter\CodeIgniter->runController(Object(App\Controllers\Dashboard))
 4 SYSTEMPATH\CodeIgniter.php(355): CodeIgniter\CodeIgniter->handleRequest(null, Object(Config\Cache), false)
 5 SYSTEMPATH\Boot.php(334): CodeIgniter\CodeIgniter->run()
 6 SYSTEMPATH\Boot.php(67): CodeIgniter\Boot::runCodeIgniter(Object(CodeIgniter\CodeIgniter))
 7 FCPATH\index.php(56): CodeIgniter\Boot::bootWeb(Object(Config\Paths))
DEBUG - 2025-12-01 05:59:54 --> Session: Class initialized using 'CodeIgniter\Session\Handlers\FileHandler' driver.
DEBUG - 2025-12-01 05:59:54 --> Session: Class initialized using 'CodeIgniter\Session\Handlers\FileHandler' driver.
DEBUG - 2025-12-01 05:59:58 --> Session: Class initialized using 'CodeIgniter\Session\Handlers\FileHandler' driver.
INFO - 2025-12-01 05:59:59 --> Expansion date 2026-02-06: DB Total=123km, Saved SS=0km, Derived Base=123km (display base; JS adds current SS)
INFO - 2025-12-01 05:59:59 --> Expansion date 2026-02-06: DB Total=123km, Saved SS=0km, Derived Base=123km (display base; JS adds current SS)
INFO - 2025-12-01 05:59:59 --> Expansion date 2026-02-06: DB Total=123km, Saved SS=0km, Derived Base=123km (display base; JS adds current SS)
INFO - 2025-12-01 05:59:59 --> Expansion date 2026-02-06: DB Total=123km, Saved SS=0km, Derived Base=123km (display base; JS adds current SS)
INFO - 2025-12-01 05:59:59 --> Expansion date 2026-02-06: DB Total=123km, Saved SS=0km, Derived Base=123km (display base; JS adds current SS)
INFO - 2025-12-01 05:59:59 --> Expansion date 2026-02-06: DB Total=123km, Saved SS=0km, Derived Base=123km (display base; JS adds current SS)
INFO - 2025-12-01 05:59:59 --> Expansion date 2026-02-07: DB Total=456km, Saved SS=200km, Derived Base=256km (display base; JS adds current SS)
INFO - 2025-12-01 05:59:59 --> Expansion date 2026-02-07: DB Total=456km, Saved SS=200km, Derived Base=256km (display base; JS adds current SS)
INFO - 2025-12-01 05:59:59 --> Expansion date 2026-02-07: DB Total=456km, Saved SS=200km, Derived Base=256km (display base; JS adds current SS)
INFO - 2025-12-01 05:59:59 --> Expansion date 2026-02-07: DB Total=456km, Saved SS=200km, Derived Base=256km (display base; JS adds current SS)
INFO - 2025-12-01 05:59:59 --> Expansion date 2026-02-07: DB Total=456km, Saved SS=200km, Derived Base=256km (display base; JS adds current SS)
INFO - 2025-12-01 05:59:59 --> Expansion date 2026-02-07: DB Total=456km, Saved SS=200km, Derived Base=256km (display base; JS adds current SS)
INFO - 2025-12-01 05:59:59 --> Expansion date 2026-02-08: DB Total=234km, Saved SS=0km, Derived Base=234km (display base; JS adds current SS)
INFO - 2025-12-01 05:59:59 --> Expansion date 2026-02-08: DB Total=234km, Saved SS=0km, Derived Base=234km (display base; JS adds current SS)
INFO - 2025-12-01 05:59:59 --> Expansion date 2026-02-08: DB Total=234km, Saved SS=0km, Derived Base=234km (display base; JS adds current SS)
INFO - 2025-12-01 05:59:59 --> Expansion date 2026-02-08: DB Total=234km, Saved SS=0km, Derived Base=234km (display base; JS adds current SS)
INFO - 2025-12-01 05:59:59 --> Expansion date 2026-02-08: DB Total=234km, Saved SS=0km, Derived Base=234km (display base; JS adds current SS)
INFO - 2025-12-01 05:59:59 --> Expansion date 2026-02-08: DB Total=234km, Saved SS=0km, Derived Base=234km (display base; JS adds current SS)
INFO - 2025-12-01 05:59:59 --> Itinerary expansion date 2026-02-06: Derived Base=123km (no SS added)
INFO - 2025-12-01 05:59:59 --> Itinerary expansion date 2026-02-06: Derived Base=123km (no SS added)
INFO - 2025-12-01 05:59:59 --> Itinerary expansion date 2026-02-06: Derived Base=123km (no SS added)
INFO - 2025-12-01 05:59:59 --> Itinerary expansion date 2026-02-06: Derived Base=123km (no SS added)
INFO - 2025-12-01 05:59:59 --> Itinerary expansion date 2026-02-06: Derived Base=123km (no SS added)
INFO - 2025-12-01 05:59:59 --> Itinerary expansion date 2026-02-06: Derived Base=123km (no SS added)
INFO - 2025-12-01 05:59:59 --> Itinerary expansion date 2026-02-07: Derived Base=456km (no SS added)
INFO - 2025-12-01 05:59:59 --> Itinerary expansion date 2026-02-07: Derived Base=456km (no SS added)
INFO - 2025-12-01 05:59:59 --> Itinerary expansion date 2026-02-07: Derived Base=456km (no SS added)
INFO - 2025-12-01 05:59:59 --> Itinerary expansion date 2026-02-07: Derived Base=456km (no SS added)
INFO - 2025-12-01 05:59:59 --> Itinerary expansion date 2026-02-07: Derived Base=456km (no SS added)
INFO - 2025-12-01 05:59:59 --> Itinerary expansion date 2026-02-07: Derived Base=456km (no SS added)
INFO - 2025-12-01 05:59:59 --> Itinerary expansion date 2026-02-08: Derived Base=234km (no SS added)
INFO - 2025-12-01 05:59:59 --> Itinerary expansion date 2026-02-08: Derived Base=234km (no SS added)
INFO - 2025-12-01 05:59:59 --> Itinerary expansion date 2026-02-08: Derived Base=234km (no SS added)
INFO - 2025-12-01 05:59:59 --> Itinerary expansion date 2026-02-08: Derived Base=234km (no SS added)
INFO - 2025-12-01 05:59:59 --> Itinerary expansion date 2026-02-08: Derived Base=234km (no SS added)
INFO - 2025-12-01 05:59:59 --> Itinerary expansion date 2026-02-08: Derived Base=234km (no SS added)
CRITICAL - 2025-12-01 05:59:59 --> ParseError: syntax error, unexpected token "else"
[Method: GET, Route: Enquiry/itinerary/2817/0]
in APPPATH\Views\enquiry\itinerary_view.php on line 2226.
 1 SYSTEMPATH\View\View.php(237): CodeIgniter\View\View->CodeIgniter\View\{closure}()
 2 SYSTEMPATH\Common.php(1171): CodeIgniter\View\View->render('enquiry/itinerary_view', [], true)
 3 APPPATH\Controllers\Enquiry.php(6710): view('enquiry/itinerary_view', [...])
 4 SYSTEMPATH\CodeIgniter.php(933): App\Controllers\Enquiry->itinerary('2817', '0')
 5 SYSTEMPATH\CodeIgniter.php(509): CodeIgniter\CodeIgniter->runController(Object(App\Controllers\Enquiry))
 6 SYSTEMPATH\CodeIgniter.php(355): CodeIgniter\CodeIgniter->handleRequest(null, Object(Config\Cache), false)
 7 SYSTEMPATH\Boot.php(334): CodeIgniter\CodeIgniter->run()
 8 SYSTEMPATH\Boot.php(67): CodeIgniter\Boot::runCodeIgniter(Object(CodeIgniter\CodeIgniter))
 9 FCPATH\index.php(56): CodeIgniter\Boot::bootWeb(Object(Config\Paths))
DEBUG - 2025-12-01 06:00:26 --> Session: Class initialized using 'CodeIgniter\Session\Handlers\FileHandler' driver.
INFO - 2025-12-01 06:00:26 --> Expansion date 2026-02-06: DB Total=123km, Saved SS=0km, Derived Base=123km (display base; JS adds current SS)
INFO - 2025-12-01 06:00:26 --> Expansion date 2026-02-06: DB Total=123km, Saved SS=0km, Derived Base=123km (display base; JS adds current SS)
INFO - 2025-12-01 06:00:26 --> Expansion date 2026-02-06: DB Total=123km, Saved SS=0km, Derived Base=123km (display base; JS adds current SS)
INFO - 2025-12-01 06:00:26 --> Expansion date 2026-02-06: DB Total=123km, Saved SS=0km, Derived Base=123km (display base; JS adds current SS)
INFO - 2025-12-01 06:00:26 --> Expansion date 2026-02-06: DB Total=123km, Saved SS=0km, Derived Base=123km (display base; JS adds current SS)
INFO - 2025-12-01 06:00:26 --> Expansion date 2026-02-06: DB Total=123km, Saved SS=0km, Derived Base=123km (display base; JS adds current SS)
INFO - 2025-12-01 06:00:26 --> Expansion date 2026-02-07: DB Total=456km, Saved SS=200km, Derived Base=256km (display base; JS adds current SS)
INFO - 2025-12-01 06:00:26 --> Expansion date 2026-02-07: DB Total=456km, Saved SS=200km, Derived Base=256km (display base; JS adds current SS)
INFO - 2025-12-01 06:00:26 --> Expansion date 2026-02-07: DB Total=456km, Saved SS=200km, Derived Base=256km (display base; JS adds current SS)
INFO - 2025-12-01 06:00:26 --> Expansion date 2026-02-07: DB Total=456km, Saved SS=200km, Derived Base=256km (display base; JS adds current SS)
INFO - 2025-12-01 06:00:26 --> Expansion date 2026-02-07: DB Total=456km, Saved SS=200km, Derived Base=256km (display base; JS adds current SS)
INFO - 2025-12-01 06:00:26 --> Expansion date 2026-02-07: DB Total=456km, Saved SS=200km, Derived Base=256km (display base; JS adds current SS)
INFO - 2025-12-01 06:00:26 --> Expansion date 2026-02-08: DB Total=234km, Saved SS=0km, Derived Base=234km (display base; JS adds current SS)
INFO - 2025-12-01 06:00:26 --> Expansion date 2026-02-08: DB Total=234km, Saved SS=0km, Derived Base=234km (display base; JS adds current SS)
INFO - 2025-12-01 06:00:26 --> Expansion date 2026-02-08: DB Total=234km, Saved SS=0km, Derived Base=234km (display base; JS adds current SS)
INFO - 2025-12-01 06:00:26 --> Expansion date 2026-02-08: DB Total=234km, Saved SS=0km, Derived Base=234km (display base; JS adds current SS)
INFO - 2025-12-01 06:00:26 --> Expansion date 2026-02-08: DB Total=234km, Saved SS=0km, Derived Base=234km (display base; JS adds current SS)
INFO - 2025-12-01 06:00:26 --> Expansion date 2026-02-08: DB Total=234km, Saved SS=0km, Derived Base=234km (display base; JS adds current SS)
INFO - 2025-12-01 06:00:26 --> Itinerary expansion date 2026-02-06: Derived Base=123km (no SS added)
INFO - 2025-12-01 06:00:26 --> Itinerary expansion date 2026-02-06: Derived Base=123km (no SS added)
INFO - 2025-12-01 06:00:26 --> Itinerary expansion date 2026-02-06: Derived Base=123km (no SS added)
INFO - 2025-12-01 06:00:26 --> Itinerary expansion date 2026-02-06: Derived Base=123km (no SS added)
INFO - 2025-12-01 06:00:26 --> Itinerary expansion date 2026-02-06: Derived Base=123km (no SS added)
INFO - 2025-12-01 06:00:26 --> Itinerary expansion date 2026-02-06: Derived Base=123km (no SS added)
INFO - 2025-12-01 06:00:26 --> Itinerary expansion date 2026-02-07: Derived Base=456km (no SS added)
INFO - 2025-12-01 06:00:26 --> Itinerary expansion date 2026-02-07: Derived Base=456km (no SS added)
INFO - 2025-12-01 06:00:26 --> Itinerary expansion date 2026-02-07: Derived Base=456km (no SS added)
INFO - 2025-12-01 06:00:26 --> Itinerary expansion date 2026-02-07: Derived Base=456km (no SS added)
INFO - 2025-12-01 06:00:26 --> Itinerary expansion date 2026-02-07: Derived Base=456km (no SS added)
INFO - 2025-12-01 06:00:26 --> Itinerary expansion date 2026-02-07: Derived Base=456km (no SS added)
INFO - 2025-12-01 06:00:26 --> Itinerary expansion date 2026-02-08: Derived Base=234km (no SS added)
INFO - 2025-12-01 06:00:26 --> Itinerary expansion date 2026-02-08: Derived Base=234km (no SS added)
INFO - 2025-12-01 06:00:26 --> Itinerary expansion date 2026-02-08: Derived Base=234km (no SS added)
INFO - 2025-12-01 06:00:26 --> Itinerary expansion date 2026-02-08: Derived Base=234km (no SS added)
INFO - 2025-12-01 06:00:26 --> Itinerary expansion date 2026-02-08: Derived Base=234km (no SS added)
INFO - 2025-12-01 06:00:26 --> Itinerary expansion date 2026-02-08: Derived Base=234km (no SS added)
CRITICAL - 2025-12-01 06:00:27 --> ParseError: syntax error, unexpected token "else"
[Method: GET, Route: Enquiry/itinerary/2817/0]
in APPPATH\Views\enquiry\itinerary_view.php on line 2226.
 1 SYSTEMPATH\View\View.php(237): CodeIgniter\View\View->CodeIgniter\View\{closure}()
 2 SYSTEMPATH\Common.php(1171): CodeIgniter\View\View->render('enquiry/itinerary_view', [], true)
 3 APPPATH\Controllers\Enquiry.php(6710): view('enquiry/itinerary_view', [...])
 4 SYSTEMPATH\CodeIgniter.php(933): App\Controllers\Enquiry->itinerary('2817', '0')
 5 SYSTEMPATH\CodeIgniter.php(509): CodeIgniter\CodeIgniter->runController(Object(App\Controllers\Enquiry))
 6 SYSTEMPATH\CodeIgniter.php(355): CodeIgniter\CodeIgniter->handleRequest(null, Object(Config\Cache), false)
 7 SYSTEMPATH\Boot.php(334): CodeIgniter\CodeIgniter->run()
 8 SYSTEMPATH\Boot.php(67): CodeIgniter\Boot::runCodeIgniter(Object(CodeIgniter\CodeIgniter))
 9 FCPATH\index.php(56): CodeIgniter\Boot::bootWeb(Object(Config\Paths))
DEBUG - 2025-12-01 06:00:41 --> Session: Class initialized using 'CodeIgniter\Session\Handlers\FileHandler' driver.
INFO - 2025-12-01 06:00:41 --> Expansion date 2026-02-06: DB Total=123km, Saved SS=0km, Derived Base=123km (display base; JS adds current SS)
INFO - 2025-12-01 06:00:41 --> Expansion date 2026-02-06: DB Total=123km, Saved SS=0km, Derived Base=123km (display base; JS adds current SS)
INFO - 2025-12-01 06:00:41 --> Expansion date 2026-02-06: DB Total=123km, Saved SS=0km, Derived Base=123km (display base; JS adds current SS)
INFO - 2025-12-01 06:00:41 --> Expansion date 2026-02-06: DB Total=123km, Saved SS=0km, Derived Base=123km (display base; JS adds current SS)
INFO - 2025-12-01 06:00:41 --> Expansion date 2026-02-06: DB Total=123km, Saved SS=0km, Derived Base=123km (display base; JS adds current SS)
INFO - 2025-12-01 06:00:41 --> Expansion date 2026-02-06: DB Total=123km, Saved SS=0km, Derived Base=123km (display base; JS adds current SS)
INFO - 2025-12-01 06:00:41 --> Expansion date 2026-02-07: DB Total=456km, Saved SS=200km, Derived Base=256km (display base; JS adds current SS)
INFO - 2025-12-01 06:00:41 --> Expansion date 2026-02-07: DB Total=456km, Saved SS=200km, Derived Base=256km (display base; JS adds current SS)
INFO - 2025-12-01 06:00:41 --> Expansion date 2026-02-07: DB Total=456km, Saved SS=200km, Derived Base=256km (display base; JS adds current SS)
INFO - 2025-12-01 06:00:41 --> Expansion date 2026-02-07: DB Total=456km, Saved SS=200km, Derived Base=256km (display base; JS adds current SS)
INFO - 2025-12-01 06:00:41 --> Expansion date 2026-02-07: DB Total=456km, Saved SS=200km, Derived Base=256km (display base; JS adds current SS)
INFO - 2025-12-01 06:00:41 --> Expansion date 2026-02-07: DB Total=456km, Saved SS=200km, Derived Base=256km (display base; JS adds current SS)
INFO - 2025-12-01 06:00:41 --> Expansion date 2026-02-08: DB Total=234km, Saved SS=0km, Derived Base=234km (display base; JS adds current SS)
INFO - 2025-12-01 06:00:41 --> Expansion date 2026-02-08: DB Total=234km, Saved SS=0km, Derived Base=234km (display base; JS adds current SS)
INFO - 2025-12-01 06:00:41 --> Expansion date 2026-02-08: DB Total=234km, Saved SS=0km, Derived Base=234km (display base; JS adds current SS)
INFO - 2025-12-01 06:00:41 --> Expansion date 2026-02-08: DB Total=234km, Saved SS=0km, Derived Base=234km (display base; JS adds current SS)
INFO - 2025-12-01 06:00:41 --> Expansion date 2026-02-08: DB Total=234km, Saved SS=0km, Derived Base=234km (display base; JS adds current SS)
INFO - 2025-12-01 06:00:41 --> Expansion date 2026-02-08: DB Total=234km, Saved SS=0km, Derived Base=234km (display base; JS adds current SS)
INFO - 2025-12-01 06:00:41 --> Itinerary expansion date 2026-02-06: Derived Base=123km (no SS added)
INFO - 2025-12-01 06:00:41 --> Itinerary expansion date 2026-02-06: Derived Base=123km (no SS added)
INFO - 2025-12-01 06:00:41 --> Itinerary expansion date 2026-02-06: Derived Base=123km (no SS added)
INFO - 2025-12-01 06:00:41 --> Itinerary expansion date 2026-02-06: Derived Base=123km (no SS added)
INFO - 2025-12-01 06:00:41 --> Itinerary expansion date 2026-02-06: Derived Base=123km (no SS added)
INFO - 2025-12-01 06:00:41 --> Itinerary expansion date 2026-02-06: Derived Base=123km (no SS added)
INFO - 2025-12-01 06:00:41 --> Itinerary expansion date 2026-02-07: Derived Base=456km (no SS added)
INFO - 2025-12-01 06:00:41 --> Itinerary expansion date 2026-02-07: Derived Base=456km (no SS added)
INFO - 2025-12-01 06:00:41 --> Itinerary expansion date 2026-02-07: Derived Base=456km (no SS added)
INFO - 2025-12-01 06:00:41 --> Itinerary expansion date 2026-02-07: Derived Base=456km (no SS added)
INFO - 2025-12-01 06:00:41 --> Itinerary expansion date 2026-02-07: Derived Base=456km (no SS added)
INFO - 2025-12-01 06:00:41 --> Itinerary expansion date 2026-02-07: Derived Base=456km (no SS added)
INFO - 2025-12-01 06:00:41 --> Itinerary expansion date 2026-02-08: Derived Base=234km (no SS added)
INFO - 2025-12-01 06:00:41 --> Itinerary expansion date 2026-02-08: Derived Base=234km (no SS added)
INFO - 2025-12-01 06:00:41 --> Itinerary expansion date 2026-02-08: Derived Base=234km (no SS added)
INFO - 2025-12-01 06:00:41 --> Itinerary expansion date 2026-02-08: Derived Base=234km (no SS added)
INFO - 2025-12-01 06:00:41 --> Itinerary expansion date 2026-02-08: Derived Base=234km (no SS added)
INFO - 2025-12-01 06:00:41 --> Itinerary expansion date 2026-02-08: Derived Base=234km (no SS added)
CRITICAL - 2025-12-01 06:00:41 --> ParseError: syntax error, unexpected token "else"
[Method: GET, Route: Enquiry/itinerary/2817/0]
in APPPATH\Views\enquiry\itinerary_view.php on line 2226.
 1 SYSTEMPATH\View\View.php(237): CodeIgniter\View\View->CodeIgniter\View\{closure}()
 2 SYSTEMPATH\Common.php(1171): CodeIgniter\View\View->render('enquiry/itinerary_view', [], true)
 3 APPPATH\Controllers\Enquiry.php(6710): view('enquiry/itinerary_view', [...])
 4 SYSTEMPATH\CodeIgniter.php(933): App\Controllers\Enquiry->itinerary('2817', '0')
 5 SYSTEMPATH\CodeIgniter.php(509): CodeIgniter\CodeIgniter->runController(Object(App\Controllers\Enquiry))
 6 SYSTEMPATH\CodeIgniter.php(355): CodeIgniter\CodeIgniter->handleRequest(null, Object(Config\Cache), false)
 7 SYSTEMPATH\Boot.php(334): CodeIgniter\CodeIgniter->run()
 8 SYSTEMPATH\Boot.php(67): CodeIgniter\Boot::runCodeIgniter(Object(CodeIgniter\CodeIgniter))
 9 FCPATH\index.php(56): CodeIgniter\Boot::bootWeb(Object(Config\Paths))
DEBUG - 2025-12-01 06:06:43 --> Session: Class initialized using 'CodeIgniter\Session\Handlers\FileHandler' driver.
INFO - 2025-12-01 06:06:43 --> Expansion date 2026-02-06: DB Total=123km, Saved SS=0km, Derived Base=123km (display base; JS adds current SS)
INFO - 2025-12-01 06:06:43 --> Expansion date 2026-02-06: DB Total=123km, Saved SS=0km, Derived Base=123km (display base; JS adds current SS)
INFO - 2025-12-01 06:06:43 --> Expansion date 2026-02-06: DB Total=123km, Saved SS=0km, Derived Base=123km (display base; JS adds current SS)
INFO - 2025-12-01 06:06:43 --> Expansion date 2026-02-06: DB Total=123km, Saved SS=0km, Derived Base=123km (display base; JS adds current SS)
INFO - 2025-12-01 06:06:43 --> Expansion date 2026-02-06: DB Total=123km, Saved SS=0km, Derived Base=123km (display base; JS adds current SS)
INFO - 2025-12-01 06:06:43 --> Expansion date 2026-02-06: DB Total=123km, Saved SS=0km, Derived Base=123km (display base; JS adds current SS)
INFO - 2025-12-01 06:06:43 --> Expansion date 2026-02-07: DB Total=456km, Saved SS=200km, Derived Base=256km (display base; JS adds current SS)
INFO - 2025-12-01 06:06:43 --> Expansion date 2026-02-07: DB Total=456km, Saved SS=200km, Derived Base=256km (display base; JS adds current SS)
INFO - 2025-12-01 06:06:43 --> Expansion date 2026-02-07: DB Total=456km, Saved SS=200km, Derived Base=256km (display base; JS adds current SS)
INFO - 2025-12-01 06:06:43 --> Expansion date 2026-02-07: DB Total=456km, Saved SS=200km, Derived Base=256km (display base; JS adds current SS)
INFO - 2025-12-01 06:06:43 --> Expansion date 2026-02-07: DB Total=456km, Saved SS=200km, Derived Base=256km (display base; JS adds current SS)
INFO - 2025-12-01 06:06:43 --> Expansion date 2026-02-07: DB Total=456km, Saved SS=200km, Derived Base=256km (display base; JS adds current SS)
INFO - 2025-12-01 06:06:43 --> Expansion date 2026-02-08: DB Total=234km, Saved SS=0km, Derived Base=234km (display base; JS adds current SS)
INFO - 2025-12-01 06:06:43 --> Expansion date 2026-02-08: DB Total=234km, Saved SS=0km, Derived Base=234km (display base; JS adds current SS)
INFO - 2025-12-01 06:06:43 --> Expansion date 2026-02-08: DB Total=234km, Saved SS=0km, Derived Base=234km (display base; JS adds current SS)
INFO - 2025-12-01 06:06:43 --> Expansion date 2026-02-08: DB Total=234km, Saved SS=0km, Derived Base=234km (display base; JS adds current SS)
INFO - 2025-12-01 06:06:43 --> Expansion date 2026-02-08: DB Total=234km, Saved SS=0km, Derived Base=234km (display base; JS adds current SS)
INFO - 2025-12-01 06:06:43 --> Expansion date 2026-02-08: DB Total=234km, Saved SS=0km, Derived Base=234km (display base; JS adds current SS)
INFO - 2025-12-01 06:06:43 --> Itinerary expansion date 2026-02-06: Derived Base=123km (no SS added)
INFO - 2025-12-01 06:06:43 --> Itinerary expansion date 2026-02-06: Derived Base=123km (no SS added)
INFO - 2025-12-01 06:06:43 --> Itinerary expansion date 2026-02-06: Derived Base=123km (no SS added)
INFO - 2025-12-01 06:06:43 --> Itinerary expansion date 2026-02-06: Derived Base=123km (no SS added)
INFO - 2025-12-01 06:06:43 --> Itinerary expansion date 2026-02-06: Derived Base=123km (no SS added)
INFO - 2025-12-01 06:06:43 --> Itinerary expansion date 2026-02-06: Derived Base=123km (no SS added)
INFO - 2025-12-01 06:06:43 --> Itinerary expansion date 2026-02-07: Derived Base=456km (no SS added)
INFO - 2025-12-01 06:06:43 --> Itinerary expansion date 2026-02-07: Derived Base=456km (no SS added)
INFO - 2025-12-01 06:06:43 --> Itinerary expansion date 2026-02-07: Derived Base=456km (no SS added)
INFO - 2025-12-01 06:06:43 --> Itinerary expansion date 2026-02-07: Derived Base=456km (no SS added)
INFO - 2025-12-01 06:06:43 --> Itinerary expansion date 2026-02-07: Derived Base=456km (no SS added)
INFO - 2025-12-01 06:06:43 --> Itinerary expansion date 2026-02-07: Derived Base=456km (no SS added)
INFO - 2025-12-01 06:06:43 --> Itinerary expansion date 2026-02-08: Derived Base=234km (no SS added)
INFO - 2025-12-01 06:06:43 --> Itinerary expansion date 2026-02-08: Derived Base=234km (no SS added)
INFO - 2025-12-01 06:06:43 --> Itinerary expansion date 2026-02-08: Derived Base=234km (no SS added)
INFO - 2025-12-01 06:06:43 --> Itinerary expansion date 2026-02-08: Derived Base=234km (no SS added)
INFO - 2025-12-01 06:06:43 --> Itinerary expansion date 2026-02-08: Derived Base=234km (no SS added)
INFO - 2025-12-01 06:06:43 --> Itinerary expansion date 2026-02-08: Derived Base=234km (no SS added)
DEBUG - 2025-12-01 06:06:59 --> Session: Class initialized using 'CodeIgniter\Session\Handlers\FileHandler' driver.
INFO - 2025-12-01 06:06:59 --> Expansion date 2026-02-06: DB Total=123km, Saved SS=0km, Derived Base=123km (display base; JS adds current SS)
INFO - 2025-12-01 06:06:59 --> Expansion date 2026-02-06: DB Total=123km, Saved SS=0km, Derived Base=123km (display base; JS adds current SS)
INFO - 2025-12-01 06:06:59 --> Expansion date 2026-02-06: DB Total=123km, Saved SS=0km, Derived Base=123km (display base; JS adds current SS)
INFO - 2025-12-01 06:06:59 --> Expansion date 2026-02-06: DB Total=123km, Saved SS=0km, Derived Base=123km (display base; JS adds current SS)
INFO - 2025-12-01 06:06:59 --> Expansion date 2026-02-06: DB Total=123km, Saved SS=0km, Derived Base=123km (display base; JS adds current SS)
INFO - 2025-12-01 06:06:59 --> Expansion date 2026-02-06: DB Total=123km, Saved SS=0km, Derived Base=123km (display base; JS adds current SS)
INFO - 2025-12-01 06:06:59 --> Expansion date 2026-02-07: DB Total=456km, Saved SS=200km, Derived Base=256km (display base; JS adds current SS)
INFO - 2025-12-01 06:06:59 --> Expansion date 2026-02-07: DB Total=456km, Saved SS=200km, Derived Base=256km (display base; JS adds current SS)
INFO - 2025-12-01 06:06:59 --> Expansion date 2026-02-07: DB Total=456km, Saved SS=200km, Derived Base=256km (display base; JS adds current SS)
INFO - 2025-12-01 06:06:59 --> Expansion date 2026-02-07: DB Total=456km, Saved SS=200km, Derived Base=256km (display base; JS adds current SS)
INFO - 2025-12-01 06:06:59 --> Expansion date 2026-02-07: DB Total=456km, Saved SS=200km, Derived Base=256km (display base; JS adds current SS)
INFO - 2025-12-01 06:06:59 --> Expansion date 2026-02-07: DB Total=456km, Saved SS=200km, Derived Base=256km (display base; JS adds current SS)
INFO - 2025-12-01 06:06:59 --> Expansion date 2026-02-08: DB Total=234km, Saved SS=0km, Derived Base=234km (display base; JS adds current SS)
INFO - 2025-12-01 06:06:59 --> Expansion date 2026-02-08: DB Total=234km, Saved SS=0km, Derived Base=234km (display base; JS adds current SS)
INFO - 2025-12-01 06:06:59 --> Expansion date 2026-02-08: DB Total=234km, Saved SS=0km, Derived Base=234km (display base; JS adds current SS)
INFO - 2025-12-01 06:06:59 --> Expansion date 2026-02-08: DB Total=234km, Saved SS=0km, Derived Base=234km (display base; JS adds current SS)
INFO - 2025-12-01 06:06:59 --> Expansion date 2026-02-08: DB Total=234km, Saved SS=0km, Derived Base=234km (display base; JS adds current SS)
INFO - 2025-12-01 06:06:59 --> Expansion date 2026-02-08: DB Total=234km, Saved SS=0km, Derived Base=234km (display base; JS adds current SS)
INFO - 2025-12-01 06:06:59 --> Itinerary expansion date 2026-02-06: Derived Base=123km (no SS added)
INFO - 2025-12-01 06:06:59 --> Itinerary expansion date 2026-02-06: Derived Base=123km (no SS added)
INFO - 2025-12-01 06:06:59 --> Itinerary expansion date 2026-02-06: Derived Base=123km (no SS added)
INFO - 2025-12-01 06:06:59 --> Itinerary expansion date 2026-02-06: Derived Base=123km (no SS added)
INFO - 2025-12-01 06:06:59 --> Itinerary expansion date 2026-02-06: Derived Base=123km (no SS added)
INFO - 2025-12-01 06:06:59 --> Itinerary expansion date 2026-02-06: Derived Base=123km (no SS added)
INFO - 2025-12-01 06:06:59 --> Itinerary expansion date 2026-02-07: Derived Base=456km (no SS added)
INFO - 2025-12-01 06:06:59 --> Itinerary expansion date 2026-02-07: Derived Base=456km (no SS added)
INFO - 2025-12-01 06:06:59 --> Itinerary expansion date 2026-02-07: Derived Base=456km (no SS added)
INFO - 2025-12-01 06:06:59 --> Itinerary expansion date 2026-02-07: Derived Base=456km (no SS added)
INFO - 2025-12-01 06:06:59 --> Itinerary expansion date 2026-02-07: Derived Base=456km (no SS added)
INFO - 2025-12-01 06:06:59 --> Itinerary expansion date 2026-02-07: Derived Base=456km (no SS added)
INFO - 2025-12-01 06:06:59 --> Itinerary expansion date 2026-02-08: Derived Base=234km (no SS added)
INFO - 2025-12-01 06:06:59 --> Itinerary expansion date 2026-02-08: Derived Base=234km (no SS added)
INFO - 2025-12-01 06:06:59 --> Itinerary expansion date 2026-02-08: Derived Base=234km (no SS added)
INFO - 2025-12-01 06:06:59 --> Itinerary expansion date 2026-02-08: Derived Base=234km (no SS added)
INFO - 2025-12-01 06:06:59 --> Itinerary expansion date 2026-02-08: Derived Base=234km (no SS added)
INFO - 2025-12-01 06:06:59 --> Itinerary expansion date 2026-02-08: Derived Base=234km (no SS added)
DEBUG - 2025-12-01 06:07:06 --> Session: Class initialized using 'CodeIgniter\Session\Handlers\FileHandler' driver.
DEBUG - 2025-12-01 06:07:06 --> Session: Class initialized using 'CodeIgniter\Session\Handlers\FileHandler' driver.
DEBUG - 2025-12-01 06:07:08 --> Session: Class initialized using 'CodeIgniter\Session\Handlers\FileHandler' driver.
DEBUG - 2025-12-01 06:07:08 --> Session: Class initialized using 'CodeIgniter\Session\Handlers\FileHandler' driver.
DEBUG - 2025-12-01 06:07:08 --> Session: Class initialized using 'CodeIgniter\Session\Handlers\FileHandler' driver.
DEBUG - 2025-12-01 06:07:09 --> Session: Class initialized using 'CodeIgniter\Session\Handlers\FileHandler' driver.
CRITICAL - 2025-12-01 06:07:09 --> ErrorException: Undefined array key 0
[Method: POST, Route: Enquiry/ajax_get_itineraries]
in APPPATH\Controllers\Enquiry.php on line 10424.
 1 APPPATH\Controllers\Enquiry.php(10424): CodeIgniter\Debug\Exceptions->errorHandler(2, 'Undefined array key 0', 'C:\\wamp64\\www\\khm\\app\\Controllers\\Enquiry.php', 10424)
 2 SYSTEMPATH\CodeIgniter.php(933): App\Controllers\Enquiry->ajax_get_itineraries()
 3 SYSTEMPATH\CodeIgniter.php(509): CodeIgniter\CodeIgniter->runController(Object(App\Controllers\Enquiry))
 4 SYSTEMPATH\CodeIgniter.php(355): CodeIgniter\CodeIgniter->handleRequest(null, Object(Config\Cache), false)
 5 SYSTEMPATH\Boot.php(334): CodeIgniter\CodeIgniter->run()
 6 SYSTEMPATH\Boot.php(67): CodeIgniter\Boot::runCodeIgniter(Object(CodeIgniter\CodeIgniter))
 7 FCPATH\index.php(56): CodeIgniter\Boot::bootWeb(Object(Config\Paths))
DEBUG - 2025-12-01 06:07:10 --> Session: Class initialized using 'CodeIgniter\Session\Handlers\FileHandler' driver.
DEBUG - 2025-12-01 06:07:11 --> Session: Class initialized using 'CodeIgniter\Session\Handlers\FileHandler' driver.
DEBUG - 2025-12-01 06:07:12 --> Session: Class initialized using 'CodeIgniter\Session\Handlers\FileHandler' driver.
DEBUG - 2025-12-01 06:07:13 --> Session: Class initialized using 'CodeIgniter\Session\Handlers\FileHandler' driver.
DEBUG - 2025-12-01 06:07:21 --> Session: Class initialized using 'CodeIgniter\Session\Handlers\FileHandler' driver.
DEBUG - 2025-12-01 06:07:21 --> Session: Class initialized using 'CodeIgniter\Session\Handlers\FileHandler' driver.
DEBUG - 2025-12-01 06:07:21 --> Session: Class initialized using 'CodeIgniter\Session\Handlers\FileHandler' driver.
DEBUG - 2025-12-01 06:07:21 --> Session: Class initialized using 'CodeIgniter\Session\Handlers\FileHandler' driver.
DEBUG - 2025-12-01 06:07:22 --> Session: Class initialized using 'CodeIgniter\Session\Handlers\FileHandler' driver.
DEBUG - 2025-12-01 06:07:28 --> Session: Class initialized using 'CodeIgniter\Session\Handlers\FileHandler' driver.
DEBUG - 2025-12-01 06:07:28 --> Session: Class initialized using 'CodeIgniter\Session\Handlers\FileHandler' driver.
DEBUG - 2025-12-01 06:07:29 --> Session: Class initialized using 'CodeIgniter\Session\Handlers\FileHandler' driver.
INFO - 2025-12-01 06:07:29 --> Day 1 (date 2026-02-06): No defaults loaded
INFO - 2025-12-01 06:07:29 --> Loaded default SS for Day 2 (date 2026-02-07): 1 items
INFO - 2025-12-01 06:07:29 --> Hardcoded Leisure SS auto-selected for Day 3 (date 2026-02-08, location 9)
INFO - 2025-12-01 06:07:29 --> Expansion date 2026-02-06: DB Total=210km, Saved SS=0km, Derived Base=210km (display base; JS adds current SS)
INFO - 2025-12-01 06:07:29 --> Expansion date 2026-02-06: DB Total=210km, Saved SS=0km, Derived Base=210km (display base; JS adds current SS)
INFO - 2025-12-01 06:07:29 --> Expansion date 2026-02-06: DB Total=210km, Saved SS=0km, Derived Base=210km (display base; JS adds current SS)
INFO - 2025-12-01 06:07:29 --> Expansion date 2026-02-06: DB Total=210km, Saved SS=0km, Derived Base=210km (display base; JS adds current SS)
INFO - 2025-12-01 06:07:29 --> Expansion date 2026-02-06: DB Total=210km, Saved SS=0km, Derived Base=210km (display base; JS adds current SS)
INFO - 2025-12-01 06:07:29 --> Expansion date 2026-02-06: DB Total=210km, Saved SS=0km, Derived Base=210km (display base; JS adds current SS)
INFO - 2025-12-01 06:07:29 --> Expansion date 2026-02-07: DB Total=0km, Saved SS=0km, Derived Base=0km (display base; JS adds current SS)
INFO - 2025-12-01 06:07:29 --> Expansion date 2026-02-07: DB Total=0km, Saved SS=0km, Derived Base=0km (display base; JS adds current SS)
INFO - 2025-12-01 06:07:29 --> Expansion date 2026-02-07: DB Total=0km, Saved SS=0km, Derived Base=0km (display base; JS adds current SS)
INFO - 2025-12-01 06:07:29 --> Expansion date 2026-02-07: DB Total=0km, Saved SS=0km, Derived Base=0km (display base; JS adds current SS)
INFO - 2025-12-01 06:07:29 --> Expansion date 2026-02-07: DB Total=0km, Saved SS=0km, Derived Base=0km (display base; JS adds current SS)
INFO - 2025-12-01 06:07:29 --> Expansion date 2026-02-07: DB Total=0km, Saved SS=0km, Derived Base=0km (display base; JS adds current SS)
INFO - 2025-12-01 06:07:29 --> Expansion date 2026-02-08: DB Total=36km, Saved SS=0km, Derived Base=36km (display base; JS adds current SS)
INFO - 2025-12-01 06:07:29 --> Expansion date 2026-02-08: DB Total=36km, Saved SS=0km, Derived Base=36km (display base; JS adds current SS)
INFO - 2025-12-01 06:07:29 --> Expansion date 2026-02-08: DB Total=36km, Saved SS=0km, Derived Base=36km (display base; JS adds current SS)
INFO - 2025-12-01 06:07:29 --> Expansion date 2026-02-08: DB Total=36km, Saved SS=0km, Derived Base=36km (display base; JS adds current SS)
INFO - 2025-12-01 06:07:29 --> Expansion date 2026-02-08: DB Total=36km, Saved SS=0km, Derived Base=36km (display base; JS adds current SS)
INFO - 2025-12-01 06:07:29 --> Expansion date 2026-02-08: DB Total=36km, Saved SS=0km, Derived Base=36km (display base; JS adds current SS)
DEBUG - 2025-12-01 06:09:42 --> Session: Class initialized using 'CodeIgniter\Session\Handlers\FileHandler' driver.
INFO - 2025-12-01 06:09:42 --> Day 1 (date 2026-02-06): No defaults loaded
INFO - 2025-12-01 06:09:42 --> Loaded default SS for Day 2 (date 2026-02-07): 1 items
INFO - 2025-12-01 06:09:42 --> Hardcoded Leisure SS auto-selected for Day 3 (date 2026-02-08, location 9)
INFO - 2025-12-01 06:09:42 --> Expansion date 2026-02-06: DB Total=210km, Saved SS=0km, Derived Base=210km (display base; JS adds current SS)
INFO - 2025-12-01 06:09:42 --> Expansion date 2026-02-06: DB Total=210km, Saved SS=0km, Derived Base=210km (display base; JS adds current SS)
INFO - 2025-12-01 06:09:42 --> Expansion date 2026-02-06: DB Total=210km, Saved SS=0km, Derived Base=210km (display base; JS adds current SS)
INFO - 2025-12-01 06:09:42 --> Expansion date 2026-02-06: DB Total=210km, Saved SS=0km, Derived Base=210km (display base; JS adds current SS)
INFO - 2025-12-01 06:09:42 --> Expansion date 2026-02-06: DB Total=210km, Saved SS=0km, Derived Base=210km (display base; JS adds current SS)
INFO - 2025-12-01 06:09:42 --> Expansion date 2026-02-06: DB Total=210km, Saved SS=0km, Derived Base=210km (display base; JS adds current SS)
INFO - 2025-12-01 06:09:42 --> Expansion date 2026-02-07: DB Total=0km, Saved SS=0km, Derived Base=0km (display base; JS adds current SS)
INFO - 2025-12-01 06:09:42 --> Expansion date 2026-02-07: DB Total=0km, Saved SS=0km, Derived Base=0km (display base; JS adds current SS)
INFO - 2025-12-01 06:09:42 --> Expansion date 2026-02-07: DB Total=0km, Saved SS=0km, Derived Base=0km (display base; JS adds current SS)
INFO - 2025-12-01 06:09:42 --> Expansion date 2026-02-07: DB Total=0km, Saved SS=0km, Derived Base=0km (display base; JS adds current SS)
INFO - 2025-12-01 06:09:42 --> Expansion date 2026-02-07: DB Total=0km, Saved SS=0km, Derived Base=0km (display base; JS adds current SS)
INFO - 2025-12-01 06:09:42 --> Expansion date 2026-02-07: DB Total=0km, Saved SS=0km, Derived Base=0km (display base; JS adds current SS)
INFO - 2025-12-01 06:09:42 --> Expansion date 2026-02-08: DB Total=36km, Saved SS=0km, Derived Base=36km (display base; JS adds current SS)
INFO - 2025-12-01 06:09:42 --> Expansion date 2026-02-08: DB Total=36km, Saved SS=0km, Derived Base=36km (display base; JS adds current SS)
INFO - 2025-12-01 06:09:42 --> Expansion date 2026-02-08: DB Total=36km, Saved SS=0km, Derived Base=36km (display base; JS adds current SS)
INFO - 2025-12-01 06:09:42 --> Expansion date 2026-02-08: DB Total=36km, Saved SS=0km, Derived Base=36km (display base; JS adds current SS)
INFO - 2025-12-01 06:09:42 --> Expansion date 2026-02-08: DB Total=36km, Saved SS=0km, Derived Base=36km (display base; JS adds current SS)
INFO - 2025-12-01 06:09:42 --> Expansion date 2026-02-08: DB Total=36km, Saved SS=0km, Derived Base=36km (display base; JS adds current SS)
DEBUG - 2025-12-01 06:28:05 --> Session: Class initialized using 'CodeIgniter\Session\Handlers\FileHandler' driver.
DEBUG - 2025-12-01 06:28:05 --> Session: Class initialized using 'CodeIgniter\Session\Handlers\FileHandler' driver.
DEBUG - 2025-12-01 06:28:11 --> Session: Class initialized using 'CodeIgniter\Session\Handlers\FileHandler' driver.
DEBUG - 2025-12-01 06:28:11 --> Session: Class initialized using 'CodeIgniter\Session\Handlers\FileHandler' driver.
WARNING - 2025-12-01 06:28:11 --> [DEPRECATED] round(): Passing null to parameter #1 ($num) of type int|float is deprecated in APPPATH\Controllers\Dashboard.php on line 241.
 1 APPPATH\Controllers\Dashboard.php(241): round(null, 2)
 2 SYSTEMPATH\CodeIgniter.php(933): App\Controllers\Dashboard->index()
 3 SYSTEMPATH\CodeIgniter.php(509): CodeIgniter\CodeIgniter->runController(Object(App\Controllers\Dashboard))
 4 SYSTEMPATH\CodeIgniter.php(355): CodeIgniter\CodeIgniter->handleRequest(null, Object(Config\Cache), false)
 5 SYSTEMPATH\Boot.php(334): CodeIgniter\CodeIgniter->run()
 6 SYSTEMPATH\Boot.php(67): CodeIgniter\Boot::runCodeIgniter(Object(CodeIgniter\CodeIgniter))
 7 FCPATH\index.php(56): CodeIgniter\Boot::bootWeb(Object(Config\Paths))
WARNING - 2025-12-01 06:28:11 --> [DEPRECATED] round(): Passing null to parameter #1 ($num) of type int|float is deprecated in APPPATH\Controllers\Dashboard.php on line 247.
 1 APPPATH\Controllers\Dashboard.php(247): round(null, 2)
 2 SYSTEMPATH\CodeIgniter.php(933): App\Controllers\Dashboard->index()
 3 SYSTEMPATH\CodeIgniter.php(509): CodeIgniter\CodeIgniter->runController(Object(App\Controllers\Dashboard))
 4 SYSTEMPATH\CodeIgniter.php(355): CodeIgniter\CodeIgniter->handleRequest(null, Object(Config\Cache), false)
 5 SYSTEMPATH\Boot.php(334): CodeIgniter\CodeIgniter->run()
 6 SYSTEMPATH\Boot.php(67): CodeIgniter\Boot::runCodeIgniter(Object(CodeIgniter\CodeIgniter))
 7 FCPATH\index.php(56): CodeIgniter\Boot::bootWeb(Object(Config\Paths))
DEBUG - 2025-12-01 06:28:19 --> Session: Class initialized using 'CodeIgniter\Session\Handlers\FileHandler' driver.
DEBUG - 2025-12-01 06:28:19 --> Session: Class initialized using 'CodeIgniter\Session\Handlers\FileHandler' driver.
DEBUG - 2025-12-01 06:28:21 --> Session: Class initialized using 'CodeIgniter\Session\Handlers\FileHandler' driver.
INFO - 2025-12-01 06:28:21 --> Day 1 (date 2026-02-06): No defaults loaded
INFO - 2025-12-01 06:28:21 --> Loaded default SS for Day 2 (date 2026-02-07): 1 items
INFO - 2025-12-01 06:28:21 --> Hardcoded Leisure SS auto-selected for Day 3 (date 2026-02-08, location 9)
INFO - 2025-12-01 06:28:21 --> Expansion date 2026-02-06: DB Total=210km, Saved SS=0km, Derived Base=210km (display base; JS adds current SS)
INFO - 2025-12-01 06:28:21 --> Expansion date 2026-02-06: DB Total=210km, Saved SS=0km, Derived Base=210km (display base; JS adds current SS)
INFO - 2025-12-01 06:28:21 --> Expansion date 2026-02-06: DB Total=210km, Saved SS=0km, Derived Base=210km (display base; JS adds current SS)
INFO - 2025-12-01 06:28:21 --> Expansion date 2026-02-06: DB Total=210km, Saved SS=0km, Derived Base=210km (display base; JS adds current SS)
INFO - 2025-12-01 06:28:21 --> Expansion date 2026-02-06: DB Total=210km, Saved SS=0km, Derived Base=210km (display base; JS adds current SS)
INFO - 2025-12-01 06:28:21 --> Expansion date 2026-02-06: DB Total=210km, Saved SS=0km, Derived Base=210km (display base; JS adds current SS)
INFO - 2025-12-01 06:28:21 --> Expansion date 2026-02-07: DB Total=0km, Saved SS=0km, Derived Base=0km (display base; JS adds current SS)
INFO - 2025-12-01 06:28:21 --> Expansion date 2026-02-07: DB Total=0km, Saved SS=0km, Derived Base=0km (display base; JS adds current SS)
INFO - 2025-12-01 06:28:21 --> Expansion date 2026-02-07: DB Total=0km, Saved SS=0km, Derived Base=0km (display base; JS adds current SS)
INFO - 2025-12-01 06:28:21 --> Expansion date 2026-02-07: DB Total=0km, Saved SS=0km, Derived Base=0km (display base; JS adds current SS)
INFO - 2025-12-01 06:28:21 --> Expansion date 2026-02-07: DB Total=0km, Saved SS=0km, Derived Base=0km (display base; JS adds current SS)
INFO - 2025-12-01 06:28:21 --> Expansion date 2026-02-07: DB Total=0km, Saved SS=0km, Derived Base=0km (display base; JS adds current SS)
INFO - 2025-12-01 06:28:21 --> Expansion date 2026-02-08: DB Total=36km, Saved SS=0km, Derived Base=36km (display base; JS adds current SS)
INFO - 2025-12-01 06:28:21 --> Expansion date 2026-02-08: DB Total=36km, Saved SS=0km, Derived Base=36km (display base; JS adds current SS)
INFO - 2025-12-01 06:28:21 --> Expansion date 2026-02-08: DB Total=36km, Saved SS=0km, Derived Base=36km (display base; JS adds current SS)
INFO - 2025-12-01 06:28:21 --> Expansion date 2026-02-08: DB Total=36km, Saved SS=0km, Derived Base=36km (display base; JS adds current SS)
INFO - 2025-12-01 06:28:21 --> Expansion date 2026-02-08: DB Total=36km, Saved SS=0km, Derived Base=36km (display base; JS adds current SS)
INFO - 2025-12-01 06:28:21 --> Expansion date 2026-02-08: DB Total=36km, Saved SS=0km, Derived Base=36km (display base; JS adds current SS)
DEBUG - 2025-12-01 07:01:16 --> Session: Class initialized using 'CodeIgniter\Session\Handlers\FileHandler' driver.
INFO - 2025-12-01 07:01:16 --> Day 1 (date 2026-02-06): No defaults loaded
INFO - 2025-12-01 07:01:16 --> Loaded default SS for Day 2 (date 2026-02-07): 1 items
INFO - 2025-12-01 07:01:16 --> Hardcoded Leisure SS auto-selected for Day 3 (date 2026-02-08, location 9)
INFO - 2025-12-01 07:01:16 --> Expansion date 2026-02-06: DB Total=210km, Saved SS=0km, Derived Base=210km (display base; JS adds current SS)
INFO - 2025-12-01 07:01:16 --> Expansion date 2026-02-06: DB Total=210km, Saved SS=0km, Derived Base=210km (display base; JS adds current SS)
INFO - 2025-12-01 07:01:16 --> Expansion date 2026-02-06: DB Total=210km, Saved SS=0km, Derived Base=210km (display base; JS adds current SS)
INFO - 2025-12-01 07:01:16 --> Expansion date 2026-02-06: DB Total=210km, Saved SS=0km, Derived Base=210km (display base; JS adds current SS)
INFO - 2025-12-01 07:01:16 --> Expansion date 2026-02-06: DB Total=210km, Saved SS=0km, Derived Base=210km (display base; JS adds current SS)
INFO - 2025-12-01 07:01:16 --> Expansion date 2026-02-06: DB Total=210km, Saved SS=0km, Derived Base=210km (display base; JS adds current SS)
INFO - 2025-12-01 07:01:16 --> Expansion date 2026-02-07: DB Total=0km, Saved SS=0km, Derived Base=0km (display base; JS adds current SS)
INFO - 2025-12-01 07:01:16 --> Expansion date 2026-02-07: DB Total=0km, Saved SS=0km, Derived Base=0km (display base; JS adds current SS)
INFO - 2025-12-01 07:01:16 --> Expansion date 2026-02-07: DB Total=0km, Saved SS=0km, Derived Base=0km (display base; JS adds current SS)
INFO - 2025-12-01 07:01:16 --> Expansion date 2026-02-07: DB Total=0km, Saved SS=0km, Derived Base=0km (display base; JS adds current SS)
INFO - 2025-12-01 07:01:16 --> Expansion date 2026-02-07: DB Total=0km, Saved SS=0km, Derived Base=0km (display base; JS adds current SS)
INFO - 2025-12-01 07:01:16 --> Expansion date 2026-02-07: DB Total=0km, Saved SS=0km, Derived Base=0km (display base; JS adds current SS)
INFO - 2025-12-01 07:01:16 --> Expansion date 2026-02-08: DB Total=36km, Saved SS=0km, Derived Base=36km (display base; JS adds current SS)
INFO - 2025-12-01 07:01:16 --> Expansion date 2026-02-08: DB Total=36km, Saved SS=0km, Derived Base=36km (display base; JS adds current SS)
INFO - 2025-12-01 07:01:16 --> Expansion date 2026-02-08: DB Total=36km, Saved SS=0km, Derived Base=36km (display base; JS adds current SS)
INFO - 2025-12-01 07:01:16 --> Expansion date 2026-02-08: DB Total=36km, Saved SS=0km, Derived Base=36km (display base; JS adds current SS)
INFO - 2025-12-01 07:01:16 --> Expansion date 2026-02-08: DB Total=36km, Saved SS=0km, Derived Base=36km (display base; JS adds current SS)
INFO - 2025-12-01 07:01:16 --> Expansion date 2026-02-08: DB Total=36km, Saved SS=0km, Derived Base=36km (display base; JS adds current SS)
DEBUG - 2025-12-01 07:01:17 --> Session: Class initialized using 'CodeIgniter\Session\Handlers\FileHandler' driver.
DEBUG - 2025-12-01 07:01:18 --> Session: Class initialized using 'CodeIgniter\Session\Handlers\FileHandler' driver.
DEBUG - 2025-12-01 07:01:19 --> Session: Class initialized using 'CodeIgniter\Session\Handlers\FileHandler' driver.
DEBUG - 2025-12-01 07:01:20 --> Session: Class initialized using 'CodeIgniter\Session\Handlers\FileHandler' driver.
DEBUG - 2025-12-01 07:01:20 --> Session: Class initialized using 'CodeIgniter\Session\Handlers\FileHandler' driver.
DEBUG - 2025-12-01 07:01:20 --> Session: Class initialized using 'CodeIgniter\Session\Handlers\FileHandler' driver.
DEBUG - 2025-12-01 07:01:21 --> Session: Class initialized using 'CodeIgniter\Session\Handlers\FileHandler' driver.
DEBUG - 2025-12-01 07:01:22 --> Session: Class initialized using 'CodeIgniter\Session\Handlers\FileHandler' driver.
DEBUG - 2025-12-01 07:01:22 --> Session: Class initialized using 'CodeIgniter\Session\Handlers\FileHandler' driver.
DEBUG - 2025-12-01 07:01:22 --> Session: Class initialized using 'CodeIgniter\Session\Handlers\FileHandler' driver.
DEBUG - 2025-12-01 07:01:23 --> Session: Class initialized using 'CodeIgniter\Session\Handlers\FileHandler' driver.
DEBUG - 2025-12-01 07:01:27 --> Session: Class initialized using 'CodeIgniter\Session\Handlers\FileHandler' driver.
DEBUG - 2025-12-01 07:01:28 --> Session: Class initialized using 'CodeIgniter\Session\Handlers\FileHandler' driver.
DEBUG - 2025-12-01 07:01:28 --> Session: Class initialized using 'CodeIgniter\Session\Handlers\FileHandler' driver.
DEBUG - 2025-12-01 07:01:28 --> Session: Class initialized using 'CodeIgniter\Session\Handlers\FileHandler' driver.
DEBUG - 2025-12-01 07:01:29 --> Session: Class initialized using 'CodeIgniter\Session\Handlers\FileHandler' driver.
DEBUG - 2025-12-01 07:01:32 --> Session: Class initialized using 'CodeIgniter\Session\Handlers\FileHandler' driver.
DEBUG - 2025-12-01 07:01:32 --> Session: Class initialized using 'CodeIgniter\Session\Handlers\FileHandler' driver.
DEBUG - 2025-12-01 07:01:33 --> Session: Class initialized using 'CodeIgniter\Session\Handlers\FileHandler' driver.
DEBUG - 2025-12-01 07:01:33 --> Session: Class initialized using 'CodeIgniter\Session\Handlers\FileHandler' driver.
DEBUG - 2025-12-01 07:01:34 --> Session: Class initialized using 'CodeIgniter\Session\Handlers\FileHandler' driver.
DEBUG - 2025-12-01 07:01:36 --> Session: Class initialized using 'CodeIgniter\Session\Handlers\FileHandler' driver.
DEBUG - 2025-12-01 07:01:36 --> Session: Class initialized using 'CodeIgniter\Session\Handlers\FileHandler' driver.
DEBUG - 2025-12-01 07:01:37 --> Session: Class initialized using 'CodeIgniter\Session\Handlers\FileHandler' driver.
DEBUG - 2025-12-01 07:01:37 --> Session: Class initialized using 'CodeIgniter\Session\Handlers\FileHandler' driver.
DEBUG - 2025-12-01 07:01:38 --> Session: Class initialized using 'CodeIgniter\Session\Handlers\FileHandler' driver.
DEBUG - 2025-12-01 07:01:39 --> Session: Class initialized using 'CodeIgniter\Session\Handlers\FileHandler' driver.
DEBUG - 2025-12-01 07:01:39 --> Session: Class initialized using 'CodeIgniter\Session\Handlers\FileHandler' driver.
DEBUG - 2025-12-01 08:15:00 --> Session: Class initialized using 'CodeIgniter\Session\Handlers\FileHandler' driver.
DEBUG - 2025-12-01 08:15:00 --> Session: Class initialized using 'CodeIgniter\Session\Handlers\FileHandler' driver.
DEBUG - 2025-12-01 08:16:18 --> Session: Class initialized using 'CodeIgniter\Session\Handlers\FileHandler' driver.
DEBUG - 2025-12-01 08:16:18 --> Session: Class initialized using 'CodeIgniter\Session\Handlers\FileHandler' driver.
DEBUG - 2025-12-01 08:16:25 --> Session: Class initialized using 'CodeIgniter\Session\Handlers\FileHandler' driver.
DEBUG - 2025-12-01 08:16:26 --> Session: Class initialized using 'CodeIgniter\Session\Handlers\FileHandler' driver.
DEBUG - 2025-12-01 08:16:27 --> Session: Class initialized using 'CodeIgniter\Session\Handlers\FileHandler' driver.
DEBUG - 2025-12-01 08:16:27 --> Session: Class initialized using 'CodeIgniter\Session\Handlers\FileHandler' driver.
DEBUG - 2025-12-01 08:16:42 --> Session: Class initialized using 'CodeIgniter\Session\Handlers\FileHandler' driver.
DEBUG - 2025-12-01 08:16:43 --> Session: Class initialized using 'CodeIgniter\Session\Handlers\FileHandler' driver.
DEBUG - 2025-12-01 08:17:02 --> Session: Class initialized using 'CodeIgniter\Session\Handlers\FileHandler' driver.
DEBUG - 2025-12-01 08:17:02 --> Session: Class initialized using 'CodeIgniter\Session\Handlers\FileHandler' driver.
DEBUG - 2025-12-01 08:17:03 --> Session: Class initialized using 'CodeIgniter\Session\Handlers\FileHandler' driver.
DEBUG - 2025-12-01 08:17:03 --> Session: Class initialized using 'CodeIgniter\Session\Handlers\FileHandler' driver.
DEBUG - 2025-12-01 08:17:13 --> Session: Class initialized using 'CodeIgniter\Session\Handlers\FileHandler' driver.
DEBUG - 2025-12-01 08:17:13 --> Session: Class initialized using 'CodeIgniter\Session\Handlers\FileHandler' driver.
DEBUG - 2025-12-01 08:17:40 --> Session: Class initialized using 'CodeIgniter\Session\Handlers\FileHandler' driver.
DEBUG - 2025-12-01 08:17:40 --> Session: Class initialized using 'CodeIgniter\Session\Handlers\FileHandler' driver.
DEBUG - 2025-12-01 08:17:42 --> Session: Class initialized using 'CodeIgniter\Session\Handlers\FileHandler' driver.
DEBUG - 2025-12-01 08:17:42 --> Session: Class initialized using 'CodeIgniter\Session\Handlers\FileHandler' driver.
DEBUG - 2025-12-01 08:17:42 --> Session: Class initialized using 'CodeIgniter\Session\Handlers\FileHandler' driver.
DEBUG - 2025-12-01 08:17:42 --> Session: Class initialized using 'CodeIgniter\Session\Handlers\FileHandler' driver.
DEBUG - 2025-12-01 08:17:44 --> Session: Class initialized using 'CodeIgniter\Session\Handlers\FileHandler' driver.
DEBUG - 2025-12-01 08:17:47 --> Session: Class initialized using 'CodeIgniter\Session\Handlers\FileHandler' driver.
DEBUG - 2025-12-01 08:17:47 --> Session: Class initialized using 'CodeIgniter\Session\Handlers\FileHandler' driver.
DEBUG - 2025-12-01 08:17:48 --> Session: Class initialized using 'CodeIgniter\Session\Handlers\FileHandler' driver.
DEBUG - 2025-12-01 08:17:51 --> Session: Class initialized using 'CodeIgniter\Session\Handlers\FileHandler' driver.
DEBUG - 2025-12-01 08:17:51 --> Session: Class initialized using 'CodeIgniter\Session\Handlers\FileHandler' driver.
DEBUG - 2025-12-01 08:17:53 --> Session: Class initialized using 'CodeIgniter\Session\Handlers\FileHandler' driver.
INFO - 2025-12-01 08:17:53 --> Day 1 (date 2026-02-06): No defaults loaded
INFO - 2025-12-01 08:17:53 --> Loaded default SS for Day 2 (date 2026-02-07): 1 items
INFO - 2025-12-01 08:17:53 --> Hardcoded Leisure SS auto-selected for Day 3 (date 2026-02-08, location 9)
INFO - 2025-12-01 08:17:53 --> Expansion date 2026-02-06: DB Total=210km, Saved SS=0km, Derived Base=210km (display base; JS adds current SS)
INFO - 2025-12-01 08:17:53 --> Expansion date 2026-02-06: DB Total=210km, Saved SS=0km, Derived Base=210km (display base; JS adds current SS)
INFO - 2025-12-01 08:17:53 --> Expansion date 2026-02-06: DB Total=210km, Saved SS=0km, Derived Base=210km (display base; JS adds current SS)
INFO - 2025-12-01 08:17:53 --> Expansion date 2026-02-06: DB Total=210km, Saved SS=0km, Derived Base=210km (display base; JS adds current SS)
INFO - 2025-12-01 08:17:53 --> Expansion date 2026-02-06: DB Total=210km, Saved SS=0km, Derived Base=210km (display base; JS adds current SS)
INFO - 2025-12-01 08:17:53 --> Expansion date 2026-02-06: DB Total=210km, Saved SS=0km, Derived Base=210km (display base; JS adds current SS)
INFO - 2025-12-01 08:17:53 --> Expansion date 2026-02-07: DB Total=0km, Saved SS=0km, Derived Base=0km (display base; JS adds current SS)
INFO - 2025-12-01 08:17:53 --> Expansion date 2026-02-07: DB Total=0km, Saved SS=0km, Derived Base=0km (display base; JS adds current SS)
INFO - 2025-12-01 08:17:53 --> Expansion date 2026-02-07: DB Total=0km, Saved SS=0km, Derived Base=0km (display base; JS adds current SS)
INFO - 2025-12-01 08:17:53 --> Expansion date 2026-02-07: DB Total=0km, Saved SS=0km, Derived Base=0km (display base; JS adds current SS)
INFO - 2025-12-01 08:17:53 --> Expansion date 2026-02-07: DB Total=0km, Saved SS=0km, Derived Base=0km (display base; JS adds current SS)
INFO - 2025-12-01 08:17:53 --> Expansion date 2026-02-07: DB Total=0km, Saved SS=0km, Derived Base=0km (display base; JS adds current SS)
INFO - 2025-12-01 08:17:53 --> Expansion date 2026-02-08: DB Total=36km, Saved SS=0km, Derived Base=36km (display base; JS adds current SS)
INFO - 2025-12-01 08:17:53 --> Expansion date 2026-02-08: DB Total=36km, Saved SS=0km, Derived Base=36km (display base; JS adds current SS)
INFO - 2025-12-01 08:17:53 --> Expansion date 2026-02-08: DB Total=36km, Saved SS=0km, Derived Base=36km (display base; JS adds current SS)
INFO - 2025-12-01 08:17:53 --> Expansion date 2026-02-08: DB Total=36km, Saved SS=0km, Derived Base=36km (display base; JS adds current SS)
INFO - 2025-12-01 08:17:53 --> Expansion date 2026-02-08: DB Total=36km, Saved SS=0km, Derived Base=36km (display base; JS adds current SS)
INFO - 2025-12-01 08:17:53 --> Expansion date 2026-02-08: DB Total=36km, Saved SS=0km, Derived Base=36km (display base; JS adds current SS)
DEBUG - 2025-12-01 08:17:58 --> Session: Class initialized using 'CodeIgniter\Session\Handlers\FileHandler' driver.
DEBUG - 2025-12-01 08:17:58 --> Session: Class initialized using 'CodeIgniter\Session\Handlers\FileHandler' driver.
INFO - 2025-12-01 08:17:58 --> Expansion date 2026-02-06: DB Total=210km, Saved SS=0km, Derived Base=210km (display base; JS adds current SS)
INFO - 2025-12-01 08:17:58 --> Expansion date 2026-02-06: DB Total=210km, Saved SS=0km, Derived Base=210km (display base; JS adds current SS)
INFO - 2025-12-01 08:17:58 --> Expansion date 2026-02-06: DB Total=210km, Saved SS=0km, Derived Base=210km (display base; JS adds current SS)
INFO - 2025-12-01 08:17:58 --> Expansion date 2026-02-06: DB Total=210km, Saved SS=0km, Derived Base=210km (display base; JS adds current SS)
INFO - 2025-12-01 08:17:58 --> Expansion date 2026-02-06: DB Total=210km, Saved SS=0km, Derived Base=210km (display base; JS adds current SS)
INFO - 2025-12-01 08:17:58 --> Expansion date 2026-02-06: DB Total=210km, Saved SS=0km, Derived Base=210km (display base; JS adds current SS)
INFO - 2025-12-01 08:17:58 --> Expansion date 2026-02-07: DB Total=0km, Saved SS=200km, Derived Base=0km (display base; JS adds current SS)
INFO - 2025-12-01 08:17:58 --> Expansion date 2026-02-07: DB Total=0km, Saved SS=200km, Derived Base=0km (display base; JS adds current SS)
INFO - 2025-12-01 08:17:58 --> Expansion date 2026-02-07: DB Total=0km, Saved SS=200km, Derived Base=0km (display base; JS adds current SS)
INFO - 2025-12-01 08:17:58 --> Expansion date 2026-02-07: DB Total=0km, Saved SS=200km, Derived Base=0km (display base; JS adds current SS)
INFO - 2025-12-01 08:17:58 --> Expansion date 2026-02-07: DB Total=0km, Saved SS=200km, Derived Base=0km (display base; JS adds current SS)
INFO - 2025-12-01 08:17:58 --> Expansion date 2026-02-07: DB Total=0km, Saved SS=200km, Derived Base=0km (display base; JS adds current SS)
INFO - 2025-12-01 08:17:58 --> Expansion date 2026-02-08: DB Total=36km, Saved SS=0km, Derived Base=36km (display base; JS adds current SS)
INFO - 2025-12-01 08:17:58 --> Expansion date 2026-02-08: DB Total=36km, Saved SS=0km, Derived Base=36km (display base; JS adds current SS)
INFO - 2025-12-01 08:17:58 --> Expansion date 2026-02-08: DB Total=36km, Saved SS=0km, Derived Base=36km (display base; JS adds current SS)
INFO - 2025-12-01 08:17:58 --> Expansion date 2026-02-08: DB Total=36km, Saved SS=0km, Derived Base=36km (display base; JS adds current SS)
INFO - 2025-12-01 08:17:58 --> Expansion date 2026-02-08: DB Total=36km, Saved SS=0km, Derived Base=36km (display base; JS adds current SS)
INFO - 2025-12-01 08:17:58 --> Expansion date 2026-02-08: DB Total=36km, Saved SS=0km, Derived Base=36km (display base; JS adds current SS)
INFO - 2025-12-01 08:17:58 --> Itinerary expansion date 2026-02-06: Derived Base=210km (no SS added)
INFO - 2025-12-01 08:17:58 --> Itinerary expansion date 2026-02-06: Derived Base=210km (no SS added)
INFO - 2025-12-01 08:17:58 --> Itinerary expansion date 2026-02-06: Derived Base=210km (no SS added)
INFO - 2025-12-01 08:17:58 --> Itinerary expansion date 2026-02-06: Derived Base=210km (no SS added)
INFO - 2025-12-01 08:17:58 --> Itinerary expansion date 2026-02-06: Derived Base=210km (no SS added)
INFO - 2025-12-01 08:17:58 --> Itinerary expansion date 2026-02-06: Derived Base=210km (no SS added)
INFO - 2025-12-01 08:17:58 --> Itinerary expansion date 2026-02-07: Derived Base=0km (no SS added)
INFO - 2025-12-01 08:17:58 --> Itinerary expansion date 2026-02-07: Derived Base=0km (no SS added)
INFO - 2025-12-01 08:17:58 --> Itinerary expansion date 2026-02-07: Derived Base=0km (no SS added)
INFO - 2025-12-01 08:17:58 --> Itinerary expansion date 2026-02-07: Derived Base=0km (no SS added)
INFO - 2025-12-01 08:17:58 --> Itinerary expansion date 2026-02-07: Derived Base=0km (no SS added)
INFO - 2025-12-01 08:17:58 --> Itinerary expansion date 2026-02-07: Derived Base=0km (no SS added)
INFO - 2025-12-01 08:17:58 --> Itinerary expansion date 2026-02-08: Derived Base=0km (no SS added)
INFO - 2025-12-01 08:17:58 --> Itinerary expansion date 2026-02-08: Derived Base=0km (no SS added)
INFO - 2025-12-01 08:17:58 --> Itinerary expansion date 2026-02-08: Derived Base=0km (no SS added)
INFO - 2025-12-01 08:17:58 --> Itinerary expansion date 2026-02-08: Derived Base=0km (no SS added)
INFO - 2025-12-01 08:17:58 --> Itinerary expansion date 2026-02-08: Derived Base=0km (no SS added)
INFO - 2025-12-01 08:17:58 --> Itinerary expansion date 2026-02-08: Derived Base=0km (no SS added)
DEBUG - 2025-12-01 08:18:01 --> Session: Class initialized using 'CodeIgniter\Session\Handlers\FileHandler' driver.
DEBUG - 2025-12-01 08:18:01 --> Session: Class initialized using 'CodeIgniter\Session\Handlers\FileHandler' driver.
DEBUG - 2025-12-01 08:18:01 --> Session: Class initialized using 'CodeIgniter\Session\Handlers\FileHandler' driver.
DEBUG - 2025-12-01 08:18:05 --> Session: Class initialized using 'CodeIgniter\Session\Handlers\FileHandler' driver.
DEBUG - 2025-12-01 08:18:05 --> Session: Class initialized using 'CodeIgniter\Session\Handlers\FileHandler' driver.
DEBUG - 2025-12-01 08:18:07 --> Session: Class initialized using 'CodeIgniter\Session\Handlers\FileHandler' driver.
DEBUG - 2025-12-01 08:18:09 --> Session: Class initialized using 'CodeIgniter\Session\Handlers\FileHandler' driver.
DEBUG - 2025-12-01 08:18:09 --> Session: Class initialized using 'CodeIgniter\Session\Handlers\FileHandler' driver.
DEBUG - 2025-12-01 08:18:12 --> Session: Class initialized using 'CodeIgniter\Session\Handlers\FileHandler' driver.
DEBUG - 2025-12-01 08:18:12 --> Session: Class initialized using 'CodeIgniter\Session\Handlers\FileHandler' driver.
DEBUG - 2025-12-01 08:18:13 --> Session: Class initialized using 'CodeIgniter\Session\Handlers\FileHandler' driver.
DEBUG - 2025-12-01 08:18:13 --> Session: Class initialized using 'CodeIgniter\Session\Handlers\FileHandler' driver.
DEBUG - 2025-12-01 08:18:16 --> Session: Class initialized using 'CodeIgniter\Session\Handlers\FileHandler' driver.
ERROR - 2025-12-01 13:48:18 --> Email: Unable to send email using SMTP. Your server might not be configured to send mail using this method.
ERROR - 2025-12-01 13:48:18 --> 220 smtp.gmail.com ESMTP d9443c01a7336-29bceb58fecsm116170785ad.95 - gsmtp

hello: 250-smtp.gmail.com at your service, [103.38.15.23]
250-SIZE 35882577
250-8BITMIME
250-AUTH LOGIN PLAIN XOAUTH2 PLAIN-CLIENTTOKEN OAUTHBEARER XOAUTH
250-ENHANCEDSTATUSCODES
250-PIPELINING
250-CHUNKING
250 SMTPUTF8

Failed to authenticate password. Error: 535-5.7.8 Username and Password not accepted. For more information, go to
535 5.7.8  https://support.google.com/mail/?p=BadCredentials d9443c01a7336-29bceb58fecsm116170785ad.95 - gsmtp

DEBUG - 2025-12-01 08:18:21 --> Session: Class initialized using 'CodeIgniter\Session\Handlers\FileHandler' driver.
INFO - 2025-12-01 08:18:21 --> getSightName(0) returned: 0 rows
INFO - 2025-12-01 08:18:21 --> getSightName(0) returned: 0 rows
INFO - 2025-12-01 08:18:21 --> getSightName(0) returned: 0 rows
INFO - 2025-12-01 08:18:21 --> getSightName(0) returned: 0 rows
INFO - 2025-12-01 08:18:21 --> getDefaultSightName() returned: 0 rows
INFO - 2025-12-01 08:18:21 --> getSightName(0) returned: 0 rows
INFO - 2025-12-01 08:18:21 --> getDefaultSightName() returned: 0 rows
INFO - 2025-12-01 08:18:21 --> getSightName(0) returned: 0 rows
INFO - 2025-12-01 08:18:21 --> getDefaultSightName() returned: 0 rows
INFO - 2025-12-01 08:18:21 --> getSightName(0) returned: 0 rows
INFO - 2025-12-01 08:18:21 --> getDefaultSightName() returned: 0 rows
DEBUG - 2025-12-01 08:18:23 --> Session: Class initialized using 'CodeIgniter\Session\Handlers\FileHandler' driver.
DEBUG - 2025-12-01 08:18:24 --> Session: Class initialized using 'CodeIgniter\Session\Handlers\FileHandler' driver.
DEBUG - 2025-12-01 08:18:28 --> Session: Class initialized using 'CodeIgniter\Session\Handlers\FileHandler' driver.
INFO - 2025-12-01 08:18:28 --> getMultipleSightseeing returned: 1 rows for IDs: 95
DEBUG - 2025-12-01 08:18:29 --> Session: Class initialized using 'CodeIgniter\Session\Handlers\FileHandler' driver.
DEBUG - 2025-12-01 08:18:30 --> Session: Class initialized using 'CodeIgniter\Session\Handlers\FileHandler' driver.
DEBUG - 2025-12-01 08:18:30 --> Session: Class initialized using 'CodeIgniter\Session\Handlers\FileHandler' driver.
DEBUG - 2025-12-01 08:18:30 --> Session: Class initialized using 'CodeIgniter\Session\Handlers\FileHandler' driver.
DEBUG - 2025-12-01 08:18:33 --> Session: Class initialized using 'CodeIgniter\Session\Handlers\FileHandler' driver.
ERROR - 2025-12-01 13:48:34 --> Email: Unable to send email using SMTP. Your server might not be configured to send mail using this method.
ERROR - 2025-12-01 13:48:34 --> 220 smtp.gmail.com ESMTP d9443c01a7336-29bceb4028csm114101025ad.75 - gsmtp

hello: 250-smtp.gmail.com at your service, [103.38.15.23]
250-SIZE 35882577
250-8BITMIME
250-AUTH LOGIN PLAIN XOAUTH2 PLAIN-CLIENTTOKEN OAUTHBEARER XOAUTH
250-ENHANCEDSTATUSCODES
250-PIPELINING
250-CHUNKING
250 SMTPUTF8

Failed to authenticate password. Error: 535-5.7.8 Username and Password not accepted. For more information, go to
535 5.7.8  https://support.google.com/mail/?p=BadCredentials d9443c01a7336-29bceb4028csm114101025ad.75 - gsmtp

ERROR - 2025-12-01 13:48:35 --> Email: Unable to send email using SMTP. Your server might not be configured to send mail using this method.
ERROR - 2025-12-01 13:48:35 --> Failed to authenticate password. Error: 535-5.7.8 Username and Password not accepted. For more information, go to
535 5.7.8  https://support.google.com/mail/?p=BadCredentials d9443c01a7336-29bceb4028csm114101025ad.75 - gsmtp

DEBUG - 2025-12-01 08:18:37 --> Session: Class initialized using 'CodeIgniter\Session\Handlers\FileHandler' driver.
DEBUG - 2025-12-01 08:18:37 --> Session: Class initialized using 'CodeIgniter\Session\Handlers\FileHandler' driver.
DEBUG - 2025-12-01 08:19:07 --> Session: Class initialized using 'CodeIgniter\Session\Handlers\FileHandler' driver.
DEBUG - 2025-12-01 08:19:13 --> Session: Class initialized using 'CodeIgniter\Session\Handlers\FileHandler' driver.
DEBUG - 2025-12-01 08:19:16 --> Session: Class initialized using 'CodeIgniter\Session\Handlers\FileHandler' driver.
DEBUG - 2025-12-01 08:19:16 --> Session: Class initialized using 'CodeIgniter\Session\Handlers\FileHandler' driver.
DEBUG - 2025-12-01 08:19:37 --> Session: Class initialized using 'CodeIgniter\Session\Handlers\FileHandler' driver.
DEBUG - 2025-12-01 08:19:37 --> Session: Class initialized using 'CodeIgniter\Session\Handlers\FileHandler' driver.
DEBUG - 2025-12-01 08:19:43 --> Session: Class initialized using 'CodeIgniter\Session\Handlers\FileHandler' driver.
DEBUG - 2025-12-01 08:19:43 --> Session: Class initialized using 'CodeIgniter\Session\Handlers\FileHandler' driver.
DEBUG - 2025-12-01 08:19:48 --> Session: Class initialized using 'CodeIgniter\Session\Handlers\FileHandler' driver.
DEBUG - 2025-12-01 08:19:48 --> Session: Class initialized using 'CodeIgniter\Session\Handlers\FileHandler' driver.
DEBUG - 2025-12-01 08:23:21 --> Session: Class initialized using 'CodeIgniter\Session\Handlers\FileHandler' driver.
DEBUG - 2025-12-01 08:23:21 --> Session: Class initialized using 'CodeIgniter\Session\Handlers\FileHandler' driver.
DEBUG - 2025-12-01 08:23:31 --> Session: Class initialized using 'CodeIgniter\Session\Handlers\FileHandler' driver.
DEBUG - 2025-12-01 08:23:37 --> Session: Class initialized using 'CodeIgniter\Session\Handlers\FileHandler' driver.
DEBUG - 2025-12-01 08:23:37 --> Session: Class initialized using 'CodeIgniter\Session\Handlers\FileHandler' driver.
DEBUG - 2025-12-01 08:23:41 --> Session: Class initialized using 'CodeIgniter\Session\Handlers\FileHandler' driver.
DEBUG - 2025-12-01 08:23:46 --> Session: Class initialized using 'CodeIgniter\Session\Handlers\FileHandler' driver.
DEBUG - 2025-12-01 08:23:46 --> Session: Class initialized using 'CodeIgniter\Session\Handlers\FileHandler' driver.
DEBUG - 2025-12-01 08:23:50 --> Session: Class initialized using 'CodeIgniter\Session\Handlers\FileHandler' driver.
DEBUG - 2025-12-01 08:23:52 --> Session: Class initialized using 'CodeIgniter\Session\Handlers\FileHandler' driver.
INFO - 2025-12-01 08:23:53 --> Expansion date 2026-02-06: DB Total=210km, Saved SS=0km, Derived Base=210km (display base; JS adds current SS)
INFO - 2025-12-01 08:23:53 --> Expansion date 2026-02-06: DB Total=210km, Saved SS=0km, Derived Base=210km (display base; JS adds current SS)
INFO - 2025-12-01 08:23:53 --> Expansion date 2026-02-06: DB Total=210km, Saved SS=0km, Derived Base=210km (display base; JS adds current SS)
INFO - 2025-12-01 08:23:53 --> Expansion date 2026-02-06: DB Total=210km, Saved SS=0km, Derived Base=210km (display base; JS adds current SS)
INFO - 2025-12-01 08:23:53 --> Expansion date 2026-02-06: DB Total=210km, Saved SS=0km, Derived Base=210km (display base; JS adds current SS)
INFO - 2025-12-01 08:23:53 --> Expansion date 2026-02-06: DB Total=210km, Saved SS=0km, Derived Base=210km (display base; JS adds current SS)
INFO - 2025-12-01 08:23:53 --> Expansion date 2026-02-07: DB Total=0km, Saved SS=200km, Derived Base=0km (display base; JS adds current SS)
INFO - 2025-12-01 08:23:53 --> Expansion date 2026-02-07: DB Total=0km, Saved SS=200km, Derived Base=0km (display base; JS adds current SS)
INFO - 2025-12-01 08:23:53 --> Expansion date 2026-02-07: DB Total=0km, Saved SS=200km, Derived Base=0km (display base; JS adds current SS)
INFO - 2025-12-01 08:23:53 --> Expansion date 2026-02-07: DB Total=0km, Saved SS=200km, Derived Base=0km (display base; JS adds current SS)
INFO - 2025-12-01 08:23:53 --> Expansion date 2026-02-07: DB Total=0km, Saved SS=200km, Derived Base=0km (display base; JS adds current SS)
INFO - 2025-12-01 08:23:53 --> Expansion date 2026-02-07: DB Total=0km, Saved SS=200km, Derived Base=0km (display base; JS adds current SS)
INFO - 2025-12-01 08:23:53 --> Expansion date 2026-02-08: DB Total=36km, Saved SS=0km, Derived Base=36km (display base; JS adds current SS)
INFO - 2025-12-01 08:23:53 --> Expansion date 2026-02-08: DB Total=36km, Saved SS=0km, Derived Base=36km (display base; JS adds current SS)
INFO - 2025-12-01 08:23:53 --> Expansion date 2026-02-08: DB Total=36km, Saved SS=0km, Derived Base=36km (display base; JS adds current SS)
INFO - 2025-12-01 08:23:53 --> Expansion date 2026-02-08: DB Total=36km, Saved SS=0km, Derived Base=36km (display base; JS adds current SS)
INFO - 2025-12-01 08:23:53 --> Expansion date 2026-02-08: DB Total=36km, Saved SS=0km, Derived Base=36km (display base; JS adds current SS)
INFO - 2025-12-01 08:23:53 --> Expansion date 2026-02-08: DB Total=36km, Saved SS=0km, Derived Base=36km (display base; JS adds current SS)
INFO - 2025-12-01 08:23:53 --> Itinerary expansion date 2026-02-06: Derived Base=210km (no SS added)
INFO - 2025-12-01 08:23:53 --> Itinerary expansion date 2026-02-06: Derived Base=210km (no SS added)
INFO - 2025-12-01 08:23:53 --> Itinerary expansion date 2026-02-06: Derived Base=210km (no SS added)
INFO - 2025-12-01 08:23:53 --> Itinerary expansion date 2026-02-06: Derived Base=210km (no SS added)
INFO - 2025-12-01 08:23:53 --> Itinerary expansion date 2026-02-06: Derived Base=210km (no SS added)
INFO - 2025-12-01 08:23:53 --> Itinerary expansion date 2026-02-06: Derived Base=210km (no SS added)
INFO - 2025-12-01 08:23:53 --> Itinerary expansion date 2026-02-07: Derived Base=0km (no SS added)
INFO - 2025-12-01 08:23:53 --> Itinerary expansion date 2026-02-07: Derived Base=0km (no SS added)
INFO - 2025-12-01 08:23:53 --> Itinerary expansion date 2026-02-07: Derived Base=0km (no SS added)
INFO - 2025-12-01 08:23:53 --> Itinerary expansion date 2026-02-07: Derived Base=0km (no SS added)
INFO - 2025-12-01 08:23:53 --> Itinerary expansion date 2026-02-07: Derived Base=0km (no SS added)
INFO - 2025-12-01 08:23:53 --> Itinerary expansion date 2026-02-07: Derived Base=0km (no SS added)
INFO - 2025-12-01 08:23:53 --> Itinerary expansion date 2026-02-08: Derived Base=0km (no SS added)
INFO - 2025-12-01 08:23:53 --> Itinerary expansion date 2026-02-08: Derived Base=0km (no SS added)
INFO - 2025-12-01 08:23:53 --> Itinerary expansion date 2026-02-08: Derived Base=0km (no SS added)
INFO - 2025-12-01 08:23:53 --> Itinerary expansion date 2026-02-08: Derived Base=0km (no SS added)
INFO - 2025-12-01 08:23:53 --> Itinerary expansion date 2026-02-08: Derived Base=0km (no SS added)
INFO - 2025-12-01 08:23:53 --> Itinerary expansion date 2026-02-08: Derived Base=0km (no SS added)
DEBUG - 2025-12-01 08:23:56 --> Session: Class initialized using 'CodeIgniter\Session\Handlers\FileHandler' driver.
DEBUG - 2025-12-01 08:23:58 --> Session: Class initialized using 'CodeIgniter\Session\Handlers\FileHandler' driver.
DEBUG - 2025-12-01 08:23:58 --> Session: Class initialized using 'CodeIgniter\Session\Handlers\FileHandler' driver.
DEBUG - 2025-12-01 08:25:34 --> Session: Class initialized using 'CodeIgniter\Session\Handlers\FileHandler' driver.
DEBUG - 2025-12-01 08:25:34 --> Session: Class initialized using 'CodeIgniter\Session\Handlers\FileHandler' driver.
DEBUG - 2025-12-01 08:25:42 --> Session: Class initialized using 'CodeIgniter\Session\Handlers\FileHandler' driver.
DEBUG - 2025-12-01 08:25:42 --> Session: Class initialized using 'CodeIgniter\Session\Handlers\FileHandler' driver.
DEBUG - 2025-12-01 08:25:47 --> Session: Class initialized using 'CodeIgniter\Session\Handlers\FileHandler' driver.
DEBUG - 2025-12-01 08:25:47 --> Session: Class initialized using 'CodeIgniter\Session\Handlers\FileHandler' driver.
DEBUG - 2025-12-01 08:25:57 --> Session: Class initialized using 'CodeIgniter\Session\Handlers\FileHandler' driver.
DEBUG - 2025-12-01 08:25:57 --> Session: Class initialized using 'CodeIgniter\Session\Handlers\FileHandler' driver.
DEBUG - 2025-12-01 08:25:59 --> Session: Class initialized using 'CodeIgniter\Session\Handlers\FileHandler' driver.
DEBUG - 2025-12-01 08:26:00 --> Session: Class initialized using 'CodeIgniter\Session\Handlers\FileHandler' driver.
DEBUG - 2025-12-01 08:26:01 --> Session: Class initialized using 'CodeIgniter\Session\Handlers\FileHandler' driver.
DEBUG - 2025-12-01 08:26:02 --> Session: Class initialized using 'CodeIgniter\Session\Handlers\FileHandler' driver.
DEBUG - 2025-12-01 08:26:05 --> Session: Class initialized using 'CodeIgniter\Session\Handlers\FileHandler' driver.
DEBUG - 2025-12-01 08:26:05 --> Session: Class initialized using 'CodeIgniter\Session\Handlers\FileHandler' driver.
DEBUG - 2025-12-01 08:26:05 --> Session: Class initialized using 'CodeIgniter\Session\Handlers\FileHandler' driver.
DEBUG - 2025-12-01 08:26:10 --> Session: Class initialized using 'CodeIgniter\Session\Handlers\FileHandler' driver.
DEBUG - 2025-12-01 08:26:10 --> Session: Class initialized using 'CodeIgniter\Session\Handlers\FileHandler' driver.
DEBUG - 2025-12-01 08:26:12 --> Session: Class initialized using 'CodeIgniter\Session\Handlers\FileHandler' driver.
DEBUG - 2025-12-01 08:26:15 --> Session: Class initialized using 'CodeIgniter\Session\Handlers\FileHandler' driver.
DEBUG - 2025-12-01 08:26:18 --> Session: Class initialized using 'CodeIgniter\Session\Handlers\FileHandler' driver.
DEBUG - 2025-12-01 08:26:18 --> Session: Class initialized using 'CodeIgniter\Session\Handlers\FileHandler' driver.
DEBUG - 2025-12-01 08:26:25 --> Session: Class initialized using 'CodeIgniter\Session\Handlers\FileHandler' driver.
DEBUG - 2025-12-01 08:26:29 --> Session: Class initialized using 'CodeIgniter\Session\Handlers\FileHandler' driver.
DEBUG - 2025-12-01 08:26:29 --> Session: Class initialized using 'CodeIgniter\Session\Handlers\FileHandler' driver.
DEBUG - 2025-12-01 08:26:52 --> Session: Class initialized using 'CodeIgniter\Session\Handlers\FileHandler' driver.
DEBUG - 2025-12-01 08:26:52 --> Session: Class initialized using 'CodeIgniter\Session\Handlers\FileHandler' driver.
DEBUG - 2025-12-01 08:29:17 --> Session: Class initialized using 'CodeIgniter\Session\Handlers\FileHandler' driver.
DEBUG - 2025-12-01 08:29:30 --> Session: Class initialized using 'CodeIgniter\Session\Handlers\FileHandler' driver.
DEBUG - 2025-12-01 08:29:33 --> Session: Class initialized using 'CodeIgniter\Session\Handlers\FileHandler' driver.
DEBUG - 2025-12-01 08:29:48 --> Session: Class initialized using 'CodeIgniter\Session\Handlers\FileHandler' driver.
DEBUG - 2025-12-01 08:30:36 --> Session: Class initialized using 'CodeIgniter\Session\Handlers\FileHandler' driver.
DEBUG - 2025-12-01 08:31:15 --> Session: Class initialized using 'CodeIgniter\Session\Handlers\FileHandler' driver.
DEBUG - 2025-12-01 08:31:18 --> Session: Class initialized using 'CodeIgniter\Session\Handlers\FileHandler' driver.
DEBUG - 2025-12-01 08:31:20 --> Session: Class initialized using 'CodeIgniter\Session\Handlers\FileHandler' driver.
ERROR - 2025-12-01 14:01:22 --> Email: Unable to send email using SMTP. Your server might not be configured to send mail using this method.
ERROR - 2025-12-01 14:01:22 --> 220 smtp.gmail.com ESMTP d2e1a72fcca58-7d15e6e6df9sm12623511b3a.39 - gsmtp

hello: 250-smtp.gmail.com at your service, [103.38.15.23]
250-SIZE 35882577
250-8BITMIME
250-AUTH LOGIN PLAIN XOAUTH2 PLAIN-CLIENTTOKEN OAUTHBEARER XOAUTH
250-ENHANCEDSTATUSCODES
250-PIPELINING
250-CHUNKING
250 SMTPUTF8

Failed to authenticate password. Error: 535-5.7.8 Username and Password not accepted. For more information, go to
535 5.7.8  https://support.google.com/mail/?p=BadCredentials d2e1a72fcca58-7d15e6e6df9sm12623511b3a.39 - gsmtp

DEBUG - 2025-12-01 08:31:22 --> Session: Class initialized using 'CodeIgniter\Session\Handlers\FileHandler' driver.
DEBUG - 2025-12-01 08:31:22 --> Session: Class initialized using 'CodeIgniter\Session\Handlers\FileHandler' driver.
DEBUG - 2025-12-01 08:31:30 --> Session: Class initialized using 'CodeIgniter\Session\Handlers\FileHandler' driver.
DEBUG - 2025-12-01 08:31:37 --> Session: Class initialized using 'CodeIgniter\Session\Handlers\FileHandler' driver.
DEBUG - 2025-12-01 08:31:37 --> Session: Class initialized using 'CodeIgniter\Session\Handlers\FileHandler' driver.
DEBUG - 2025-12-01 08:31:44 --> Session: Class initialized using 'CodeIgniter\Session\Handlers\FileHandler' driver.
DEBUG - 2025-12-01 08:31:48 --> Session: Class initialized using 'CodeIgniter\Session\Handlers\FileHandler' driver.
DEBUG - 2025-12-01 08:31:48 --> Session: Class initialized using 'CodeIgniter\Session\Handlers\FileHandler' driver.
DEBUG - 2025-12-01 08:31:48 --> Session: Class initialized using 'CodeIgniter\Session\Handlers\FileHandler' driver.
DEBUG - 2025-12-01 08:31:48 --> Session: Class initialized using 'CodeIgniter\Session\Handlers\FileHandler' driver.
DEBUG - 2025-12-01 08:31:48 --> Session: Class initialized using 'CodeIgniter\Session\Handlers\FileHandler' driver.
DEBUG - 2025-12-01 08:31:48 --> Session: Class initialized using 'CodeIgniter\Session\Handlers\FileHandler' driver.
DEBUG - 2025-12-01 08:31:48 --> Session: Class initialized using 'CodeIgniter\Session\Handlers\FileHandler' driver.
DEBUG - 2025-12-01 08:31:48 --> Session: Class initialized using 'CodeIgniter\Session\Handlers\FileHandler' driver.
DEBUG - 2025-12-01 08:31:48 --> Session: Class initialized using 'CodeIgniter\Session\Handlers\FileHandler' driver.
DEBUG - 2025-12-01 08:31:48 --> Session: Class initialized using 'CodeIgniter\Session\Handlers\FileHandler' driver.
DEBUG - 2025-12-01 08:31:48 --> Session: Class initialized using 'CodeIgniter\Session\Handlers\FileHandler' driver.
DEBUG - 2025-12-01 08:31:48 --> Session: Class initialized using 'CodeIgniter\Session\Handlers\FileHandler' driver.
DEBUG - 2025-12-01 08:31:48 --> Session: Class initialized using 'CodeIgniter\Session\Handlers\FileHandler' driver.
DEBUG - 2025-12-01 08:31:48 --> Session: Class initialized using 'CodeIgniter\Session\Handlers\FileHandler' driver.
DEBUG - 2025-12-01 08:31:48 --> Session: Class initialized using 'CodeIgniter\Session\Handlers\FileHandler' driver.
DEBUG - 2025-12-01 08:31:48 --> Session: Class initialized using 'CodeIgniter\Session\Handlers\FileHandler' driver.
DEBUG - 2025-12-01 08:31:48 --> Session: Class initialized using 'CodeIgniter\Session\Handlers\FileHandler' driver.
DEBUG - 2025-12-01 08:31:48 --> Session: Class initialized using 'CodeIgniter\Session\Handlers\FileHandler' driver.
DEBUG - 2025-12-01 08:31:48 --> Session: Class initialized using 'CodeIgniter\Session\Handlers\FileHandler' driver.
DEBUG - 2025-12-01 08:31:49 --> Session: Class initialized using 'CodeIgniter\Session\Handlers\FileHandler' driver.
DEBUG - 2025-12-01 08:31:49 --> Session: Class initialized using 'CodeIgniter\Session\Handlers\FileHandler' driver.
DEBUG - 2025-12-01 08:31:49 --> Session: Class initialized using 'CodeIgniter\Session\Handlers\FileHandler' driver.
DEBUG - 2025-12-01 08:31:49 --> Session: Class initialized using 'CodeIgniter\Session\Handlers\FileHandler' driver.
DEBUG - 2025-12-01 08:31:49 --> Session: Class initialized using 'CodeIgniter\Session\Handlers\FileHandler' driver.
DEBUG - 2025-12-01 08:31:49 --> Session: Class initialized using 'CodeIgniter\Session\Handlers\FileHandler' driver.
DEBUG - 2025-12-01 08:31:49 --> Session: Class initialized using 'CodeIgniter\Session\Handlers\FileHandler' driver.
DEBUG - 2025-12-01 08:31:49 --> Session: Class initialized using 'CodeIgniter\Session\Handlers\FileHandler' driver.
DEBUG - 2025-12-01 08:31:50 --> Session: Class initialized using 'CodeIgniter\Session\Handlers\FileHandler' driver.
DEBUG - 2025-12-01 08:31:50 --> Session: Class initialized using 'CodeIgniter\Session\Handlers\FileHandler' driver.
DEBUG - 2025-12-01 08:31:50 --> Session: Class initialized using 'CodeIgniter\Session\Handlers\FileHandler' driver.
DEBUG - 2025-12-01 08:31:50 --> Session: Class initialized using 'CodeIgniter\Session\Handlers\FileHandler' driver.
DEBUG - 2025-12-01 08:31:50 --> Session: Class initialized using 'CodeIgniter\Session\Handlers\FileHandler' driver.
DEBUG - 2025-12-01 08:31:50 --> Session: Class initialized using 'CodeIgniter\Session\Handlers\FileHandler' driver.
DEBUG - 2025-12-01 08:31:50 --> Session: Class initialized using 'CodeIgniter\Session\Handlers\FileHandler' driver.
DEBUG - 2025-12-01 08:31:50 --> Session: Class initialized using 'CodeIgniter\Session\Handlers\FileHandler' driver.
DEBUG - 2025-12-01 08:31:50 --> Session: Class initialized using 'CodeIgniter\Session\Handlers\FileHandler' driver.
DEBUG - 2025-12-01 08:31:51 --> Session: Class initialized using 'CodeIgniter\Session\Handlers\FileHandler' driver.
DEBUG - 2025-12-01 08:31:51 --> Session: Class initialized using 'CodeIgniter\Session\Handlers\FileHandler' driver.
DEBUG - 2025-12-01 08:31:51 --> Session: Class initialized using 'CodeIgniter\Session\Handlers\FileHandler' driver.
DEBUG - 2025-12-01 08:31:57 --> Session: Class initialized using 'CodeIgniter\Session\Handlers\FileHandler' driver.
DEBUG - 2025-12-01 08:31:57 --> Session: Class initialized using 'CodeIgniter\Session\Handlers\FileHandler' driver.
DEBUG - 2025-12-01 08:32:02 --> Session: Class initialized using 'CodeIgniter\Session\Handlers\FileHandler' driver.
DEBUG - 2025-12-01 08:32:06 --> Session: Class initialized using 'CodeIgniter\Session\Handlers\FileHandler' driver.
DEBUG - 2025-12-01 08:32:06 --> Session: Class initialized using 'CodeIgniter\Session\Handlers\FileHandler' driver.
DEBUG - 2025-12-01 08:32:06 --> Session: Class initialized using 'CodeIgniter\Session\Handlers\FileHandler' driver.
DEBUG - 2025-12-01 08:32:06 --> Session: Class initialized using 'CodeIgniter\Session\Handlers\FileHandler' driver.
DEBUG - 2025-12-01 08:32:06 --> Session: Class initialized using 'CodeIgniter\Session\Handlers\FileHandler' driver.
DEBUG - 2025-12-01 08:32:06 --> Session: Class initialized using 'CodeIgniter\Session\Handlers\FileHandler' driver.
DEBUG - 2025-12-01 08:32:06 --> Session: Class initialized using 'CodeIgniter\Session\Handlers\FileHandler' driver.
DEBUG - 2025-12-01 08:32:06 --> Session: Class initialized using 'CodeIgniter\Session\Handlers\FileHandler' driver.
DEBUG - 2025-12-01 08:32:06 --> Session: Class initialized using 'CodeIgniter\Session\Handlers\FileHandler' driver.
DEBUG - 2025-12-01 08:32:10 --> Session: Class initialized using 'CodeIgniter\Session\Handlers\FileHandler' driver.
DEBUG - 2025-12-01 08:32:10 --> Session: Class initialized using 'CodeIgniter\Session\Handlers\FileHandler' driver.
DEBUG - 2025-12-01 08:32:10 --> Session: Class initialized using 'CodeIgniter\Session\Handlers\FileHandler' driver.
DEBUG - 2025-12-01 08:32:10 --> Session: Class initialized using 'CodeIgniter\Session\Handlers\FileHandler' driver.
DEBUG - 2025-12-01 08:32:10 --> Session: Class initialized using 'CodeIgniter\Session\Handlers\FileHandler' driver.
DEBUG - 2025-12-01 08:32:10 --> Session: Class initialized using 'CodeIgniter\Session\Handlers\FileHandler' driver.
DEBUG - 2025-12-01 08:32:10 --> Session: Class initialized using 'CodeIgniter\Session\Handlers\FileHandler' driver.
DEBUG - 2025-12-01 08:32:10 --> Session: Class initialized using 'CodeIgniter\Session\Handlers\FileHandler' driver.
DEBUG - 2025-12-01 08:32:10 --> Session: Class initialized using 'CodeIgniter\Session\Handlers\FileHandler' driver.
DEBUG - 2025-12-01 08:32:11 --> Session: Class initialized using 'CodeIgniter\Session\Handlers\FileHandler' driver.
DEBUG - 2025-12-01 08:32:11 --> Session: Class initialized using 'CodeIgniter\Session\Handlers\FileHandler' driver.
DEBUG - 2025-12-01 08:32:11 --> Session: Class initialized using 'CodeIgniter\Session\Handlers\FileHandler' driver.
DEBUG - 2025-12-01 08:32:18 --> Session: Class initialized using 'CodeIgniter\Session\Handlers\FileHandler' driver.
DEBUG - 2025-12-01 08:32:18 --> Session: Class initialized using 'CodeIgniter\Session\Handlers\FileHandler' driver.
DEBUG - 2025-12-01 08:32:20 --> Session: Class initialized using 'CodeIgniter\Session\Handlers\FileHandler' driver.
INFO - 2025-12-01 08:32:20 --> Day 1 (date 2025-12-06): No defaults loaded
INFO - 2025-12-01 08:32:20 --> Loaded default SS for Day 2 (date 2025-12-07): 1 items
INFO - 2025-12-01 08:32:20 --> Expansion date 2025-12-06: DB Total=176km, Saved SS=0km, Derived Base=176km (display base; JS adds current SS)
INFO - 2025-12-01 08:32:20 --> Expansion date 2025-12-06: DB Total=176km, Saved SS=0km, Derived Base=176km (display base; JS adds current SS)
INFO - 2025-12-01 08:32:20 --> Expansion date 2025-12-06: DB Total=176km, Saved SS=0km, Derived Base=176km (display base; JS adds current SS)
INFO - 2025-12-01 08:32:20 --> Expansion date 2025-12-07: DB Total=0km, Saved SS=0km, Derived Base=0km (display base; JS adds current SS)
INFO - 2025-12-01 08:32:20 --> Expansion date 2025-12-07: DB Total=0km, Saved SS=0km, Derived Base=0km (display base; JS adds current SS)
INFO - 2025-12-01 08:32:20 --> Expansion date 2025-12-07: DB Total=0km, Saved SS=0km, Derived Base=0km (display base; JS adds current SS)
INFO - 2025-12-01 08:32:20 --> Day 1 (date 2025-12-08): No defaults loaded
INFO - 2025-12-01 08:32:20 --> Expansion date 2025-12-08: DB Total=211km, Saved SS=0km, Derived Base=211km (display base; JS adds current SS)
INFO - 2025-12-01 08:32:20 --> Expansion date 2025-12-08: DB Total=211km, Saved SS=0km, Derived Base=211km (display base; JS adds current SS)
INFO - 2025-12-01 08:32:20 --> Expansion date 2025-12-08: DB Total=211km, Saved SS=0km, Derived Base=211km (display base; JS adds current SS)
DEBUG - 2025-12-01 08:32:38 --> Session: Class initialized using 'CodeIgniter\Session\Handlers\FileHandler' driver.
DEBUG - 2025-12-01 08:32:38 --> Session: Class initialized using 'CodeIgniter\Session\Handlers\FileHandler' driver.
INFO - 2025-12-01 08:32:38 --> Expansion date 2025-12-06: DB Total=176km, Saved SS=90km, Derived Base=86km (display base; JS adds current SS)
INFO - 2025-12-01 08:32:38 --> Expansion date 2025-12-06: DB Total=176km, Saved SS=90km, Derived Base=86km (display base; JS adds current SS)
INFO - 2025-12-01 08:32:38 --> Expansion date 2025-12-06: DB Total=176km, Saved SS=90km, Derived Base=86km (display base; JS adds current SS)
INFO - 2025-12-01 08:32:38 --> Expansion date 2025-12-07: DB Total=0km, Saved SS=340km, Derived Base=0km (display base; JS adds current SS)
INFO - 2025-12-01 08:32:38 --> Expansion date 2025-12-07: DB Total=0km, Saved SS=340km, Derived Base=0km (display base; JS adds current SS)
INFO - 2025-12-01 08:32:38 --> Expansion date 2025-12-07: DB Total=0km, Saved SS=340km, Derived Base=0km (display base; JS adds current SS)
INFO - 2025-12-01 08:32:38 --> Expansion date 2025-12-08: DB Total=211km, Saved SS=0km, Derived Base=211km (display base; JS adds current SS)
INFO - 2025-12-01 08:32:38 --> Expansion date 2025-12-08: DB Total=211km, Saved SS=0km, Derived Base=211km (display base; JS adds current SS)
INFO - 2025-12-01 08:32:38 --> Expansion date 2025-12-08: DB Total=211km, Saved SS=0km, Derived Base=211km (display base; JS adds current SS)
INFO - 2025-12-01 08:32:38 --> Itinerary expansion date 2025-12-06: Derived Base=176km (no SS added)
INFO - 2025-12-01 08:32:38 --> Itinerary expansion date 2025-12-06: Derived Base=176km (no SS added)
INFO - 2025-12-01 08:32:38 --> Itinerary expansion date 2025-12-06: Derived Base=176km (no SS added)
INFO - 2025-12-01 08:32:38 --> Itinerary expansion date 2025-12-07: Derived Base=0km (no SS added)
INFO - 2025-12-01 08:32:38 --> Itinerary expansion date 2025-12-07: Derived Base=0km (no SS added)
INFO - 2025-12-01 08:32:38 --> Itinerary expansion date 2025-12-07: Derived Base=0km (no SS added)
INFO - 2025-12-01 08:32:38 --> Itinerary expansion date 2025-12-08: Derived Base=175km (no SS added)
INFO - 2025-12-01 08:32:38 --> Itinerary expansion date 2025-12-08: Derived Base=175km (no SS added)
INFO - 2025-12-01 08:32:38 --> Itinerary expansion date 2025-12-08: Derived Base=175km (no SS added)
DEBUG - 2025-12-01 08:32:41 --> Session: Class initialized using 'CodeIgniter\Session\Handlers\FileHandler' driver.
DEBUG - 2025-12-01 08:32:41 --> Session: Class initialized using 'CodeIgniter\Session\Handlers\FileHandler' driver.
DEBUG - 2025-12-01 08:32:42 --> Session: Class initialized using 'CodeIgniter\Session\Handlers\FileHandler' driver.
DEBUG - 2025-12-01 08:32:49 --> Session: Class initialized using 'CodeIgniter\Session\Handlers\FileHandler' driver.
DEBUG - 2025-12-01 08:32:49 --> Session: Class initialized using 'CodeIgniter\Session\Handlers\FileHandler' driver.
DEBUG - 2025-12-01 08:32:51 --> Session: Class initialized using 'CodeIgniter\Session\Handlers\FileHandler' driver.
INFO - 2025-12-01 08:32:51 --> getSightName(0) returned: 0 rows
INFO - 2025-12-01 08:32:51 --> getSightName(0) returned: 0 rows
INFO - 2025-12-01 08:32:51 --> getSightName(0) returned: 0 rows
INFO - 2025-12-01 08:32:51 --> getSightName(0) returned: 0 rows
INFO - 2025-12-01 08:32:51 --> getDefaultSightName() returned: 0 rows
INFO - 2025-12-01 08:32:51 --> getSightName(0) returned: 0 rows
INFO - 2025-12-01 08:32:51 --> getDefaultSightName() returned: 0 rows
INFO - 2025-12-01 08:32:51 --> getSightName(0) returned: 0 rows
INFO - 2025-12-01 08:32:51 --> getDefaultSightName() returned: 0 rows
INFO - 2025-12-01 08:32:51 --> getSightName(0) returned: 0 rows
INFO - 2025-12-01 08:32:51 --> getDefaultSightName() returned: 0 rows
DEBUG - 2025-12-01 08:34:02 --> Session: Class initialized using 'CodeIgniter\Session\Handlers\FileHandler' driver.
INFO - 2025-12-01 08:34:02 --> getSightName(0) returned: 0 rows
INFO - 2025-12-01 08:34:02 --> getSightName(0) returned: 0 rows
INFO - 2025-12-01 08:34:02 --> getSightName(0) returned: 0 rows
INFO - 2025-12-01 08:34:02 --> getSightName(0) returned: 0 rows
INFO - 2025-12-01 08:34:02 --> getDefaultSightName() returned: 0 rows
INFO - 2025-12-01 08:34:02 --> getSightName(0) returned: 0 rows
INFO - 2025-12-01 08:34:02 --> getDefaultSightName() returned: 0 rows
INFO - 2025-12-01 08:34:02 --> getSightName(0) returned: 0 rows
INFO - 2025-12-01 08:34:02 --> getDefaultSightName() returned: 0 rows
INFO - 2025-12-01 08:34:02 --> getSightName(0) returned: 0 rows
INFO - 2025-12-01 08:34:02 --> getDefaultSightName() returned: 0 rows
DEBUG - 2025-12-01 08:34:04 --> Session: Class initialized using 'CodeIgniter\Session\Handlers\FileHandler' driver.
DEBUG - 2025-12-01 08:34:05 --> Session: Class initialized using 'CodeIgniter\Session\Handlers\FileHandler' driver.
DEBUG - 2025-12-01 08:34:08 --> Session: Class initialized using 'CodeIgniter\Session\Handlers\FileHandler' driver.
INFO - 2025-12-01 08:34:08 --> getMultipleSightseeing returned: 1 rows for IDs: 91
INFO - 2025-12-01 08:34:08 --> getMultipleSightseeing returned: 2 rows for IDs: 91,164
INFO - 2025-12-01 08:34:08 --> getMultipleSightseeing returned: 1 rows for IDs: 96
DEBUG - 2025-12-01 08:34:10 --> Session: Class initialized using 'CodeIgniter\Session\Handlers\FileHandler' driver.
DEBUG - 2025-12-01 08:34:11 --> Session: Class initialized using 'CodeIgniter\Session\Handlers\FileHandler' driver.
DEBUG - 2025-12-01 08:34:11 --> Session: Class initialized using 'CodeIgniter\Session\Handlers\FileHandler' driver.
DEBUG - 2025-12-01 08:34:11 --> Session: Class initialized using 'CodeIgniter\Session\Handlers\FileHandler' driver.
DEBUG - 2025-12-01 08:34:13 --> Session: Class initialized using 'CodeIgniter\Session\Handlers\FileHandler' driver.
DEBUG - 2025-12-01 08:34:13 --> Session: Class initialized using 'CodeIgniter\Session\Handlers\FileHandler' driver.
DEBUG - 2025-12-01 08:34:16 --> Session: Class initialized using 'CodeIgniter\Session\Handlers\FileHandler' driver.
DEBUG - 2025-12-01 08:34:16 --> Session: Class initialized using 'CodeIgniter\Session\Handlers\FileHandler' driver.
DEBUG - 2025-12-01 08:34:17 --> Session: Class initialized using 'CodeIgniter\Session\Handlers\FileHandler' driver.
ERROR - 2025-12-01 14:04:18 --> Email: Unable to send email using SMTP. Your server might not be configured to send mail using this method.
ERROR - 2025-12-01 14:04:18 --> 220 smtp.gmail.com ESMTP 98e67ed59e1d1-3477b74c83esm12403967a91.15 - gsmtp

hello: 250-smtp.gmail.com at your service, [103.38.15.23]
250-SIZE 35882577
250-8BITMIME
250-AUTH LOGIN PLAIN XOAUTH2 PLAIN-CLIENTTOKEN OAUTHBEARER XOAUTH
250-ENHANCEDSTATUSCODES
250-PIPELINING
250-CHUNKING
250 SMTPUTF8

Failed to authenticate password. Error: 535-5.7.8 Username and Password not accepted. For more information, go to
535 5.7.8  https://support.google.com/mail/?p=BadCredentials 98e67ed59e1d1-3477b74c83esm12403967a91.15 - gsmtp

DEBUG - 2025-12-01 08:34:20 --> Session: Class initialized using 'CodeIgniter\Session\Handlers\FileHandler' driver.
DEBUG - 2025-12-01 08:34:20 --> Session: Class initialized using 'CodeIgniter\Session\Handlers\FileHandler' driver.
DEBUG - 2025-12-01 08:34:25 --> Session: Class initialized using 'CodeIgniter\Session\Handlers\FileHandler' driver.
DEBUG - 2025-12-01 08:34:32 --> Session: Class initialized using 'CodeIgniter\Session\Handlers\FileHandler' driver.
DEBUG - 2025-12-01 08:34:33 --> Session: Class initialized using 'CodeIgniter\Session\Handlers\FileHandler' driver.
DEBUG - 2025-12-01 08:34:34 --> Session: Class initialized using 'CodeIgniter\Session\Handlers\FileHandler' driver.
DEBUG - 2025-12-01 08:34:34 --> Session: Class initialized using 'CodeIgniter\Session\Handlers\FileHandler' driver.
DEBUG - 2025-12-01 08:34:46 --> Session: Class initialized using 'CodeIgniter\Session\Handlers\FileHandler' driver.
ERROR - 2025-12-01 14:04:48 --> Email: Unable to send email using SMTP. Your server might not be configured to send mail using this method.
ERROR - 2025-12-01 14:04:48 --> 220 smtp.gmail.com ESMTP d9443c01a7336-29bceb277d0sm117396045ad.53 - gsmtp

hello: 250-smtp.gmail.com at your service, [103.38.15.23]
250-SIZE 35882577
250-8BITMIME
250-AUTH LOGIN PLAIN XOAUTH2 PLAIN-CLIENTTOKEN OAUTHBEARER XOAUTH
250-ENHANCEDSTATUSCODES
250-PIPELINING
250-CHUNKING
250 SMTPUTF8

Failed to authenticate password. Error: 535-5.7.8 Username and Password not accepted. For more information, go to
535 5.7.8  https://support.google.com/mail/?p=BadCredentials d9443c01a7336-29bceb277d0sm117396045ad.53 - gsmtp

ERROR - 2025-12-01 14:04:49 --> Email: Unable to send email using SMTP. Your server might not be configured to send mail using this method.
ERROR - 2025-12-01 14:04:49 --> Failed to authenticate password. Error: 535-5.7.8 Username and Password not accepted. For more information, go to
535 5.7.8  https://support.google.com/mail/?p=BadCredentials d9443c01a7336-29bceb277d0sm117396045ad.53 - gsmtp

DEBUG - 2025-12-01 08:34:50 --> Session: Class initialized using 'CodeIgniter\Session\Handlers\FileHandler' driver.
DEBUG - 2025-12-01 08:34:50 --> Session: Class initialized using 'CodeIgniter\Session\Handlers\FileHandler' driver.
DEBUG - 2025-12-01 08:34:54 --> Session: Class initialized using 'CodeIgniter\Session\Handlers\FileHandler' driver.
DEBUG - 2025-12-01 08:35:00 --> Session: Class initialized using 'CodeIgniter\Session\Handlers\FileHandler' driver.
DEBUG - 2025-12-01 08:35:03 --> Session: Class initialized using 'CodeIgniter\Session\Handlers\FileHandler' driver.
DEBUG - 2025-12-01 08:35:03 --> Session: Class initialized using 'CodeIgniter\Session\Handlers\FileHandler' driver.
DEBUG - 2025-12-01 08:35:36 --> Session: Class initialized using 'CodeIgniter\Session\Handlers\FileHandler' driver.
DEBUG - 2025-12-01 08:35:36 --> Session: Class initialized using 'CodeIgniter\Session\Handlers\FileHandler' driver.
DEBUG - 2025-12-01 08:36:14 --> Session: Class initialized using 'CodeIgniter\Session\Handlers\FileHandler' driver.
DEBUG - 2025-12-01 08:36:15 --> Session: Class initialized using 'CodeIgniter\Session\Handlers\FileHandler' driver.
DEBUG - 2025-12-01 08:36:17 --> Session: Class initialized using 'CodeIgniter\Session\Handlers\FileHandler' driver.
DEBUG - 2025-12-01 08:36:18 --> Session: Class initialized using 'CodeIgniter\Session\Handlers\FileHandler' driver.
DEBUG - 2025-12-01 08:36:18 --> Session: Class initialized using 'CodeIgniter\Session\Handlers\FileHandler' driver.
DEBUG - 2025-12-01 08:36:19 --> Session: Class initialized using 'CodeIgniter\Session\Handlers\FileHandler' driver.
DEBUG - 2025-12-01 08:36:50 --> Session: Class initialized using 'CodeIgniter\Session\Handlers\FileHandler' driver.
DEBUG - 2025-12-01 08:36:50 --> Session: Class initialized using 'CodeIgniter\Session\Handlers\FileHandler' driver.
DEBUG - 2025-12-01 08:37:05 --> Session: Class initialized using 'CodeIgniter\Session\Handlers\FileHandler' driver.
DEBUG - 2025-12-01 08:37:05 --> Session: Class initialized using 'CodeIgniter\Session\Handlers\FileHandler' driver.
DEBUG - 2025-12-01 08:39:41 --> Session: Class initialized using 'CodeIgniter\Session\Handlers\FileHandler' driver.
DEBUG - 2025-12-01 08:39:44 --> Session: Class initialized using 'CodeIgniter\Session\Handlers\FileHandler' driver.
DEBUG - 2025-12-01 08:39:44 --> Session: Class initialized using 'CodeIgniter\Session\Handlers\FileHandler' driver.
DEBUG - 2025-12-01 08:39:56 --> Session: Class initialized using 'CodeIgniter\Session\Handlers\FileHandler' driver.
DEBUG - 2025-12-01 08:40:02 --> Session: Class initialized using 'CodeIgniter\Session\Handlers\FileHandler' driver.
DEBUG - 2025-12-01 08:40:02 --> Session: Class initialized using 'CodeIgniter\Session\Handlers\FileHandler' driver.
DEBUG - 2025-12-01 08:42:25 --> Session: Class initialized using 'CodeIgniter\Session\Handlers\FileHandler' driver.
DEBUG - 2025-12-01 08:42:29 --> Session: Class initialized using 'CodeIgniter\Session\Handlers\FileHandler' driver.
DEBUG - 2025-12-01 08:42:32 --> Session: Class initialized using 'CodeIgniter\Session\Handlers\FileHandler' driver.
DEBUG - 2025-12-01 08:42:32 --> Session: Class initialized using 'CodeIgniter\Session\Handlers\FileHandler' driver.
DEBUG - 2025-12-01 08:43:01 --> Session: Class initialized using 'CodeIgniter\Session\Handlers\FileHandler' driver.
DEBUG - 2025-12-01 08:43:01 --> Session: Class initialized using 'CodeIgniter\Session\Handlers\FileHandler' driver.
DEBUG - 2025-12-01 08:43:14 --> Session: Class initialized using 'CodeIgniter\Session\Handlers\FileHandler' driver.
DEBUG - 2025-12-01 08:43:15 --> Session: Class initialized using 'CodeIgniter\Session\Handlers\FileHandler' driver.
DEBUG - 2025-12-01 08:45:36 --> Session: Class initialized using 'CodeIgniter\Session\Handlers\FileHandler' driver.
DEBUG - 2025-12-01 08:45:41 --> Session: Class initialized using 'CodeIgniter\Session\Handlers\FileHandler' driver.
DEBUG - 2025-12-01 08:45:41 --> Session: Class initialized using 'CodeIgniter\Session\Handlers\FileHandler' driver.
DEBUG - 2025-12-01 08:45:56 --> Session: Class initialized using 'CodeIgniter\Session\Handlers\FileHandler' driver.
DEBUG - 2025-12-01 08:45:56 --> Session: Class initialized using 'CodeIgniter\Session\Handlers\FileHandler' driver.
DEBUG - 2025-12-01 08:46:01 --> Session: Class initialized using 'CodeIgniter\Session\Handlers\FileHandler' driver.
DEBUG - 2025-12-01 08:46:08 --> Session: Class initialized using 'CodeIgniter\Session\Handlers\FileHandler' driver.
INFO - 2025-12-01 08:46:08 --> getSightName(0) returned: 0 rows
INFO - 2025-12-01 08:46:08 --> getSightName(0) returned: 0 rows
INFO - 2025-12-01 08:46:08 --> getSightName(0) returned: 0 rows
INFO - 2025-12-01 08:46:08 --> getSightName(0) returned: 0 rows
INFO - 2025-12-01 08:46:08 --> getSightName(0) returned: 0 rows
INFO - 2025-12-01 08:46:08 --> getDefaultSightName() returned: 0 rows
INFO - 2025-12-01 08:46:08 --> getSightName(0) returned: 0 rows
INFO - 2025-12-01 08:46:08 --> getDefaultSightName() returned: 0 rows
INFO - 2025-12-01 08:46:08 --> getSightName(0) returned: 0 rows
INFO - 2025-12-01 08:46:08 --> getDefaultSightName() returned: 0 rows
INFO - 2025-12-01 08:46:08 --> getSightName(0) returned: 0 rows
INFO - 2025-12-01 08:46:08 --> getDefaultSightName() returned: 0 rows
INFO - 2025-12-01 08:46:08 --> getSightName(0) returned: 0 rows
INFO - 2025-12-01 08:46:08 --> getDefaultSightName() returned: 0 rows
DEBUG - 2025-12-01 08:46:10 --> Session: Class initialized using 'CodeIgniter\Session\Handlers\FileHandler' driver.
DEBUG - 2025-12-01 08:46:11 --> Session: Class initialized using 'CodeIgniter\Session\Handlers\FileHandler' driver.
DEBUG - 2025-12-01 08:46:14 --> Session: Class initialized using 'CodeIgniter\Session\Handlers\FileHandler' driver.
INFO - 2025-12-01 08:46:14 --> getMultipleSightseeing returned: 1 rows for IDs: 96,96
INFO - 2025-12-01 08:46:14 --> getMultipleSightseeing returned: 1 rows for IDs: 95,95
INFO - 2025-12-01 08:46:14 --> getMultipleSightseeing returned: 3 rows for IDs: 161,96,95
DEBUG - 2025-12-01 08:46:16 --> Session: Class initialized using 'CodeIgniter\Session\Handlers\FileHandler' driver.
DEBUG - 2025-12-01 08:46:17 --> Session: Class initialized using 'CodeIgniter\Session\Handlers\FileHandler' driver.
DEBUG - 2025-12-01 08:46:17 --> Session: Class initialized using 'CodeIgniter\Session\Handlers\FileHandler' driver.
DEBUG - 2025-12-01 08:46:17 --> Session: Class initialized using 'CodeIgniter\Session\Handlers\FileHandler' driver.
DEBUG - 2025-12-01 08:47:04 --> Session: Class initialized using 'CodeIgniter\Session\Handlers\FileHandler' driver.
ERROR - 2025-12-01 14:17:05 --> Email: Unable to send email using SMTP. Your server might not be configured to send mail using this method.
ERROR - 2025-12-01 14:17:05 --> 220 smtp.gmail.com ESMTP d9443c01a7336-29bceb277d0sm117779705ad.53 - gsmtp

hello: 250-smtp.gmail.com at your service, [103.38.15.23]
250-SIZE 35882577
250-8BITMIME
250-AUTH LOGIN PLAIN XOAUTH2 PLAIN-CLIENTTOKEN OAUTHBEARER XOAUTH
250-ENHANCEDSTATUSCODES
250-PIPELINING
250-CHUNKING
250 SMTPUTF8

Failed to authenticate password. Error: 535-5.7.8 Username and Password not accepted. For more information, go to
535 5.7.8  https://support.google.com/mail/?p=BadCredentials d9443c01a7336-29bceb277d0sm117779705ad.53 - gsmtp

DEBUG - 2025-12-01 08:47:17 --> Session: Class initialized using 'CodeIgniter\Session\Handlers\FileHandler' driver.
DEBUG - 2025-12-01 08:47:17 --> Session: Class initialized using 'CodeIgniter\Session\Handlers\FileHandler' driver.
DEBUG - 2025-12-01 08:47:26 --> Session: Class initialized using 'CodeIgniter\Session\Handlers\FileHandler' driver.
DEBUG - 2025-12-01 08:47:26 --> Session: Class initialized using 'CodeIgniter\Session\Handlers\FileHandler' driver.
DEBUG - 2025-12-01 08:47:28 --> Session: Class initialized using 'CodeIgniter\Session\Handlers\FileHandler' driver.
DEBUG - 2025-12-01 08:47:28 --> Session: Class initialized using 'CodeIgniter\Session\Handlers\FileHandler' driver.
DEBUG - 2025-12-01 08:48:22 --> Session: Class initialized using 'CodeIgniter\Session\Handlers\FileHandler' driver.
DEBUG - 2025-12-01 08:48:22 --> Session: Class initialized using 'CodeIgniter\Session\Handlers\FileHandler' driver.
DEBUG - 2025-12-01 08:48:24 --> Session: Class initialized using 'CodeIgniter\Session\Handlers\FileHandler' driver.
DEBUG - 2025-12-01 08:48:24 --> Session: Class initialized using 'CodeIgniter\Session\Handlers\FileHandler' driver.
DEBUG - 2025-12-01 08:48:27 --> Session: Class initialized using 'CodeIgniter\Session\Handlers\FileHandler' driver.
DEBUG - 2025-12-01 08:48:27 --> Session: Class initialized using 'CodeIgniter\Session\Handlers\FileHandler' driver.
DEBUG - 2025-12-01 08:48:29 --> Session: Class initialized using 'CodeIgniter\Session\Handlers\FileHandler' driver.
DEBUG - 2025-12-01 08:48:29 --> Session: Class initialized using 'CodeIgniter\Session\Handlers\FileHandler' driver.
DEBUG - 2025-12-01 08:48:38 --> Session: Class initialized using 'CodeIgniter\Session\Handlers\FileHandler' driver.
DEBUG - 2025-12-01 08:48:38 --> Session: Class initialized using 'CodeIgniter\Session\Handlers\FileHandler' driver.
DEBUG - 2025-12-01 08:48:45 --> Session: Class initialized using 'CodeIgniter\Session\Handlers\FileHandler' driver.
ERROR - 2025-12-01 14:18:48 --> Email: Unable to send email using SMTP. Your server might not be configured to send mail using this method.
ERROR - 2025-12-01 14:18:48 --> 220 smtp.gmail.com ESMTP 41be03b00d2f7-be508b06606sm11291478a12.18 - gsmtp

hello: 250-smtp.gmail.com at your service, [122.167.184.116]
250-SIZE 35882577
250-8BITMIME
250-AUTH LOGIN PLAIN XOAUTH2 PLAIN-CLIENTTOKEN OAUTHBEARER XOAUTH
250-ENHANCEDSTATUSCODES
250-PIPELINING
250-CHUNKING
250 SMTPUTF8

Failed to authenticate password. Error: 535-5.7.8 Username and Password not accepted. For more information, go to
535 5.7.8  https://support.google.com/mail/?p=BadCredentials 41be03b00d2f7-be508b06606sm11291478a12.18 - gsmtp

ERROR - 2025-12-01 14:18:48 --> Email: Unable to send email using SMTP. Your server might not be configured to send mail using this method.
ERROR - 2025-12-01 14:18:48 --> Failed to authenticate password. Error: 535-5.7.8 Username and Password not accepted. For more information, go to
535 5.7.8  https://support.google.com/mail/?p=BadCredentials 41be03b00d2f7-be508b06606sm11291478a12.18 - gsmtp

DEBUG - 2025-12-01 08:48:51 --> Session: Class initialized using 'CodeIgniter\Session\Handlers\FileHandler' driver.
DEBUG - 2025-12-01 08:48:51 --> Session: Class initialized using 'CodeIgniter\Session\Handlers\FileHandler' driver.
DEBUG - 2025-12-01 08:48:53 --> Session: Class initialized using 'CodeIgniter\Session\Handlers\FileHandler' driver.
DEBUG - 2025-12-01 08:48:53 --> Session: Class initialized using 'CodeIgniter\Session\Handlers\FileHandler' driver.
DEBUG - 2025-12-01 08:49:11 --> Session: Class initialized using 'CodeIgniter\Session\Handlers\FileHandler' driver.
DEBUG - 2025-12-01 08:49:37 --> Session: Class initialized using 'CodeIgniter\Session\Handlers\FileHandler' driver.
DEBUG - 2025-12-01 08:49:50 --> Session: Class initialized using 'CodeIgniter\Session\Handlers\FileHandler' driver.
DEBUG - 2025-12-01 08:49:50 --> Session: Class initialized using 'CodeIgniter\Session\Handlers\FileHandler' driver.
DEBUG - 2025-12-01 08:50:06 --> Session: Class initialized using 'CodeIgniter\Session\Handlers\FileHandler' driver.
DEBUG - 2025-12-01 08:50:12 --> Session: Class initialized using 'CodeIgniter\Session\Handlers\FileHandler' driver.
DEBUG - 2025-12-01 08:50:15 --> Session: Class initialized using 'CodeIgniter\Session\Handlers\FileHandler' driver.
DEBUG - 2025-12-01 08:50:15 --> Session: Class initialized using 'CodeIgniter\Session\Handlers\FileHandler' driver.
DEBUG - 2025-12-01 08:50:27 --> Session: Class initialized using 'CodeIgniter\Session\Handlers\FileHandler' driver.
DEBUG - 2025-12-01 08:50:27 --> Session: Class initialized using 'CodeIgniter\Session\Handlers\FileHandler' driver.
DEBUG - 2025-12-01 08:50:34 --> Session: Class initialized using 'CodeIgniter\Session\Handlers\FileHandler' driver.
DEBUG - 2025-12-01 08:50:36 --> Session: Class initialized using 'CodeIgniter\Session\Handlers\FileHandler' driver.
DEBUG - 2025-12-01 08:50:36 --> Session: Class initialized using 'CodeIgniter\Session\Handlers\FileHandler' driver.
DEBUG - 2025-12-01 08:50:37 --> Session: Class initialized using 'CodeIgniter\Session\Handlers\FileHandler' driver.
DEBUG - 2025-12-01 09:56:32 --> Session: Class initialized using 'CodeIgniter\Session\Handlers\FileHandler' driver.
DEBUG - 2025-12-01 09:59:47 --> Session: Class initialized using 'CodeIgniter\Session\Handlers\FileHandler' driver.
DEBUG - 2025-12-01 09:59:47 --> Session: Class initialized using 'CodeIgniter\Session\Handlers\FileHandler' driver.
DEBUG - 2025-12-01 09:59:47 --> Session: Class initialized using 'CodeIgniter\Session\Handlers\FileHandler' driver.
DEBUG - 2025-12-01 09:59:49 --> Session: Class initialized using 'CodeIgniter\Session\Handlers\FileHandler' driver.
DEBUG - 2025-12-01 09:59:49 --> Session: Class initialized using 'CodeIgniter\Session\Handlers\FileHandler' driver.
WARNING - 2025-12-01 09:59:49 --> [DEPRECATED] round(): Passing null to parameter #1 ($num) of type int|float is deprecated in APPPATH\Controllers\Dashboard.php on line 241.
 1 APPPATH\Controllers\Dashboard.php(241): round(null, 2)
 2 SYSTEMPATH\CodeIgniter.php(933): App\Controllers\Dashboard->index()
 3 SYSTEMPATH\CodeIgniter.php(509): CodeIgniter\CodeIgniter->runController(Object(App\Controllers\Dashboard))
 4 SYSTEMPATH\CodeIgniter.php(355): CodeIgniter\CodeIgniter->handleRequest(null, Object(Config\Cache), false)
 5 SYSTEMPATH\Boot.php(334): CodeIgniter\CodeIgniter->run()
 6 SYSTEMPATH\Boot.php(67): CodeIgniter\Boot::runCodeIgniter(Object(CodeIgniter\CodeIgniter))
 7 FCPATH\index.php(56): CodeIgniter\Boot::bootWeb(Object(Config\Paths))
WARNING - 2025-12-01 09:59:49 --> [DEPRECATED] round(): Passing null to parameter #1 ($num) of type int|float is deprecated in APPPATH\Controllers\Dashboard.php on line 247.
 1 APPPATH\Controllers\Dashboard.php(247): round(null, 2)
 2 SYSTEMPATH\CodeIgniter.php(933): App\Controllers\Dashboard->index()
 3 SYSTEMPATH\CodeIgniter.php(509): CodeIgniter\CodeIgniter->runController(Object(App\Controllers\Dashboard))
 4 SYSTEMPATH\CodeIgniter.php(355): CodeIgniter\CodeIgniter->handleRequest(null, Object(Config\Cache), false)
 5 SYSTEMPATH\Boot.php(334): CodeIgniter\CodeIgniter->run()
 6 SYSTEMPATH\Boot.php(67): CodeIgniter\Boot::runCodeIgniter(Object(CodeIgniter\CodeIgniter))
 7 FCPATH\index.php(56): CodeIgniter\Boot::bootWeb(Object(Config\Paths))
DEBUG - 2025-12-01 09:59:50 --> Session: Class initialized using 'CodeIgniter\Session\Handlers\FileHandler' driver.
DEBUG - 2025-12-01 09:59:50 --> Session: Class initialized using 'CodeIgniter\Session\Handlers\FileHandler' driver.
DEBUG - 2025-12-01 09:59:53 --> Session: Class initialized using 'CodeIgniter\Session\Handlers\FileHandler' driver.
DEBUG - 2025-12-01 09:59:53 --> Session: Class initialized using 'CodeIgniter\Session\Handlers\FileHandler' driver.
DEBUG - 2025-12-01 09:59:53 --> Session: Class initialized using 'CodeIgniter\Session\Handlers\FileHandler' driver.
DEBUG - 2025-12-01 09:59:53 --> Session: Class initialized using 'CodeIgniter\Session\Handlers\FileHandler' driver.
DEBUG - 2025-12-01 09:59:55 --> Session: Class initialized using 'CodeIgniter\Session\Handlers\FileHandler' driver.
INFO - 2025-12-01 09:59:55 --> Expansion date 2026-02-06: DB Total=210km, Saved SS=0km, Derived Base=210km (display base; JS adds current SS)
INFO - 2025-12-01 09:59:55 --> Expansion date 2026-02-06: DB Total=210km, Saved SS=0km, Derived Base=210km (display base; JS adds current SS)
INFO - 2025-12-01 09:59:55 --> Expansion date 2026-02-06: DB Total=210km, Saved SS=0km, Derived Base=210km (display base; JS adds current SS)
INFO - 2025-12-01 09:59:55 --> Expansion date 2026-02-06: DB Total=210km, Saved SS=0km, Derived Base=210km (display base; JS adds current SS)
INFO - 2025-12-01 09:59:55 --> Expansion date 2026-02-06: DB Total=210km, Saved SS=0km, Derived Base=210km (display base; JS adds current SS)
INFO - 2025-12-01 09:59:55 --> Expansion date 2026-02-06: DB Total=210km, Saved SS=0km, Derived Base=210km (display base; JS adds current SS)
INFO - 2025-12-01 09:59:55 --> Expansion date 2026-02-07: DB Total=0km, Saved SS=200km, Derived Base=0km (display base; JS adds current SS)
INFO - 2025-12-01 09:59:55 --> Expansion date 2026-02-07: DB Total=0km, Saved SS=200km, Derived Base=0km (display base; JS adds current SS)
INFO - 2025-12-01 09:59:55 --> Expansion date 2026-02-07: DB Total=0km, Saved SS=200km, Derived Base=0km (display base; JS adds current SS)
INFO - 2025-12-01 09:59:55 --> Expansion date 2026-02-07: DB Total=0km, Saved SS=200km, Derived Base=0km (display base; JS adds current SS)
INFO - 2025-12-01 09:59:55 --> Expansion date 2026-02-07: DB Total=0km, Saved SS=200km, Derived Base=0km (display base; JS adds current SS)
INFO - 2025-12-01 09:59:55 --> Expansion date 2026-02-07: DB Total=0km, Saved SS=200km, Derived Base=0km (display base; JS adds current SS)
INFO - 2025-12-01 09:59:55 --> Expansion date 2026-02-08: DB Total=36km, Saved SS=0km, Derived Base=36km (display base; JS adds current SS)
INFO - 2025-12-01 09:59:55 --> Expansion date 2026-02-08: DB Total=36km, Saved SS=0km, Derived Base=36km (display base; JS adds current SS)
INFO - 2025-12-01 09:59:55 --> Expansion date 2026-02-08: DB Total=36km, Saved SS=0km, Derived Base=36km (display base; JS adds current SS)
INFO - 2025-12-01 09:59:55 --> Expansion date 2026-02-08: DB Total=36km, Saved SS=0km, Derived Base=36km (display base; JS adds current SS)
INFO - 2025-12-01 09:59:55 --> Expansion date 2026-02-08: DB Total=36km, Saved SS=0km, Derived Base=36km (display base; JS adds current SS)
INFO - 2025-12-01 09:59:55 --> Expansion date 2026-02-08: DB Total=36km, Saved SS=0km, Derived Base=36km (display base; JS adds current SS)
INFO - 2025-12-01 09:59:55 --> Itinerary expansion date 2026-02-06: Derived Base=210km (no SS added)
INFO - 2025-12-01 09:59:55 --> Itinerary expansion date 2026-02-06: Derived Base=210km (no SS added)
INFO - 2025-12-01 09:59:55 --> Itinerary expansion date 2026-02-06: Derived Base=210km (no SS added)
INFO - 2025-12-01 09:59:55 --> Itinerary expansion date 2026-02-06: Derived Base=210km (no SS added)
INFO - 2025-12-01 09:59:55 --> Itinerary expansion date 2026-02-06: Derived Base=210km (no SS added)
INFO - 2025-12-01 09:59:55 --> Itinerary expansion date 2026-02-06: Derived Base=210km (no SS added)
INFO - 2025-12-01 09:59:55 --> Itinerary expansion date 2026-02-07: Derived Base=0km (no SS added)
INFO - 2025-12-01 09:59:55 --> Itinerary expansion date 2026-02-07: Derived Base=0km (no SS added)
INFO - 2025-12-01 09:59:55 --> Itinerary expansion date 2026-02-07: Derived Base=0km (no SS added)
INFO - 2025-12-01 09:59:55 --> Itinerary expansion date 2026-02-07: Derived Base=0km (no SS added)
INFO - 2025-12-01 09:59:55 --> Itinerary expansion date 2026-02-07: Derived Base=0km (no SS added)
INFO - 2025-12-01 09:59:55 --> Itinerary expansion date 2026-02-07: Derived Base=0km (no SS added)
INFO - 2025-12-01 09:59:55 --> Itinerary expansion date 2026-02-08: Derived Base=0km (no SS added)
INFO - 2025-12-01 09:59:55 --> Itinerary expansion date 2026-02-08: Derived Base=0km (no SS added)
INFO - 2025-12-01 09:59:55 --> Itinerary expansion date 2026-02-08: Derived Base=0km (no SS added)
INFO - 2025-12-01 09:59:55 --> Itinerary expansion date 2026-02-08: Derived Base=0km (no SS added)
INFO - 2025-12-01 09:59:55 --> Itinerary expansion date 2026-02-08: Derived Base=0km (no SS added)
INFO - 2025-12-01 09:59:55 --> Itinerary expansion date 2026-02-08: Derived Base=0km (no SS added)
DEBUG - 2025-12-01 09:59:55 --> Session: Class initialized using 'CodeIgniter\Session\Handlers\FileHandler' driver.
DEBUG - 2025-12-01 09:59:55 --> Session: Class initialized using 'CodeIgniter\Session\Handlers\FileHandler' driver.
DEBUG - 2025-12-01 10:02:11 --> Session: Class initialized using 'CodeIgniter\Session\Handlers\FileHandler' driver.
INFO - 2025-12-01 10:02:11 --> Expansion date 2026-02-06: DB Total=210km, Saved SS=0km, Derived Base=210km (display base; JS adds current SS)
INFO - 2025-12-01 10:02:11 --> Expansion date 2026-02-06: DB Total=210km, Saved SS=0km, Derived Base=210km (display base; JS adds current SS)
INFO - 2025-12-01 10:02:11 --> Expansion date 2026-02-06: DB Total=210km, Saved SS=0km, Derived Base=210km (display base; JS adds current SS)
INFO - 2025-12-01 10:02:11 --> Expansion date 2026-02-06: DB Total=210km, Saved SS=0km, Derived Base=210km (display base; JS adds current SS)
INFO - 2025-12-01 10:02:11 --> Expansion date 2026-02-06: DB Total=210km, Saved SS=0km, Derived Base=210km (display base; JS adds current SS)
INFO - 2025-12-01 10:02:11 --> Expansion date 2026-02-06: DB Total=210km, Saved SS=0km, Derived Base=210km (display base; JS adds current SS)
INFO - 2025-12-01 10:02:11 --> Expansion date 2026-02-07: DB Total=0km, Saved SS=200km, Derived Base=0km (display base; JS adds current SS)
INFO - 2025-12-01 10:02:11 --> Expansion date 2026-02-07: DB Total=0km, Saved SS=200km, Derived Base=0km (display base; JS adds current SS)
INFO - 2025-12-01 10:02:11 --> Expansion date 2026-02-07: DB Total=0km, Saved SS=200km, Derived Base=0km (display base; JS adds current SS)
INFO - 2025-12-01 10:02:11 --> Expansion date 2026-02-07: DB Total=0km, Saved SS=200km, Derived Base=0km (display base; JS adds current SS)
INFO - 2025-12-01 10:02:11 --> Expansion date 2026-02-07: DB Total=0km, Saved SS=200km, Derived Base=0km (display base; JS adds current SS)
INFO - 2025-12-01 10:02:11 --> Expansion date 2026-02-07: DB Total=0km, Saved SS=200km, Derived Base=0km (display base; JS adds current SS)
INFO - 2025-12-01 10:02:11 --> Expansion date 2026-02-08: DB Total=36km, Saved SS=0km, Derived Base=36km (display base; JS adds current SS)
INFO - 2025-12-01 10:02:11 --> Expansion date 2026-02-08: DB Total=36km, Saved SS=0km, Derived Base=36km (display base; JS adds current SS)
INFO - 2025-12-01 10:02:11 --> Expansion date 2026-02-08: DB Total=36km, Saved SS=0km, Derived Base=36km (display base; JS adds current SS)
INFO - 2025-12-01 10:02:11 --> Expansion date 2026-02-08: DB Total=36km, Saved SS=0km, Derived Base=36km (display base; JS adds current SS)
INFO - 2025-12-01 10:02:11 --> Expansion date 2026-02-08: DB Total=36km, Saved SS=0km, Derived Base=36km (display base; JS adds current SS)
INFO - 2025-12-01 10:02:11 --> Expansion date 2026-02-08: DB Total=36km, Saved SS=0km, Derived Base=36km (display base; JS adds current SS)
INFO - 2025-12-01 10:02:11 --> Itinerary expansion date 2026-02-06: Derived Base=210km (no SS added)
INFO - 2025-12-01 10:02:11 --> Itinerary expansion date 2026-02-06: Derived Base=210km (no SS added)
INFO - 2025-12-01 10:02:11 --> Itinerary expansion date 2026-02-06: Derived Base=210km (no SS added)
INFO - 2025-12-01 10:02:11 --> Itinerary expansion date 2026-02-06: Derived Base=210km (no SS added)
INFO - 2025-12-01 10:02:11 --> Itinerary expansion date 2026-02-06: Derived Base=210km (no SS added)
INFO - 2025-12-01 10:02:11 --> Itinerary expansion date 2026-02-06: Derived Base=210km (no SS added)
INFO - 2025-12-01 10:02:11 --> Itinerary expansion date 2026-02-07: Derived Base=0km (no SS added)
INFO - 2025-12-01 10:02:11 --> Itinerary expansion date 2026-02-07: Derived Base=0km (no SS added)
INFO - 2025-12-01 10:02:11 --> Itinerary expansion date 2026-02-07: Derived Base=0km (no SS added)
INFO - 2025-12-01 10:02:11 --> Itinerary expansion date 2026-02-07: Derived Base=0km (no SS added)
INFO - 2025-12-01 10:02:11 --> Itinerary expansion date 2026-02-07: Derived Base=0km (no SS added)
INFO - 2025-12-01 10:02:11 --> Itinerary expansion date 2026-02-07: Derived Base=0km (no SS added)
INFO - 2025-12-01 10:02:11 --> Itinerary expansion date 2026-02-08: Derived Base=0km (no SS added)
INFO - 2025-12-01 10:02:11 --> Itinerary expansion date 2026-02-08: Derived Base=0km (no SS added)
INFO - 2025-12-01 10:02:11 --> Itinerary expansion date 2026-02-08: Derived Base=0km (no SS added)
INFO - 2025-12-01 10:02:11 --> Itinerary expansion date 2026-02-08: Derived Base=0km (no SS added)
INFO - 2025-12-01 10:02:11 --> Itinerary expansion date 2026-02-08: Derived Base=0km (no SS added)
INFO - 2025-12-01 10:02:11 --> Itinerary expansion date 2026-02-08: Derived Base=0km (no SS added)
DEBUG - 2025-12-01 10:02:13 --> Session: Class initialized using 'CodeIgniter\Session\Handlers\FileHandler' driver.
DEBUG - 2025-12-01 10:02:13 --> Session: Class initialized using 'CodeIgniter\Session\Handlers\FileHandler' driver.
DEBUG - 2025-12-01 10:02:50 --> Session: Class initialized using 'CodeIgniter\Session\Handlers\FileHandler' driver.
INFO - 2025-12-01 10:02:50 --> Expansion date 2026-02-06: DB Total=210km, Saved SS=0km, Derived Base=210km (display base; JS adds current SS)
INFO - 2025-12-01 10:02:50 --> Expansion date 2026-02-06: DB Total=210km, Saved SS=0km, Derived Base=210km (display base; JS adds current SS)
INFO - 2025-12-01 10:02:50 --> Expansion date 2026-02-06: DB Total=210km, Saved SS=0km, Derived Base=210km (display base; JS adds current SS)
INFO - 2025-12-01 10:02:50 --> Expansion date 2026-02-06: DB Total=210km, Saved SS=0km, Derived Base=210km (display base; JS adds current SS)
INFO - 2025-12-01 10:02:50 --> Expansion date 2026-02-06: DB Total=210km, Saved SS=0km, Derived Base=210km (display base; JS adds current SS)
INFO - 2025-12-01 10:02:50 --> Expansion date 2026-02-06: DB Total=210km, Saved SS=0km, Derived Base=210km (display base; JS adds current SS)
INFO - 2025-12-01 10:02:50 --> Expansion date 2026-02-07: DB Total=0km, Saved SS=200km, Derived Base=0km (display base; JS adds current SS)
INFO - 2025-12-01 10:02:50 --> Expansion date 2026-02-07: DB Total=0km, Saved SS=200km, Derived Base=0km (display base; JS adds current SS)
INFO - 2025-12-01 10:02:50 --> Expansion date 2026-02-07: DB Total=0km, Saved SS=200km, Derived Base=0km (display base; JS adds current SS)
INFO - 2025-12-01 10:02:50 --> Expansion date 2026-02-07: DB Total=0km, Saved SS=200km, Derived Base=0km (display base; JS adds current SS)
INFO - 2025-12-01 10:02:50 --> Expansion date 2026-02-07: DB Total=0km, Saved SS=200km, Derived Base=0km (display base; JS adds current SS)
INFO - 2025-12-01 10:02:50 --> Expansion date 2026-02-07: DB Total=0km, Saved SS=200km, Derived Base=0km (display base; JS adds current SS)
INFO - 2025-12-01 10:02:50 --> Expansion date 2026-02-08: DB Total=36km, Saved SS=0km, Derived Base=36km (display base; JS adds current SS)
INFO - 2025-12-01 10:02:50 --> Expansion date 2026-02-08: DB Total=36km, Saved SS=0km, Derived Base=36km (display base; JS adds current SS)
INFO - 2025-12-01 10:02:50 --> Expansion date 2026-02-08: DB Total=36km, Saved SS=0km, Derived Base=36km (display base; JS adds current SS)
INFO - 2025-12-01 10:02:50 --> Expansion date 2026-02-08: DB Total=36km, Saved SS=0km, Derived Base=36km (display base; JS adds current SS)
INFO - 2025-12-01 10:02:50 --> Expansion date 2026-02-08: DB Total=36km, Saved SS=0km, Derived Base=36km (display base; JS adds current SS)
INFO - 2025-12-01 10:02:50 --> Expansion date 2026-02-08: DB Total=36km, Saved SS=0km, Derived Base=36km (display base; JS adds current SS)
INFO - 2025-12-01 10:02:50 --> Itinerary expansion date 2026-02-06: Derived Base=210km (no SS added)
INFO - 2025-12-01 10:02:50 --> Itinerary expansion date 2026-02-06: Derived Base=210km (no SS added)
INFO - 2025-12-01 10:02:50 --> Itinerary expansion date 2026-02-06: Derived Base=210km (no SS added)
INFO - 2025-12-01 10:02:50 --> Itinerary expansion date 2026-02-06: Derived Base=210km (no SS added)
INFO - 2025-12-01 10:02:50 --> Itinerary expansion date 2026-02-06: Derived Base=210km (no SS added)
INFO - 2025-12-01 10:02:50 --> Itinerary expansion date 2026-02-06: Derived Base=210km (no SS added)
INFO - 2025-12-01 10:02:50 --> Itinerary expansion date 2026-02-07: Derived Base=0km (no SS added)
INFO - 2025-12-01 10:02:50 --> Itinerary expansion date 2026-02-07: Derived Base=0km (no SS added)
INFO - 2025-12-01 10:02:50 --> Itinerary expansion date 2026-02-07: Derived Base=0km (no SS added)
INFO - 2025-12-01 10:02:50 --> Itinerary expansion date 2026-02-07: Derived Base=0km (no SS added)
INFO - 2025-12-01 10:02:50 --> Itinerary expansion date 2026-02-07: Derived Base=0km (no SS added)
INFO - 2025-12-01 10:02:50 --> Itinerary expansion date 2026-02-07: Derived Base=0km (no SS added)
INFO - 2025-12-01 10:02:50 --> Itinerary expansion date 2026-02-08: Derived Base=0km (no SS added)
INFO - 2025-12-01 10:02:50 --> Itinerary expansion date 2026-02-08: Derived Base=0km (no SS added)
INFO - 2025-12-01 10:02:50 --> Itinerary expansion date 2026-02-08: Derived Base=0km (no SS added)
INFO - 2025-12-01 10:02:50 --> Itinerary expansion date 2026-02-08: Derived Base=0km (no SS added)
INFO - 2025-12-01 10:02:50 --> Itinerary expansion date 2026-02-08: Derived Base=0km (no SS added)
INFO - 2025-12-01 10:02:50 --> Itinerary expansion date 2026-02-08: Derived Base=0km (no SS added)
DEBUG - 2025-12-01 10:02:55 --> Session: Class initialized using 'CodeIgniter\Session\Handlers\FileHandler' driver.
INFO - 2025-12-01 10:02:56 --> Expansion date 2026-02-06: DB Total=210km, Saved SS=0km, Derived Base=210km (display base; JS adds current SS)
INFO - 2025-12-01 10:02:56 --> Expansion date 2026-02-06: DB Total=210km, Saved SS=0km, Derived Base=210km (display base; JS adds current SS)
INFO - 2025-12-01 10:02:56 --> Expansion date 2026-02-06: DB Total=210km, Saved SS=0km, Derived Base=210km (display base; JS adds current SS)
INFO - 2025-12-01 10:02:56 --> Expansion date 2026-02-06: DB Total=210km, Saved SS=0km, Derived Base=210km (display base; JS adds current SS)
INFO - 2025-12-01 10:02:56 --> Expansion date 2026-02-06: DB Total=210km, Saved SS=0km, Derived Base=210km (display base; JS adds current SS)
INFO - 2025-12-01 10:02:56 --> Expansion date 2026-02-06: DB Total=210km, Saved SS=0km, Derived Base=210km (display base; JS adds current SS)
INFO - 2025-12-01 10:02:56 --> Expansion date 2026-02-07: DB Total=0km, Saved SS=200km, Derived Base=0km (display base; JS adds current SS)
INFO - 2025-12-01 10:02:56 --> Expansion date 2026-02-07: DB Total=0km, Saved SS=200km, Derived Base=0km (display base; JS adds current SS)
INFO - 2025-12-01 10:02:56 --> Expansion date 2026-02-07: DB Total=0km, Saved SS=200km, Derived Base=0km (display base; JS adds current SS)
INFO - 2025-12-01 10:02:56 --> Expansion date 2026-02-07: DB Total=0km, Saved SS=200km, Derived Base=0km (display base; JS adds current SS)
INFO - 2025-12-01 10:02:56 --> Expansion date 2026-02-07: DB Total=0km, Saved SS=200km, Derived Base=0km (display base; JS adds current SS)
INFO - 2025-12-01 10:02:56 --> Expansion date 2026-02-07: DB Total=0km, Saved SS=200km, Derived Base=0km (display base; JS adds current SS)
INFO - 2025-12-01 10:02:56 --> Expansion date 2026-02-08: DB Total=36km, Saved SS=0km, Derived Base=36km (display base; JS adds current SS)
INFO - 2025-12-01 10:02:56 --> Expansion date 2026-02-08: DB Total=36km, Saved SS=0km, Derived Base=36km (display base; JS adds current SS)
INFO - 2025-12-01 10:02:56 --> Expansion date 2026-02-08: DB Total=36km, Saved SS=0km, Derived Base=36km (display base; JS adds current SS)
INFO - 2025-12-01 10:02:56 --> Expansion date 2026-02-08: DB Total=36km, Saved SS=0km, Derived Base=36km (display base; JS adds current SS)
INFO - 2025-12-01 10:02:56 --> Expansion date 2026-02-08: DB Total=36km, Saved SS=0km, Derived Base=36km (display base; JS adds current SS)
INFO - 2025-12-01 10:02:56 --> Expansion date 2026-02-08: DB Total=36km, Saved SS=0km, Derived Base=36km (display base; JS adds current SS)
INFO - 2025-12-01 10:02:56 --> Itinerary expansion date 2026-02-06: Derived Base=210km (no SS added)
INFO - 2025-12-01 10:02:56 --> Itinerary expansion date 2026-02-06: Derived Base=210km (no SS added)
INFO - 2025-12-01 10:02:56 --> Itinerary expansion date 2026-02-06: Derived Base=210km (no SS added)
INFO - 2025-12-01 10:02:56 --> Itinerary expansion date 2026-02-06: Derived Base=210km (no SS added)
INFO - 2025-12-01 10:02:56 --> Itinerary expansion date 2026-02-06: Derived Base=210km (no SS added)
INFO - 2025-12-01 10:02:56 --> Itinerary expansion date 2026-02-06: Derived Base=210km (no SS added)
INFO - 2025-12-01 10:02:56 --> Itinerary expansion date 2026-02-07: Derived Base=0km (no SS added)
INFO - 2025-12-01 10:02:56 --> Itinerary expansion date 2026-02-07: Derived Base=0km (no SS added)
INFO - 2025-12-01 10:02:56 --> Itinerary expansion date 2026-02-07: Derived Base=0km (no SS added)
INFO - 2025-12-01 10:02:56 --> Itinerary expansion date 2026-02-07: Derived Base=0km (no SS added)
INFO - 2025-12-01 10:02:56 --> Itinerary expansion date 2026-02-07: Derived Base=0km (no SS added)
INFO - 2025-12-01 10:02:56 --> Itinerary expansion date 2026-02-07: Derived Base=0km (no SS added)
INFO - 2025-12-01 10:02:56 --> Itinerary expansion date 2026-02-08: Derived Base=0km (no SS added)
INFO - 2025-12-01 10:02:56 --> Itinerary expansion date 2026-02-08: Derived Base=0km (no SS added)
INFO - 2025-12-01 10:02:56 --> Itinerary expansion date 2026-02-08: Derived Base=0km (no SS added)
INFO - 2025-12-01 10:02:56 --> Itinerary expansion date 2026-02-08: Derived Base=0km (no SS added)
INFO - 2025-12-01 10:02:56 --> Itinerary expansion date 2026-02-08: Derived Base=0km (no SS added)
INFO - 2025-12-01 10:02:56 --> Itinerary expansion date 2026-02-08: Derived Base=0km (no SS added)
DEBUG - 2025-12-01 10:02:57 --> Session: Class initialized using 'CodeIgniter\Session\Handlers\FileHandler' driver.
DEBUG - 2025-12-01 10:02:57 --> Session: Class initialized using 'CodeIgniter\Session\Handlers\FileHandler' driver.
DEBUG - 2025-12-01 10:23:49 --> Session: Class initialized using 'CodeIgniter\Session\Handlers\FileHandler' driver.
DEBUG - 2025-12-01 10:47:02 --> Session: Class initialized using 'CodeIgniter\Session\Handlers\FileHandler' driver.
DEBUG - 2025-12-01 10:47:02 --> Session: Class initialized using 'CodeIgniter\Session\Handlers\FileHandler' driver.
DEBUG - 2025-12-01 10:47:02 --> Session: Class initialized using 'CodeIgniter\Session\Handlers\FileHandler' driver.
DEBUG - 2025-12-01 10:47:02 --> Session: Class initialized using 'CodeIgniter\Session\Handlers\FileHandler' driver.
DEBUG - 2025-12-01 10:47:02 --> Session: Class initialized using 'CodeIgniter\Session\Handlers\FileHandler' driver.
DEBUG - 2025-12-01 10:47:10 --> Session: Class initialized using 'CodeIgniter\Session\Handlers\FileHandler' driver.
DEBUG - 2025-12-01 10:47:10 --> Session: Class initialized using 'CodeIgniter\Session\Handlers\FileHandler' driver.
WARNING - 2025-12-01 10:47:10 --> [DEPRECATED] round(): Passing null to parameter #1 ($num) of type int|float is deprecated in APPPATH\Controllers\Dashboard.php on line 241.
 1 APPPATH\Controllers\Dashboard.php(241): round(null, 2)
 2 SYSTEMPATH\CodeIgniter.php(933): App\Controllers\Dashboard->index()
 3 SYSTEMPATH\CodeIgniter.php(509): CodeIgniter\CodeIgniter->runController(Object(App\Controllers\Dashboard))
 4 SYSTEMPATH\CodeIgniter.php(355): CodeIgniter\CodeIgniter->handleRequest(null, Object(Config\Cache), false)
 5 SYSTEMPATH\Boot.php(334): CodeIgniter\CodeIgniter->run()
 6 SYSTEMPATH\Boot.php(67): CodeIgniter\Boot::runCodeIgniter(Object(CodeIgniter\CodeIgniter))
 7 FCPATH\index.php(56): CodeIgniter\Boot::bootWeb(Object(Config\Paths))
WARNING - 2025-12-01 10:47:10 --> [DEPRECATED] round(): Passing null to parameter #1 ($num) of type int|float is deprecated in APPPATH\Controllers\Dashboard.php on line 247.
 1 APPPATH\Controllers\Dashboard.php(247): round(null, 2)
 2 SYSTEMPATH\CodeIgniter.php(933): App\Controllers\Dashboard->index()
 3 SYSTEMPATH\CodeIgniter.php(509): CodeIgniter\CodeIgniter->runController(Object(App\Controllers\Dashboard))
 4 SYSTEMPATH\CodeIgniter.php(355): CodeIgniter\CodeIgniter->handleRequest(null, Object(Config\Cache), false)
 5 SYSTEMPATH\Boot.php(334): CodeIgniter\CodeIgniter->run()
 6 SYSTEMPATH\Boot.php(67): CodeIgniter\Boot::runCodeIgniter(Object(CodeIgniter\CodeIgniter))
 7 FCPATH\index.php(56): CodeIgniter\Boot::bootWeb(Object(Config\Paths))
DEBUG - 2025-12-01 10:47:14 --> Session: Class initialized using 'CodeIgniter\Session\Handlers\FileHandler' driver.
DEBUG - 2025-12-01 10:47:14 --> Session: Class initialized using 'CodeIgniter\Session\Handlers\FileHandler' driver.
DEBUG - 2025-12-01 10:47:16 --> Session: Class initialized using 'CodeIgniter\Session\Handlers\FileHandler' driver.
DEBUG - 2025-12-01 10:47:16 --> Session: Class initialized using 'CodeIgniter\Session\Handlers\FileHandler' driver.
DEBUG - 2025-12-01 10:47:18 --> Session: Class initialized using 'CodeIgniter\Session\Handlers\FileHandler' driver.
CRITICAL - 2025-12-01 10:47:18 --> ParseError: Unmatched '}'
[Method: POST, Route: Enquiry/viewItinerarySheet]
in APPPATH\Views\enquiry\itinerary_sheet_view.php on line 452.
 1 SYSTEMPATH\View\View.php(237): CodeIgniter\View\View->CodeIgniter\View\{closure}()
 2 SYSTEMPATH\Common.php(1171): CodeIgniter\View\View->render('enquiry/itinerary_sheet_view', [], true)
 3 APPPATH\Controllers\Enquiry.php(9888): view('enquiry/itinerary_sheet_view', [...])
 4 SYSTEMPATH\CodeIgniter.php(933): App\Controllers\Enquiry->viewItinerarySheet()
 5 SYSTEMPATH\CodeIgniter.php(509): CodeIgniter\CodeIgniter->runController(Object(App\Controllers\Enquiry))
 6 SYSTEMPATH\CodeIgniter.php(355): CodeIgniter\CodeIgniter->handleRequest(null, Object(Config\Cache), false)
 7 SYSTEMPATH\Boot.php(334): CodeIgniter\CodeIgniter->run()
 8 SYSTEMPATH\Boot.php(67): CodeIgniter\Boot::runCodeIgniter(Object(CodeIgniter\CodeIgniter))
 9 FCPATH\index.php(56): CodeIgniter\Boot::bootWeb(Object(Config\Paths))
DEBUG - 2025-12-01 10:47:18 --> Session: Class initialized using 'CodeIgniter\Session\Handlers\FileHandler' driver.
CRITICAL - 2025-12-01 10:47:18 --> ParseError: Unmatched '}'
[Method: POST, Route: Enquiry/viewItinerarySheet]
in APPPATH\Views\enquiry\itinerary_sheet_view.php on line 452.
 1 SYSTEMPATH\View\View.php(237): CodeIgniter\View\View->CodeIgniter\View\{closure}()
 2 SYSTEMPATH\Common.php(1171): CodeIgniter\View\View->render('enquiry/itinerary_sheet_view', [], true)
 3 APPPATH\Controllers\Enquiry.php(9888): view('enquiry/itinerary_sheet_view', [...])
 4 SYSTEMPATH\CodeIgniter.php(933): App\Controllers\Enquiry->viewItinerarySheet()
 5 SYSTEMPATH\CodeIgniter.php(509): CodeIgniter\CodeIgniter->runController(Object(App\Controllers\Enquiry))
 6 SYSTEMPATH\CodeIgniter.php(355): CodeIgniter\CodeIgniter->handleRequest(null, Object(Config\Cache), false)
 7 SYSTEMPATH\Boot.php(334): CodeIgniter\CodeIgniter->run()
 8 SYSTEMPATH\Boot.php(67): CodeIgniter\Boot::runCodeIgniter(Object(CodeIgniter\CodeIgniter))
 9 FCPATH\index.php(56): CodeIgniter\Boot::bootWeb(Object(Config\Paths))
DEBUG - 2025-12-01 10:47:20 --> Session: Class initialized using 'CodeIgniter\Session\Handlers\FileHandler' driver.
CRITICAL - 2025-12-01 10:47:20 --> ParseError: Unmatched '}'
[Method: POST, Route: Enquiry/viewItinerarySheet]
in APPPATH\Views\enquiry\itinerary_sheet_view.php on line 452.
 1 SYSTEMPATH\View\View.php(237): CodeIgniter\View\View->CodeIgniter\View\{closure}()
 2 SYSTEMPATH\Common.php(1171): CodeIgniter\View\View->render('enquiry/itinerary_sheet_view', [], true)
 3 APPPATH\Controllers\Enquiry.php(9888): view('enquiry/itinerary_sheet_view', [...])
 4 SYSTEMPATH\CodeIgniter.php(933): App\Controllers\Enquiry->viewItinerarySheet()
 5 SYSTEMPATH\CodeIgniter.php(509): CodeIgniter\CodeIgniter->runController(Object(App\Controllers\Enquiry))
 6 SYSTEMPATH\CodeIgniter.php(355): CodeIgniter\CodeIgniter->handleRequest(null, Object(Config\Cache), false)
 7 SYSTEMPATH\Boot.php(334): CodeIgniter\CodeIgniter->run()
 8 SYSTEMPATH\Boot.php(67): CodeIgniter\Boot::runCodeIgniter(Object(CodeIgniter\CodeIgniter))
 9 FCPATH\index.php(56): CodeIgniter\Boot::bootWeb(Object(Config\Paths))
DEBUG - 2025-12-01 10:47:20 --> Session: Class initialized using 'CodeIgniter\Session\Handlers\FileHandler' driver.
CRITICAL - 2025-12-01 10:47:20 --> ParseError: Unmatched '}'
[Method: POST, Route: Enquiry/viewItinerarySheet]
in APPPATH\Views\enquiry\itinerary_sheet_view.php on line 452.
 1 SYSTEMPATH\View\View.php(237): CodeIgniter\View\View->CodeIgniter\View\{closure}()
 2 SYSTEMPATH\Common.php(1171): CodeIgniter\View\View->render('enquiry/itinerary_sheet_view', [], true)
 3 APPPATH\Controllers\Enquiry.php(9888): view('enquiry/itinerary_sheet_view', [...])
 4 SYSTEMPATH\CodeIgniter.php(933): App\Controllers\Enquiry->viewItinerarySheet()
 5 SYSTEMPATH\CodeIgniter.php(509): CodeIgniter\CodeIgniter->runController(Object(App\Controllers\Enquiry))
 6 SYSTEMPATH\CodeIgniter.php(355): CodeIgniter\CodeIgniter->handleRequest(null, Object(Config\Cache), false)
 7 SYSTEMPATH\Boot.php(334): CodeIgniter\CodeIgniter->run()
 8 SYSTEMPATH\Boot.php(67): CodeIgniter\Boot::runCodeIgniter(Object(CodeIgniter\CodeIgniter))
 9 FCPATH\index.php(56): CodeIgniter\Boot::bootWeb(Object(Config\Paths))
DEBUG - 2025-12-01 10:47:20 --> Session: Class initialized using 'CodeIgniter\Session\Handlers\FileHandler' driver.
CRITICAL - 2025-12-01 10:47:20 --> ParseError: Unmatched '}'
[Method: POST, Route: Enquiry/viewItinerarySheet]
in APPPATH\Views\enquiry\itinerary_sheet_view.php on line 452.
 1 SYSTEMPATH\View\View.php(237): CodeIgniter\View\View->CodeIgniter\View\{closure}()
 2 SYSTEMPATH\Common.php(1171): CodeIgniter\View\View->render('enquiry/itinerary_sheet_view', [], true)
 3 APPPATH\Controllers\Enquiry.php(9888): view('enquiry/itinerary_sheet_view', [...])
 4 SYSTEMPATH\CodeIgniter.php(933): App\Controllers\Enquiry->viewItinerarySheet()
 5 SYSTEMPATH\CodeIgniter.php(509): CodeIgniter\CodeIgniter->runController(Object(App\Controllers\Enquiry))
 6 SYSTEMPATH\CodeIgniter.php(355): CodeIgniter\CodeIgniter->handleRequest(null, Object(Config\Cache), false)
 7 SYSTEMPATH\Boot.php(334): CodeIgniter\CodeIgniter->run()
 8 SYSTEMPATH\Boot.php(67): CodeIgniter\Boot::runCodeIgniter(Object(CodeIgniter\CodeIgniter))
 9 FCPATH\index.php(56): CodeIgniter\Boot::bootWeb(Object(Config\Paths))
DEBUG - 2025-12-01 10:47:21 --> Session: Class initialized using 'CodeIgniter\Session\Handlers\FileHandler' driver.
CRITICAL - 2025-12-01 10:47:21 --> ParseError: Unmatched '}'
[Method: POST, Route: Enquiry/viewItinerarySheet]
in APPPATH\Views\enquiry\itinerary_sheet_view.php on line 452.
 1 SYSTEMPATH\View\View.php(237): CodeIgniter\View\View->CodeIgniter\View\{closure}()
 2 SYSTEMPATH\Common.php(1171): CodeIgniter\View\View->render('enquiry/itinerary_sheet_view', [], true)
 3 APPPATH\Controllers\Enquiry.php(9888): view('enquiry/itinerary_sheet_view', [...])
 4 SYSTEMPATH\CodeIgniter.php(933): App\Controllers\Enquiry->viewItinerarySheet()
 5 SYSTEMPATH\CodeIgniter.php(509): CodeIgniter\CodeIgniter->runController(Object(App\Controllers\Enquiry))
 6 SYSTEMPATH\CodeIgniter.php(355): CodeIgniter\CodeIgniter->handleRequest(null, Object(Config\Cache), false)
 7 SYSTEMPATH\Boot.php(334): CodeIgniter\CodeIgniter->run()
 8 SYSTEMPATH\Boot.php(67): CodeIgniter\Boot::runCodeIgniter(Object(CodeIgniter\CodeIgniter))
 9 FCPATH\index.php(56): CodeIgniter\Boot::bootWeb(Object(Config\Paths))
DEBUG - 2025-12-01 10:47:21 --> Session: Class initialized using 'CodeIgniter\Session\Handlers\FileHandler' driver.
CRITICAL - 2025-12-01 10:47:21 --> ParseError: Unmatched '}'
[Method: POST, Route: Enquiry/viewItinerarySheet]
in APPPATH\Views\enquiry\itinerary_sheet_view.php on line 452.
 1 SYSTEMPATH\View\View.php(237): CodeIgniter\View\View->CodeIgniter\View\{closure}()
 2 SYSTEMPATH\Common.php(1171): CodeIgniter\View\View->render('enquiry/itinerary_sheet_view', [], true)
 3 APPPATH\Controllers\Enquiry.php(9888): view('enquiry/itinerary_sheet_view', [...])
 4 SYSTEMPATH\CodeIgniter.php(933): App\Controllers\Enquiry->viewItinerarySheet()
 5 SYSTEMPATH\CodeIgniter.php(509): CodeIgniter\CodeIgniter->runController(Object(App\Controllers\Enquiry))
 6 SYSTEMPATH\CodeIgniter.php(355): CodeIgniter\CodeIgniter->handleRequest(null, Object(Config\Cache), false)
 7 SYSTEMPATH\Boot.php(334): CodeIgniter\CodeIgniter->run()
 8 SYSTEMPATH\Boot.php(67): CodeIgniter\Boot::runCodeIgniter(Object(CodeIgniter\CodeIgniter))
 9 FCPATH\index.php(56): CodeIgniter\Boot::bootWeb(Object(Config\Paths))
DEBUG - 2025-12-01 10:47:21 --> Session: Class initialized using 'CodeIgniter\Session\Handlers\FileHandler' driver.
CRITICAL - 2025-12-01 10:47:21 --> ParseError: Unmatched '}'
[Method: POST, Route: Enquiry/viewItinerarySheet]
in APPPATH\Views\enquiry\itinerary_sheet_view.php on line 452.
 1 SYSTEMPATH\View\View.php(237): CodeIgniter\View\View->CodeIgniter\View\{closure}()
 2 SYSTEMPATH\Common.php(1171): CodeIgniter\View\View->render('enquiry/itinerary_sheet_view', [], true)
 3 APPPATH\Controllers\Enquiry.php(9888): view('enquiry/itinerary_sheet_view', [...])
 4 SYSTEMPATH\CodeIgniter.php(933): App\Controllers\Enquiry->viewItinerarySheet()
 5 SYSTEMPATH\CodeIgniter.php(509): CodeIgniter\CodeIgniter->runController(Object(App\Controllers\Enquiry))
 6 SYSTEMPATH\CodeIgniter.php(355): CodeIgniter\CodeIgniter->handleRequest(null, Object(Config\Cache), false)
 7 SYSTEMPATH\Boot.php(334): CodeIgniter\CodeIgniter->run()
 8 SYSTEMPATH\Boot.php(67): CodeIgniter\Boot::runCodeIgniter(Object(CodeIgniter\CodeIgniter))
 9 FCPATH\index.php(56): CodeIgniter\Boot::bootWeb(Object(Config\Paths))
DEBUG - 2025-12-01 10:47:26 --> Session: Class initialized using 'CodeIgniter\Session\Handlers\FileHandler' driver.
DEBUG - 2025-12-01 10:47:26 --> Session: Class initialized using 'CodeIgniter\Session\Handlers\FileHandler' driver.
DEBUG - 2025-12-01 10:47:27 --> Session: Class initialized using 'CodeIgniter\Session\Handlers\FileHandler' driver.
DEBUG - 2025-12-01 10:50:33 --> Session: Class initialized using 'CodeIgniter\Session\Handlers\FileHandler' driver.
DEBUG - 2025-12-01 10:50:34 --> Session: Class initialized using 'CodeIgniter\Session\Handlers\FileHandler' driver.
DEBUG - 2025-12-01 10:50:35 --> Session: Class initialized using 'CodeIgniter\Session\Handlers\FileHandler' driver.
DEBUG - 2025-12-01 10:50:58 --> Session: Class initialized using 'CodeIgniter\Session\Handlers\FileHandler' driver.
INFO - 2025-12-01 10:50:59 --> Expansion date 2025-12-06: DB Total=176km, Saved SS=90km, Derived Base=86km (display base; JS adds current SS)
INFO - 2025-12-01 10:50:59 --> Expansion date 2025-12-06: DB Total=176km, Saved SS=90km, Derived Base=86km (display base; JS adds current SS)
INFO - 2025-12-01 10:50:59 --> Expansion date 2025-12-06: DB Total=176km, Saved SS=90km, Derived Base=86km (display base; JS adds current SS)
INFO - 2025-12-01 10:50:59 --> Expansion date 2025-12-07: DB Total=0km, Saved SS=340km, Derived Base=0km (display base; JS adds current SS)
INFO - 2025-12-01 10:50:59 --> Expansion date 2025-12-07: DB Total=0km, Saved SS=340km, Derived Base=0km (display base; JS adds current SS)
INFO - 2025-12-01 10:50:59 --> Expansion date 2025-12-07: DB Total=0km, Saved SS=340km, Derived Base=0km (display base; JS adds current SS)
INFO - 2025-12-01 10:50:59 --> Expansion date 2025-12-08: DB Total=211km, Saved SS=0km, Derived Base=211km (display base; JS adds current SS)
INFO - 2025-12-01 10:50:59 --> Expansion date 2025-12-08: DB Total=211km, Saved SS=0km, Derived Base=211km (display base; JS adds current SS)
INFO - 2025-12-01 10:50:59 --> Expansion date 2025-12-08: DB Total=211km, Saved SS=0km, Derived Base=211km (display base; JS adds current SS)
INFO - 2025-12-01 10:50:59 --> Itinerary expansion date 2025-12-06: Derived Base=176km (no SS added)
INFO - 2025-12-01 10:50:59 --> Itinerary expansion date 2025-12-06: Derived Base=176km (no SS added)
INFO - 2025-12-01 10:50:59 --> Itinerary expansion date 2025-12-06: Derived Base=176km (no SS added)
INFO - 2025-12-01 10:50:59 --> Itinerary expansion date 2025-12-07: Derived Base=0km (no SS added)
INFO - 2025-12-01 10:50:59 --> Itinerary expansion date 2025-12-07: Derived Base=0km (no SS added)
INFO - 2025-12-01 10:50:59 --> Itinerary expansion date 2025-12-07: Derived Base=0km (no SS added)
INFO - 2025-12-01 10:50:59 --> Itinerary expansion date 2025-12-08: Derived Base=175km (no SS added)
INFO - 2025-12-01 10:50:59 --> Itinerary expansion date 2025-12-08: Derived Base=175km (no SS added)
INFO - 2025-12-01 10:50:59 --> Itinerary expansion date 2025-12-08: Derived Base=175km (no SS added)
DEBUG - 2025-12-01 10:51:20 --> Session: Class initialized using 'CodeIgniter\Session\Handlers\FileHandler' driver.
DEBUG - 2025-12-01 10:51:21 --> Session: Class initialized using 'CodeIgniter\Session\Handlers\FileHandler' driver.
DEBUG - 2025-12-01 10:51:22 --> Session: Class initialized using 'CodeIgniter\Session\Handlers\FileHandler' driver.
DEBUG - 2025-12-01 10:51:38 --> Session: Class initialized using 'CodeIgniter\Session\Handlers\FileHandler' driver.
INFO - 2025-12-01 10:51:38 --> Expansion date 2025-12-06: DB Total=176km, Saved SS=90km, Derived Base=86km (display base; JS adds current SS)
INFO - 2025-12-01 10:51:38 --> Expansion date 2025-12-06: DB Total=176km, Saved SS=90km, Derived Base=86km (display base; JS adds current SS)
INFO - 2025-12-01 10:51:38 --> Expansion date 2025-12-06: DB Total=176km, Saved SS=90km, Derived Base=86km (display base; JS adds current SS)
INFO - 2025-12-01 10:51:38 --> Expansion date 2025-12-07: DB Total=0km, Saved SS=340km, Derived Base=0km (display base; JS adds current SS)
INFO - 2025-12-01 10:51:38 --> Expansion date 2025-12-07: DB Total=0km, Saved SS=340km, Derived Base=0km (display base; JS adds current SS)
INFO - 2025-12-01 10:51:38 --> Expansion date 2025-12-07: DB Total=0km, Saved SS=340km, Derived Base=0km (display base; JS adds current SS)
INFO - 2025-12-01 10:51:38 --> Expansion date 2025-12-08: DB Total=211km, Saved SS=0km, Derived Base=211km (display base; JS adds current SS)
INFO - 2025-12-01 10:51:38 --> Expansion date 2025-12-08: DB Total=211km, Saved SS=0km, Derived Base=211km (display base; JS adds current SS)
INFO - 2025-12-01 10:51:38 --> Expansion date 2025-12-08: DB Total=211km, Saved SS=0km, Derived Base=211km (display base; JS adds current SS)
INFO - 2025-12-01 10:51:38 --> Itinerary expansion date 2025-12-06: Derived Base=176km (no SS added)
INFO - 2025-12-01 10:51:38 --> Itinerary expansion date 2025-12-06: Derived Base=176km (no SS added)
INFO - 2025-12-01 10:51:38 --> Itinerary expansion date 2025-12-06: Derived Base=176km (no SS added)
INFO - 2025-12-01 10:51:38 --> Itinerary expansion date 2025-12-07: Derived Base=0km (no SS added)
INFO - 2025-12-01 10:51:38 --> Itinerary expansion date 2025-12-07: Derived Base=0km (no SS added)
INFO - 2025-12-01 10:51:38 --> Itinerary expansion date 2025-12-07: Derived Base=0km (no SS added)
INFO - 2025-12-01 10:51:38 --> Itinerary expansion date 2025-12-08: Derived Base=175km (no SS added)
INFO - 2025-12-01 10:51:38 --> Itinerary expansion date 2025-12-08: Derived Base=175km (no SS added)
INFO - 2025-12-01 10:51:38 --> Itinerary expansion date 2025-12-08: Derived Base=175km (no SS added)
DEBUG - 2025-12-01 10:51:51 --> Session: Class initialized using 'CodeIgniter\Session\Handlers\FileHandler' driver.
DEBUG - 2025-12-01 10:51:51 --> Session: Class initialized using 'CodeIgniter\Session\Handlers\FileHandler' driver.
DEBUG - 2025-12-01 10:51:56 --> Session: Class initialized using 'CodeIgniter\Session\Handlers\FileHandler' driver.
DEBUG - 2025-12-01 10:52:14 --> Session: Class initialized using 'CodeIgniter\Session\Handlers\FileHandler' driver.
DEBUG - 2025-12-01 10:52:14 --> Session: Class initialized using 'CodeIgniter\Session\Handlers\FileHandler' driver.
DEBUG - 2025-12-01 10:52:18 --> Session: Class initialized using 'CodeIgniter\Session\Handlers\FileHandler' driver.
DEBUG - 2025-12-01 10:52:18 --> Session: Class initialized using 'CodeIgniter\Session\Handlers\FileHandler' driver.
DEBUG - 2025-12-01 10:52:19 --> Session: Class initialized using 'CodeIgniter\Session\Handlers\FileHandler' driver.
DEBUG - 2025-12-01 10:52:19 --> Session: Class initialized using 'CodeIgniter\Session\Handlers\FileHandler' driver.
DEBUG - 2025-12-01 10:52:20 --> Session: Class initialized using 'CodeIgniter\Session\Handlers\FileHandler' driver.
DEBUG - 2025-12-01 10:52:21 --> Session: Class initialized using 'CodeIgniter\Session\Handlers\FileHandler' driver.
DEBUG - 2025-12-01 10:52:21 --> Session: Class initialized using 'CodeIgniter\Session\Handlers\FileHandler' driver.
DEBUG - 2025-12-01 10:52:22 --> Session: Class initialized using 'CodeIgniter\Session\Handlers\FileHandler' driver.
DEBUG - 2025-12-01 10:52:27 --> Session: Class initialized using 'CodeIgniter\Session\Handlers\FileHandler' driver.
DEBUG - 2025-12-01 10:52:27 --> Session: Class initialized using 'CodeIgniter\Session\Handlers\FileHandler' driver.
DEBUG - 2025-12-01 10:52:27 --> Session: Class initialized using 'CodeIgniter\Session\Handlers\FileHandler' driver.
DEBUG - 2025-12-01 10:52:27 --> Session: Class initialized using 'CodeIgniter\Session\Handlers\FileHandler' driver.
DEBUG - 2025-12-01 10:52:27 --> Session: Class initialized using 'CodeIgniter\Session\Handlers\FileHandler' driver.
DEBUG - 2025-12-01 10:52:27 --> Session: Class initialized using 'CodeIgniter\Session\Handlers\FileHandler' driver.
DEBUG - 2025-12-01 10:52:27 --> Session: Class initialized using 'CodeIgniter\Session\Handlers\FileHandler' driver.
DEBUG - 2025-12-01 10:52:27 --> Session: Class initialized using 'CodeIgniter\Session\Handlers\FileHandler' driver.
DEBUG - 2025-12-01 10:52:27 --> Session: Class initialized using 'CodeIgniter\Session\Handlers\FileHandler' driver.
DEBUG - 2025-12-01 10:52:27 --> Session: Class initialized using 'CodeIgniter\Session\Handlers\FileHandler' driver.
DEBUG - 2025-12-01 10:52:27 --> Session: Class initialized using 'CodeIgniter\Session\Handlers\FileHandler' driver.
DEBUG - 2025-12-01 10:52:27 --> Session: Class initialized using 'CodeIgniter\Session\Handlers\FileHandler' driver.
DEBUG - 2025-12-01 10:52:31 --> Session: Class initialized using 'CodeIgniter\Session\Handlers\FileHandler' driver.
DEBUG - 2025-12-01 10:52:31 --> Session: Class initialized using 'CodeIgniter\Session\Handlers\FileHandler' driver.
DEBUG - 2025-12-01 10:52:33 --> Session: Class initialized using 'CodeIgniter\Session\Handlers\FileHandler' driver.
INFO - 2025-12-01 10:52:33 --> Day 1 (date 2026-02-07): No defaults loaded
INFO - 2025-12-01 10:52:33 --> Loaded default SS for Day 2 (date 2026-02-08): 1 items
INFO - 2025-12-01 10:52:33 --> Expansion date 2026-02-07: DB Total=200km, Saved SS=0km, Derived Base=200km (display base; JS adds current SS)
INFO - 2025-12-01 10:52:33 --> Expansion date 2026-02-07: DB Total=200km, Saved SS=0km, Derived Base=200km (display base; JS adds current SS)
INFO - 2025-12-01 10:52:33 --> Expansion date 2026-02-07: DB Total=200km, Saved SS=0km, Derived Base=200km (display base; JS adds current SS)
INFO - 2025-12-01 10:52:33 --> Expansion date 2026-02-07: DB Total=200km, Saved SS=0km, Derived Base=200km (display base; JS adds current SS)
INFO - 2025-12-01 10:52:33 --> Expansion date 2026-02-07: DB Total=200km, Saved SS=0km, Derived Base=200km (display base; JS adds current SS)
INFO - 2025-12-01 10:52:33 --> Expansion date 2026-02-07: DB Total=200km, Saved SS=0km, Derived Base=200km (display base; JS adds current SS)
INFO - 2025-12-01 10:52:33 --> Expansion date 2026-02-08: DB Total=36km, Saved SS=0km, Derived Base=36km (display base; JS adds current SS)
INFO - 2025-12-01 10:52:33 --> Expansion date 2026-02-08: DB Total=36km, Saved SS=0km, Derived Base=36km (display base; JS adds current SS)
INFO - 2025-12-01 10:52:33 --> Expansion date 2026-02-08: DB Total=36km, Saved SS=0km, Derived Base=36km (display base; JS adds current SS)
INFO - 2025-12-01 10:52:33 --> Expansion date 2026-02-08: DB Total=36km, Saved SS=0km, Derived Base=36km (display base; JS adds current SS)
INFO - 2025-12-01 10:52:33 --> Expansion date 2026-02-08: DB Total=36km, Saved SS=0km, Derived Base=36km (display base; JS adds current SS)
INFO - 2025-12-01 10:52:33 --> Expansion date 2026-02-08: DB Total=36km, Saved SS=0km, Derived Base=36km (display base; JS adds current SS)
DEBUG - 2025-12-01 10:52:46 --> Session: Class initialized using 'CodeIgniter\Session\Handlers\FileHandler' driver.
DEBUG - 2025-12-01 10:52:46 --> Session: Class initialized using 'CodeIgniter\Session\Handlers\FileHandler' driver.
INFO - 2025-12-01 10:52:46 --> Expansion date 2026-02-07: DB Total=200km, Saved SS=0km, Derived Base=200km (display base; JS adds current SS)
INFO - 2025-12-01 10:52:46 --> Expansion date 2026-02-07: DB Total=200km, Saved SS=0km, Derived Base=200km (display base; JS adds current SS)
INFO - 2025-12-01 10:52:46 --> Expansion date 2026-02-07: DB Total=200km, Saved SS=0km, Derived Base=200km (display base; JS adds current SS)
INFO - 2025-12-01 10:52:46 --> Expansion date 2026-02-07: DB Total=200km, Saved SS=0km, Derived Base=200km (display base; JS adds current SS)
INFO - 2025-12-01 10:52:46 --> Expansion date 2026-02-07: DB Total=200km, Saved SS=0km, Derived Base=200km (display base; JS adds current SS)
INFO - 2025-12-01 10:52:46 --> Expansion date 2026-02-07: DB Total=200km, Saved SS=0km, Derived Base=200km (display base; JS adds current SS)
INFO - 2025-12-01 10:52:46 --> Expansion date 2026-02-08: DB Total=36km, Saved SS=200km, Derived Base=0km (display base; JS adds current SS)
INFO - 2025-12-01 10:52:46 --> Expansion date 2026-02-08: DB Total=36km, Saved SS=200km, Derived Base=0km (display base; JS adds current SS)
INFO - 2025-12-01 10:52:46 --> Expansion date 2026-02-08: DB Total=36km, Saved SS=200km, Derived Base=0km (display base; JS adds current SS)
INFO - 2025-12-01 10:52:46 --> Expansion date 2026-02-08: DB Total=36km, Saved SS=200km, Derived Base=0km (display base; JS adds current SS)
INFO - 2025-12-01 10:52:46 --> Expansion date 2026-02-08: DB Total=36km, Saved SS=200km, Derived Base=0km (display base; JS adds current SS)
INFO - 2025-12-01 10:52:46 --> Expansion date 2026-02-08: DB Total=36km, Saved SS=200km, Derived Base=0km (display base; JS adds current SS)
INFO - 2025-12-01 10:52:46 --> Itinerary expansion date 2026-02-07: Derived Base=200km (no SS added)
INFO - 2025-12-01 10:52:46 --> Itinerary expansion date 2026-02-07: Derived Base=200km (no SS added)
INFO - 2025-12-01 10:52:46 --> Itinerary expansion date 2026-02-07: Derived Base=200km (no SS added)
INFO - 2025-12-01 10:52:46 --> Itinerary expansion date 2026-02-07: Derived Base=200km (no SS added)
INFO - 2025-12-01 10:52:46 --> Itinerary expansion date 2026-02-07: Derived Base=200km (no SS added)
INFO - 2025-12-01 10:52:46 --> Itinerary expansion date 2026-02-07: Derived Base=200km (no SS added)
INFO - 2025-12-01 10:52:46 --> Itinerary expansion date 2026-02-08: Derived Base=0km (no SS added)
INFO - 2025-12-01 10:52:46 --> Itinerary expansion date 2026-02-08: Derived Base=0km (no SS added)
INFO - 2025-12-01 10:52:46 --> Itinerary expansion date 2026-02-08: Derived Base=0km (no SS added)
INFO - 2025-12-01 10:52:46 --> Itinerary expansion date 2026-02-08: Derived Base=0km (no SS added)
INFO - 2025-12-01 10:52:46 --> Itinerary expansion date 2026-02-08: Derived Base=0km (no SS added)
INFO - 2025-12-01 10:52:46 --> Itinerary expansion date 2026-02-08: Derived Base=0km (no SS added)
DEBUG - 2025-12-01 10:52:49 --> Session: Class initialized using 'CodeIgniter\Session\Handlers\FileHandler' driver.
DEBUG - 2025-12-01 10:52:49 --> Session: Class initialized using 'CodeIgniter\Session\Handlers\FileHandler' driver.
DEBUG - 2025-12-01 10:52:49 --> Session: Class initialized using 'CodeIgniter\Session\Handlers\FileHandler' driver.
DEBUG - 2025-12-01 10:52:53 --> Session: Class initialized using 'CodeIgniter\Session\Handlers\FileHandler' driver.
DEBUG - 2025-12-01 10:52:53 --> Session: Class initialized using 'CodeIgniter\Session\Handlers\FileHandler' driver.
DEBUG - 2025-12-01 10:52:55 --> Session: Class initialized using 'CodeIgniter\Session\Handlers\FileHandler' driver.
INFO - 2025-12-01 10:52:55 --> getMultipleSightseeingWithPax returned: 1 rows for IDs: 95
DEBUG - 2025-12-01 10:53:10 --> Session: Class initialized using 'CodeIgniter\Session\Handlers\FileHandler' driver.
INFO - 2025-12-01 10:53:10 --> Expansion date 2026-02-07: DB Total=200km, Saved SS=0km, Derived Base=200km (display base; JS adds current SS)
INFO - 2025-12-01 10:53:10 --> Expansion date 2026-02-07: DB Total=200km, Saved SS=0km, Derived Base=200km (display base; JS adds current SS)
INFO - 2025-12-01 10:53:10 --> Expansion date 2026-02-07: DB Total=200km, Saved SS=0km, Derived Base=200km (display base; JS adds current SS)
INFO - 2025-12-01 10:53:10 --> Expansion date 2026-02-07: DB Total=200km, Saved SS=0km, Derived Base=200km (display base; JS adds current SS)
INFO - 2025-12-01 10:53:10 --> Expansion date 2026-02-07: DB Total=200km, Saved SS=0km, Derived Base=200km (display base; JS adds current SS)
INFO - 2025-12-01 10:53:10 --> Expansion date 2026-02-07: DB Total=200km, Saved SS=0km, Derived Base=200km (display base; JS adds current SS)
INFO - 2025-12-01 10:53:10 --> Expansion date 2026-02-08: DB Total=36km, Saved SS=200km, Derived Base=0km (display base; JS adds current SS)
INFO - 2025-12-01 10:53:10 --> Expansion date 2026-02-08: DB Total=36km, Saved SS=200km, Derived Base=0km (display base; JS adds current SS)
INFO - 2025-12-01 10:53:10 --> Expansion date 2026-02-08: DB Total=36km, Saved SS=200km, Derived Base=0km (display base; JS adds current SS)
INFO - 2025-12-01 10:53:10 --> Expansion date 2026-02-08: DB Total=36km, Saved SS=200km, Derived Base=0km (display base; JS adds current SS)
INFO - 2025-12-01 10:53:10 --> Expansion date 2026-02-08: DB Total=36km, Saved SS=200km, Derived Base=0km (display base; JS adds current SS)
INFO - 2025-12-01 10:53:10 --> Expansion date 2026-02-08: DB Total=36km, Saved SS=200km, Derived Base=0km (display base; JS adds current SS)
INFO - 2025-12-01 10:53:10 --> Itinerary expansion date 2026-02-07: Derived Base=200km (no SS added)
INFO - 2025-12-01 10:53:10 --> Itinerary expansion date 2026-02-07: Derived Base=200km (no SS added)
INFO - 2025-12-01 10:53:10 --> Itinerary expansion date 2026-02-07: Derived Base=200km (no SS added)
INFO - 2025-12-01 10:53:10 --> Itinerary expansion date 2026-02-07: Derived Base=200km (no SS added)
INFO - 2025-12-01 10:53:10 --> Itinerary expansion date 2026-02-07: Derived Base=200km (no SS added)
INFO - 2025-12-01 10:53:10 --> Itinerary expansion date 2026-02-07: Derived Base=200km (no SS added)
INFO - 2025-12-01 10:53:10 --> Itinerary expansion date 2026-02-08: Derived Base=0km (no SS added)
INFO - 2025-12-01 10:53:10 --> Itinerary expansion date 2026-02-08: Derived Base=0km (no SS added)
INFO - 2025-12-01 10:53:10 --> Itinerary expansion date 2026-02-08: Derived Base=0km (no SS added)
INFO - 2025-12-01 10:53:10 --> Itinerary expansion date 2026-02-08: Derived Base=0km (no SS added)
INFO - 2025-12-01 10:53:10 --> Itinerary expansion date 2026-02-08: Derived Base=0km (no SS added)
INFO - 2025-12-01 10:53:10 --> Itinerary expansion date 2026-02-08: Derived Base=0km (no SS added)
DEBUG - 2025-12-01 10:53:15 --> Session: Class initialized using 'CodeIgniter\Session\Handlers\FileHandler' driver.
INFO - 2025-12-01 10:53:15 --> Expansion date 2026-02-07: DB Total=200km, Saved SS=0km, Derived Base=200km (display base; JS adds current SS)
INFO - 2025-12-01 10:53:15 --> Expansion date 2026-02-07: DB Total=200km, Saved SS=0km, Derived Base=200km (display base; JS adds current SS)
INFO - 2025-12-01 10:53:15 --> Expansion date 2026-02-07: DB Total=200km, Saved SS=0km, Derived Base=200km (display base; JS adds current SS)
INFO - 2025-12-01 10:53:15 --> Expansion date 2026-02-07: DB Total=200km, Saved SS=0km, Derived Base=200km (display base; JS adds current SS)
INFO - 2025-12-01 10:53:15 --> Expansion date 2026-02-07: DB Total=200km, Saved SS=0km, Derived Base=200km (display base; JS adds current SS)
INFO - 2025-12-01 10:53:15 --> Expansion date 2026-02-07: DB Total=200km, Saved SS=0km, Derived Base=200km (display base; JS adds current SS)
INFO - 2025-12-01 10:53:15 --> Expansion date 2026-02-08: DB Total=36km, Saved SS=200km, Derived Base=0km (display base; JS adds current SS)
INFO - 2025-12-01 10:53:15 --> Expansion date 2026-02-08: DB Total=36km, Saved SS=200km, Derived Base=0km (display base; JS adds current SS)
INFO - 2025-12-01 10:53:15 --> Expansion date 2026-02-08: DB Total=36km, Saved SS=200km, Derived Base=0km (display base; JS adds current SS)
INFO - 2025-12-01 10:53:15 --> Expansion date 2026-02-08: DB Total=36km, Saved SS=200km, Derived Base=0km (display base; JS adds current SS)
INFO - 2025-12-01 10:53:15 --> Expansion date 2026-02-08: DB Total=36km, Saved SS=200km, Derived Base=0km (display base; JS adds current SS)
INFO - 2025-12-01 10:53:15 --> Expansion date 2026-02-08: DB Total=36km, Saved SS=200km, Derived Base=0km (display base; JS adds current SS)
INFO - 2025-12-01 10:53:15 --> Itinerary expansion date 2026-02-07: Derived Base=200km (no SS added)
INFO - 2025-12-01 10:53:15 --> Itinerary expansion date 2026-02-07: Derived Base=200km (no SS added)
INFO - 2025-12-01 10:53:15 --> Itinerary expansion date 2026-02-07: Derived Base=200km (no SS added)
INFO - 2025-12-01 10:53:15 --> Itinerary expansion date 2026-02-07: Derived Base=200km (no SS added)
INFO - 2025-12-01 10:53:15 --> Itinerary expansion date 2026-02-07: Derived Base=200km (no SS added)
INFO - 2025-12-01 10:53:15 --> Itinerary expansion date 2026-02-07: Derived Base=200km (no SS added)
INFO - 2025-12-01 10:53:15 --> Itinerary expansion date 2026-02-08: Derived Base=0km (no SS added)
INFO - 2025-12-01 10:53:15 --> Itinerary expansion date 2026-02-08: Derived Base=0km (no SS added)
INFO - 2025-12-01 10:53:15 --> Itinerary expansion date 2026-02-08: Derived Base=0km (no SS added)
INFO - 2025-12-01 10:53:15 --> Itinerary expansion date 2026-02-08: Derived Base=0km (no SS added)
INFO - 2025-12-01 10:53:15 --> Itinerary expansion date 2026-02-08: Derived Base=0km (no SS added)
INFO - 2025-12-01 10:53:15 --> Itinerary expansion date 2026-02-08: Derived Base=0km (no SS added)
DEBUG - 2025-12-01 10:53:20 --> Session: Class initialized using 'CodeIgniter\Session\Handlers\FileHandler' driver.
DEBUG - 2025-12-01 10:53:20 --> Session: Class initialized using 'CodeIgniter\Session\Handlers\FileHandler' driver.
DEBUG - 2025-12-01 10:53:20 --> Session: Class initialized using 'CodeIgniter\Session\Handlers\FileHandler' driver.
DEBUG - 2025-12-01 10:53:21 --> Session: Class initialized using 'CodeIgniter\Session\Handlers\FileHandler' driver.
DEBUG - 2025-12-01 10:53:22 --> Session: Class initialized using 'CodeIgniter\Session\Handlers\FileHandler' driver.
DEBUG - 2025-12-01 10:53:22 --> Session: Class initialized using 'CodeIgniter\Session\Handlers\FileHandler' driver.
DEBUG - 2025-12-01 10:53:22 --> Session: Class initialized using 'CodeIgniter\Session\Handlers\FileHandler' driver.
DEBUG - 2025-12-01 10:53:22 --> Session: Class initialized using 'CodeIgniter\Session\Handlers\FileHandler' driver.
DEBUG - 2025-12-01 10:53:23 --> Session: Class initialized using 'CodeIgniter\Session\Handlers\FileHandler' driver.
DEBUG - 2025-12-01 10:53:23 --> Session: Class initialized using 'CodeIgniter\Session\Handlers\FileHandler' driver.
DEBUG - 2025-12-01 10:53:26 --> Session: Class initialized using 'CodeIgniter\Session\Handlers\FileHandler' driver.
DEBUG - 2025-12-01 10:53:26 --> Session: Class initialized using 'CodeIgniter\Session\Handlers\FileHandler' driver.
DEBUG - 2025-12-01 10:53:27 --> Session: Class initialized using 'CodeIgniter\Session\Handlers\FileHandler' driver.
DEBUG - 2025-12-01 10:53:27 --> Session: Class initialized using 'CodeIgniter\Session\Handlers\FileHandler' driver.
DEBUG - 2025-12-01 10:53:27 --> Session: Class initialized using 'CodeIgniter\Session\Handlers\FileHandler' driver.
DEBUG - 2025-12-01 10:53:27 --> Session: Class initialized using 'CodeIgniter\Session\Handlers\FileHandler' driver.
DEBUG - 2025-12-01 10:53:28 --> Session: Class initialized using 'CodeIgniter\Session\Handlers\FileHandler' driver.
DEBUG - 2025-12-01 10:53:36 --> Session: Class initialized using 'CodeIgniter\Session\Handlers\FileHandler' driver.
DEBUG - 2025-12-01 10:53:42 --> Session: Class initialized using 'CodeIgniter\Session\Handlers\FileHandler' driver.
DEBUG - 2025-12-01 10:53:42 --> Session: Class initialized using 'CodeIgniter\Session\Handlers\FileHandler' driver.
DEBUG - 2025-12-01 10:53:42 --> Session: Class initialized using 'CodeIgniter\Session\Handlers\FileHandler' driver.
DEBUG - 2025-12-01 10:53:42 --> Session: Class initialized using 'CodeIgniter\Session\Handlers\FileHandler' driver.
DEBUG - 2025-12-01 10:53:42 --> Session: Class initialized using 'CodeIgniter\Session\Handlers\FileHandler' driver.
DEBUG - 2025-12-01 10:53:51 --> Session: Class initialized using 'CodeIgniter\Session\Handlers\FileHandler' driver.
DEBUG - 2025-12-01 10:53:51 --> Session: Class initialized using 'CodeIgniter\Session\Handlers\FileHandler' driver.
DEBUG - 2025-12-01 10:53:53 --> Session: Class initialized using 'CodeIgniter\Session\Handlers\FileHandler' driver.
INFO - 2025-12-01 10:53:53 --> getMultipleSightseeingWithPax returned: 1 rows for IDs: 95
DEBUG - 2025-12-01 10:55:53 --> Session: Class initialized using 'CodeIgniter\Session\Handlers\FileHandler' driver.
DEBUG - 2025-12-01 10:55:53 --> Session: Class initialized using 'CodeIgniter\Session\Handlers\FileHandler' driver.
DEBUG - 2025-12-01 10:55:55 --> Session: Class initialized using 'CodeIgniter\Session\Handlers\FileHandler' driver.
INFO - 2025-12-01 10:55:55 --> getMultipleSightseeingWithPax returned: 1 rows for IDs: 95
DEBUG - 2025-12-01 10:56:02 --> Session: Class initialized using 'CodeIgniter\Session\Handlers\FileHandler' driver.
DEBUG - 2025-12-01 10:56:02 --> Session: Class initialized using 'CodeIgniter\Session\Handlers\FileHandler' driver.
DEBUG - 2025-12-01 10:56:04 --> Session: Class initialized using 'CodeIgniter\Session\Handlers\FileHandler' driver.
DEBUG - 2025-12-01 10:56:04 --> Session: Class initialized using 'CodeIgniter\Session\Handlers\FileHandler' driver.
DEBUG - 2025-12-01 10:56:05 --> Session: Class initialized using 'CodeIgniter\Session\Handlers\FileHandler' driver.
INFO - 2025-12-01 10:56:06 --> getMultipleSightseeingWithPax returned: 1 rows for IDs: 95
DEBUG - 2025-12-01 10:56:08 --> Session: Class initialized using 'CodeIgniter\Session\Handlers\FileHandler' driver.
DEBUG - 2025-12-01 10:56:08 --> Session: Class initialized using 'CodeIgniter\Session\Handlers\FileHandler' driver.
DEBUG - 2025-12-01 11:01:09 --> Session: Class initialized using 'CodeIgniter\Session\Handlers\FileHandler' driver.
DEBUG - 2025-12-01 11:01:09 --> Session: Class initialized using 'CodeIgniter\Session\Handlers\FileHandler' driver.
DEBUG - 2025-12-01 11:01:11 --> Session: Class initialized using 'CodeIgniter\Session\Handlers\FileHandler' driver.
DEBUG - 2025-12-01 11:01:12 --> Session: Class initialized using 'CodeIgniter\Session\Handlers\FileHandler' driver.
DEBUG - 2025-12-01 11:01:12 --> Session: Class initialized using 'CodeIgniter\Session\Handlers\FileHandler' driver.
INFO - 2025-12-01 11:01:13 --> getMultipleSightseeingWithPax returned: 1 rows for IDs: 95
DEBUG - 2025-12-01 11:01:18 --> Session: Class initialized using 'CodeIgniter\Session\Handlers\FileHandler' driver.
DEBUG - 2025-12-01 11:01:18 --> Session: Class initialized using 'CodeIgniter\Session\Handlers\FileHandler' driver.
DEBUG - 2025-12-01 11:01:22 --> Session: Class initialized using 'CodeIgniter\Session\Handlers\FileHandler' driver.
DEBUG - 2025-12-01 11:01:23 --> Session: Class initialized using 'CodeIgniter\Session\Handlers\FileHandler' driver.
DEBUG - 2025-12-01 11:01:23 --> Session: Class initialized using 'CodeIgniter\Session\Handlers\FileHandler' driver.
DEBUG - 2025-12-01 11:01:23 --> Session: Class initialized using 'CodeIgniter\Session\Handlers\FileHandler' driver.
DEBUG - 2025-12-01 11:01:26 --> Session: Class initialized using 'CodeIgniter\Session\Handlers\FileHandler' driver.
INFO - 2025-12-01 11:01:26 --> getMultipleSightseeingWithPax returned: 1 rows for IDs: 95
DEBUG - 2025-12-01 11:01:57 --> Session: Class initialized using 'CodeIgniter\Session\Handlers\FileHandler' driver.
DEBUG - 2025-12-01 11:01:57 --> Session: Class initialized using 'CodeIgniter\Session\Handlers\FileHandler' driver.
DEBUG - 2025-12-01 11:01:57 --> Session: Class initialized using 'CodeIgniter\Session\Handlers\FileHandler' driver.
DEBUG - 2025-12-01 11:01:57 --> Session: Class initialized using 'CodeIgniter\Session\Handlers\FileHandler' driver.
DEBUG - 2025-12-01 11:02:02 --> Session: Class initialized using 'CodeIgniter\Session\Handlers\FileHandler' driver.
INFO - 2025-12-01 11:02:02 --> getMultipleSightseeingWithPax returned: 1 rows for IDs: 95
DEBUG - 2025-12-01 11:02:02 --> Session: Class initialized using 'CodeIgniter\Session\Handlers\FileHandler' driver.
INFO - 2025-12-01 11:02:02 --> getMultipleSightseeingWithPax returned: 1 rows for IDs: 95
DEBUG - 2025-12-01 11:09:23 --> Session: Class initialized using 'CodeIgniter\Session\Handlers\FileHandler' driver.
DEBUG - 2025-12-01 11:09:24 --> Session: Class initialized using 'CodeIgniter\Session\Handlers\FileHandler' driver.
DEBUG - 2025-12-01 11:09:24 --> Session: Class initialized using 'CodeIgniter\Session\Handlers\FileHandler' driver.
DEBUG - 2025-12-01 11:09:24 --> Session: Class initialized using 'CodeIgniter\Session\Handlers\FileHandler' driver.
DEBUG - 2025-12-01 11:09:26 --> Session: Class initialized using 'CodeIgniter\Session\Handlers\FileHandler' driver.
INFO - 2025-12-01 11:09:26 --> getMultipleSightseeingWithPax returned: 1 rows for IDs: 95
DEBUG - 2025-12-01 11:09:53 --> Session: Class initialized using 'CodeIgniter\Session\Handlers\FileHandler' driver.
DEBUG - 2025-12-01 11:09:57 --> Session: Class initialized using 'CodeIgniter\Session\Handlers\FileHandler' driver.
DEBUG - 2025-12-01 11:09:57 --> Session: Class initialized using 'CodeIgniter\Session\Handlers\FileHandler' driver.
DEBUG - 2025-12-01 11:09:57 --> Session: Class initialized using 'CodeIgniter\Session\Handlers\FileHandler' driver.
DEBUG - 2025-12-01 11:09:58 --> Session: Class initialized using 'CodeIgniter\Session\Handlers\FileHandler' driver.
DEBUG - 2025-12-01 11:09:58 --> Session: Class initialized using 'CodeIgniter\Session\Handlers\FileHandler' driver.
DEBUG - 2025-12-01 11:10:04 --> Session: Class initialized using 'CodeIgniter\Session\Handlers\FileHandler' driver.
DEBUG - 2025-12-01 11:10:07 --> Session: Class initialized using 'CodeIgniter\Session\Handlers\FileHandler' driver.
DEBUG - 2025-12-01 11:10:07 --> Session: Class initialized using 'CodeIgniter\Session\Handlers\FileHandler' driver.
DEBUG - 2025-12-01 11:10:11 --> Session: Class initialized using 'CodeIgniter\Session\Handlers\FileHandler' driver.
DEBUG - 2025-12-01 11:10:12 --> Session: Class initialized using 'CodeIgniter\Session\Handlers\FileHandler' driver.
DEBUG - 2025-12-01 11:10:12 --> Session: Class initialized using 'CodeIgniter\Session\Handlers\FileHandler' driver.
DEBUG - 2025-12-01 11:10:13 --> Session: Class initialized using 'CodeIgniter\Session\Handlers\FileHandler' driver.
DEBUG - 2025-12-01 11:10:14 --> Session: Class initialized using 'CodeIgniter\Session\Handlers\FileHandler' driver.
DEBUG - 2025-12-01 11:10:15 --> Session: Class initialized using 'CodeIgniter\Session\Handlers\FileHandler' driver.
DEBUG - 2025-12-01 11:10:15 --> Session: Class initialized using 'CodeIgniter\Session\Handlers\FileHandler' driver.
DEBUG - 2025-12-01 11:10:17 --> Session: Class initialized using 'CodeIgniter\Session\Handlers\FileHandler' driver.
DEBUG - 2025-12-01 11:10:17 --> Session: Class initialized using 'CodeIgniter\Session\Handlers\FileHandler' driver.
DEBUG - 2025-12-01 11:10:39 --> Session: Class initialized using 'CodeIgniter\Session\Handlers\FileHandler' driver.
INFO - 2025-12-01 11:10:40 --> Expansion date 2026-02-07: DB Total=200km, Saved SS=0km, Derived Base=200km (display base; JS adds current SS)
INFO - 2025-12-01 11:10:40 --> Expansion date 2026-02-07: DB Total=200km, Saved SS=0km, Derived Base=200km (display base; JS adds current SS)
INFO - 2025-12-01 11:10:40 --> Expansion date 2026-02-07: DB Total=200km, Saved SS=0km, Derived Base=200km (display base; JS adds current SS)
INFO - 2025-12-01 11:10:40 --> Expansion date 2026-02-07: DB Total=200km, Saved SS=0km, Derived Base=200km (display base; JS adds current SS)
INFO - 2025-12-01 11:10:40 --> Expansion date 2026-02-07: DB Total=200km, Saved SS=0km, Derived Base=200km (display base; JS adds current SS)
INFO - 2025-12-01 11:10:40 --> Expansion date 2026-02-07: DB Total=200km, Saved SS=0km, Derived Base=200km (display base; JS adds current SS)
INFO - 2025-12-01 11:10:40 --> Expansion date 2026-02-08: DB Total=36km, Saved SS=200km, Derived Base=0km (display base; JS adds current SS)
INFO - 2025-12-01 11:10:40 --> Expansion date 2026-02-08: DB Total=36km, Saved SS=200km, Derived Base=0km (display base; JS adds current SS)
INFO - 2025-12-01 11:10:40 --> Expansion date 2026-02-08: DB Total=36km, Saved SS=200km, Derived Base=0km (display base; JS adds current SS)
INFO - 2025-12-01 11:10:40 --> Expansion date 2026-02-08: DB Total=36km, Saved SS=200km, Derived Base=0km (display base; JS adds current SS)
INFO - 2025-12-01 11:10:40 --> Expansion date 2026-02-08: DB Total=36km, Saved SS=200km, Derived Base=0km (display base; JS adds current SS)
INFO - 2025-12-01 11:10:40 --> Expansion date 2026-02-08: DB Total=36km, Saved SS=200km, Derived Base=0km (display base; JS adds current SS)
INFO - 2025-12-01 11:10:40 --> Itinerary expansion date 2026-02-07: Derived Base=200km (no SS added)
INFO - 2025-12-01 11:10:40 --> Itinerary expansion date 2026-02-07: Derived Base=200km (no SS added)
INFO - 2025-12-01 11:10:40 --> Itinerary expansion date 2026-02-07: Derived Base=200km (no SS added)
INFO - 2025-12-01 11:10:40 --> Itinerary expansion date 2026-02-07: Derived Base=200km (no SS added)
INFO - 2025-12-01 11:10:40 --> Itinerary expansion date 2026-02-07: Derived Base=200km (no SS added)
INFO - 2025-12-01 11:10:40 --> Itinerary expansion date 2026-02-07: Derived Base=200km (no SS added)
INFO - 2025-12-01 11:10:40 --> Itinerary expansion date 2026-02-08: Derived Base=0km (no SS added)
INFO - 2025-12-01 11:10:40 --> Itinerary expansion date 2026-02-08: Derived Base=0km (no SS added)
INFO - 2025-12-01 11:10:40 --> Itinerary expansion date 2026-02-08: Derived Base=0km (no SS added)
INFO - 2025-12-01 11:10:40 --> Itinerary expansion date 2026-02-08: Derived Base=0km (no SS added)
INFO - 2025-12-01 11:10:40 --> Itinerary expansion date 2026-02-08: Derived Base=0km (no SS added)
INFO - 2025-12-01 11:10:40 --> Itinerary expansion date 2026-02-08: Derived Base=0km (no SS added)
DEBUG - 2025-12-01 11:10:40 --> Session: Class initialized using 'CodeIgniter\Session\Handlers\FileHandler' driver.
DEBUG - 2025-12-01 11:10:40 --> Session: Class initialized using 'CodeIgniter\Session\Handlers\FileHandler' driver.
DEBUG - 2025-12-01 11:10:57 --> Session: Class initialized using 'CodeIgniter\Session\Handlers\FileHandler' driver.
DEBUG - 2025-12-01 11:10:57 --> Session: Class initialized using 'CodeIgniter\Session\Handlers\FileHandler' driver.
INFO - 2025-12-01 11:10:57 --> Expansion date 2026-02-07: DB Total=200km, Saved SS=0km, Derived Base=200km (display base; JS adds current SS)
INFO - 2025-12-01 11:10:57 --> Expansion date 2026-02-07: DB Total=200km, Saved SS=0km, Derived Base=200km (display base; JS adds current SS)
INFO - 2025-12-01 11:10:57 --> Expansion date 2026-02-07: DB Total=200km, Saved SS=0km, Derived Base=200km (display base; JS adds current SS)
INFO - 2025-12-01 11:10:57 --> Expansion date 2026-02-07: DB Total=200km, Saved SS=0km, Derived Base=200km (display base; JS adds current SS)
INFO - 2025-12-01 11:10:57 --> Expansion date 2026-02-07: DB Total=200km, Saved SS=0km, Derived Base=200km (display base; JS adds current SS)
INFO - 2025-12-01 11:10:57 --> Expansion date 2026-02-07: DB Total=200km, Saved SS=0km, Derived Base=200km (display base; JS adds current SS)
INFO - 2025-12-01 11:10:57 --> Expansion date 2026-02-08: DB Total=36km, Saved SS=0km, Derived Base=36km (display base; JS adds current SS)
INFO - 2025-12-01 11:10:57 --> Expansion date 2026-02-08: DB Total=36km, Saved SS=0km, Derived Base=36km (display base; JS adds current SS)
INFO - 2025-12-01 11:10:57 --> Expansion date 2026-02-08: DB Total=36km, Saved SS=0km, Derived Base=36km (display base; JS adds current SS)
INFO - 2025-12-01 11:10:57 --> Expansion date 2026-02-08: DB Total=36km, Saved SS=0km, Derived Base=36km (display base; JS adds current SS)
INFO - 2025-12-01 11:10:57 --> Expansion date 2026-02-08: DB Total=36km, Saved SS=0km, Derived Base=36km (display base; JS adds current SS)
INFO - 2025-12-01 11:10:57 --> Expansion date 2026-02-08: DB Total=36km, Saved SS=0km, Derived Base=36km (display base; JS adds current SS)
INFO - 2025-12-01 11:10:57 --> Itinerary expansion date 2026-02-07: Derived Base=200km (no SS added)
INFO - 2025-12-01 11:10:57 --> Itinerary expansion date 2026-02-07: Derived Base=200km (no SS added)
INFO - 2025-12-01 11:10:57 --> Itinerary expansion date 2026-02-07: Derived Base=200km (no SS added)
INFO - 2025-12-01 11:10:57 --> Itinerary expansion date 2026-02-07: Derived Base=200km (no SS added)
INFO - 2025-12-01 11:10:57 --> Itinerary expansion date 2026-02-07: Derived Base=200km (no SS added)
INFO - 2025-12-01 11:10:57 --> Itinerary expansion date 2026-02-07: Derived Base=200km (no SS added)
INFO - 2025-12-01 11:10:57 --> Itinerary expansion date 2026-02-08: Derived Base=0km (no SS added)
INFO - 2025-12-01 11:10:57 --> Itinerary expansion date 2026-02-08: Derived Base=0km (no SS added)
INFO - 2025-12-01 11:10:57 --> Itinerary expansion date 2026-02-08: Derived Base=0km (no SS added)
INFO - 2025-12-01 11:10:57 --> Itinerary expansion date 2026-02-08: Derived Base=0km (no SS added)
INFO - 2025-12-01 11:10:57 --> Itinerary expansion date 2026-02-08: Derived Base=0km (no SS added)
INFO - 2025-12-01 11:10:57 --> Itinerary expansion date 2026-02-08: Derived Base=0km (no SS added)
DEBUG - 2025-12-01 11:10:57 --> Session: Class initialized using 'CodeIgniter\Session\Handlers\FileHandler' driver.
DEBUG - 2025-12-01 11:10:57 --> Session: Class initialized using 'CodeIgniter\Session\Handlers\FileHandler' driver.
DEBUG - 2025-12-01 11:11:00 --> Session: Class initialized using 'CodeIgniter\Session\Handlers\FileHandler' driver.
DEBUG - 2025-12-01 11:11:00 --> Session: Class initialized using 'CodeIgniter\Session\Handlers\FileHandler' driver.
DEBUG - 2025-12-01 11:11:00 --> Session: Class initialized using 'CodeIgniter\Session\Handlers\FileHandler' driver.
DEBUG - 2025-12-01 11:11:00 --> Session: Class initialized using 'CodeIgniter\Session\Handlers\FileHandler' driver.
DEBUG - 2025-12-01 11:11:00 --> Session: Class initialized using 'CodeIgniter\Session\Handlers\FileHandler' driver.
DEBUG - 2025-12-01 11:11:08 --> Session: Class initialized using 'CodeIgniter\Session\Handlers\FileHandler' driver.
DEBUG - 2025-12-01 11:11:08 --> Session: Class initialized using 'CodeIgniter\Session\Handlers\FileHandler' driver.
DEBUG - 2025-12-01 11:11:08 --> Session: Class initialized using 'CodeIgniter\Session\Handlers\FileHandler' driver.
DEBUG - 2025-12-01 11:11:08 --> Session: Class initialized using 'CodeIgniter\Session\Handlers\FileHandler' driver.
DEBUG - 2025-12-01 11:11:12 --> Session: Class initialized using 'CodeIgniter\Session\Handlers\FileHandler' driver.
INFO - 2025-12-01 11:11:12 --> getMultipleSightseeingWithPax returned: 1 rows for IDs: 96
INFO - 2025-12-01 11:11:12 --> getLocationDescription(0) returned: 0 rows
DEBUG - 2025-12-01 11:12:18 --> Session: Class initialized using 'CodeIgniter\Session\Handlers\FileHandler' driver.
DEBUG - 2025-12-01 11:26:10 --> Session: Class initialized using 'CodeIgniter\Session\Handlers\FileHandler' driver.
INFO - 2025-12-01 11:26:10 --> getMultipleSightseeingWithPax returned: 1 rows for IDs: 95
DEBUG - 2025-12-01 11:26:15 --> Session: Class initialized using 'CodeIgniter\Session\Handlers\FileHandler' driver.
DEBUG - 2025-12-01 11:26:15 --> Session: Class initialized using 'CodeIgniter\Session\Handlers\FileHandler' driver.
DEBUG - 2025-12-01 11:31:06 --> Session: Class initialized using 'CodeIgniter\Session\Handlers\FileHandler' driver.
DEBUG - 2025-12-01 11:31:06 --> Session: Class initialized using 'CodeIgniter\Session\Handlers\FileHandler' driver.
DEBUG - 2025-12-01 11:31:06 --> Session: Class initialized using 'CodeIgniter\Session\Handlers\FileHandler' driver.
DEBUG - 2025-12-01 11:31:07 --> Session: Class initialized using 'CodeIgniter\Session\Handlers\FileHandler' driver.
DEBUG - 2025-12-01 11:31:08 --> Session: Class initialized using 'CodeIgniter\Session\Handlers\FileHandler' driver.
INFO - 2025-12-01 11:31:08 --> getLocationDescription(9) returned: 1 rows
INFO - 2025-12-01 11:31:08 --> getMultipleSightseeingWithPax returned: 1 rows for IDs: 95
INFO - 2025-12-01 11:31:08 --> getLocationDescription(9) returned: 1 rows
DEBUG - 2025-12-01 12:01:07 --> Session: Class initialized using 'CodeIgniter\Session\Handlers\FileHandler' driver.
DEBUG - 2025-12-01 12:01:22 --> Session: Class initialized using 'CodeIgniter\Session\Handlers\FileHandler' driver.
DEBUG - 2025-12-01 12:01:22 --> Session: Class initialized using 'CodeIgniter\Session\Handlers\FileHandler' driver.
WARNING - 2025-12-01 12:01:22 --> [DEPRECATED] round(): Passing null to parameter #1 ($num) of type int|float is deprecated in APPPATH\Controllers\Dashboard.php on line 241.
 1 APPPATH\Controllers\Dashboard.php(241): round(null, 2)
 2 SYSTEMPATH\CodeIgniter.php(933): App\Controllers\Dashboard->index()
 3 SYSTEMPATH\CodeIgniter.php(509): CodeIgniter\CodeIgniter->runController(Object(App\Controllers\Dashboard))
 4 SYSTEMPATH\CodeIgniter.php(355): CodeIgniter\CodeIgniter->handleRequest(null, Object(Config\Cache), false)
 5 SYSTEMPATH\Boot.php(334): CodeIgniter\CodeIgniter->run()
 6 SYSTEMPATH\Boot.php(67): CodeIgniter\Boot::runCodeIgniter(Object(CodeIgniter\CodeIgniter))
 7 FCPATH\index.php(56): CodeIgniter\Boot::bootWeb(Object(Config\Paths))
WARNING - 2025-12-01 12:01:22 --> [DEPRECATED] round(): Passing null to parameter #1 ($num) of type int|float is deprecated in APPPATH\Controllers\Dashboard.php on line 247.
 1 APPPATH\Controllers\Dashboard.php(247): round(null, 2)
 2 SYSTEMPATH\CodeIgniter.php(933): App\Controllers\Dashboard->index()
 3 SYSTEMPATH\CodeIgniter.php(509): CodeIgniter\CodeIgniter->runController(Object(App\Controllers\Dashboard))
 4 SYSTEMPATH\CodeIgniter.php(355): CodeIgniter\CodeIgniter->handleRequest(null, Object(Config\Cache), false)
 5 SYSTEMPATH\Boot.php(334): CodeIgniter\CodeIgniter->run()
 6 SYSTEMPATH\Boot.php(67): CodeIgniter\Boot::runCodeIgniter(Object(CodeIgniter\CodeIgniter))
 7 FCPATH\index.php(56): CodeIgniter\Boot::bootWeb(Object(Config\Paths))
DEBUG - 2025-12-01 12:01:29 --> Session: Class initialized using 'CodeIgniter\Session\Handlers\FileHandler' driver.
DEBUG - 2025-12-01 12:01:29 --> Session: Class initialized using 'CodeIgniter\Session\Handlers\FileHandler' driver.
DEBUG - 2025-12-01 12:01:33 --> Session: Class initialized using 'CodeIgniter\Session\Handlers\FileHandler' driver.
DEBUG - 2025-12-01 12:01:33 --> Session: Class initialized using 'CodeIgniter\Session\Handlers\FileHandler' driver.
DEBUG - 2025-12-01 12:01:40 --> Session: Class initialized using 'CodeIgniter\Session\Handlers\FileHandler' driver.
DEBUG - 2025-12-01 12:01:40 --> Session: Class initialized using 'CodeIgniter\Session\Handlers\FileHandler' driver.
DEBUG - 2025-12-01 12:01:41 --> Session: Class initialized using 'CodeIgniter\Session\Handlers\FileHandler' driver.
DEBUG - 2025-12-01 12:01:56 --> Session: Class initialized using 'CodeIgniter\Session\Handlers\FileHandler' driver.
DEBUG - 2025-12-01 12:01:56 --> Session: Class initialized using 'CodeIgniter\Session\Handlers\FileHandler' driver.
DEBUG - 2025-12-01 12:02:02 --> Session: Class initialized using 'CodeIgniter\Session\Handlers\FileHandler' driver.
DEBUG - 2025-12-01 12:02:02 --> Session: Class initialized using 'CodeIgniter\Session\Handlers\FileHandler' driver.
DEBUG - 2025-12-01 12:02:07 --> Session: Class initialized using 'CodeIgniter\Session\Handlers\FileHandler' driver.
DEBUG - 2025-12-01 12:02:09 --> Session: Class initialized using 'CodeIgniter\Session\Handlers\FileHandler' driver.
DEBUG - 2025-12-01 12:02:09 --> Session: Class initialized using 'CodeIgniter\Session\Handlers\FileHandler' driver.
DEBUG - 2025-12-01 12:02:09 --> Session: Class initialized using 'CodeIgniter\Session\Handlers\FileHandler' driver.
DEBUG - 2025-12-01 12:02:10 --> Session: Class initialized using 'CodeIgniter\Session\Handlers\FileHandler' driver.
DEBUG - 2025-12-01 12:02:10 --> Session: Class initialized using 'CodeIgniter\Session\Handlers\FileHandler' driver.
DEBUG - 2025-12-01 12:02:17 --> Session: Class initialized using 'CodeIgniter\Session\Handlers\FileHandler' driver.
DEBUG - 2025-12-01 12:02:19 --> Session: Class initialized using 'CodeIgniter\Session\Handlers\FileHandler' driver.
DEBUG - 2025-12-01 12:02:21 --> Session: Class initialized using 'CodeIgniter\Session\Handlers\FileHandler' driver.
DEBUG - 2025-12-01 12:02:21 --> Session: Class initialized using 'CodeIgniter\Session\Handlers\FileHandler' driver.
DEBUG - 2025-12-01 12:02:21 --> Session: Class initialized using 'CodeIgniter\Session\Handlers\FileHandler' driver.
DEBUG - 2025-12-01 12:02:21 --> Session: Class initialized using 'CodeIgniter\Session\Handlers\FileHandler' driver.
DEBUG - 2025-12-01 12:02:24 --> Session: Class initialized using 'CodeIgniter\Session\Handlers\FileHandler' driver.
DEBUG - 2025-12-01 12:02:26 --> Session: Class initialized using 'CodeIgniter\Session\Handlers\FileHandler' driver.
DEBUG - 2025-12-01 12:02:26 --> Session: Class initialized using 'CodeIgniter\Session\Handlers\FileHandler' driver.
DEBUG - 2025-12-01 12:02:26 --> Session: Class initialized using 'CodeIgniter\Session\Handlers\FileHandler' driver.
DEBUG - 2025-12-01 12:02:26 --> Session: Class initialized using 'CodeIgniter\Session\Handlers\FileHandler' driver.
DEBUG - 2025-12-01 12:02:31 --> Session: Class initialized using 'CodeIgniter\Session\Handlers\FileHandler' driver.
DEBUG - 2025-12-01 12:02:32 --> Session: Class initialized using 'CodeIgniter\Session\Handlers\FileHandler' driver.
DEBUG - 2025-12-01 12:02:32 --> Session: Class initialized using 'CodeIgniter\Session\Handlers\FileHandler' driver.
DEBUG - 2025-12-01 12:02:33 --> Session: Class initialized using 'CodeIgniter\Session\Handlers\FileHandler' driver.
DEBUG - 2025-12-01 12:02:33 --> Session: Class initialized using 'CodeIgniter\Session\Handlers\FileHandler' driver.
DEBUG - 2025-12-01 12:02:40 --> Session: Class initialized using 'CodeIgniter\Session\Handlers\FileHandler' driver.
DEBUG - 2025-12-01 12:02:41 --> Session: Class initialized using 'CodeIgniter\Session\Handlers\FileHandler' driver.
DEBUG - 2025-12-01 12:02:43 --> Session: Class initialized using 'CodeIgniter\Session\Handlers\FileHandler' driver.
INFO - 2025-12-01 12:02:43 --> Day 1 (date 2025-12-06): No defaults loaded
INFO - 2025-12-01 12:02:43 --> Loaded default SS for Day 2 (date 2025-12-07): 1 items
INFO - 2025-12-01 12:02:43 --> Expansion date 2025-12-06: DB Total=176km, Saved SS=0km, Derived Base=176km (display base; JS adds current SS)
INFO - 2025-12-01 12:02:43 --> Expansion date 2025-12-06: DB Total=176km, Saved SS=0km, Derived Base=176km (display base; JS adds current SS)
INFO - 2025-12-01 12:02:43 --> Expansion date 2025-12-06: DB Total=176km, Saved SS=0km, Derived Base=176km (display base; JS adds current SS)
INFO - 2025-12-01 12:02:43 --> Expansion date 2025-12-07: DB Total=0km, Saved SS=0km, Derived Base=0km (display base; JS adds current SS)
INFO - 2025-12-01 12:02:43 --> Expansion date 2025-12-07: DB Total=0km, Saved SS=0km, Derived Base=0km (display base; JS adds current SS)
INFO - 2025-12-01 12:02:43 --> Expansion date 2025-12-07: DB Total=0km, Saved SS=0km, Derived Base=0km (display base; JS adds current SS)
INFO - 2025-12-01 12:02:43 --> Day 1 (date 2025-12-08): No defaults loaded
INFO - 2025-12-01 12:02:43 --> Expansion date 2025-12-08: DB Total=211km, Saved SS=0km, Derived Base=211km (display base; JS adds current SS)
INFO - 2025-12-01 12:02:43 --> Expansion date 2025-12-08: DB Total=211km, Saved SS=0km, Derived Base=211km (display base; JS adds current SS)
INFO - 2025-12-01 12:02:43 --> Expansion date 2025-12-08: DB Total=211km, Saved SS=0km, Derived Base=211km (display base; JS adds current SS)
DEBUG - 2025-12-01 12:02:47 --> Session: Class initialized using 'CodeIgniter\Session\Handlers\FileHandler' driver.
DEBUG - 2025-12-01 12:02:47 --> Session: Class initialized using 'CodeIgniter\Session\Handlers\FileHandler' driver.
INFO - 2025-12-01 12:02:47 --> Expansion date 2025-12-06: DB Total=176km, Saved SS=0km, Derived Base=176km (display base; JS adds current SS)
INFO - 2025-12-01 12:02:47 --> Expansion date 2025-12-06: DB Total=176km, Saved SS=0km, Derived Base=176km (display base; JS adds current SS)
INFO - 2025-12-01 12:02:47 --> Expansion date 2025-12-06: DB Total=176km, Saved SS=0km, Derived Base=176km (display base; JS adds current SS)
INFO - 2025-12-01 12:02:47 --> Expansion date 2025-12-07: DB Total=0km, Saved SS=90km, Derived Base=0km (display base; JS adds current SS)
INFO - 2025-12-01 12:02:47 --> Expansion date 2025-12-07: DB Total=0km, Saved SS=90km, Derived Base=0km (display base; JS adds current SS)
INFO - 2025-12-01 12:02:47 --> Expansion date 2025-12-07: DB Total=0km, Saved SS=90km, Derived Base=0km (display base; JS adds current SS)
INFO - 2025-12-01 12:02:47 --> Expansion date 2025-12-08: DB Total=211km, Saved SS=0km, Derived Base=211km (display base; JS adds current SS)
INFO - 2025-12-01 12:02:47 --> Expansion date 2025-12-08: DB Total=211km, Saved SS=0km, Derived Base=211km (display base; JS adds current SS)
INFO - 2025-12-01 12:02:47 --> Expansion date 2025-12-08: DB Total=211km, Saved SS=0km, Derived Base=211km (display base; JS adds current SS)
INFO - 2025-12-01 12:02:47 --> Itinerary expansion date 2025-12-06: Derived Base=266km (no SS added)
INFO - 2025-12-01 12:02:47 --> Itinerary expansion date 2025-12-06: Derived Base=266km (no SS added)
INFO - 2025-12-01 12:02:47 --> Itinerary expansion date 2025-12-06: Derived Base=266km (no SS added)
INFO - 2025-12-01 12:02:47 --> Itinerary expansion date 2025-12-07: Derived Base=250km (no SS added)
INFO - 2025-12-01 12:02:47 --> Itinerary expansion date 2025-12-07: Derived Base=250km (no SS added)
INFO - 2025-12-01 12:02:47 --> Itinerary expansion date 2025-12-07: Derived Base=250km (no SS added)
INFO - 2025-12-01 12:02:47 --> Itinerary expansion date 2025-12-08: Derived Base=175km (no SS added)
INFO - 2025-12-01 12:02:47 --> Itinerary expansion date 2025-12-08: Derived Base=175km (no SS added)
INFO - 2025-12-01 12:02:47 --> Itinerary expansion date 2025-12-08: Derived Base=175km (no SS added)
DEBUG - 2025-12-01 12:02:53 --> Session: Class initialized using 'CodeIgniter\Session\Handlers\FileHandler' driver.
DEBUG - 2025-12-01 12:02:53 --> Session: Class initialized using 'CodeIgniter\Session\Handlers\FileHandler' driver.
DEBUG - 2025-12-01 12:02:53 --> Session: Class initialized using 'CodeIgniter\Session\Handlers\FileHandler' driver.
DEBUG - 2025-12-01 12:03:00 --> Session: Class initialized using 'CodeIgniter\Session\Handlers\FileHandler' driver.
DEBUG - 2025-12-01 12:03:00 --> Session: Class initialized using 'CodeIgniter\Session\Handlers\FileHandler' driver.
DEBUG - 2025-12-01 12:03:07 --> Session: Class initialized using 'CodeIgniter\Session\Handlers\FileHandler' driver.
DEBUG - 2025-12-01 12:03:08 --> Session: Class initialized using 'CodeIgniter\Session\Handlers\FileHandler' driver.
DEBUG - 2025-12-01 12:03:09 --> Session: Class initialized using 'CodeIgniter\Session\Handlers\FileHandler' driver.
DEBUG - 2025-12-01 12:03:09 --> Session: Class initialized using 'CodeIgniter\Session\Handlers\FileHandler' driver.
DEBUG - 2025-12-01 12:03:10 --> Session: Class initialized using 'CodeIgniter\Session\Handlers\FileHandler' driver.
DEBUG - 2025-12-01 12:03:10 --> Session: Class initialized using 'CodeIgniter\Session\Handlers\FileHandler' driver.
DEBUG - 2025-12-01 12:03:13 --> Session: Class initialized using 'CodeIgniter\Session\Handlers\FileHandler' driver.
DEBUG - 2025-12-01 12:03:13 --> Session: Class initialized using 'CodeIgniter\Session\Handlers\FileHandler' driver.
DEBUG - 2025-12-01 12:03:24 --> Session: Class initialized using 'CodeIgniter\Session\Handlers\FileHandler' driver.
INFO - 2025-12-01 17:33:24 --> Expansion date 2025-12-06: DB Total=176km, Saved SS=90km, Derived Base=86km (display base; JS adds current SS)
INFO - 2025-12-01 17:33:24 --> Expansion date 2025-12-06: DB Total=176km, Saved SS=90km, Derived Base=86km (display base; JS adds current SS)
INFO - 2025-12-01 17:33:24 --> Expansion date 2025-12-06: DB Total=176km, Saved SS=90km, Derived Base=86km (display base; JS adds current SS)
INFO - 2025-12-01 17:33:24 --> Expansion date 2025-12-07: DB Total=0km, Saved SS=340km, Derived Base=0km (display base; JS adds current SS)
INFO - 2025-12-01 17:33:24 --> Expansion date 2025-12-07: DB Total=0km, Saved SS=340km, Derived Base=0km (display base; JS adds current SS)
INFO - 2025-12-01 17:33:24 --> Expansion date 2025-12-07: DB Total=0km, Saved SS=340km, Derived Base=0km (display base; JS adds current SS)
INFO - 2025-12-01 17:33:24 --> Expansion date 2025-12-08: DB Total=211km, Saved SS=0km, Derived Base=211km (display base; JS adds current SS)
INFO - 2025-12-01 17:33:24 --> Expansion date 2025-12-08: DB Total=211km, Saved SS=0km, Derived Base=211km (display base; JS adds current SS)
INFO - 2025-12-01 17:33:24 --> Expansion date 2025-12-08: DB Total=211km, Saved SS=0km, Derived Base=211km (display base; JS adds current SS)
INFO - 2025-12-01 17:33:24 --> Itinerary expansion date 2025-12-06: Derived Base=176km (no SS added)
INFO - 2025-12-01 17:33:24 --> Itinerary expansion date 2025-12-06: Derived Base=176km (no SS added)
INFO - 2025-12-01 17:33:24 --> Itinerary expansion date 2025-12-06: Derived Base=176km (no SS added)
INFO - 2025-12-01 17:33:24 --> Itinerary expansion date 2025-12-07: Derived Base=0km (no SS added)
INFO - 2025-12-01 17:33:24 --> Itinerary expansion date 2025-12-07: Derived Base=0km (no SS added)
INFO - 2025-12-01 17:33:24 --> Itinerary expansion date 2025-12-07: Derived Base=0km (no SS added)
INFO - 2025-12-01 17:33:24 --> Itinerary expansion date 2025-12-08: Derived Base=175km (no SS added)
INFO - 2025-12-01 17:33:24 --> Itinerary expansion date 2025-12-08: Derived Base=175km (no SS added)
INFO - 2025-12-01 17:33:24 --> Itinerary expansion date 2025-12-08: Derived Base=175km (no SS added)
DEBUG - 2025-12-01 12:03:34 --> Session: Class initialized using 'CodeIgniter\Session\Handlers\FileHandler' driver.
DEBUG - 2025-12-01 12:03:34 --> Session: Class initialized using 'CodeIgniter\Session\Handlers\FileHandler' driver.
DEBUG - 2025-12-01 12:03:36 --> Session: Class initialized using 'CodeIgniter\Session\Handlers\FileHandler' driver.
INFO - 2025-12-01 12:03:36 --> Expansion date 2025-12-06: DB Total=176km, Saved SS=90km, Derived Base=86km (display base; JS adds current SS)
INFO - 2025-12-01 12:03:36 --> Expansion date 2025-12-06: DB Total=176km, Saved SS=90km, Derived Base=86km (display base; JS adds current SS)
INFO - 2025-12-01 12:03:36 --> Expansion date 2025-12-06: DB Total=176km, Saved SS=90km, Derived Base=86km (display base; JS adds current SS)
INFO - 2025-12-01 12:03:36 --> Expansion date 2025-12-07: DB Total=0km, Saved SS=340km, Derived Base=0km (display base; JS adds current SS)
INFO - 2025-12-01 12:03:36 --> Expansion date 2025-12-07: DB Total=0km, Saved SS=340km, Derived Base=0km (display base; JS adds current SS)
INFO - 2025-12-01 12:03:36 --> Expansion date 2025-12-07: DB Total=0km, Saved SS=340km, Derived Base=0km (display base; JS adds current SS)
INFO - 2025-12-01 12:03:36 --> Expansion date 2025-12-08: DB Total=211km, Saved SS=0km, Derived Base=211km (display base; JS adds current SS)
INFO - 2025-12-01 12:03:36 --> Expansion date 2025-12-08: DB Total=211km, Saved SS=0km, Derived Base=211km (display base; JS adds current SS)
INFO - 2025-12-01 12:03:36 --> Expansion date 2025-12-08: DB Total=211km, Saved SS=0km, Derived Base=211km (display base; JS adds current SS)
INFO - 2025-12-01 12:03:36 --> Itinerary expansion date 2025-12-06: Derived Base=176km (no SS added)
INFO - 2025-12-01 12:03:36 --> Itinerary expansion date 2025-12-06: Derived Base=176km (no SS added)
INFO - 2025-12-01 12:03:36 --> Itinerary expansion date 2025-12-06: Derived Base=176km (no SS added)
INFO - 2025-12-01 12:03:36 --> Itinerary expansion date 2025-12-07: Derived Base=0km (no SS added)
INFO - 2025-12-01 12:03:36 --> Itinerary expansion date 2025-12-07: Derived Base=0km (no SS added)
INFO - 2025-12-01 12:03:36 --> Itinerary expansion date 2025-12-07: Derived Base=0km (no SS added)
INFO - 2025-12-01 12:03:36 --> Itinerary expansion date 2025-12-08: Derived Base=175km (no SS added)
INFO - 2025-12-01 12:03:36 --> Itinerary expansion date 2025-12-08: Derived Base=175km (no SS added)
INFO - 2025-12-01 12:03:36 --> Itinerary expansion date 2025-12-08: Derived Base=175km (no SS added)
DEBUG - 2025-12-01 12:03:57 --> Session: Class initialized using 'CodeIgniter\Session\Handlers\FileHandler' driver.
DEBUG - 2025-12-01 12:03:57 --> Session: Class initialized using 'CodeIgniter\Session\Handlers\FileHandler' driver.
DEBUG - 2025-12-01 12:04:01 --> Session: Class initialized using 'CodeIgniter\Session\Handlers\FileHandler' driver.
INFO - 2025-12-01 12:04:01 --> Expansion date 2025-12-06: DB Total=176km, Saved SS=90km, Derived Base=86km (display base; JS adds current SS)
INFO - 2025-12-01 12:04:01 --> Expansion date 2025-12-06: DB Total=176km, Saved SS=90km, Derived Base=86km (display base; JS adds current SS)
INFO - 2025-12-01 12:04:01 --> Expansion date 2025-12-06: DB Total=176km, Saved SS=90km, Derived Base=86km (display base; JS adds current SS)
INFO - 2025-12-01 12:04:01 --> Expansion date 2025-12-07: DB Total=0km, Saved SS=340km, Derived Base=0km (display base; JS adds current SS)
INFO - 2025-12-01 12:04:01 --> Expansion date 2025-12-07: DB Total=0km, Saved SS=340km, Derived Base=0km (display base; JS adds current SS)
INFO - 2025-12-01 12:04:01 --> Expansion date 2025-12-07: DB Total=0km, Saved SS=340km, Derived Base=0km (display base; JS adds current SS)
INFO - 2025-12-01 12:04:01 --> Expansion date 2025-12-08: DB Total=211km, Saved SS=0km, Derived Base=211km (display base; JS adds current SS)
INFO - 2025-12-01 12:04:01 --> Expansion date 2025-12-08: DB Total=211km, Saved SS=0km, Derived Base=211km (display base; JS adds current SS)
INFO - 2025-12-01 12:04:01 --> Expansion date 2025-12-08: DB Total=211km, Saved SS=0km, Derived Base=211km (display base; JS adds current SS)
INFO - 2025-12-01 12:04:01 --> Itinerary expansion date 2025-12-06: Derived Base=176km (no SS added)
INFO - 2025-12-01 12:04:01 --> Itinerary expansion date 2025-12-06: Derived Base=176km (no SS added)
INFO - 2025-12-01 12:04:01 --> Itinerary expansion date 2025-12-06: Derived Base=176km (no SS added)
INFO - 2025-12-01 12:04:01 --> Itinerary expansion date 2025-12-07: Derived Base=0km (no SS added)
INFO - 2025-12-01 12:04:01 --> Itinerary expansion date 2025-12-07: Derived Base=0km (no SS added)
INFO - 2025-12-01 12:04:01 --> Itinerary expansion date 2025-12-07: Derived Base=0km (no SS added)
INFO - 2025-12-01 12:04:01 --> Itinerary expansion date 2025-12-08: Derived Base=175km (no SS added)
INFO - 2025-12-01 12:04:01 --> Itinerary expansion date 2025-12-08: Derived Base=175km (no SS added)
INFO - 2025-12-01 12:04:01 --> Itinerary expansion date 2025-12-08: Derived Base=175km (no SS added)
DEBUG - 2025-12-01 12:04:10 --> Session: Class initialized using 'CodeIgniter\Session\Handlers\FileHandler' driver.
DEBUG - 2025-12-01 12:04:10 --> Session: Class initialized using 'CodeIgniter\Session\Handlers\FileHandler' driver.
DEBUG - 2025-12-01 12:04:14 --> Session: Class initialized using 'CodeIgniter\Session\Handlers\FileHandler' driver.
INFO - 2025-12-01 12:04:14 --> getLocationDescription(16) returned: 1 rows
INFO - 2025-12-01 12:04:14 --> getMultipleSightseeingWithPax returned: 1 rows for IDs: 91
INFO - 2025-12-01 12:04:14 --> getLocationDescription(9) returned: 1 rows
INFO - 2025-12-01 12:04:14 --> getLocationDescription(9) returned: 1 rows
DEBUG - 2025-12-01 12:04:18 --> Session: Class initialized using 'CodeIgniter\Session\Handlers\FileHandler' driver.
DEBUG - 2025-12-01 12:04:18 --> Session: Class initialized using 'CodeIgniter\Session\Handlers\FileHandler' driver.
DEBUG - 2025-12-01 12:04:21 --> Session: Class initialized using 'CodeIgniter\Session\Handlers\FileHandler' driver.
DEBUG - 2025-12-01 12:04:21 --> Session: Class initialized using 'CodeIgniter\Session\Handlers\FileHandler' driver.
DEBUG - 2025-12-01 12:04:41 --> Session: Class initialized using 'CodeIgniter\Session\Handlers\FileHandler' driver.
INFO - 2025-12-01 12:04:41 --> Expansion date 2025-12-06: DB Total=176km, Saved SS=90km, Derived Base=86km (display base; JS adds current SS)
INFO - 2025-12-01 12:04:41 --> Expansion date 2025-12-06: DB Total=176km, Saved SS=90km, Derived Base=86km (display base; JS adds current SS)
INFO - 2025-12-01 12:04:41 --> Expansion date 2025-12-06: DB Total=176km, Saved SS=90km, Derived Base=86km (display base; JS adds current SS)
INFO - 2025-12-01 12:04:41 --> Expansion date 2025-12-07: DB Total=0km, Saved SS=340km, Derived Base=0km (display base; JS adds current SS)
INFO - 2025-12-01 12:04:41 --> Expansion date 2025-12-07: DB Total=0km, Saved SS=340km, Derived Base=0km (display base; JS adds current SS)
INFO - 2025-12-01 12:04:41 --> Expansion date 2025-12-07: DB Total=0km, Saved SS=340km, Derived Base=0km (display base; JS adds current SS)
INFO - 2025-12-01 12:04:41 --> Expansion date 2025-12-08: DB Total=211km, Saved SS=0km, Derived Base=211km (display base; JS adds current SS)
INFO - 2025-12-01 12:04:41 --> Expansion date 2025-12-08: DB Total=211km, Saved SS=0km, Derived Base=211km (display base; JS adds current SS)
INFO - 2025-12-01 12:04:41 --> Expansion date 2025-12-08: DB Total=211km, Saved SS=0km, Derived Base=211km (display base; JS adds current SS)
INFO - 2025-12-01 12:04:41 --> Itinerary expansion date 2025-12-06: Derived Base=176km (no SS added)
INFO - 2025-12-01 12:04:41 --> Itinerary expansion date 2025-12-06: Derived Base=176km (no SS added)
INFO - 2025-12-01 12:04:41 --> Itinerary expansion date 2025-12-06: Derived Base=176km (no SS added)
INFO - 2025-12-01 12:04:41 --> Itinerary expansion date 2025-12-07: Derived Base=0km (no SS added)
INFO - 2025-12-01 12:04:41 --> Itinerary expansion date 2025-12-07: Derived Base=0km (no SS added)
INFO - 2025-12-01 12:04:41 --> Itinerary expansion date 2025-12-07: Derived Base=0km (no SS added)
INFO - 2025-12-01 12:04:41 --> Itinerary expansion date 2025-12-08: Derived Base=175km (no SS added)
INFO - 2025-12-01 12:04:41 --> Itinerary expansion date 2025-12-08: Derived Base=175km (no SS added)
INFO - 2025-12-01 12:04:41 --> Itinerary expansion date 2025-12-08: Derived Base=175km (no SS added)
DEBUG - 2025-12-01 12:04:43 --> Session: Class initialized using 'CodeIgniter\Session\Handlers\FileHandler' driver.
DEBUG - 2025-12-01 12:04:43 --> Session: Class initialized using 'CodeIgniter\Session\Handlers\FileHandler' driver.
DEBUG - 2025-12-01 12:04:44 --> Session: Class initialized using 'CodeIgniter\Session\Handlers\FileHandler' driver.
DEBUG - 2025-12-01 12:04:46 --> Session: Class initialized using 'CodeIgniter\Session\Handlers\FileHandler' driver.
DEBUG - 2025-12-01 12:04:46 --> Session: Class initialized using 'CodeIgniter\Session\Handlers\FileHandler' driver.
DEBUG - 2025-12-01 12:04:46 --> Session: Class initialized using 'CodeIgniter\Session\Handlers\FileHandler' driver.
DEBUG - 2025-12-01 12:04:47 --> Session: Class initialized using 'CodeIgniter\Session\Handlers\FileHandler' driver.
DEBUG - 2025-12-01 12:04:47 --> Session: Class initialized using 'CodeIgniter\Session\Handlers\FileHandler' driver.
DEBUG - 2025-12-01 12:04:54 --> Session: Class initialized using 'CodeIgniter\Session\Handlers\FileHandler' driver.
DEBUG - 2025-12-01 12:04:54 --> Session: Class initialized using 'CodeIgniter\Session\Handlers\FileHandler' driver.
DEBUG - 2025-12-01 12:04:56 --> Session: Class initialized using 'CodeIgniter\Session\Handlers\FileHandler' driver.
DEBUG - 2025-12-01 12:04:57 --> Session: Class initialized using 'CodeIgniter\Session\Handlers\FileHandler' driver.
DEBUG - 2025-12-01 12:04:57 --> Session: Class initialized using 'CodeIgniter\Session\Handlers\FileHandler' driver.
DEBUG - 2025-12-01 12:04:57 --> Session: Class initialized using 'CodeIgniter\Session\Handlers\FileHandler' driver.
DEBUG - 2025-12-01 12:04:58 --> Session: Class initialized using 'CodeIgniter\Session\Handlers\FileHandler' driver.
DEBUG - 2025-12-01 12:04:58 --> Session: Class initialized using 'CodeIgniter\Session\Handlers\FileHandler' driver.
DEBUG - 2025-12-01 12:05:03 --> Session: Class initialized using 'CodeIgniter\Session\Handlers\FileHandler' driver.
DEBUG - 2025-12-01 12:05:03 --> Session: Class initialized using 'CodeIgniter\Session\Handlers\FileHandler' driver.
DEBUG - 2025-12-01 12:05:42 --> Session: Class initialized using 'CodeIgniter\Session\Handlers\FileHandler' driver.
DEBUG - 2025-12-01 12:05:44 --> Session: Class initialized using 'CodeIgniter\Session\Handlers\FileHandler' driver.
DEBUG - 2025-12-01 12:05:44 --> Session: Class initialized using 'CodeIgniter\Session\Handlers\FileHandler' driver.
DEBUG - 2025-12-01 12:05:44 --> Session: Class initialized using 'CodeIgniter\Session\Handlers\FileHandler' driver.
DEBUG - 2025-12-01 12:05:45 --> Session: Class initialized using 'CodeIgniter\Session\Handlers\FileHandler' driver.
DEBUG - 2025-12-01 12:05:45 --> Session: Class initialized using 'CodeIgniter\Session\Handlers\FileHandler' driver.
DEBUG - 2025-12-01 12:05:50 --> Session: Class initialized using 'CodeIgniter\Session\Handlers\FileHandler' driver.
DEBUG - 2025-12-01 12:05:52 --> Session: Class initialized using 'CodeIgniter\Session\Handlers\FileHandler' driver.
DEBUG - 2025-12-01 12:05:52 --> Session: Class initialized using 'CodeIgniter\Session\Handlers\FileHandler' driver.
DEBUG - 2025-12-01 12:05:52 --> Session: Class initialized using 'CodeIgniter\Session\Handlers\FileHandler' driver.
DEBUG - 2025-12-01 12:05:52 --> Session: Class initialized using 'CodeIgniter\Session\Handlers\FileHandler' driver.
DEBUG - 2025-12-01 12:05:58 --> Session: Class initialized using 'CodeIgniter\Session\Handlers\FileHandler' driver.
DEBUG - 2025-12-01 12:05:58 --> Session: Class initialized using 'CodeIgniter\Session\Handlers\FileHandler' driver.
DEBUG - 2025-12-01 12:06:00 --> Session: Class initialized using 'CodeIgniter\Session\Handlers\FileHandler' driver.
INFO - 2025-12-01 12:06:00 --> Day 1 (date 2025-12-06): No defaults loaded
INFO - 2025-12-01 12:06:00 --> Loaded default SS for Day 2 (date 2025-12-07): 1 items
INFO - 2025-12-01 12:06:00 --> Expansion date 2025-12-06: DB Total=176km, Saved SS=0km, Derived Base=176km (display base; JS adds current SS)
INFO - 2025-12-01 12:06:00 --> Expansion date 2025-12-06: DB Total=176km, Saved SS=0km, Derived Base=176km (display base; JS adds current SS)
INFO - 2025-12-01 12:06:00 --> Expansion date 2025-12-06: DB Total=176km, Saved SS=0km, Derived Base=176km (display base; JS adds current SS)
INFO - 2025-12-01 12:06:00 --> Expansion date 2025-12-07: DB Total=0km, Saved SS=0km, Derived Base=0km (display base; JS adds current SS)
INFO - 2025-12-01 12:06:00 --> Expansion date 2025-12-07: DB Total=0km, Saved SS=0km, Derived Base=0km (display base; JS adds current SS)
INFO - 2025-12-01 12:06:00 --> Expansion date 2025-12-07: DB Total=0km, Saved SS=0km, Derived Base=0km (display base; JS adds current SS)
INFO - 2025-12-01 12:06:00 --> Day 1 (date 2025-12-08): No defaults loaded
INFO - 2025-12-01 12:06:00 --> Expansion date 2025-12-08: DB Total=211km, Saved SS=0km, Derived Base=211km (display base; JS adds current SS)
INFO - 2025-12-01 12:06:00 --> Expansion date 2025-12-08: DB Total=211km, Saved SS=0km, Derived Base=211km (display base; JS adds current SS)
INFO - 2025-12-01 12:06:00 --> Expansion date 2025-12-08: DB Total=211km, Saved SS=0km, Derived Base=211km (display base; JS adds current SS)
DEBUG - 2025-12-01 12:06:05 --> Session: Class initialized using 'CodeIgniter\Session\Handlers\FileHandler' driver.
DEBUG - 2025-12-01 12:06:06 --> Session: Class initialized using 'CodeIgniter\Session\Handlers\FileHandler' driver.
INFO - 2025-12-01 12:06:06 --> Expansion date 2025-12-06: DB Total=176km, Saved SS=0km, Derived Base=176km (display base; JS adds current SS)
INFO - 2025-12-01 12:06:06 --> Expansion date 2025-12-06: DB Total=176km, Saved SS=0km, Derived Base=176km (display base; JS adds current SS)
INFO - 2025-12-01 12:06:06 --> Expansion date 2025-12-06: DB Total=176km, Saved SS=0km, Derived Base=176km (display base; JS adds current SS)
INFO - 2025-12-01 12:06:06 --> Expansion date 2025-12-07: DB Total=0km, Saved SS=90km, Derived Base=0km (display base; JS adds current SS)
INFO - 2025-12-01 12:06:06 --> Expansion date 2025-12-07: DB Total=0km, Saved SS=90km, Derived Base=0km (display base; JS adds current SS)
INFO - 2025-12-01 12:06:06 --> Expansion date 2025-12-07: DB Total=0km, Saved SS=90km, Derived Base=0km (display base; JS adds current SS)
INFO - 2025-12-01 12:06:06 --> Expansion date 2025-12-08: DB Total=211km, Saved SS=0km, Derived Base=211km (display base; JS adds current SS)
INFO - 2025-12-01 12:06:06 --> Expansion date 2025-12-08: DB Total=211km, Saved SS=0km, Derived Base=211km (display base; JS adds current SS)
INFO - 2025-12-01 12:06:06 --> Expansion date 2025-12-08: DB Total=211km, Saved SS=0km, Derived Base=211km (display base; JS adds current SS)
INFO - 2025-12-01 12:06:06 --> Itinerary expansion date 2025-12-06: Derived Base=176km (no SS added)
INFO - 2025-12-01 12:06:06 --> Itinerary expansion date 2025-12-06: Derived Base=176km (no SS added)
INFO - 2025-12-01 12:06:06 --> Itinerary expansion date 2025-12-06: Derived Base=176km (no SS added)
INFO - 2025-12-01 12:06:06 --> Itinerary expansion date 2025-12-07: Derived Base=0km (no SS added)
INFO - 2025-12-01 12:06:06 --> Itinerary expansion date 2025-12-07: Derived Base=0km (no SS added)
INFO - 2025-12-01 12:06:06 --> Itinerary expansion date 2025-12-07: Derived Base=0km (no SS added)
INFO - 2025-12-01 12:06:06 --> Itinerary expansion date 2025-12-08: Derived Base=211km (no SS added)
INFO - 2025-12-01 12:06:06 --> Itinerary expansion date 2025-12-08: Derived Base=211km (no SS added)
INFO - 2025-12-01 12:06:06 --> Itinerary expansion date 2025-12-08: Derived Base=211km (no SS added)
DEBUG - 2025-12-01 12:06:35 --> Session: Class initialized using 'CodeIgniter\Session\Handlers\FileHandler' driver.
DEBUG - 2025-12-01 12:06:37 --> Session: Class initialized using 'CodeIgniter\Session\Handlers\FileHandler' driver.
INFO - 2025-12-01 12:06:37 --> Expansion date 2025-12-06: DB Total=176km, Saved SS=0km, Derived Base=176km (display base; JS adds current SS)
INFO - 2025-12-01 12:06:37 --> Expansion date 2025-12-06: DB Total=176km, Saved SS=0km, Derived Base=176km (display base; JS adds current SS)
INFO - 2025-12-01 12:06:37 --> Expansion date 2025-12-06: DB Total=176km, Saved SS=0km, Derived Base=176km (display base; JS adds current SS)
INFO - 2025-12-01 12:06:37 --> Expansion date 2025-12-07: DB Total=0km, Saved SS=90km, Derived Base=0km (display base; JS adds current SS)
INFO - 2025-12-01 12:06:37 --> Expansion date 2025-12-07: DB Total=0km, Saved SS=90km, Derived Base=0km (display base; JS adds current SS)
INFO - 2025-12-01 12:06:37 --> Expansion date 2025-12-07: DB Total=0km, Saved SS=90km, Derived Base=0km (display base; JS adds current SS)
INFO - 2025-12-01 12:06:37 --> Expansion date 2025-12-08: DB Total=211km, Saved SS=0km, Derived Base=211km (display base; JS adds current SS)
INFO - 2025-12-01 12:06:37 --> Expansion date 2025-12-08: DB Total=211km, Saved SS=0km, Derived Base=211km (display base; JS adds current SS)
INFO - 2025-12-01 12:06:37 --> Expansion date 2025-12-08: DB Total=211km, Saved SS=0km, Derived Base=211km (display base; JS adds current SS)
INFO - 2025-12-01 12:06:37 --> Itinerary expansion date 2025-12-06: Derived Base=176km (no SS added)
INFO - 2025-12-01 12:06:37 --> Itinerary expansion date 2025-12-06: Derived Base=176km (no SS added)
INFO - 2025-12-01 12:06:37 --> Itinerary expansion date 2025-12-06: Derived Base=176km (no SS added)
INFO - 2025-12-01 12:06:37 --> Itinerary expansion date 2025-12-07: Derived Base=0km (no SS added)
INFO - 2025-12-01 12:06:37 --> Itinerary expansion date 2025-12-07: Derived Base=0km (no SS added)
INFO - 2025-12-01 12:06:37 --> Itinerary expansion date 2025-12-07: Derived Base=0km (no SS added)
INFO - 2025-12-01 12:06:37 --> Itinerary expansion date 2025-12-08: Derived Base=211km (no SS added)
INFO - 2025-12-01 12:06:37 --> Itinerary expansion date 2025-12-08: Derived Base=211km (no SS added)
INFO - 2025-12-01 12:06:37 --> Itinerary expansion date 2025-12-08: Derived Base=211km (no SS added)
DEBUG - 2025-12-01 12:06:50 --> Session: Class initialized using 'CodeIgniter\Session\Handlers\FileHandler' driver.
DEBUG - 2025-12-01 12:06:50 --> Session: Class initialized using 'CodeIgniter\Session\Handlers\FileHandler' driver.
DEBUG - 2025-12-01 12:06:50 --> Session: Class initialized using 'CodeIgniter\Session\Handlers\FileHandler' driver.
DEBUG - 2025-12-01 12:07:02 --> Session: Class initialized using 'CodeIgniter\Session\Handlers\FileHandler' driver.
DEBUG - 2025-12-01 12:07:02 --> Session: Class initialized using 'CodeIgniter\Session\Handlers\FileHandler' driver.
DEBUG - 2025-12-01 12:07:08 --> Session: Class initialized using 'CodeIgniter\Session\Handlers\FileHandler' driver.
DEBUG - 2025-12-01 12:07:09 --> Session: Class initialized using 'CodeIgniter\Session\Handlers\FileHandler' driver.
DEBUG - 2025-12-01 12:07:11 --> Session: Class initialized using 'CodeIgniter\Session\Handlers\FileHandler' driver.
DEBUG - 2025-12-01 12:07:12 --> Session: Class initialized using 'CodeIgniter\Session\Handlers\FileHandler' driver.
DEBUG - 2025-12-01 12:07:12 --> Session: Class initialized using 'CodeIgniter\Session\Handlers\FileHandler' driver.
DEBUG - 2025-12-01 12:07:13 --> Session: Class initialized using 'CodeIgniter\Session\Handlers\FileHandler' driver.
DEBUG - 2025-12-01 12:07:13 --> Session: Class initialized using 'CodeIgniter\Session\Handlers\FileHandler' driver.
DEBUG - 2025-12-01 12:07:14 --> Session: Class initialized using 'CodeIgniter\Session\Handlers\FileHandler' driver.
DEBUG - 2025-12-01 12:07:18 --> Session: Class initialized using 'CodeIgniter\Session\Handlers\FileHandler' driver.
DEBUG - 2025-12-01 12:07:18 --> Session: Class initialized using 'CodeIgniter\Session\Handlers\FileHandler' driver.
DEBUG - 2025-12-01 12:07:20 --> Session: Class initialized using 'CodeIgniter\Session\Handlers\FileHandler' driver.
DEBUG - 2025-12-01 12:07:23 --> Session: Class initialized using 'CodeIgniter\Session\Handlers\FileHandler' driver.
DEBUG - 2025-12-01 12:07:23 --> Session: Class initialized using 'CodeIgniter\Session\Handlers\FileHandler' driver.
DEBUG - 2025-12-01 12:07:23 --> Session: Class initialized using 'CodeIgniter\Session\Handlers\FileHandler' driver.
DEBUG - 2025-12-01 12:07:24 --> Session: Class initialized using 'CodeIgniter\Session\Handlers\FileHandler' driver.
DEBUG - 2025-12-01 12:07:24 --> Session: Class initialized using 'CodeIgniter\Session\Handlers\FileHandler' driver.
DEBUG - 2025-12-01 12:07:29 --> Session: Class initialized using 'CodeIgniter\Session\Handlers\FileHandler' driver.
DEBUG - 2025-12-01 12:07:29 --> Session: Class initialized using 'CodeIgniter\Session\Handlers\FileHandler' driver.
DEBUG - 2025-12-01 12:20:05 --> Session: Class initialized using 'CodeIgniter\Session\Handlers\FileHandler' driver.
DEBUG - 2025-12-01 12:20:06 --> Session: Class initialized using 'CodeIgniter\Session\Handlers\FileHandler' driver.
DEBUG - 2025-12-01 12:20:08 --> Session: Class initialized using 'CodeIgniter\Session\Handlers\FileHandler' driver.
DEBUG - 2025-12-01 12:20:09 --> Session: Class initialized using 'CodeIgniter\Session\Handlers\FileHandler' driver.
DEBUG - 2025-12-01 12:20:09 --> Session: Class initialized using 'CodeIgniter\Session\Handlers\FileHandler' driver.
DEBUG - 2025-12-01 12:20:09 --> Session: Class initialized using 'CodeIgniter\Session\Handlers\FileHandler' driver.
DEBUG - 2025-12-01 12:20:10 --> Session: Class initialized using 'CodeIgniter\Session\Handlers\FileHandler' driver.
DEBUG - 2025-12-01 12:20:10 --> Session: Class initialized using 'CodeIgniter\Session\Handlers\FileHandler' driver.
DEBUG - 2025-12-01 12:20:16 --> Session: Class initialized using 'CodeIgniter\Session\Handlers\FileHandler' driver.
DEBUG - 2025-12-01 12:20:16 --> Session: Class initialized using 'CodeIgniter\Session\Handlers\FileHandler' driver.
DEBUG - 2025-12-01 12:20:19 --> Session: Class initialized using 'CodeIgniter\Session\Handlers\FileHandler' driver.
DEBUG - 2025-12-01 12:20:21 --> Session: Class initialized using 'CodeIgniter\Session\Handlers\FileHandler' driver.
DEBUG - 2025-12-01 12:20:21 --> Session: Class initialized using 'CodeIgniter\Session\Handlers\FileHandler' driver.
DEBUG - 2025-12-01 12:20:21 --> Session: Class initialized using 'CodeIgniter\Session\Handlers\FileHandler' driver.
DEBUG - 2025-12-01 12:20:22 --> Session: Class initialized using 'CodeIgniter\Session\Handlers\FileHandler' driver.
DEBUG - 2025-12-01 12:20:22 --> Session: Class initialized using 'CodeIgniter\Session\Handlers\FileHandler' driver.
DEBUG - 2025-12-01 12:20:32 --> Session: Class initialized using 'CodeIgniter\Session\Handlers\FileHandler' driver.
DEBUG - 2025-12-01 12:20:33 --> Session: Class initialized using 'CodeIgniter\Session\Handlers\FileHandler' driver.
DEBUG - 2025-12-01 12:20:47 --> Session: Class initialized using 'CodeIgniter\Session\Handlers\FileHandler' driver.
DEBUG - 2025-12-01 12:20:53 --> Session: Class initialized using 'CodeIgniter\Session\Handlers\FileHandler' driver.
DEBUG - 2025-12-01 12:20:53 --> Session: Class initialized using 'CodeIgniter\Session\Handlers\FileHandler' driver.
DEBUG - 2025-12-01 12:20:53 --> Session: Class initialized using 'CodeIgniter\Session\Handlers\FileHandler' driver.
DEBUG - 2025-12-01 12:20:54 --> Session: Class initialized using 'CodeIgniter\Session\Handlers\FileHandler' driver.
DEBUG - 2025-12-01 12:20:54 --> Session: Class initialized using 'CodeIgniter\Session\Handlers\FileHandler' driver.
DEBUG - 2025-12-01 12:21:06 --> Session: Class initialized using 'CodeIgniter\Session\Handlers\FileHandler' driver.
DEBUG - 2025-12-01 12:21:07 --> Session: Class initialized using 'CodeIgniter\Session\Handlers\FileHandler' driver.
DEBUG - 2025-12-01 12:21:42 --> Session: Class initialized using 'CodeIgniter\Session\Handlers\FileHandler' driver.
DEBUG - 2025-12-01 12:21:42 --> Session: Class initialized using 'CodeIgniter\Session\Handlers\FileHandler' driver.
DEBUG - 2025-12-01 12:22:34 --> Session: Class initialized using 'CodeIgniter\Session\Handlers\FileHandler' driver.
INFO - 2025-12-01 17:52:34 --> Expansion date 2025-12-06: DB Total=176km, Saved SS=0km, Derived Base=176km (display base; JS adds current SS)
INFO - 2025-12-01 17:52:34 --> Expansion date 2025-12-06: DB Total=176km, Saved SS=0km, Derived Base=176km (display base; JS adds current SS)
INFO - 2025-12-01 17:52:34 --> Expansion date 2025-12-06: DB Total=176km, Saved SS=0km, Derived Base=176km (display base; JS adds current SS)
INFO - 2025-12-01 17:52:34 --> Expansion date 2025-12-07: DB Total=0km, Saved SS=90km, Derived Base=0km (display base; JS adds current SS)
INFO - 2025-12-01 17:52:34 --> Expansion date 2025-12-07: DB Total=0km, Saved SS=90km, Derived Base=0km (display base; JS adds current SS)
INFO - 2025-12-01 17:52:34 --> Expansion date 2025-12-07: DB Total=0km, Saved SS=90km, Derived Base=0km (display base; JS adds current SS)
INFO - 2025-12-01 17:52:34 --> Expansion date 2025-12-08: DB Total=211km, Saved SS=0km, Derived Base=211km (display base; JS adds current SS)
INFO - 2025-12-01 17:52:34 --> Expansion date 2025-12-08: DB Total=211km, Saved SS=0km, Derived Base=211km (display base; JS adds current SS)
INFO - 2025-12-01 17:52:34 --> Expansion date 2025-12-08: DB Total=211km, Saved SS=0km, Derived Base=211km (display base; JS adds current SS)
INFO - 2025-12-01 17:52:34 --> Itinerary expansion date 2025-12-06: Derived Base=266km (no SS added)
INFO - 2025-12-01 17:52:34 --> Itinerary expansion date 2025-12-06: Derived Base=266km (no SS added)
INFO - 2025-12-01 17:52:34 --> Itinerary expansion date 2025-12-06: Derived Base=266km (no SS added)
INFO - 2025-12-01 17:52:34 --> Itinerary expansion date 2025-12-07: Derived Base=250km (no SS added)
INFO - 2025-12-01 17:52:34 --> Itinerary expansion date 2025-12-07: Derived Base=250km (no SS added)
INFO - 2025-12-01 17:52:34 --> Itinerary expansion date 2025-12-07: Derived Base=250km (no SS added)
INFO - 2025-12-01 17:52:34 --> Itinerary expansion date 2025-12-08: Derived Base=175km (no SS added)
INFO - 2025-12-01 17:52:34 --> Itinerary expansion date 2025-12-08: Derived Base=175km (no SS added)
INFO - 2025-12-01 17:52:34 --> Itinerary expansion date 2025-12-08: Derived Base=175km (no SS added)
DEBUG - 2025-12-01 12:22:47 --> Session: Class initialized using 'CodeIgniter\Session\Handlers\FileHandler' driver.
DEBUG - 2025-12-01 12:22:47 --> Session: Class initialized using 'CodeIgniter\Session\Handlers\FileHandler' driver.
DEBUG - 2025-12-01 12:22:48 --> Session: Class initialized using 'CodeIgniter\Session\Handlers\FileHandler' driver.
INFO - 2025-12-01 17:52:48 --> Expansion date 2025-12-06: DB Total=176km, Saved SS=90km, Derived Base=86km (display base; JS adds current SS)
INFO - 2025-12-01 17:52:48 --> Expansion date 2025-12-06: DB Total=176km, Saved SS=90km, Derived Base=86km (display base; JS adds current SS)
INFO - 2025-12-01 17:52:48 --> Expansion date 2025-12-06: DB Total=176km, Saved SS=90km, Derived Base=86km (display base; JS adds current SS)
INFO - 2025-12-01 17:52:48 --> Expansion date 2025-12-07: DB Total=0km, Saved SS=340km, Derived Base=0km (display base; JS adds current SS)
INFO - 2025-12-01 17:52:48 --> Expansion date 2025-12-07: DB Total=0km, Saved SS=340km, Derived Base=0km (display base; JS adds current SS)
INFO - 2025-12-01 17:52:48 --> Expansion date 2025-12-07: DB Total=0km, Saved SS=340km, Derived Base=0km (display base; JS adds current SS)
INFO - 2025-12-01 17:52:48 --> Expansion date 2025-12-08: DB Total=211km, Saved SS=0km, Derived Base=211km (display base; JS adds current SS)
INFO - 2025-12-01 17:52:48 --> Expansion date 2025-12-08: DB Total=211km, Saved SS=0km, Derived Base=211km (display base; JS adds current SS)
INFO - 2025-12-01 17:52:48 --> Expansion date 2025-12-08: DB Total=211km, Saved SS=0km, Derived Base=211km (display base; JS adds current SS)
INFO - 2025-12-01 17:52:48 --> Itinerary expansion date 2025-12-06: Derived Base=176km (no SS added)
INFO - 2025-12-01 17:52:48 --> Itinerary expansion date 2025-12-06: Derived Base=176km (no SS added)
INFO - 2025-12-01 17:52:48 --> Itinerary expansion date 2025-12-06: Derived Base=176km (no SS added)
INFO - 2025-12-01 17:52:48 --> Itinerary expansion date 2025-12-07: Derived Base=0km (no SS added)
INFO - 2025-12-01 17:52:48 --> Itinerary expansion date 2025-12-07: Derived Base=0km (no SS added)
INFO - 2025-12-01 17:52:48 --> Itinerary expansion date 2025-12-07: Derived Base=0km (no SS added)
INFO - 2025-12-01 17:52:48 --> Itinerary expansion date 2025-12-08: Derived Base=175km (no SS added)
INFO - 2025-12-01 17:52:48 --> Itinerary expansion date 2025-12-08: Derived Base=175km (no SS added)
INFO - 2025-12-01 17:52:48 --> Itinerary expansion date 2025-12-08: Derived Base=175km (no SS added)
DEBUG - 2025-12-01 12:22:53 --> Session: Class initialized using 'CodeIgniter\Session\Handlers\FileHandler' driver.
DEBUG - 2025-12-01 12:22:53 --> Session: Class initialized using 'CodeIgniter\Session\Handlers\FileHandler' driver.
DEBUG - 2025-12-01 12:22:55 --> Session: Class initialized using 'CodeIgniter\Session\Handlers\FileHandler' driver.
INFO - 2025-12-01 17:52:55 --> Expansion date 2025-12-06: DB Total=176km, Saved SS=0km, Derived Base=176km (display base; JS adds current SS)
INFO - 2025-12-01 17:52:55 --> Expansion date 2025-12-06: DB Total=176km, Saved SS=0km, Derived Base=176km (display base; JS adds current SS)
INFO - 2025-12-01 17:52:55 --> Expansion date 2025-12-06: DB Total=176km, Saved SS=0km, Derived Base=176km (display base; JS adds current SS)
INFO - 2025-12-01 17:52:55 --> Expansion date 2025-12-07: DB Total=0km, Saved SS=90km, Derived Base=0km (display base; JS adds current SS)
INFO - 2025-12-01 17:52:55 --> Expansion date 2025-12-07: DB Total=0km, Saved SS=90km, Derived Base=0km (display base; JS adds current SS)
INFO - 2025-12-01 17:52:55 --> Expansion date 2025-12-07: DB Total=0km, Saved SS=90km, Derived Base=0km (display base; JS adds current SS)
INFO - 2025-12-01 17:52:55 --> Expansion date 2025-12-08: DB Total=211km, Saved SS=0km, Derived Base=211km (display base; JS adds current SS)
INFO - 2025-12-01 17:52:55 --> Expansion date 2025-12-08: DB Total=211km, Saved SS=0km, Derived Base=211km (display base; JS adds current SS)
INFO - 2025-12-01 17:52:55 --> Expansion date 2025-12-08: DB Total=211km, Saved SS=0km, Derived Base=211km (display base; JS adds current SS)
INFO - 2025-12-01 17:52:55 --> Itinerary expansion date 2025-12-06: Derived Base=266km (no SS added)
INFO - 2025-12-01 17:52:55 --> Itinerary expansion date 2025-12-06: Derived Base=266km (no SS added)
INFO - 2025-12-01 17:52:55 --> Itinerary expansion date 2025-12-06: Derived Base=266km (no SS added)
INFO - 2025-12-01 17:52:55 --> Itinerary expansion date 2025-12-07: Derived Base=250km (no SS added)
INFO - 2025-12-01 17:52:55 --> Itinerary expansion date 2025-12-07: Derived Base=250km (no SS added)
INFO - 2025-12-01 17:52:55 --> Itinerary expansion date 2025-12-07: Derived Base=250km (no SS added)
INFO - 2025-12-01 17:52:55 --> Itinerary expansion date 2025-12-08: Derived Base=175km (no SS added)
INFO - 2025-12-01 17:52:55 --> Itinerary expansion date 2025-12-08: Derived Base=175km (no SS added)
INFO - 2025-12-01 17:52:55 --> Itinerary expansion date 2025-12-08: Derived Base=175km (no SS added)
DEBUG - 2025-12-01 12:23:01 --> Session: Class initialized using 'CodeIgniter\Session\Handlers\FileHandler' driver.
DEBUG - 2025-12-01 12:23:01 --> Session: Class initialized using 'CodeIgniter\Session\Handlers\FileHandler' driver.
DEBUG - 2025-12-01 12:23:03 --> Session: Class initialized using 'CodeIgniter\Session\Handlers\FileHandler' driver.
INFO - 2025-12-01 12:23:03 --> Expansion date 2025-12-06: DB Total=176km, Saved SS=0km, Derived Base=176km (display base; JS adds current SS)
INFO - 2025-12-01 12:23:03 --> Expansion date 2025-12-06: DB Total=176km, Saved SS=0km, Derived Base=176km (display base; JS adds current SS)
INFO - 2025-12-01 12:23:03 --> Expansion date 2025-12-06: DB Total=176km, Saved SS=0km, Derived Base=176km (display base; JS adds current SS)
INFO - 2025-12-01 12:23:03 --> Expansion date 2025-12-07: DB Total=0km, Saved SS=90km, Derived Base=0km (display base; JS adds current SS)
INFO - 2025-12-01 12:23:03 --> Expansion date 2025-12-07: DB Total=0km, Saved SS=90km, Derived Base=0km (display base; JS adds current SS)
INFO - 2025-12-01 12:23:03 --> Expansion date 2025-12-07: DB Total=0km, Saved SS=90km, Derived Base=0km (display base; JS adds current SS)
INFO - 2025-12-01 12:23:03 --> Expansion date 2025-12-08: DB Total=211km, Saved SS=0km, Derived Base=211km (display base; JS adds current SS)
INFO - 2025-12-01 12:23:03 --> Expansion date 2025-12-08: DB Total=211km, Saved SS=0km, Derived Base=211km (display base; JS adds current SS)
INFO - 2025-12-01 12:23:03 --> Expansion date 2025-12-08: DB Total=211km, Saved SS=0km, Derived Base=211km (display base; JS adds current SS)
INFO - 2025-12-01 12:23:03 --> Itinerary expansion date 2025-12-06: Derived Base=266km (no SS added)
INFO - 2025-12-01 12:23:03 --> Itinerary expansion date 2025-12-06: Derived Base=266km (no SS added)
INFO - 2025-12-01 12:23:03 --> Itinerary expansion date 2025-12-06: Derived Base=266km (no SS added)
INFO - 2025-12-01 12:23:03 --> Itinerary expansion date 2025-12-07: Derived Base=250km (no SS added)
INFO - 2025-12-01 12:23:03 --> Itinerary expansion date 2025-12-07: Derived Base=250km (no SS added)
INFO - 2025-12-01 12:23:03 --> Itinerary expansion date 2025-12-07: Derived Base=250km (no SS added)
INFO - 2025-12-01 12:23:03 --> Itinerary expansion date 2025-12-08: Derived Base=175km (no SS added)
INFO - 2025-12-01 12:23:03 --> Itinerary expansion date 2025-12-08: Derived Base=175km (no SS added)
INFO - 2025-12-01 12:23:03 --> Itinerary expansion date 2025-12-08: Derived Base=175km (no SS added)
DEBUG - 2025-12-01 12:23:06 --> Session: Class initialized using 'CodeIgniter\Session\Handlers\FileHandler' driver.
DEBUG - 2025-12-01 12:23:06 --> Session: Class initialized using 'CodeIgniter\Session\Handlers\FileHandler' driver.
DEBUG - 2025-12-01 12:23:07 --> Session: Class initialized using 'CodeIgniter\Session\Handlers\FileHandler' driver.
INFO - 2025-12-01 17:53:07 --> Expansion date 2025-12-06: DB Total=176km, Saved SS=90km, Derived Base=86km (display base; JS adds current SS)
INFO - 2025-12-01 17:53:07 --> Expansion date 2025-12-06: DB Total=176km, Saved SS=90km, Derived Base=86km (display base; JS adds current SS)
INFO - 2025-12-01 17:53:07 --> Expansion date 2025-12-06: DB Total=176km, Saved SS=90km, Derived Base=86km (display base; JS adds current SS)
INFO - 2025-12-01 17:53:07 --> Expansion date 2025-12-07: DB Total=0km, Saved SS=340km, Derived Base=0km (display base; JS adds current SS)
INFO - 2025-12-01 17:53:07 --> Expansion date 2025-12-07: DB Total=0km, Saved SS=340km, Derived Base=0km (display base; JS adds current SS)
INFO - 2025-12-01 17:53:07 --> Expansion date 2025-12-07: DB Total=0km, Saved SS=340km, Derived Base=0km (display base; JS adds current SS)
INFO - 2025-12-01 17:53:07 --> Expansion date 2025-12-08: DB Total=211km, Saved SS=0km, Derived Base=211km (display base; JS adds current SS)
INFO - 2025-12-01 17:53:07 --> Expansion date 2025-12-08: DB Total=211km, Saved SS=0km, Derived Base=211km (display base; JS adds current SS)
INFO - 2025-12-01 17:53:07 --> Expansion date 2025-12-08: DB Total=211km, Saved SS=0km, Derived Base=211km (display base; JS adds current SS)
INFO - 2025-12-01 17:53:07 --> Itinerary expansion date 2025-12-06: Derived Base=176km (no SS added)
INFO - 2025-12-01 17:53:07 --> Itinerary expansion date 2025-12-06: Derived Base=176km (no SS added)
INFO - 2025-12-01 17:53:07 --> Itinerary expansion date 2025-12-06: Derived Base=176km (no SS added)
INFO - 2025-12-01 17:53:07 --> Itinerary expansion date 2025-12-07: Derived Base=0km (no SS added)
INFO - 2025-12-01 17:53:07 --> Itinerary expansion date 2025-12-07: Derived Base=0km (no SS added)
INFO - 2025-12-01 17:53:07 --> Itinerary expansion date 2025-12-07: Derived Base=0km (no SS added)
INFO - 2025-12-01 17:53:07 --> Itinerary expansion date 2025-12-08: Derived Base=175km (no SS added)
INFO - 2025-12-01 17:53:07 --> Itinerary expansion date 2025-12-08: Derived Base=175km (no SS added)
INFO - 2025-12-01 17:53:07 --> Itinerary expansion date 2025-12-08: Derived Base=175km (no SS added)
DEBUG - 2025-12-01 12:23:15 --> Session: Class initialized using 'CodeIgniter\Session\Handlers\FileHandler' driver.
DEBUG - 2025-12-01 12:23:15 --> Session: Class initialized using 'CodeIgniter\Session\Handlers\FileHandler' driver.
DEBUG - 2025-12-01 12:26:21 --> Session: Class initialized using 'CodeIgniter\Session\Handlers\FileHandler' driver.
DEBUG - 2025-12-01 12:27:19 --> Session: Class initialized using 'CodeIgniter\Session\Handlers\FileHandler' driver.
DEBUG - 2025-12-01 12:27:25 --> Session: Class initialized using 'CodeIgniter\Session\Handlers\FileHandler' driver.
DEBUG - 2025-12-01 12:27:25 --> Session: Class initialized using 'CodeIgniter\Session\Handlers\FileHandler' driver.
DEBUG - 2025-12-01 15:58:18 --> Session: Class initialized using 'CodeIgniter\Session\Handlers\FileHandler' driver.
DEBUG - 2025-12-01 15:58:29 --> Session: Class initialized using 'CodeIgniter\Session\Handlers\FileHandler' driver.
DEBUG - 2025-12-01 15:58:29 --> Session: Class initialized using 'CodeIgniter\Session\Handlers\FileHandler' driver.
WARNING - 2025-12-01 15:58:29 --> [DEPRECATED] round(): Passing null to parameter #1 ($num) of type int|float is deprecated in APPPATH\Controllers\Dashboard.php on line 241.
 1 APPPATH\Controllers\Dashboard.php(241): round(null, 2)
 2 SYSTEMPATH\CodeIgniter.php(933): App\Controllers\Dashboard->index()
 3 SYSTEMPATH\CodeIgniter.php(509): CodeIgniter\CodeIgniter->runController(Object(App\Controllers\Dashboard))
 4 SYSTEMPATH\CodeIgniter.php(355): CodeIgniter\CodeIgniter->handleRequest(null, Object(Config\Cache), false)
 5 SYSTEMPATH\Boot.php(334): CodeIgniter\CodeIgniter->run()
 6 SYSTEMPATH\Boot.php(67): CodeIgniter\Boot::runCodeIgniter(Object(CodeIgniter\CodeIgniter))
 7 FCPATH\index.php(56): CodeIgniter\Boot::bootWeb(Object(Config\Paths))
WARNING - 2025-12-01 15:58:29 --> [DEPRECATED] round(): Passing null to parameter #1 ($num) of type int|float is deprecated in APPPATH\Controllers\Dashboard.php on line 247.
 1 APPPATH\Controllers\Dashboard.php(247): round(null, 2)
 2 SYSTEMPATH\CodeIgniter.php(933): App\Controllers\Dashboard->index()
 3 SYSTEMPATH\CodeIgniter.php(509): CodeIgniter\CodeIgniter->runController(Object(App\Controllers\Dashboard))
 4 SYSTEMPATH\CodeIgniter.php(355): CodeIgniter\CodeIgniter->handleRequest(null, Object(Config\Cache), false)
 5 SYSTEMPATH\Boot.php(334): CodeIgniter\CodeIgniter->run()
 6 SYSTEMPATH\Boot.php(67): CodeIgniter\Boot::runCodeIgniter(Object(CodeIgniter\CodeIgniter))
 7 FCPATH\index.php(56): CodeIgniter\Boot::bootWeb(Object(Config\Paths))
DEBUG - 2025-12-01 15:58:36 --> Session: Class initialized using 'CodeIgniter\Session\Handlers\FileHandler' driver.
DEBUG - 2025-12-01 15:58:36 --> Session: Class initialized using 'CodeIgniter\Session\Handlers\FileHandler' driver.
DEBUG - 2025-12-01 15:58:43 --> Session: Class initialized using 'CodeIgniter\Session\Handlers\FileHandler' driver.
DEBUG - 2025-12-01 15:58:43 --> Session: Class initialized using 'CodeIgniter\Session\Handlers\FileHandler' driver.
DEBUG - 2025-12-01 15:58:45 --> Session: Class initialized using 'CodeIgniter\Session\Handlers\FileHandler' driver.
DEBUG - 2025-12-01 15:58:45 --> Session: Class initialized using 'CodeIgniter\Session\Handlers\FileHandler' driver.
DEBUG - 2025-12-01 15:58:47 --> Session: Class initialized using 'CodeIgniter\Session\Handlers\FileHandler' driver.
DEBUG - 2025-12-01 15:58:47 --> Session: Class initialized using 'CodeIgniter\Session\Handlers\FileHandler' driver.
DEBUG - 2025-12-01 15:58:47 --> Session: Class initialized using 'CodeIgniter\Session\Handlers\FileHandler' driver.
DEBUG - 2025-12-01 15:58:48 --> Session: Class initialized using 'CodeIgniter\Session\Handlers\FileHandler' driver.
DEBUG - 2025-12-01 15:58:53 --> Session: Class initialized using 'CodeIgniter\Session\Handlers\FileHandler' driver.
DEBUG - 2025-12-01 15:58:57 --> Session: Class initialized using 'CodeIgniter\Session\Handlers\FileHandler' driver.
DEBUG - 2025-12-01 15:58:59 --> Session: Class initialized using 'CodeIgniter\Session\Handlers\FileHandler' driver.
DEBUG - 2025-12-01 15:59:04 --> Session: Class initialized using 'CodeIgniter\Session\Handlers\FileHandler' driver.
DEBUG - 2025-12-01 15:59:04 --> Session: Class initialized using 'CodeIgniter\Session\Handlers\FileHandler' driver.
DEBUG - 2025-12-01 15:59:06 --> Session: Class initialized using 'CodeIgniter\Session\Handlers\FileHandler' driver.
DEBUG - 2025-12-01 15:59:07 --> Session: Class initialized using 'CodeIgniter\Session\Handlers\FileHandler' driver.
DEBUG - 2025-12-01 15:59:07 --> Session: Class initialized using 'CodeIgniter\Session\Handlers\FileHandler' driver.
DEBUG - 2025-12-01 15:59:10 --> Session: Class initialized using 'CodeIgniter\Session\Handlers\FileHandler' driver.
DEBUG - 2025-12-01 15:59:11 --> Session: Class initialized using 'CodeIgniter\Session\Handlers\FileHandler' driver.
DEBUG - 2025-12-01 15:59:13 --> Session: Class initialized using 'CodeIgniter\Session\Handlers\FileHandler' driver.
DEBUG - 2025-12-01 15:59:21 --> Session: Class initialized using 'CodeIgniter\Session\Handlers\FileHandler' driver.
DEBUG - 2025-12-01 15:59:23 --> Session: Class initialized using 'CodeIgniter\Session\Handlers\FileHandler' driver.
DEBUG - 2025-12-01 15:59:27 --> Session: Class initialized using 'CodeIgniter\Session\Handlers\FileHandler' driver.
DEBUG - 2025-12-01 15:59:28 --> Session: Class initialized using 'CodeIgniter\Session\Handlers\FileHandler' driver.
DEBUG - 2025-12-01 15:59:28 --> Session: Class initialized using 'CodeIgniter\Session\Handlers\FileHandler' driver.
DEBUG - 2025-12-01 15:59:29 --> Session: Class initialized using 'CodeIgniter\Session\Handlers\FileHandler' driver.
DEBUG - 2025-12-01 15:59:30 --> Session: Class initialized using 'CodeIgniter\Session\Handlers\FileHandler' driver.
DEBUG - 2025-12-01 15:59:30 --> Session: Class initialized using 'CodeIgniter\Session\Handlers\FileHandler' driver.
DEBUG - 2025-12-01 15:59:30 --> Session: Class initialized using 'CodeIgniter\Session\Handlers\FileHandler' driver.
DEBUG - 2025-12-01 15:59:41 --> Session: Class initialized using 'CodeIgniter\Session\Handlers\FileHandler' driver.
DEBUG - 2025-12-01 15:59:43 --> Session: Class initialized using 'CodeIgniter\Session\Handlers\FileHandler' driver.
DEBUG - 2025-12-01 16:00:25 --> Session: Class initialized using 'CodeIgniter\Session\Handlers\FileHandler' driver.
DEBUG - 2025-12-01 16:00:26 --> Session: Class initialized using 'CodeIgniter\Session\Handlers\FileHandler' driver.
DEBUG - 2025-12-01 16:00:26 --> Session: Class initialized using 'CodeIgniter\Session\Handlers\FileHandler' driver.
DEBUG - 2025-12-01 16:00:43 --> Session: Class initialized using 'CodeIgniter\Session\Handlers\FileHandler' driver.
DEBUG - 2025-12-01 16:00:44 --> Session: Class initialized using 'CodeIgniter\Session\Handlers\FileHandler' driver.
INFO - 2025-12-01 16:00:44 --> Expansion date 2025-12-06: DB Total=176km, Saved SS=90km, Derived Base=86km (display base; JS adds current SS)
INFO - 2025-12-01 16:00:44 --> Expansion date 2025-12-06: DB Total=176km, Saved SS=90km, Derived Base=86km (display base; JS adds current SS)
INFO - 2025-12-01 16:00:44 --> Expansion date 2025-12-06: DB Total=176km, Saved SS=90km, Derived Base=86km (display base; JS adds current SS)
INFO - 2025-12-01 16:00:44 --> Expansion date 2025-12-07: DB Total=0km, Saved SS=340km, Derived Base=0km (display base; JS adds current SS)
INFO - 2025-12-01 16:00:44 --> Expansion date 2025-12-07: DB Total=0km, Saved SS=340km, Derived Base=0km (display base; JS adds current SS)
INFO - 2025-12-01 16:00:44 --> Expansion date 2025-12-07: DB Total=0km, Saved SS=340km, Derived Base=0km (display base; JS adds current SS)
INFO - 2025-12-01 16:00:45 --> Expansion date 2025-12-08: DB Total=211km, Saved SS=0km, Derived Base=211km (display base; JS adds current SS)
INFO - 2025-12-01 16:00:45 --> Expansion date 2025-12-08: DB Total=211km, Saved SS=0km, Derived Base=211km (display base; JS adds current SS)
INFO - 2025-12-01 16:00:45 --> Expansion date 2025-12-08: DB Total=211km, Saved SS=0km, Derived Base=211km (display base; JS adds current SS)
INFO - 2025-12-01 16:00:45 --> Itinerary expansion date 2025-12-06: Derived Base=176km (no SS added)
INFO - 2025-12-01 16:00:45 --> Itinerary expansion date 2025-12-06: Derived Base=176km (no SS added)
INFO - 2025-12-01 16:00:45 --> Itinerary expansion date 2025-12-06: Derived Base=176km (no SS added)
INFO - 2025-12-01 16:00:45 --> Itinerary expansion date 2025-12-07: Derived Base=0km (no SS added)
INFO - 2025-12-01 16:00:45 --> Itinerary expansion date 2025-12-07: Derived Base=0km (no SS added)
INFO - 2025-12-01 16:00:45 --> Itinerary expansion date 2025-12-07: Derived Base=0km (no SS added)
INFO - 2025-12-01 16:00:45 --> Itinerary expansion date 2025-12-08: Derived Base=175km (no SS added)
INFO - 2025-12-01 16:00:45 --> Itinerary expansion date 2025-12-08: Derived Base=175km (no SS added)
INFO - 2025-12-01 16:00:45 --> Itinerary expansion date 2025-12-08: Derived Base=175km (no SS added)
DEBUG - 2025-12-01 16:00:48 --> Session: Class initialized using 'CodeIgniter\Session\Handlers\FileHandler' driver.
DEBUG - 2025-12-01 16:00:48 --> Session: Class initialized using 'CodeIgniter\Session\Handlers\FileHandler' driver.
DEBUG - 2025-12-01 16:00:50 --> Session: Class initialized using 'CodeIgniter\Session\Handlers\FileHandler' driver.
DEBUG - 2025-12-01 16:00:50 --> Session: Class initialized using 'CodeIgniter\Session\Handlers\FileHandler' driver.
DEBUG - 2025-12-01 16:00:51 --> Session: Class initialized using 'CodeIgniter\Session\Handlers\FileHandler' driver.
DEBUG - 2025-12-01 16:00:51 --> Session: Class initialized using 'CodeIgniter\Session\Handlers\FileHandler' driver.
DEBUG - 2025-12-01 16:00:53 --> Session: Class initialized using 'CodeIgniter\Session\Handlers\FileHandler' driver.
INFO - 2025-12-01 16:00:53 --> Expansion date 2025-12-06: DB Total=176km, Saved SS=90km, Derived Base=86km (display base; JS adds current SS)
INFO - 2025-12-01 16:00:53 --> Expansion date 2025-12-06: DB Total=176km, Saved SS=90km, Derived Base=86km (display base; JS adds current SS)
INFO - 2025-12-01 16:00:53 --> Expansion date 2025-12-06: DB Total=176km, Saved SS=90km, Derived Base=86km (display base; JS adds current SS)
INFO - 2025-12-01 16:00:53 --> Expansion date 2025-12-07: DB Total=0km, Saved SS=340km, Derived Base=0km (display base; JS adds current SS)
INFO - 2025-12-01 16:00:53 --> Expansion date 2025-12-07: DB Total=0km, Saved SS=340km, Derived Base=0km (display base; JS adds current SS)
INFO - 2025-12-01 16:00:53 --> Expansion date 2025-12-07: DB Total=0km, Saved SS=340km, Derived Base=0km (display base; JS adds current SS)
INFO - 2025-12-01 16:00:53 --> Expansion date 2025-12-08: DB Total=211km, Saved SS=0km, Derived Base=211km (display base; JS adds current SS)
INFO - 2025-12-01 16:00:53 --> Expansion date 2025-12-08: DB Total=211km, Saved SS=0km, Derived Base=211km (display base; JS adds current SS)
INFO - 2025-12-01 16:00:53 --> Expansion date 2025-12-08: DB Total=211km, Saved SS=0km, Derived Base=211km (display base; JS adds current SS)
INFO - 2025-12-01 16:00:53 --> Itinerary expansion date 2025-12-06: Derived Base=176km (no SS added)
INFO - 2025-12-01 16:00:53 --> Itinerary expansion date 2025-12-06: Derived Base=176km (no SS added)
INFO - 2025-12-01 16:00:53 --> Itinerary expansion date 2025-12-06: Derived Base=176km (no SS added)
INFO - 2025-12-01 16:00:53 --> Itinerary expansion date 2025-12-07: Derived Base=0km (no SS added)
INFO - 2025-12-01 16:00:53 --> Itinerary expansion date 2025-12-07: Derived Base=0km (no SS added)
INFO - 2025-12-01 16:00:53 --> Itinerary expansion date 2025-12-07: Derived Base=0km (no SS added)
INFO - 2025-12-01 16:00:53 --> Itinerary expansion date 2025-12-08: Derived Base=175km (no SS added)
INFO - 2025-12-01 16:00:53 --> Itinerary expansion date 2025-12-08: Derived Base=175km (no SS added)
INFO - 2025-12-01 16:00:53 --> Itinerary expansion date 2025-12-08: Derived Base=175km (no SS added)
DEBUG - 2025-12-01 16:01:08 --> Session: Class initialized using 'CodeIgniter\Session\Handlers\FileHandler' driver.
DEBUG - 2025-12-01 16:01:08 --> Session: Class initialized using 'CodeIgniter\Session\Handlers\FileHandler' driver.
INFO - 2025-12-01 16:01:08 --> Expansion date 2025-12-06: DB Total=176km, Saved SS=90km, Derived Base=86km (display base; JS adds current SS)
INFO - 2025-12-01 16:01:08 --> Expansion date 2025-12-06: DB Total=176km, Saved SS=90km, Derived Base=86km (display base; JS adds current SS)
INFO - 2025-12-01 16:01:08 --> Expansion date 2025-12-06: DB Total=176km, Saved SS=90km, Derived Base=86km (display base; JS adds current SS)
INFO - 2025-12-01 16:01:08 --> Expansion date 2025-12-07: DB Total=0km, Saved SS=340km, Derived Base=0km (display base; JS adds current SS)
INFO - 2025-12-01 16:01:08 --> Expansion date 2025-12-07: DB Total=0km, Saved SS=340km, Derived Base=0km (display base; JS adds current SS)
INFO - 2025-12-01 16:01:08 --> Expansion date 2025-12-07: DB Total=0km, Saved SS=340km, Derived Base=0km (display base; JS adds current SS)
INFO - 2025-12-01 16:01:08 --> Expansion date 2025-12-08: DB Total=211km, Saved SS=0km, Derived Base=211km (display base; JS adds current SS)
INFO - 2025-12-01 16:01:08 --> Expansion date 2025-12-08: DB Total=211km, Saved SS=0km, Derived Base=211km (display base; JS adds current SS)
INFO - 2025-12-01 16:01:08 --> Expansion date 2025-12-08: DB Total=211km, Saved SS=0km, Derived Base=211km (display base; JS adds current SS)
INFO - 2025-12-01 16:01:08 --> Itinerary expansion date 2025-12-06: Derived Base=176km (no SS added)
INFO - 2025-12-01 16:01:08 --> Itinerary expansion date 2025-12-06: Derived Base=176km (no SS added)
INFO - 2025-12-01 16:01:08 --> Itinerary expansion date 2025-12-06: Derived Base=176km (no SS added)
INFO - 2025-12-01 16:01:08 --> Itinerary expansion date 2025-12-07: Derived Base=0km (no SS added)
INFO - 2025-12-01 16:01:08 --> Itinerary expansion date 2025-12-07: Derived Base=0km (no SS added)
INFO - 2025-12-01 16:01:08 --> Itinerary expansion date 2025-12-07: Derived Base=0km (no SS added)
INFO - 2025-12-01 16:01:08 --> Itinerary expansion date 2025-12-08: Derived Base=175km (no SS added)
INFO - 2025-12-01 16:01:08 --> Itinerary expansion date 2025-12-08: Derived Base=175km (no SS added)
INFO - 2025-12-01 16:01:08 --> Itinerary expansion date 2025-12-08: Derived Base=175km (no SS added)
DEBUG - 2025-12-01 16:01:18 --> Session: Class initialized using 'CodeIgniter\Session\Handlers\FileHandler' driver.
DEBUG - 2025-12-01 16:01:19 --> Session: Class initialized using 'CodeIgniter\Session\Handlers\FileHandler' driver.
INFO - 2025-12-01 16:01:19 --> Expansion date 2025-12-06: DB Total=176km, Saved SS=90km, Derived Base=86km (display base; JS adds current SS)
INFO - 2025-12-01 16:01:19 --> Expansion date 2025-12-06: DB Total=176km, Saved SS=90km, Derived Base=86km (display base; JS adds current SS)
INFO - 2025-12-01 16:01:19 --> Expansion date 2025-12-06: DB Total=176km, Saved SS=90km, Derived Base=86km (display base; JS adds current SS)
INFO - 2025-12-01 16:01:19 --> Expansion date 2025-12-07: DB Total=0km, Saved SS=340km, Derived Base=0km (display base; JS adds current SS)
INFO - 2025-12-01 16:01:19 --> Expansion date 2025-12-07: DB Total=0km, Saved SS=340km, Derived Base=0km (display base; JS adds current SS)
INFO - 2025-12-01 16:01:19 --> Expansion date 2025-12-07: DB Total=0km, Saved SS=340km, Derived Base=0km (display base; JS adds current SS)
INFO - 2025-12-01 16:01:19 --> Expansion date 2025-12-08: DB Total=211km, Saved SS=0km, Derived Base=211km (display base; JS adds current SS)
INFO - 2025-12-01 16:01:19 --> Expansion date 2025-12-08: DB Total=211km, Saved SS=0km, Derived Base=211km (display base; JS adds current SS)
INFO - 2025-12-01 16:01:19 --> Expansion date 2025-12-08: DB Total=211km, Saved SS=0km, Derived Base=211km (display base; JS adds current SS)
INFO - 2025-12-01 16:01:19 --> Itinerary expansion date 2025-12-06: Derived Base=176km (no SS added)
INFO - 2025-12-01 16:01:19 --> Itinerary expansion date 2025-12-06: Derived Base=176km (no SS added)
INFO - 2025-12-01 16:01:19 --> Itinerary expansion date 2025-12-06: Derived Base=176km (no SS added)
INFO - 2025-12-01 16:01:19 --> Itinerary expansion date 2025-12-07: Derived Base=0km (no SS added)
INFO - 2025-12-01 16:01:19 --> Itinerary expansion date 2025-12-07: Derived Base=0km (no SS added)
INFO - 2025-12-01 16:01:19 --> Itinerary expansion date 2025-12-07: Derived Base=0km (no SS added)
INFO - 2025-12-01 16:01:19 --> Itinerary expansion date 2025-12-08: Derived Base=175km (no SS added)
INFO - 2025-12-01 16:01:19 --> Itinerary expansion date 2025-12-08: Derived Base=175km (no SS added)
INFO - 2025-12-01 16:01:19 --> Itinerary expansion date 2025-12-08: Derived Base=175km (no SS added)
DEBUG - 2025-12-01 16:01:58 --> Session: Class initialized using 'CodeIgniter\Session\Handlers\FileHandler' driver.
DEBUG - 2025-12-01 16:02:00 --> Session: Class initialized using 'CodeIgniter\Session\Handlers\FileHandler' driver.
INFO - 2025-12-01 16:02:00 --> Expansion date 2025-12-06: DB Total=176km, Saved SS=90km, Derived Base=86km (display base; JS adds current SS)
INFO - 2025-12-01 16:02:00 --> Expansion date 2025-12-06: DB Total=176km, Saved SS=90km, Derived Base=86km (display base; JS adds current SS)
INFO - 2025-12-01 16:02:00 --> Expansion date 2025-12-06: DB Total=176km, Saved SS=90km, Derived Base=86km (display base; JS adds current SS)
INFO - 2025-12-01 16:02:00 --> Expansion date 2025-12-07: DB Total=0km, Saved SS=340km, Derived Base=0km (display base; JS adds current SS)
INFO - 2025-12-01 16:02:00 --> Expansion date 2025-12-07: DB Total=0km, Saved SS=340km, Derived Base=0km (display base; JS adds current SS)
INFO - 2025-12-01 16:02:00 --> Expansion date 2025-12-07: DB Total=0km, Saved SS=340km, Derived Base=0km (display base; JS adds current SS)
INFO - 2025-12-01 16:02:00 --> Expansion date 2025-12-08: DB Total=211km, Saved SS=0km, Derived Base=211km (display base; JS adds current SS)
INFO - 2025-12-01 16:02:00 --> Expansion date 2025-12-08: DB Total=211km, Saved SS=0km, Derived Base=211km (display base; JS adds current SS)
INFO - 2025-12-01 16:02:00 --> Expansion date 2025-12-08: DB Total=211km, Saved SS=0km, Derived Base=211km (display base; JS adds current SS)
INFO - 2025-12-01 16:02:00 --> Itinerary expansion date 2025-12-06: Derived Base=176km (no SS added)
INFO - 2025-12-01 16:02:00 --> Itinerary expansion date 2025-12-06: Derived Base=176km (no SS added)
INFO - 2025-12-01 16:02:00 --> Itinerary expansion date 2025-12-06: Derived Base=176km (no SS added)
INFO - 2025-12-01 16:02:00 --> Itinerary expansion date 2025-12-07: Derived Base=0km (no SS added)
INFO - 2025-12-01 16:02:00 --> Itinerary expansion date 2025-12-07: Derived Base=0km (no SS added)
INFO - 2025-12-01 16:02:00 --> Itinerary expansion date 2025-12-07: Derived Base=0km (no SS added)
INFO - 2025-12-01 16:02:00 --> Itinerary expansion date 2025-12-08: Derived Base=175km (no SS added)
INFO - 2025-12-01 16:02:00 --> Itinerary expansion date 2025-12-08: Derived Base=175km (no SS added)
INFO - 2025-12-01 16:02:00 --> Itinerary expansion date 2025-12-08: Derived Base=175km (no SS added)
DEBUG - 2025-12-01 16:02:11 --> Session: Class initialized using 'CodeIgniter\Session\Handlers\FileHandler' driver.
DEBUG - 2025-12-01 16:02:12 --> Session: Class initialized using 'CodeIgniter\Session\Handlers\FileHandler' driver.
INFO - 2025-12-01 16:02:13 --> Expansion date 2025-12-06: DB Total=176km, Saved SS=90km, Derived Base=86km (display base; JS adds current SS)
INFO - 2025-12-01 16:02:13 --> Expansion date 2025-12-06: DB Total=176km, Saved SS=90km, Derived Base=86km (display base; JS adds current SS)
INFO - 2025-12-01 16:02:13 --> Expansion date 2025-12-06: DB Total=176km, Saved SS=90km, Derived Base=86km (display base; JS adds current SS)
INFO - 2025-12-01 16:02:13 --> Expansion date 2025-12-07: DB Total=0km, Saved SS=340km, Derived Base=0km (display base; JS adds current SS)
INFO - 2025-12-01 16:02:13 --> Expansion date 2025-12-07: DB Total=0km, Saved SS=340km, Derived Base=0km (display base; JS adds current SS)
INFO - 2025-12-01 16:02:13 --> Expansion date 2025-12-07: DB Total=0km, Saved SS=340km, Derived Base=0km (display base; JS adds current SS)
INFO - 2025-12-01 16:02:13 --> Expansion date 2025-12-08: DB Total=211km, Saved SS=0km, Derived Base=211km (display base; JS adds current SS)
INFO - 2025-12-01 16:02:13 --> Expansion date 2025-12-08: DB Total=211km, Saved SS=0km, Derived Base=211km (display base; JS adds current SS)
INFO - 2025-12-01 16:02:13 --> Expansion date 2025-12-08: DB Total=211km, Saved SS=0km, Derived Base=211km (display base; JS adds current SS)
INFO - 2025-12-01 16:02:13 --> Itinerary expansion date 2025-12-06: Derived Base=176km (no SS added)
INFO - 2025-12-01 16:02:13 --> Itinerary expansion date 2025-12-06: Derived Base=176km (no SS added)
INFO - 2025-12-01 16:02:13 --> Itinerary expansion date 2025-12-06: Derived Base=176km (no SS added)
INFO - 2025-12-01 16:02:13 --> Itinerary expansion date 2025-12-07: Derived Base=0km (no SS added)
INFO - 2025-12-01 16:02:13 --> Itinerary expansion date 2025-12-07: Derived Base=0km (no SS added)
INFO - 2025-12-01 16:02:13 --> Itinerary expansion date 2025-12-07: Derived Base=0km (no SS added)
INFO - 2025-12-01 16:02:13 --> Itinerary expansion date 2025-12-08: Derived Base=175km (no SS added)
INFO - 2025-12-01 16:02:13 --> Itinerary expansion date 2025-12-08: Derived Base=175km (no SS added)
INFO - 2025-12-01 16:02:13 --> Itinerary expansion date 2025-12-08: Derived Base=175km (no SS added)
DEBUG - 2025-12-01 16:02:26 --> Session: Class initialized using 'CodeIgniter\Session\Handlers\FileHandler' driver.
DEBUG - 2025-12-01 16:02:27 --> Session: Class initialized using 'CodeIgniter\Session\Handlers\FileHandler' driver.
INFO - 2025-12-01 16:02:27 --> Expansion date 2025-12-06: DB Total=176km, Saved SS=90km, Derived Base=86km (display base; JS adds current SS)
INFO - 2025-12-01 16:02:27 --> Expansion date 2025-12-06: DB Total=176km, Saved SS=90km, Derived Base=86km (display base; JS adds current SS)
INFO - 2025-12-01 16:02:27 --> Expansion date 2025-12-06: DB Total=176km, Saved SS=90km, Derived Base=86km (display base; JS adds current SS)
INFO - 2025-12-01 16:02:27 --> Expansion date 2025-12-07: DB Total=0km, Saved SS=340km, Derived Base=0km (display base; JS adds current SS)
INFO - 2025-12-01 16:02:27 --> Expansion date 2025-12-07: DB Total=0km, Saved SS=340km, Derived Base=0km (display base; JS adds current SS)
INFO - 2025-12-01 16:02:27 --> Expansion date 2025-12-07: DB Total=0km, Saved SS=340km, Derived Base=0km (display base; JS adds current SS)
INFO - 2025-12-01 16:02:27 --> Expansion date 2025-12-08: DB Total=211km, Saved SS=0km, Derived Base=211km (display base; JS adds current SS)
INFO - 2025-12-01 16:02:27 --> Expansion date 2025-12-08: DB Total=211km, Saved SS=0km, Derived Base=211km (display base; JS adds current SS)
INFO - 2025-12-01 16:02:27 --> Expansion date 2025-12-08: DB Total=211km, Saved SS=0km, Derived Base=211km (display base; JS adds current SS)
INFO - 2025-12-01 16:02:27 --> Itinerary expansion date 2025-12-06: Derived Base=176km (no SS added)
INFO - 2025-12-01 16:02:27 --> Itinerary expansion date 2025-12-06: Derived Base=176km (no SS added)
INFO - 2025-12-01 16:02:27 --> Itinerary expansion date 2025-12-06: Derived Base=176km (no SS added)
INFO - 2025-12-01 16:02:27 --> Itinerary expansion date 2025-12-07: Derived Base=0km (no SS added)
INFO - 2025-12-01 16:02:27 --> Itinerary expansion date 2025-12-07: Derived Base=0km (no SS added)
INFO - 2025-12-01 16:02:27 --> Itinerary expansion date 2025-12-07: Derived Base=0km (no SS added)
INFO - 2025-12-01 16:02:27 --> Itinerary expansion date 2025-12-08: Derived Base=175km (no SS added)
INFO - 2025-12-01 16:02:27 --> Itinerary expansion date 2025-12-08: Derived Base=175km (no SS added)
INFO - 2025-12-01 16:02:27 --> Itinerary expansion date 2025-12-08: Derived Base=175km (no SS added)
DEBUG - 2025-12-01 16:02:37 --> Session: Class initialized using 'CodeIgniter\Session\Handlers\FileHandler' driver.
INFO - 2025-12-01 16:02:37 --> Expansion date 2025-12-06: DB Total=176km, Saved SS=90km, Derived Base=86km (display base; JS adds current SS)
INFO - 2025-12-01 16:02:37 --> Expansion date 2025-12-06: DB Total=176km, Saved SS=90km, Derived Base=86km (display base; JS adds current SS)
INFO - 2025-12-01 16:02:37 --> Expansion date 2025-12-06: DB Total=176km, Saved SS=90km, Derived Base=86km (display base; JS adds current SS)
INFO - 2025-12-01 16:02:37 --> Expansion date 2025-12-07: DB Total=0km, Saved SS=340km, Derived Base=0km (display base; JS adds current SS)
INFO - 2025-12-01 16:02:37 --> Expansion date 2025-12-07: DB Total=0km, Saved SS=340km, Derived Base=0km (display base; JS adds current SS)
INFO - 2025-12-01 16:02:37 --> Expansion date 2025-12-07: DB Total=0km, Saved SS=340km, Derived Base=0km (display base; JS adds current SS)
INFO - 2025-12-01 16:02:37 --> Expansion date 2025-12-08: DB Total=211km, Saved SS=0km, Derived Base=211km (display base; JS adds current SS)
INFO - 2025-12-01 16:02:37 --> Expansion date 2025-12-08: DB Total=211km, Saved SS=0km, Derived Base=211km (display base; JS adds current SS)
INFO - 2025-12-01 16:02:37 --> Expansion date 2025-12-08: DB Total=211km, Saved SS=0km, Derived Base=211km (display base; JS adds current SS)
INFO - 2025-12-01 16:02:37 --> Itinerary expansion date 2025-12-06: Derived Base=176km (no SS added)
INFO - 2025-12-01 16:02:37 --> Itinerary expansion date 2025-12-06: Derived Base=176km (no SS added)
INFO - 2025-12-01 16:02:37 --> Itinerary expansion date 2025-12-06: Derived Base=176km (no SS added)
INFO - 2025-12-01 16:02:37 --> Itinerary expansion date 2025-12-07: Derived Base=0km (no SS added)
INFO - 2025-12-01 16:02:37 --> Itinerary expansion date 2025-12-07: Derived Base=0km (no SS added)
INFO - 2025-12-01 16:02:37 --> Itinerary expansion date 2025-12-07: Derived Base=0km (no SS added)
INFO - 2025-12-01 16:02:37 --> Itinerary expansion date 2025-12-08: Derived Base=175km (no SS added)
INFO - 2025-12-01 16:02:37 --> Itinerary expansion date 2025-12-08: Derived Base=175km (no SS added)
INFO - 2025-12-01 16:02:37 --> Itinerary expansion date 2025-12-08: Derived Base=175km (no SS added)
DEBUG - 2025-12-01 16:02:43 --> Session: Class initialized using 'CodeIgniter\Session\Handlers\FileHandler' driver.
DEBUG - 2025-12-01 16:02:43 --> Session: Class initialized using 'CodeIgniter\Session\Handlers\FileHandler' driver.
DEBUG - 2025-12-01 16:02:44 --> Session: Class initialized using 'CodeIgniter\Session\Handlers\FileHandler' driver.
DEBUG - 2025-12-01 16:02:46 --> Session: Class initialized using 'CodeIgniter\Session\Handlers\FileHandler' driver.
DEBUG - 2025-12-01 16:02:46 --> Session: Class initialized using 'CodeIgniter\Session\Handlers\FileHandler' driver.
DEBUG - 2025-12-01 16:02:47 --> Session: Class initialized using 'CodeIgniter\Session\Handlers\FileHandler' driver.
DEBUG - 2025-12-01 16:02:47 --> Session: Class initialized using 'CodeIgniter\Session\Handlers\FileHandler' driver.
DEBUG - 2025-12-01 16:02:48 --> Session: Class initialized using 'CodeIgniter\Session\Handlers\FileHandler' driver.
DEBUG - 2025-12-01 16:02:49 --> Session: Class initialized using 'CodeIgniter\Session\Handlers\FileHandler' driver.
DEBUG - 2025-12-01 16:02:51 --> Session: Class initialized using 'CodeIgniter\Session\Handlers\FileHandler' driver.
DEBUG - 2025-12-01 16:02:51 --> Session: Class initialized using 'CodeIgniter\Session\Handlers\FileHandler' driver.
DEBUG - 2025-12-01 16:02:51 --> Session: Class initialized using 'CodeIgniter\Session\Handlers\FileHandler' driver.
DEBUG - 2025-12-01 16:02:52 --> Session: Class initialized using 'CodeIgniter\Session\Handlers\FileHandler' driver.
DEBUG - 2025-12-01 16:02:52 --> Session: Class initialized using 'CodeIgniter\Session\Handlers\FileHandler' driver.
DEBUG - 2025-12-01 16:03:02 --> Session: Class initialized using 'CodeIgniter\Session\Handlers\FileHandler' driver.
DEBUG - 2025-12-01 16:03:02 --> Session: Class initialized using 'CodeIgniter\Session\Handlers\FileHandler' driver.
DEBUG - 2025-12-01 16:03:04 --> Session: Class initialized using 'CodeIgniter\Session\Handlers\FileHandler' driver.
INFO - 2025-12-01 16:03:04 --> Day 1 (date 2025-12-06): No defaults loaded
INFO - 2025-12-01 16:03:04 --> Loaded default SS for Day 2 (date 2025-12-07): 1 items
INFO - 2025-12-01 16:03:04 --> Expansion date 2025-12-06: DB Total=176km, Saved SS=0km, Derived Base=176km (display base; JS adds current SS)
INFO - 2025-12-01 16:03:04 --> Expansion date 2025-12-06: DB Total=176km, Saved SS=0km, Derived Base=176km (display base; JS adds current SS)
INFO - 2025-12-01 16:03:04 --> Expansion date 2025-12-06: DB Total=176km, Saved SS=0km, Derived Base=176km (display base; JS adds current SS)
INFO - 2025-12-01 16:03:04 --> Expansion date 2025-12-07: DB Total=0km, Saved SS=0km, Derived Base=0km (display base; JS adds current SS)
INFO - 2025-12-01 16:03:04 --> Expansion date 2025-12-07: DB Total=0km, Saved SS=0km, Derived Base=0km (display base; JS adds current SS)
INFO - 2025-12-01 16:03:04 --> Expansion date 2025-12-07: DB Total=0km, Saved SS=0km, Derived Base=0km (display base; JS adds current SS)
INFO - 2025-12-01 16:03:04 --> Day 1 (date 2025-12-08): No defaults loaded
INFO - 2025-12-01 16:03:04 --> Expansion date 2025-12-08: DB Total=211km, Saved SS=0km, Derived Base=211km (display base; JS adds current SS)
INFO - 2025-12-01 16:03:04 --> Expansion date 2025-12-08: DB Total=211km, Saved SS=0km, Derived Base=211km (display base; JS adds current SS)
INFO - 2025-12-01 16:03:04 --> Expansion date 2025-12-08: DB Total=211km, Saved SS=0km, Derived Base=211km (display base; JS adds current SS)
DEBUG - 2025-12-01 16:03:10 --> Session: Class initialized using 'CodeIgniter\Session\Handlers\FileHandler' driver.
DEBUG - 2025-12-01 16:03:10 --> Session: Class initialized using 'CodeIgniter\Session\Handlers\FileHandler' driver.
INFO - 2025-12-01 16:03:10 --> Expansion date 2025-12-06: DB Total=176km, Saved SS=0km, Derived Base=176km (display base; JS adds current SS)
INFO - 2025-12-01 16:03:10 --> Expansion date 2025-12-06: DB Total=176km, Saved SS=0km, Derived Base=176km (display base; JS adds current SS)
INFO - 2025-12-01 16:03:10 --> Expansion date 2025-12-06: DB Total=176km, Saved SS=0km, Derived Base=176km (display base; JS adds current SS)
INFO - 2025-12-01 16:03:10 --> Expansion date 2025-12-07: DB Total=0km, Saved SS=90km, Derived Base=0km (display base; JS adds current SS)
INFO - 2025-12-01 16:03:10 --> Expansion date 2025-12-07: DB Total=0km, Saved SS=90km, Derived Base=0km (display base; JS adds current SS)
INFO - 2025-12-01 16:03:10 --> Expansion date 2025-12-07: DB Total=0km, Saved SS=90km, Derived Base=0km (display base; JS adds current SS)
INFO - 2025-12-01 16:03:10 --> Expansion date 2025-12-08: DB Total=211km, Saved SS=0km, Derived Base=211km (display base; JS adds current SS)
INFO - 2025-12-01 16:03:10 --> Expansion date 2025-12-08: DB Total=211km, Saved SS=0km, Derived Base=211km (display base; JS adds current SS)
INFO - 2025-12-01 16:03:10 --> Expansion date 2025-12-08: DB Total=211km, Saved SS=0km, Derived Base=211km (display base; JS adds current SS)
INFO - 2025-12-01 16:03:10 --> Itinerary expansion date 2025-12-06: Derived Base=266km (no SS added)
INFO - 2025-12-01 16:03:10 --> Itinerary expansion date 2025-12-06: Derived Base=266km (no SS added)
INFO - 2025-12-01 16:03:10 --> Itinerary expansion date 2025-12-06: Derived Base=266km (no SS added)
INFO - 2025-12-01 16:03:10 --> Itinerary expansion date 2025-12-07: Derived Base=250km (no SS added)
INFO - 2025-12-01 16:03:10 --> Itinerary expansion date 2025-12-07: Derived Base=250km (no SS added)
INFO - 2025-12-01 16:03:10 --> Itinerary expansion date 2025-12-07: Derived Base=250km (no SS added)
INFO - 2025-12-01 16:03:10 --> Itinerary expansion date 2025-12-08: Derived Base=175km (no SS added)
INFO - 2025-12-01 16:03:10 --> Itinerary expansion date 2025-12-08: Derived Base=175km (no SS added)
INFO - 2025-12-01 16:03:10 --> Itinerary expansion date 2025-12-08: Derived Base=175km (no SS added)
DEBUG - 2025-12-01 16:03:41 --> Session: Class initialized using 'CodeIgniter\Session\Handlers\FileHandler' driver.
INFO - 2025-12-01 16:03:41 --> Expansion date 2025-12-06: DB Total=176km, Saved SS=0km, Derived Base=176km (display base; JS adds current SS)
INFO - 2025-12-01 16:03:41 --> Expansion date 2025-12-06: DB Total=176km, Saved SS=0km, Derived Base=176km (display base; JS adds current SS)
INFO - 2025-12-01 16:03:41 --> Expansion date 2025-12-06: DB Total=176km, Saved SS=0km, Derived Base=176km (display base; JS adds current SS)
INFO - 2025-12-01 16:03:41 --> Expansion date 2025-12-07: DB Total=0km, Saved SS=90km, Derived Base=0km (display base; JS adds current SS)
INFO - 2025-12-01 16:03:41 --> Expansion date 2025-12-07: DB Total=0km, Saved SS=90km, Derived Base=0km (display base; JS adds current SS)
INFO - 2025-12-01 16:03:41 --> Expansion date 2025-12-07: DB Total=0km, Saved SS=90km, Derived Base=0km (display base; JS adds current SS)
INFO - 2025-12-01 16:03:41 --> Expansion date 2025-12-08: DB Total=211km, Saved SS=0km, Derived Base=211km (display base; JS adds current SS)
INFO - 2025-12-01 16:03:41 --> Expansion date 2025-12-08: DB Total=211km, Saved SS=0km, Derived Base=211km (display base; JS adds current SS)
INFO - 2025-12-01 16:03:41 --> Expansion date 2025-12-08: DB Total=211km, Saved SS=0km, Derived Base=211km (display base; JS adds current SS)
INFO - 2025-12-01 16:03:41 --> Itinerary expansion date 2025-12-06: Derived Base=266km (no SS added)
INFO - 2025-12-01 16:03:41 --> Itinerary expansion date 2025-12-06: Derived Base=266km (no SS added)
INFO - 2025-12-01 16:03:41 --> Itinerary expansion date 2025-12-06: Derived Base=266km (no SS added)
INFO - 2025-12-01 16:03:41 --> Itinerary expansion date 2025-12-07: Derived Base=250km (no SS added)
INFO - 2025-12-01 16:03:41 --> Itinerary expansion date 2025-12-07: Derived Base=250km (no SS added)
INFO - 2025-12-01 16:03:41 --> Itinerary expansion date 2025-12-07: Derived Base=250km (no SS added)
INFO - 2025-12-01 16:03:41 --> Itinerary expansion date 2025-12-08: Derived Base=175km (no SS added)
INFO - 2025-12-01 16:03:41 --> Itinerary expansion date 2025-12-08: Derived Base=175km (no SS added)
INFO - 2025-12-01 16:03:41 --> Itinerary expansion date 2025-12-08: Derived Base=175km (no SS added)
DEBUG - 2025-12-01 16:03:57 --> Session: Class initialized using 'CodeIgniter\Session\Handlers\FileHandler' driver.
DEBUG - 2025-12-01 16:03:58 --> Session: Class initialized using 'CodeIgniter\Session\Handlers\FileHandler' driver.
DEBUG - 2025-12-01 16:03:58 --> Session: Class initialized using 'CodeIgniter\Session\Handlers\FileHandler' driver.
DEBUG - 2025-12-01 16:03:58 --> Session: Class initialized using 'CodeIgniter\Session\Handlers\FileHandler' driver.
DEBUG - 2025-12-01 16:03:58 --> Session: Class initialized using 'CodeIgniter\Session\Handlers\FileHandler' driver.
DEBUG - 2025-12-01 16:03:58 --> Session: Class initialized using 'CodeIgniter\Session\Handlers\FileHandler' driver.
DEBUG - 2025-12-01 16:03:58 --> Session: Class initialized using 'CodeIgniter\Session\Handlers\FileHandler' driver.
DEBUG - 2025-12-01 16:22:52 --> Session: Class initialized using 'CodeIgniter\Session\Handlers\FileHandler' driver.
INFO - 2025-12-01 16:22:52 --> Vehicle distance for 2025-12-06: Using saved: 266km
INFO - 2025-12-01 16:22:52 --> Vehicle distance for 2025-12-06: Using saved: 266km
INFO - 2025-12-01 16:22:52 --> Vehicle distance for 2025-12-06: Using saved: 266km
INFO - 2025-12-01 16:22:52 --> Vehicle distance for 2025-12-07: Using saved: 340km
INFO - 2025-12-01 16:22:52 --> Vehicle distance for 2025-12-07: Using saved: 340km
INFO - 2025-12-01 16:22:52 --> Vehicle distance for 2025-12-07: Using saved: 340km
INFO - 2025-12-01 16:22:52 --> Vehicle distance for 2025-12-08: Using saved: 175km
INFO - 2025-12-01 16:22:52 --> Vehicle distance for 2025-12-08: Using saved: 175km
INFO - 2025-12-01 16:22:52 --> Vehicle distance for 2025-12-08: Using saved: 175km
INFO - 2025-12-01 16:22:52 --> Itinerary expansion date 2025-12-06: Derived Base=266km (no SS added)
INFO - 2025-12-01 16:22:52 --> Itinerary expansion date 2025-12-06: Derived Base=266km (no SS added)
INFO - 2025-12-01 16:22:52 --> Itinerary expansion date 2025-12-06: Derived Base=266km (no SS added)
INFO - 2025-12-01 16:22:52 --> Itinerary expansion date 2025-12-07: Derived Base=250km (no SS added)
INFO - 2025-12-01 16:22:52 --> Itinerary expansion date 2025-12-07: Derived Base=250km (no SS added)
INFO - 2025-12-01 16:22:52 --> Itinerary expansion date 2025-12-07: Derived Base=250km (no SS added)
INFO - 2025-12-01 16:22:52 --> Itinerary expansion date 2025-12-08: Derived Base=175km (no SS added)
INFO - 2025-12-01 16:22:52 --> Itinerary expansion date 2025-12-08: Derived Base=175km (no SS added)
INFO - 2025-12-01 16:22:52 --> Itinerary expansion date 2025-12-08: Derived Base=175km (no SS added)
DEBUG - 2025-12-01 16:23:04 --> Session: Class initialized using 'CodeIgniter\Session\Handlers\FileHandler' driver.
INFO - 2025-12-01 16:23:04 --> Vehicle distance for 2025-12-06: Using saved: 266km
INFO - 2025-12-01 16:23:04 --> Vehicle distance for 2025-12-06: Using saved: 266km
INFO - 2025-12-01 16:23:04 --> Vehicle distance for 2025-12-06: Using saved: 266km
INFO - 2025-12-01 16:23:04 --> Vehicle distance for 2025-12-07: Using saved: 340km
INFO - 2025-12-01 16:23:04 --> Vehicle distance for 2025-12-07: Using saved: 340km
INFO - 2025-12-01 16:23:04 --> Vehicle distance for 2025-12-07: Using saved: 340km
INFO - 2025-12-01 16:23:04 --> Vehicle distance for 2025-12-08: Using saved: 175km
INFO - 2025-12-01 16:23:04 --> Vehicle distance for 2025-12-08: Using saved: 175km
INFO - 2025-12-01 16:23:04 --> Vehicle distance for 2025-12-08: Using saved: 175km
INFO - 2025-12-01 16:23:04 --> Itinerary expansion date 2025-12-06: Derived Base=266km (no SS added)
INFO - 2025-12-01 16:23:04 --> Itinerary expansion date 2025-12-06: Derived Base=266km (no SS added)
INFO - 2025-12-01 16:23:04 --> Itinerary expansion date 2025-12-06: Derived Base=266km (no SS added)
INFO - 2025-12-01 16:23:04 --> Itinerary expansion date 2025-12-07: Derived Base=250km (no SS added)
INFO - 2025-12-01 16:23:04 --> Itinerary expansion date 2025-12-07: Derived Base=250km (no SS added)
INFO - 2025-12-01 16:23:04 --> Itinerary expansion date 2025-12-07: Derived Base=250km (no SS added)
INFO - 2025-12-01 16:23:04 --> Itinerary expansion date 2025-12-08: Derived Base=175km (no SS added)
INFO - 2025-12-01 16:23:04 --> Itinerary expansion date 2025-12-08: Derived Base=175km (no SS added)
INFO - 2025-12-01 16:23:04 --> Itinerary expansion date 2025-12-08: Derived Base=175km (no SS added)
DEBUG - 2025-12-01 16:23:16 --> Session: Class initialized using 'CodeIgniter\Session\Handlers\FileHandler' driver.
INFO - 2025-12-01 16:23:16 --> Vehicle distance for 2025-12-06: Using saved: 266km
INFO - 2025-12-01 16:23:16 --> Vehicle distance for 2025-12-06: Using saved: 266km
INFO - 2025-12-01 16:23:16 --> Vehicle distance for 2025-12-06: Using saved: 266km
INFO - 2025-12-01 16:23:16 --> Vehicle distance for 2025-12-07: Using saved: 340km
INFO - 2025-12-01 16:23:16 --> Vehicle distance for 2025-12-07: Using saved: 340km
INFO - 2025-12-01 16:23:16 --> Vehicle distance for 2025-12-07: Using saved: 340km
INFO - 2025-12-01 16:23:16 --> Vehicle distance for 2025-12-08: Using saved: 175km
INFO - 2025-12-01 16:23:16 --> Vehicle distance for 2025-12-08: Using saved: 175km
INFO - 2025-12-01 16:23:16 --> Vehicle distance for 2025-12-08: Using saved: 175km
INFO - 2025-12-01 16:23:16 --> Itinerary expansion date 2025-12-06: Derived Base=266km (no SS added)
INFO - 2025-12-01 16:23:16 --> Itinerary expansion date 2025-12-06: Derived Base=266km (no SS added)
INFO - 2025-12-01 16:23:16 --> Itinerary expansion date 2025-12-06: Derived Base=266km (no SS added)
INFO - 2025-12-01 16:23:16 --> Itinerary expansion date 2025-12-07: Derived Base=250km (no SS added)
INFO - 2025-12-01 16:23:16 --> Itinerary expansion date 2025-12-07: Derived Base=250km (no SS added)
INFO - 2025-12-01 16:23:16 --> Itinerary expansion date 2025-12-07: Derived Base=250km (no SS added)
INFO - 2025-12-01 16:23:16 --> Itinerary expansion date 2025-12-08: Derived Base=175km (no SS added)
INFO - 2025-12-01 16:23:16 --> Itinerary expansion date 2025-12-08: Derived Base=175km (no SS added)
INFO - 2025-12-01 16:23:16 --> Itinerary expansion date 2025-12-08: Derived Base=175km (no SS added)
DEBUG - 2025-12-01 16:23:19 --> Session: Class initialized using 'CodeIgniter\Session\Handlers\FileHandler' driver.
DEBUG - 2025-12-01 16:23:19 --> Session: Class initialized using 'CodeIgniter\Session\Handlers\FileHandler' driver.
DEBUG - 2025-12-01 16:23:21 --> Session: Class initialized using 'CodeIgniter\Session\Handlers\FileHandler' driver.
DEBUG - 2025-12-01 16:23:21 --> Session: Class initialized using 'CodeIgniter\Session\Handlers\FileHandler' driver.
DEBUG - 2025-12-01 16:23:21 --> Session: Class initialized using 'CodeIgniter\Session\Handlers\FileHandler' driver.
DEBUG - 2025-12-01 16:23:21 --> Session: Class initialized using 'CodeIgniter\Session\Handlers\FileHandler' driver.
CRITICAL - 2025-12-01 16:23:21 --> ErrorException: Undefined array key 0
[Method: POST, Route: Enquiry/ajax_get_itineraries]
in APPPATH\Controllers\Enquiry.php on line 10445.
 1 APPPATH\Controllers\Enquiry.php(10445): CodeIgniter\Debug\Exceptions->errorHandler(2, 'Undefined array key 0', 'C:\\wamp64\\www\\khm\\app\\Controllers\\Enquiry.php', 10445)
 2 SYSTEMPATH\CodeIgniter.php(933): App\Controllers\Enquiry->ajax_get_itineraries()
 3 SYSTEMPATH\CodeIgniter.php(509): CodeIgniter\CodeIgniter->runController(Object(App\Controllers\Enquiry))
 4 SYSTEMPATH\CodeIgniter.php(355): CodeIgniter\CodeIgniter->handleRequest(null, Object(Config\Cache), false)
 5 SYSTEMPATH\Boot.php(334): CodeIgniter\CodeIgniter->run()
 6 SYSTEMPATH\Boot.php(67): CodeIgniter\Boot::runCodeIgniter(Object(CodeIgniter\CodeIgniter))
 7 FCPATH\index.php(56): CodeIgniter\Boot::bootWeb(Object(Config\Paths))
DEBUG - 2025-12-01 16:23:24 --> Session: Class initialized using 'CodeIgniter\Session\Handlers\FileHandler' driver.
DEBUG - 2025-12-01 16:23:24 --> Session: Class initialized using 'CodeIgniter\Session\Handlers\FileHandler' driver.
DEBUG - 2025-12-01 16:23:28 --> Session: Class initialized using 'CodeIgniter\Session\Handlers\FileHandler' driver.
INFO - 2025-12-01 16:23:28 --> Vehicle distance for 2025-12-06: Using saved: 266km
INFO - 2025-12-01 16:23:28 --> Vehicle distance for 2025-12-06: Using saved: 266km
INFO - 2025-12-01 16:23:28 --> Vehicle distance for 2025-12-06: Using saved: 266km
INFO - 2025-12-01 16:23:28 --> Vehicle distance for 2025-12-07: Using saved: 340km
INFO - 2025-12-01 16:23:28 --> Vehicle distance for 2025-12-07: Using saved: 340km
INFO - 2025-12-01 16:23:28 --> Vehicle distance for 2025-12-07: Using saved: 340km
INFO - 2025-12-01 16:23:28 --> Vehicle distance for 2025-12-08: Using saved: 175km
INFO - 2025-12-01 16:23:28 --> Vehicle distance for 2025-12-08: Using saved: 175km
INFO - 2025-12-01 16:23:28 --> Vehicle distance for 2025-12-08: Using saved: 175km
INFO - 2025-12-01 16:23:28 --> Itinerary expansion date 2025-12-06: Derived Base=266km (no SS added)
INFO - 2025-12-01 16:23:28 --> Itinerary expansion date 2025-12-06: Derived Base=266km (no SS added)
INFO - 2025-12-01 16:23:28 --> Itinerary expansion date 2025-12-06: Derived Base=266km (no SS added)
INFO - 2025-12-01 16:23:28 --> Itinerary expansion date 2025-12-07: Derived Base=250km (no SS added)
INFO - 2025-12-01 16:23:28 --> Itinerary expansion date 2025-12-07: Derived Base=250km (no SS added)
INFO - 2025-12-01 16:23:28 --> Itinerary expansion date 2025-12-07: Derived Base=250km (no SS added)
INFO - 2025-12-01 16:23:28 --> Itinerary expansion date 2025-12-08: Derived Base=175km (no SS added)
INFO - 2025-12-01 16:23:28 --> Itinerary expansion date 2025-12-08: Derived Base=175km (no SS added)
INFO - 2025-12-01 16:23:28 --> Itinerary expansion date 2025-12-08: Derived Base=175km (no SS added)
DEBUG - 2025-12-01 16:25:59 --> Session: Class initialized using 'CodeIgniter\Session\Handlers\FileHandler' driver.
INFO - 2025-12-01 16:26:00 --> Restored saved vehicle data for date 2025-12-06: 1 vehicles
INFO - 2025-12-01 16:26:00 --> Restored saved vehicle data for date 2025-12-06: 1 vehicles
INFO - 2025-12-01 16:26:00 --> Restored saved vehicle data for date 2025-12-06: 1 vehicles
INFO - 2025-12-01 16:26:00 --> Restored saved vehicle data for date 2025-12-07: 1 vehicles
INFO - 2025-12-01 16:26:00 --> Restored saved vehicle data for date 2025-12-07: 1 vehicles
INFO - 2025-12-01 16:26:00 --> Restored saved vehicle data for date 2025-12-07: 1 vehicles
INFO - 2025-12-01 16:26:00 --> Restored saved vehicle data for date 2025-12-08: 1 vehicles
INFO - 2025-12-01 16:26:00 --> Restored saved vehicle data for date 2025-12-08: 1 vehicles
INFO - 2025-12-01 16:26:00 --> Restored saved vehicle data for date 2025-12-08: 1 vehicles
DEBUG - 2025-12-01 16:26:07 --> Session: Class initialized using 'CodeIgniter\Session\Handlers\FileHandler' driver.
DEBUG - 2025-12-01 16:26:07 --> Session: Class initialized using 'CodeIgniter\Session\Handlers\FileHandler' driver.
DEBUG - 2025-12-01 16:26:12 --> Session: Class initialized using 'CodeIgniter\Session\Handlers\FileHandler' driver.
INFO - 2025-12-01 16:26:12 --> Restored saved vehicle data for date 2025-12-06: 1 vehicles
INFO - 2025-12-01 16:26:12 --> Restored saved vehicle data for date 2025-12-06: 1 vehicles
INFO - 2025-12-01 16:26:12 --> Restored saved vehicle data for date 2025-12-06: 1 vehicles
INFO - 2025-12-01 16:26:12 --> Restored saved vehicle data for date 2025-12-07: 1 vehicles
INFO - 2025-12-01 16:26:12 --> Restored saved vehicle data for date 2025-12-07: 1 vehicles
INFO - 2025-12-01 16:26:12 --> Restored saved vehicle data for date 2025-12-07: 1 vehicles
INFO - 2025-12-01 16:26:13 --> Restored saved vehicle data for date 2025-12-08: 1 vehicles
INFO - 2025-12-01 16:26:13 --> Restored saved vehicle data for date 2025-12-08: 1 vehicles
INFO - 2025-12-01 16:26:13 --> Restored saved vehicle data for date 2025-12-08: 1 vehicles
DEBUG - 2025-12-01 16:26:13 --> Session: Class initialized using 'CodeIgniter\Session\Handlers\FileHandler' driver.
DEBUG - 2025-12-01 16:26:13 --> Session: Class initialized using 'CodeIgniter\Session\Handlers\FileHandler' driver.
DEBUG - 2025-12-01 16:26:24 --> Session: Class initialized using 'CodeIgniter\Session\Handlers\FileHandler' driver.
INFO - 2025-12-01 16:26:24 --> Restored saved vehicle data for date 2025-12-06: 1 vehicles
INFO - 2025-12-01 16:26:24 --> Restored saved vehicle data for date 2025-12-06: 1 vehicles
INFO - 2025-12-01 16:26:24 --> Restored saved vehicle data for date 2025-12-06: 1 vehicles
INFO - 2025-12-01 16:26:24 --> Restored saved vehicle data for date 2025-12-07: 1 vehicles
INFO - 2025-12-01 16:26:24 --> Restored saved vehicle data for date 2025-12-07: 1 vehicles
INFO - 2025-12-01 16:26:24 --> Restored saved vehicle data for date 2025-12-07: 1 vehicles
INFO - 2025-12-01 16:26:24 --> Restored saved vehicle data for date 2025-12-08: 1 vehicles
INFO - 2025-12-01 16:26:24 --> Restored saved vehicle data for date 2025-12-08: 1 vehicles
INFO - 2025-12-01 16:26:24 --> Restored saved vehicle data for date 2025-12-08: 1 vehicles
DEBUG - 2025-12-01 16:26:25 --> Session: Class initialized using 'CodeIgniter\Session\Handlers\FileHandler' driver.
DEBUG - 2025-12-01 16:26:25 --> Session: Class initialized using 'CodeIgniter\Session\Handlers\FileHandler' driver.
DEBUG - 2025-12-01 16:26:25 --> Session: Class initialized using 'CodeIgniter\Session\Handlers\FileHandler' driver.
DEBUG - 2025-12-01 16:26:25 --> Session: Class initialized using 'CodeIgniter\Session\Handlers\FileHandler' driver.
DEBUG - 2025-12-01 16:26:26 --> Session: Class initialized using 'CodeIgniter\Session\Handlers\FileHandler' driver.
DEBUG - 2025-12-01 16:26:26 --> Session: Class initialized using 'CodeIgniter\Session\Handlers\FileHandler' driver.
DEBUG - 2025-12-01 16:26:29 --> Session: Class initialized using 'CodeIgniter\Session\Handlers\FileHandler' driver.
INFO - 2025-12-01 16:26:29 --> Restored saved vehicle data for date 2025-12-06: 1 vehicles
INFO - 2025-12-01 16:26:29 --> Restored saved vehicle data for date 2025-12-06: 1 vehicles
INFO - 2025-12-01 16:26:29 --> Restored saved vehicle data for date 2025-12-06: 1 vehicles
INFO - 2025-12-01 16:26:29 --> Restored saved vehicle data for date 2025-12-07: 1 vehicles
INFO - 2025-12-01 16:26:29 --> Restored saved vehicle data for date 2025-12-07: 1 vehicles
INFO - 2025-12-01 16:26:29 --> Restored saved vehicle data for date 2025-12-07: 1 vehicles
INFO - 2025-12-01 16:26:29 --> Restored saved vehicle data for date 2025-12-08: 1 vehicles
INFO - 2025-12-01 16:26:29 --> Restored saved vehicle data for date 2025-12-08: 1 vehicles
INFO - 2025-12-01 16:26:29 --> Restored saved vehicle data for date 2025-12-08: 1 vehicles
DEBUG - 2025-12-01 16:26:29 --> Session: Class initialized using 'CodeIgniter\Session\Handlers\FileHandler' driver.
DEBUG - 2025-12-01 16:26:30 --> Session: Class initialized using 'CodeIgniter\Session\Handlers\FileHandler' driver.
DEBUG - 2025-12-01 16:27:09 --> Session: Class initialized using 'CodeIgniter\Session\Handlers\FileHandler' driver.
INFO - 2025-12-01 16:27:09 --> Restored saved vehicle data for date 2025-12-06: 1 vehicles
INFO - 2025-12-01 16:27:09 --> Restored saved vehicle data for date 2025-12-06: 1 vehicles
INFO - 2025-12-01 16:27:09 --> Restored saved vehicle data for date 2025-12-06: 1 vehicles
INFO - 2025-12-01 16:27:09 --> Restored saved vehicle data for date 2025-12-07: 1 vehicles
INFO - 2025-12-01 16:27:09 --> Restored saved vehicle data for date 2025-12-07: 1 vehicles
INFO - 2025-12-01 16:27:09 --> Restored saved vehicle data for date 2025-12-07: 1 vehicles
INFO - 2025-12-01 16:27:09 --> Restored saved vehicle data for date 2025-12-08: 1 vehicles
INFO - 2025-12-01 16:27:09 --> Restored saved vehicle data for date 2025-12-08: 1 vehicles
INFO - 2025-12-01 16:27:09 --> Restored saved vehicle data for date 2025-12-08: 1 vehicles
DEBUG - 2025-12-01 16:28:05 --> Session: Class initialized using 'CodeIgniter\Session\Handlers\FileHandler' driver.
DEBUG - 2025-12-01 16:28:05 --> Session: Class initialized using 'CodeIgniter\Session\Handlers\FileHandler' driver.
DEBUG - 2025-12-01 16:28:07 --> Session: Class initialized using 'CodeIgniter\Session\Handlers\FileHandler' driver.
DEBUG - 2025-12-01 16:28:08 --> Session: Class initialized using 'CodeIgniter\Session\Handlers\FileHandler' driver.
DEBUG - 2025-12-01 16:28:09 --> Session: Class initialized using 'CodeIgniter\Session\Handlers\FileHandler' driver.
DEBUG - 2025-12-01 16:28:09 --> Session: Class initialized using 'CodeIgniter\Session\Handlers\FileHandler' driver.
DEBUG - 2025-12-01 16:28:09 --> Session: Class initialized using 'CodeIgniter\Session\Handlers\FileHandler' driver.
DEBUG - 2025-12-01 16:28:09 --> Session: Class initialized using 'CodeIgniter\Session\Handlers\FileHandler' driver.
CRITICAL - 2025-12-01 16:28:09 --> ErrorException: Undefined array key 0
[Method: POST, Route: Enquiry/ajax_get_itineraries]
in APPPATH\Controllers\Enquiry.php on line 10510.
 1 APPPATH\Controllers\Enquiry.php(10510): CodeIgniter\Debug\Exceptions->errorHandler(2, 'Undefined array key 0', 'C:\\wamp64\\www\\khm\\app\\Controllers\\Enquiry.php', 10510)
 2 SYSTEMPATH\CodeIgniter.php(933): App\Controllers\Enquiry->ajax_get_itineraries()
 3 SYSTEMPATH\CodeIgniter.php(509): CodeIgniter\CodeIgniter->runController(Object(App\Controllers\Enquiry))
 4 SYSTEMPATH\CodeIgniter.php(355): CodeIgniter\CodeIgniter->handleRequest(null, Object(Config\Cache), false)
 5 SYSTEMPATH\Boot.php(334): CodeIgniter\CodeIgniter->run()
 6 SYSTEMPATH\Boot.php(67): CodeIgniter\Boot::runCodeIgniter(Object(CodeIgniter\CodeIgniter))
 7 FCPATH\index.php(56): CodeIgniter\Boot::bootWeb(Object(Config\Paths))
DEBUG - 2025-12-01 16:28:10 --> Session: Class initialized using 'CodeIgniter\Session\Handlers\FileHandler' driver.
DEBUG - 2025-12-01 16:31:38 --> Session: Class initialized using 'CodeIgniter\Session\Handlers\FileHandler' driver.
DEBUG - 2025-12-01 16:31:38 --> Session: Class initialized using 'CodeIgniter\Session\Handlers\FileHandler' driver.
DEBUG - 2025-12-01 16:31:38 --> Session: Class initialized using 'CodeIgniter\Session\Handlers\FileHandler' driver.
DEBUG - 2025-12-01 16:31:39 --> Session: Class initialized using 'CodeIgniter\Session\Handlers\FileHandler' driver.
DEBUG - 2025-12-01 16:31:39 --> Session: Class initialized using 'CodeIgniter\Session\Handlers\FileHandler' driver.
DEBUG - 2025-12-01 16:31:44 --> Session: Class initialized using 'CodeIgniter\Session\Handlers\FileHandler' driver.
DEBUG - 2025-12-01 16:31:44 --> Session: Class initialized using 'CodeIgniter\Session\Handlers\FileHandler' driver.
DEBUG - 2025-12-01 16:31:44 --> Session: Class initialized using 'CodeIgniter\Session\Handlers\FileHandler' driver.
DEBUG - 2025-12-01 16:31:44 --> Session: Class initialized using 'CodeIgniter\Session\Handlers\FileHandler' driver.
DEBUG - 2025-12-01 16:31:44 --> Session: Class initialized using 'CodeIgniter\Session\Handlers\FileHandler' driver.
DEBUG - 2025-12-01 16:31:44 --> Session: Class initialized using 'CodeIgniter\Session\Handlers\FileHandler' driver.
DEBUG - 2025-12-01 16:31:45 --> Session: Class initialized using 'CodeIgniter\Session\Handlers\FileHandler' driver.
DEBUG - 2025-12-01 16:31:45 --> Session: Class initialized using 'CodeIgniter\Session\Handlers\FileHandler' driver.
DEBUG - 2025-12-01 16:31:45 --> Session: Class initialized using 'CodeIgniter\Session\Handlers\FileHandler' driver.
DEBUG - 2025-12-01 16:31:45 --> Session: Class initialized using 'CodeIgniter\Session\Handlers\FileHandler' driver.
DEBUG - 2025-12-01 16:31:45 --> Session: Class initialized using 'CodeIgniter\Session\Handlers\FileHandler' driver.
DEBUG - 2025-12-01 16:31:45 --> Session: Class initialized using 'CodeIgniter\Session\Handlers\FileHandler' driver.
DEBUG - 2025-12-01 16:31:51 --> Session: Class initialized using 'CodeIgniter\Session\Handlers\FileHandler' driver.
DEBUG - 2025-12-01 16:31:52 --> Session: Class initialized using 'CodeIgniter\Session\Handlers\FileHandler' driver.
DEBUG - 2025-12-01 16:31:53 --> Session: Class initialized using 'CodeIgniter\Session\Handlers\FileHandler' driver.
INFO - 2025-12-01 16:31:53 --> Day 1 (date 2025-12-06): No defaults loaded
INFO - 2025-12-01 16:31:53 --> Loaded default SS for Day 2 (date 2025-12-07): 1 items
INFO - 2025-12-01 16:31:53 --> Using default expansion data for date 2025-12-06 (no saved data)
INFO - 2025-12-01 16:31:53 --> Using default expansion data for date 2025-12-06 (no saved data)
INFO - 2025-12-01 16:31:53 --> Using default expansion data for date 2025-12-06 (no saved data)
INFO - 2025-12-01 16:31:53 --> Using default expansion data for date 2025-12-07 (no saved data)
INFO - 2025-12-01 16:31:53 --> Using default expansion data for date 2025-12-07 (no saved data)
INFO - 2025-12-01 16:31:53 --> Using default expansion data for date 2025-12-07 (no saved data)
INFO - 2025-12-01 16:31:53 --> Day 1 (date 2025-12-08): No defaults loaded
INFO - 2025-12-01 16:31:53 --> Using default expansion data for date 2025-12-08 (no saved data)
INFO - 2025-12-01 16:31:53 --> Using default expansion data for date 2025-12-08 (no saved data)
INFO - 2025-12-01 16:31:53 --> Using default expansion data for date 2025-12-08 (no saved data)
DEBUG - 2025-12-01 16:32:22 --> Session: Class initialized using 'CodeIgniter\Session\Handlers\FileHandler' driver.
DEBUG - 2025-12-01 16:32:23 --> Session: Class initialized using 'CodeIgniter\Session\Handlers\FileHandler' driver.
INFO - 2025-12-01 16:32:23 --> Restored saved vehicle data for date 2025-12-06: 1 vehicles
INFO - 2025-12-01 16:32:23 --> Restored saved vehicle data for date 2025-12-06: 1 vehicles
INFO - 2025-12-01 16:32:23 --> Restored saved vehicle data for date 2025-12-06: 1 vehicles
INFO - 2025-12-01 16:32:23 --> Restored saved vehicle data for date 2025-12-07: 1 vehicles
INFO - 2025-12-01 16:32:23 --> Restored saved vehicle data for date 2025-12-07: 1 vehicles
INFO - 2025-12-01 16:32:23 --> Restored saved vehicle data for date 2025-12-07: 1 vehicles
INFO - 2025-12-01 16:32:23 --> Restored saved vehicle data for date 2025-12-08: 1 vehicles
INFO - 2025-12-01 16:32:23 --> Restored saved vehicle data for date 2025-12-08: 1 vehicles
INFO - 2025-12-01 16:32:23 --> Restored saved vehicle data for date 2025-12-08: 1 vehicles
DEBUG - 2025-12-01 16:34:11 --> Session: Class initialized using 'CodeIgniter\Session\Handlers\FileHandler' driver.
DEBUG - 2025-12-01 16:34:13 --> Session: Class initialized using 'CodeIgniter\Session\Handlers\FileHandler' driver.
INFO - 2025-12-01 16:34:13 --> Restored saved vehicle data for date 2025-12-06: 1 vehicles
INFO - 2025-12-01 16:34:13 --> Restored saved vehicle data for date 2025-12-06: 1 vehicles
INFO - 2025-12-01 16:34:13 --> Restored saved vehicle data for date 2025-12-06: 1 vehicles
INFO - 2025-12-01 16:34:13 --> Restored saved vehicle data for date 2025-12-07: 1 vehicles
INFO - 2025-12-01 16:34:13 --> Restored saved vehicle data for date 2025-12-07: 1 vehicles
INFO - 2025-12-01 16:34:13 --> Restored saved vehicle data for date 2025-12-07: 1 vehicles
INFO - 2025-12-01 16:34:13 --> Restored saved vehicle data for date 2025-12-08: 1 vehicles
INFO - 2025-12-01 16:34:13 --> Restored saved vehicle data for date 2025-12-08: 1 vehicles
INFO - 2025-12-01 16:34:13 --> Restored saved vehicle data for date 2025-12-08: 1 vehicles
DEBUG - 2025-12-01 16:36:47 --> Session: Class initialized using 'CodeIgniter\Session\Handlers\FileHandler' driver.
DEBUG - 2025-12-01 16:36:48 --> Session: Class initialized using 'CodeIgniter\Session\Handlers\FileHandler' driver.
INFO - 2025-12-01 16:36:48 --> Restored saved vehicle data for date 2025-12-06: 1 vehicles
INFO - 2025-12-01 16:36:48 --> Restored saved vehicle data for date 2025-12-06: 1 vehicles
INFO - 2025-12-01 16:36:48 --> Restored saved vehicle data for date 2025-12-06: 1 vehicles
INFO - 2025-12-01 16:36:48 --> Restored saved vehicle data for date 2025-12-07: 1 vehicles
INFO - 2025-12-01 16:36:48 --> Restored saved vehicle data for date 2025-12-07: 1 vehicles
INFO - 2025-12-01 16:36:48 --> Restored saved vehicle data for date 2025-12-07: 1 vehicles
INFO - 2025-12-01 16:36:48 --> Restored saved vehicle data for date 2025-12-08: 1 vehicles
INFO - 2025-12-01 16:36:48 --> Restored saved vehicle data for date 2025-12-08: 1 vehicles
INFO - 2025-12-01 16:36:48 --> Restored saved vehicle data for date 2025-12-08: 1 vehicles
DEBUG - 2025-12-01 16:36:58 --> Session: Class initialized using 'CodeIgniter\Session\Handlers\FileHandler' driver.
DEBUG - 2025-12-01 16:36:59 --> Session: Class initialized using 'CodeIgniter\Session\Handlers\FileHandler' driver.
INFO - 2025-12-01 16:36:59 --> Restored saved vehicle data for date 2025-12-06: 1 vehicles
INFO - 2025-12-01 16:36:59 --> Restored saved vehicle data for date 2025-12-06: 1 vehicles
INFO - 2025-12-01 16:36:59 --> Restored saved vehicle data for date 2025-12-06: 1 vehicles
INFO - 2025-12-01 16:36:59 --> Restored saved vehicle data for date 2025-12-07: 1 vehicles
INFO - 2025-12-01 16:36:59 --> Restored saved vehicle data for date 2025-12-07: 1 vehicles
INFO - 2025-12-01 16:36:59 --> Restored saved vehicle data for date 2025-12-07: 1 vehicles
INFO - 2025-12-01 16:36:59 --> Restored saved vehicle data for date 2025-12-08: 1 vehicles
INFO - 2025-12-01 16:36:59 --> Restored saved vehicle data for date 2025-12-08: 1 vehicles
INFO - 2025-12-01 16:36:59 --> Restored saved vehicle data for date 2025-12-08: 1 vehicles
DEBUG - 2025-12-01 16:37:10 --> Session: Class initialized using 'CodeIgniter\Session\Handlers\FileHandler' driver.
DEBUG - 2025-12-01 16:37:10 --> Session: Class initialized using 'CodeIgniter\Session\Handlers\FileHandler' driver.
DEBUG - 2025-12-01 16:37:12 --> Session: Class initialized using 'CodeIgniter\Session\Handlers\FileHandler' driver.
DEBUG - 2025-12-01 16:37:12 --> Session: Class initialized using 'CodeIgniter\Session\Handlers\FileHandler' driver.
DEBUG - 2025-12-01 16:37:12 --> Session: Class initialized using 'CodeIgniter\Session\Handlers\FileHandler' driver.
DEBUG - 2025-12-01 16:37:12 --> Session: Class initialized using 'CodeIgniter\Session\Handlers\FileHandler' driver.
CRITICAL - 2025-12-01 16:37:12 --> ErrorException: Undefined array key 0
[Method: POST, Route: Enquiry/ajax_get_itineraries]
in APPPATH\Controllers\Enquiry.php on line 10510.
 1 APPPATH\Controllers\Enquiry.php(10510): CodeIgniter\Debug\Exceptions->errorHandler(2, 'Undefined array key 0', 'C:\\wamp64\\www\\khm\\app\\Controllers\\Enquiry.php', 10510)
 2 SYSTEMPATH\CodeIgniter.php(933): App\Controllers\Enquiry->ajax_get_itineraries()
 3 SYSTEMPATH\CodeIgniter.php(509): CodeIgniter\CodeIgniter->runController(Object(App\Controllers\Enquiry))
 4 SYSTEMPATH\CodeIgniter.php(355): CodeIgniter\CodeIgniter->handleRequest(null, Object(Config\Cache), false)
 5 SYSTEMPATH\Boot.php(334): CodeIgniter\CodeIgniter->run()
 6 SYSTEMPATH\Boot.php(67): CodeIgniter\Boot::runCodeIgniter(Object(CodeIgniter\CodeIgniter))
 7 FCPATH\index.php(56): CodeIgniter\Boot::bootWeb(Object(Config\Paths))
DEBUG - 2025-12-01 16:37:17 --> Session: Class initialized using 'CodeIgniter\Session\Handlers\FileHandler' driver.
DEBUG - 2025-12-01 16:37:19 --> Session: Class initialized using 'CodeIgniter\Session\Handlers\FileHandler' driver.
DEBUG - 2025-12-01 16:37:19 --> Session: Class initialized using 'CodeIgniter\Session\Handlers\FileHandler' driver.
DEBUG - 2025-12-01 16:37:19 --> Session: Class initialized using 'CodeIgniter\Session\Handlers\FileHandler' driver.
DEBUG - 2025-12-01 16:37:20 --> Session: Class initialized using 'CodeIgniter\Session\Handlers\FileHandler' driver.
DEBUG - 2025-12-01 16:37:20 --> Session: Class initialized using 'CodeIgniter\Session\Handlers\FileHandler' driver.
DEBUG - 2025-12-01 16:41:34 --> Session: Class initialized using 'CodeIgniter\Session\Handlers\FileHandler' driver.
DEBUG - 2025-12-01 16:41:34 --> Session: Class initialized using 'CodeIgniter\Session\Handlers\FileHandler' driver.
DEBUG - 2025-12-01 16:41:38 --> Session: Class initialized using 'CodeIgniter\Session\Handlers\FileHandler' driver.
INFO - 2025-12-01 16:41:38 --> Day 1 (date 2025-12-06): No defaults loaded
INFO - 2025-12-01 16:41:38 --> Loaded default SS for Day 2 (date 2025-12-07): 1 items
INFO - 2025-12-01 16:41:38 --> Using default expansion data for date 2025-12-06 (no saved data)
INFO - 2025-12-01 16:41:38 --> Using default expansion data for date 2025-12-06 (no saved data)
INFO - 2025-12-01 16:41:38 --> Using default expansion data for date 2025-12-06 (no saved data)
INFO - 2025-12-01 16:41:38 --> Using default expansion data for date 2025-12-07 (no saved data)
INFO - 2025-12-01 16:41:38 --> Using default expansion data for date 2025-12-07 (no saved data)
INFO - 2025-12-01 16:41:38 --> Using default expansion data for date 2025-12-07 (no saved data)
INFO - 2025-12-01 16:41:38 --> Day 1 (date 2025-12-08): No defaults loaded
INFO - 2025-12-01 16:41:38 --> Using default expansion data for date 2025-12-08 (no saved data)
INFO - 2025-12-01 16:41:38 --> Using default expansion data for date 2025-12-08 (no saved data)
INFO - 2025-12-01 16:41:38 --> Using default expansion data for date 2025-12-08 (no saved data)
DEBUG - 2025-12-01 16:41:52 --> Session: Class initialized using 'CodeIgniter\Session\Handlers\FileHandler' driver.
DEBUG - 2025-12-01 16:41:52 --> Session: Class initialized using 'CodeIgniter\Session\Handlers\FileHandler' driver.
INFO - 2025-12-01 16:41:53 --> Restored saved vehicle data for date 2025-12-06: 1 vehicles
INFO - 2025-12-01 16:41:53 --> Restored saved vehicle data for date 2025-12-06: 1 vehicles
INFO - 2025-12-01 16:41:53 --> Restored saved vehicle data for date 2025-12-06: 1 vehicles
INFO - 2025-12-01 16:41:53 --> Restored saved vehicle data for date 2025-12-07: 1 vehicles
INFO - 2025-12-01 16:41:53 --> Restored saved vehicle data for date 2025-12-07: 1 vehicles
INFO - 2025-12-01 16:41:53 --> Restored saved vehicle data for date 2025-12-07: 1 vehicles
INFO - 2025-12-01 16:41:53 --> Restored saved vehicle data for date 2025-12-08: 1 vehicles
INFO - 2025-12-01 16:41:53 --> Restored saved vehicle data for date 2025-12-08: 1 vehicles
INFO - 2025-12-01 16:41:53 --> Restored saved vehicle data for date 2025-12-08: 1 vehicles
DEBUG - 2025-12-01 16:42:59 --> Session: Class initialized using 'CodeIgniter\Session\Handlers\FileHandler' driver.
INFO - 2025-12-01 16:42:59 --> Expansion date 2025-12-06: DB Total=176km, Saved SS=0km, Derived Base=176km (display base; JS adds current SS)
INFO - 2025-12-01 16:42:59 --> Expansion date 2025-12-06: DB Total=176km, Saved SS=0km, Derived Base=176km (display base; JS adds current SS)
INFO - 2025-12-01 16:42:59 --> Expansion date 2025-12-06: DB Total=176km, Saved SS=0km, Derived Base=176km (display base; JS adds current SS)
INFO - 2025-12-01 16:42:59 --> Expansion date 2025-12-07: DB Total=0km, Saved SS=90km, Derived Base=0km (display base; JS adds current SS)
INFO - 2025-12-01 16:42:59 --> Expansion date 2025-12-07: DB Total=0km, Saved SS=90km, Derived Base=0km (display base; JS adds current SS)
INFO - 2025-12-01 16:42:59 --> Expansion date 2025-12-07: DB Total=0km, Saved SS=90km, Derived Base=0km (display base; JS adds current SS)
INFO - 2025-12-01 16:42:59 --> Expansion date 2025-12-08: DB Total=211km, Saved SS=0km, Derived Base=211km (display base; JS adds current SS)
INFO - 2025-12-01 16:42:59 --> Expansion date 2025-12-08: DB Total=211km, Saved SS=0km, Derived Base=211km (display base; JS adds current SS)
INFO - 2025-12-01 16:42:59 --> Expansion date 2025-12-08: DB Total=211km, Saved SS=0km, Derived Base=211km (display base; JS adds current SS)
INFO - 2025-12-01 16:42:59 --> Itinerary expansion date 2025-12-06: Derived Base=266km (no SS added)
INFO - 2025-12-01 16:42:59 --> Itinerary expansion date 2025-12-06: Derived Base=266km (no SS added)
INFO - 2025-12-01 16:42:59 --> Itinerary expansion date 2025-12-06: Derived Base=266km (no SS added)
INFO - 2025-12-01 16:42:59 --> Itinerary expansion date 2025-12-07: Derived Base=250km (no SS added)
INFO - 2025-12-01 16:42:59 --> Itinerary expansion date 2025-12-07: Derived Base=250km (no SS added)
INFO - 2025-12-01 16:42:59 --> Itinerary expansion date 2025-12-07: Derived Base=250km (no SS added)
INFO - 2025-12-01 16:42:59 --> Itinerary expansion date 2025-12-08: Derived Base=175km (no SS added)
INFO - 2025-12-01 16:42:59 --> Itinerary expansion date 2025-12-08: Derived Base=175km (no SS added)
INFO - 2025-12-01 16:42:59 --> Itinerary expansion date 2025-12-08: Derived Base=175km (no SS added)
DEBUG - 2025-12-01 16:45:31 --> Session: Class initialized using 'CodeIgniter\Session\Handlers\FileHandler' driver.
DEBUG - 2025-12-01 16:45:32 --> Session: Class initialized using 'CodeIgniter\Session\Handlers\FileHandler' driver.
INFO - 2025-12-01 16:45:32 --> Expansion date 2025-12-06: DB Total=176km, Saved SS=0km, Derived Base=176km (display base; JS adds current SS)
INFO - 2025-12-01 16:45:32 --> Expansion date 2025-12-06: DB Total=176km, Saved SS=0km, Derived Base=176km (display base; JS adds current SS)
INFO - 2025-12-01 16:45:32 --> Expansion date 2025-12-06: DB Total=176km, Saved SS=0km, Derived Base=176km (display base; JS adds current SS)
INFO - 2025-12-01 16:45:32 --> Expansion date 2025-12-07: DB Total=0km, Saved SS=90km, Derived Base=0km (display base; JS adds current SS)
INFO - 2025-12-01 16:45:32 --> Expansion date 2025-12-07: DB Total=0km, Saved SS=90km, Derived Base=0km (display base; JS adds current SS)
INFO - 2025-12-01 16:45:32 --> Expansion date 2025-12-07: DB Total=0km, Saved SS=90km, Derived Base=0km (display base; JS adds current SS)
INFO - 2025-12-01 16:45:32 --> Expansion date 2025-12-08: DB Total=211km, Saved SS=0km, Derived Base=211km (display base; JS adds current SS)
INFO - 2025-12-01 16:45:32 --> Expansion date 2025-12-08: DB Total=211km, Saved SS=0km, Derived Base=211km (display base; JS adds current SS)
INFO - 2025-12-01 16:45:32 --> Expansion date 2025-12-08: DB Total=211km, Saved SS=0km, Derived Base=211km (display base; JS adds current SS)
INFO - 2025-12-01 16:45:32 --> Itinerary expansion date 2025-12-06: Derived Base=266km (no SS added)
INFO - 2025-12-01 16:45:32 --> Itinerary expansion date 2025-12-06: Derived Base=266km (no SS added)
INFO - 2025-12-01 16:45:32 --> Itinerary expansion date 2025-12-06: Derived Base=266km (no SS added)
INFO - 2025-12-01 16:45:32 --> Itinerary expansion date 2025-12-07: Derived Base=160km (no SS added)
INFO - 2025-12-01 16:45:32 --> Itinerary expansion date 2025-12-07: Derived Base=160km (no SS added)
INFO - 2025-12-01 16:45:32 --> Itinerary expansion date 2025-12-07: Derived Base=160km (no SS added)
INFO - 2025-12-01 16:45:32 --> Itinerary expansion date 2025-12-08: Derived Base=123km (no SS added)
INFO - 2025-12-01 16:45:32 --> Itinerary expansion date 2025-12-08: Derived Base=123km (no SS added)
INFO - 2025-12-01 16:45:32 --> Itinerary expansion date 2025-12-08: Derived Base=123km (no SS added)
DEBUG - 2025-12-01 16:45:43 --> Session: Class initialized using 'CodeIgniter\Session\Handlers\FileHandler' driver.
INFO - 2025-12-01 16:45:43 --> Expansion date 2025-12-06: DB Total=176km, Saved SS=0km, Derived Base=176km (display base; JS adds current SS)
INFO - 2025-12-01 16:45:43 --> Expansion date 2025-12-06: DB Total=176km, Saved SS=0km, Derived Base=176km (display base; JS adds current SS)
INFO - 2025-12-01 16:45:43 --> Expansion date 2025-12-06: DB Total=176km, Saved SS=0km, Derived Base=176km (display base; JS adds current SS)
INFO - 2025-12-01 16:45:43 --> Expansion date 2025-12-07: DB Total=0km, Saved SS=90km, Derived Base=0km (display base; JS adds current SS)
INFO - 2025-12-01 16:45:43 --> Expansion date 2025-12-07: DB Total=0km, Saved SS=90km, Derived Base=0km (display base; JS adds current SS)
INFO - 2025-12-01 16:45:43 --> Expansion date 2025-12-07: DB Total=0km, Saved SS=90km, Derived Base=0km (display base; JS adds current SS)
INFO - 2025-12-01 16:45:43 --> Expansion date 2025-12-08: DB Total=211km, Saved SS=0km, Derived Base=211km (display base; JS adds current SS)
INFO - 2025-12-01 16:45:43 --> Expansion date 2025-12-08: DB Total=211km, Saved SS=0km, Derived Base=211km (display base; JS adds current SS)
INFO - 2025-12-01 16:45:43 --> Expansion date 2025-12-08: DB Total=211km, Saved SS=0km, Derived Base=211km (display base; JS adds current SS)
INFO - 2025-12-01 16:45:43 --> Itinerary expansion date 2025-12-06: Derived Base=266km (no SS added)
INFO - 2025-12-01 16:45:43 --> Itinerary expansion date 2025-12-06: Derived Base=266km (no SS added)
INFO - 2025-12-01 16:45:43 --> Itinerary expansion date 2025-12-06: Derived Base=266km (no SS added)
INFO - 2025-12-01 16:45:43 --> Itinerary expansion date 2025-12-07: Derived Base=160km (no SS added)
INFO - 2025-12-01 16:45:43 --> Itinerary expansion date 2025-12-07: Derived Base=160km (no SS added)
INFO - 2025-12-01 16:45:43 --> Itinerary expansion date 2025-12-07: Derived Base=160km (no SS added)
INFO - 2025-12-01 16:45:43 --> Itinerary expansion date 2025-12-08: Derived Base=123km (no SS added)
INFO - 2025-12-01 16:45:43 --> Itinerary expansion date 2025-12-08: Derived Base=123km (no SS added)
INFO - 2025-12-01 16:45:43 --> Itinerary expansion date 2025-12-08: Derived Base=123km (no SS added)
DEBUG - 2025-12-01 16:45:48 --> Session: Class initialized using 'CodeIgniter\Session\Handlers\FileHandler' driver.
DEBUG - 2025-12-01 16:45:49 --> Session: Class initialized using 'CodeIgniter\Session\Handlers\FileHandler' driver.
INFO - 2025-12-01 16:45:49 --> Expansion date 2025-12-06: DB Total=176km, Saved SS=0km, Derived Base=176km (display base; JS adds current SS)
INFO - 2025-12-01 16:45:49 --> Expansion date 2025-12-06: DB Total=176km, Saved SS=0km, Derived Base=176km (display base; JS adds current SS)
INFO - 2025-12-01 16:45:49 --> Expansion date 2025-12-06: DB Total=176km, Saved SS=0km, Derived Base=176km (display base; JS adds current SS)
INFO - 2025-12-01 16:45:49 --> Expansion date 2025-12-07: DB Total=0km, Saved SS=90km, Derived Base=0km (display base; JS adds current SS)
INFO - 2025-12-01 16:45:49 --> Expansion date 2025-12-07: DB Total=0km, Saved SS=90km, Derived Base=0km (display base; JS adds current SS)
INFO - 2025-12-01 16:45:49 --> Expansion date 2025-12-07: DB Total=0km, Saved SS=90km, Derived Base=0km (display base; JS adds current SS)
INFO - 2025-12-01 16:45:49 --> Expansion date 2025-12-08: DB Total=211km, Saved SS=0km, Derived Base=211km (display base; JS adds current SS)
INFO - 2025-12-01 16:45:49 --> Expansion date 2025-12-08: DB Total=211km, Saved SS=0km, Derived Base=211km (display base; JS adds current SS)
INFO - 2025-12-01 16:45:49 --> Expansion date 2025-12-08: DB Total=211km, Saved SS=0km, Derived Base=211km (display base; JS adds current SS)
INFO - 2025-12-01 16:45:49 --> Itinerary expansion date 2025-12-06: Derived Base=266km (no SS added)
INFO - 2025-12-01 16:45:49 --> Itinerary expansion date 2025-12-06: Derived Base=266km (no SS added)
INFO - 2025-12-01 16:45:49 --> Itinerary expansion date 2025-12-06: Derived Base=266km (no SS added)
INFO - 2025-12-01 16:45:49 --> Itinerary expansion date 2025-12-07: Derived Base=160km (no SS added)
INFO - 2025-12-01 16:45:49 --> Itinerary expansion date 2025-12-07: Derived Base=160km (no SS added)
INFO - 2025-12-01 16:45:49 --> Itinerary expansion date 2025-12-07: Derived Base=160km (no SS added)
INFO - 2025-12-01 16:45:49 --> Itinerary expansion date 2025-12-08: Derived Base=123km (no SS added)
INFO - 2025-12-01 16:45:49 --> Itinerary expansion date 2025-12-08: Derived Base=123km (no SS added)
INFO - 2025-12-01 16:45:49 --> Itinerary expansion date 2025-12-08: Derived Base=123km (no SS added)
DEBUG - 2025-12-01 16:55:39 --> Session: Class initialized using 'CodeIgniter\Session\Handlers\FileHandler' driver.
INFO - 2025-12-01 16:55:39 --> Expansion date 2025-12-06: DB Total=176km, Saved SS=0km, Derived Base=176km (display base; JS adds current SS)
INFO - 2025-12-01 16:55:39 --> Expansion date 2025-12-06: DB Total=176km, Saved SS=0km, Derived Base=176km (display base; JS adds current SS)
INFO - 2025-12-01 16:55:39 --> Expansion date 2025-12-06: DB Total=176km, Saved SS=0km, Derived Base=176km (display base; JS adds current SS)
INFO - 2025-12-01 16:55:39 --> Expansion date 2025-12-07: DB Total=0km, Saved SS=90km, Derived Base=0km (display base; JS adds current SS)
INFO - 2025-12-01 16:55:39 --> Expansion date 2025-12-07: DB Total=0km, Saved SS=90km, Derived Base=0km (display base; JS adds current SS)
INFO - 2025-12-01 16:55:39 --> Expansion date 2025-12-07: DB Total=0km, Saved SS=90km, Derived Base=0km (display base; JS adds current SS)
INFO - 2025-12-01 16:55:39 --> Expansion date 2025-12-08: DB Total=211km, Saved SS=0km, Derived Base=211km (display base; JS adds current SS)
INFO - 2025-12-01 16:55:39 --> Expansion date 2025-12-08: DB Total=211km, Saved SS=0km, Derived Base=211km (display base; JS adds current SS)
INFO - 2025-12-01 16:55:39 --> Expansion date 2025-12-08: DB Total=211km, Saved SS=0km, Derived Base=211km (display base; JS adds current SS)
INFO - 2025-12-01 16:55:39 --> Itinerary expansion date 2025-12-06: Derived Base=266km (no SS added)
INFO - 2025-12-01 16:55:39 --> Itinerary expansion date 2025-12-06: Derived Base=266km (no SS added)
INFO - 2025-12-01 16:55:39 --> Itinerary expansion date 2025-12-06: Derived Base=266km (no SS added)
INFO - 2025-12-01 16:55:39 --> Itinerary expansion date 2025-12-07: Derived Base=160km (no SS added)
INFO - 2025-12-01 16:55:39 --> Itinerary expansion date 2025-12-07: Derived Base=160km (no SS added)
INFO - 2025-12-01 16:55:39 --> Itinerary expansion date 2025-12-07: Derived Base=160km (no SS added)
INFO - 2025-12-01 16:55:39 --> Itinerary expansion date 2025-12-08: Derived Base=123km (no SS added)
INFO - 2025-12-01 16:55:39 --> Itinerary expansion date 2025-12-08: Derived Base=123km (no SS added)
INFO - 2025-12-01 16:55:39 --> Itinerary expansion date 2025-12-08: Derived Base=123km (no SS added)
DEBUG - 2025-12-01 16:57:12 --> Session: Class initialized using 'CodeIgniter\Session\Handlers\FileHandler' driver.
DEBUG - 2025-12-01 16:57:13 --> Session: Class initialized using 'CodeIgniter\Session\Handlers\FileHandler' driver.
DEBUG - 2025-12-01 16:57:13 --> Session: Class initialized using 'CodeIgniter\Session\Handlers\FileHandler' driver.
DEBUG - 2025-12-01 16:57:13 --> Session: Class initialized using 'CodeIgniter\Session\Handlers\FileHandler' driver.
DEBUG - 2025-12-01 16:57:13 --> Session: Class initialized using 'CodeIgniter\Session\Handlers\FileHandler' driver.
DEBUG - 2025-12-01 16:57:13 --> Session: Class initialized using 'CodeIgniter\Session\Handlers\FileHandler' driver.
DEBUG - 2025-12-01 16:57:13 --> Session: Class initialized using 'CodeIgniter\Session\Handlers\FileHandler' driver.
DEBUG - 2025-12-01 16:57:19 --> Session: Class initialized using 'CodeIgniter\Session\Handlers\FileHandler' driver.
DEBUG - 2025-12-01 16:57:19 --> Session: Class initialized using 'CodeIgniter\Session\Handlers\FileHandler' driver.
DEBUG - 2025-12-01 16:57:21 --> Session: Class initialized using 'CodeIgniter\Session\Handlers\FileHandler' driver.
DEBUG - 2025-12-01 16:57:21 --> Session: Class initialized using 'CodeIgniter\Session\Handlers\FileHandler' driver.
DEBUG - 2025-12-01 16:57:21 --> Session: Class initialized using 'CodeIgniter\Session\Handlers\FileHandler' driver.
DEBUG - 2025-12-01 16:57:21 --> Session: Class initialized using 'CodeIgniter\Session\Handlers\FileHandler' driver.
CRITICAL - 2025-12-01 16:57:21 --> ErrorException: Undefined array key 0
[Method: POST, Route: Enquiry/ajax_get_itineraries]
in APPPATH\Controllers\Enquiry.php on line 10424.
 1 APPPATH\Controllers\Enquiry.php(10424): CodeIgniter\Debug\Exceptions->errorHandler(2, 'Undefined array key 0', 'C:\\wamp64\\www\\khm\\app\\Controllers\\Enquiry.php', 10424)
 2 SYSTEMPATH\CodeIgniter.php(933): App\Controllers\Enquiry->ajax_get_itineraries()
 3 SYSTEMPATH\CodeIgniter.php(509): CodeIgniter\CodeIgniter->runController(Object(App\Controllers\Enquiry))
 4 SYSTEMPATH\CodeIgniter.php(355): CodeIgniter\CodeIgniter->handleRequest(null, Object(Config\Cache), false)
 5 SYSTEMPATH\Boot.php(334): CodeIgniter\CodeIgniter->run()
 6 SYSTEMPATH\Boot.php(67): CodeIgniter\Boot::runCodeIgniter(Object(CodeIgniter\CodeIgniter))
 7 FCPATH\index.php(56): CodeIgniter\Boot::bootWeb(Object(Config\Paths))
DEBUG - 2025-12-01 16:57:22 --> Session: Class initialized using 'CodeIgniter\Session\Handlers\FileHandler' driver.
DEBUG - 2025-12-01 16:57:24 --> Session: Class initialized using 'CodeIgniter\Session\Handlers\FileHandler' driver.
DEBUG - 2025-12-01 16:57:24 --> Session: Class initialized using 'CodeIgniter\Session\Handlers\FileHandler' driver.
DEBUG - 2025-12-01 16:57:24 --> Session: Class initialized using 'CodeIgniter\Session\Handlers\FileHandler' driver.
DEBUG - 2025-12-01 16:57:25 --> Session: Class initialized using 'CodeIgniter\Session\Handlers\FileHandler' driver.
DEBUG - 2025-12-01 16:57:25 --> Session: Class initialized using 'CodeIgniter\Session\Handlers\FileHandler' driver.
DEBUG - 2025-12-01 16:57:33 --> Session: Class initialized using 'CodeIgniter\Session\Handlers\FileHandler' driver.
DEBUG - 2025-12-01 16:57:33 --> Session: Class initialized using 'CodeIgniter\Session\Handlers\FileHandler' driver.
DEBUG - 2025-12-01 16:57:33 --> Session: Class initialized using 'CodeIgniter\Session\Handlers\FileHandler' driver.
DEBUG - 2025-12-01 16:57:33 --> Session: Class initialized using 'CodeIgniter\Session\Handlers\FileHandler' driver.
DEBUG - 2025-12-01 16:57:33 --> Session: Class initialized using 'CodeIgniter\Session\Handlers\FileHandler' driver.
DEBUG - 2025-12-01 16:57:33 --> Session: Class initialized using 'CodeIgniter\Session\Handlers\FileHandler' driver.
DEBUG - 2025-12-01 16:57:36 --> Session: Class initialized using 'CodeIgniter\Session\Handlers\FileHandler' driver.
DEBUG - 2025-12-01 16:57:36 --> Session: Class initialized using 'CodeIgniter\Session\Handlers\FileHandler' driver.
DEBUG - 2025-12-01 16:57:36 --> Session: Class initialized using 'CodeIgniter\Session\Handlers\FileHandler' driver.
DEBUG - 2025-12-01 16:57:37 --> Session: Class initialized using 'CodeIgniter\Session\Handlers\FileHandler' driver.
DEBUG - 2025-12-01 16:57:37 --> Session: Class initialized using 'CodeIgniter\Session\Handlers\FileHandler' driver.
DEBUG - 2025-12-01 16:57:48 --> Session: Class initialized using 'CodeIgniter\Session\Handlers\FileHandler' driver.
DEBUG - 2025-12-01 16:57:48 --> Session: Class initialized using 'CodeIgniter\Session\Handlers\FileHandler' driver.
DEBUG - 2025-12-01 16:57:48 --> Session: Class initialized using 'CodeIgniter\Session\Handlers\FileHandler' driver.
DEBUG - 2025-12-01 16:57:49 --> Session: Class initialized using 'CodeIgniter\Session\Handlers\FileHandler' driver.
DEBUG - 2025-12-01 16:57:49 --> Session: Class initialized using 'CodeIgniter\Session\Handlers\FileHandler' driver.
DEBUG - 2025-12-01 16:57:49 --> Session: Class initialized using 'CodeIgniter\Session\Handlers\FileHandler' driver.
DEBUG - 2025-12-01 16:57:49 --> Session: Class initialized using 'CodeIgniter\Session\Handlers\FileHandler' driver.
DEBUG - 2025-12-01 16:57:49 --> Session: Class initialized using 'CodeIgniter\Session\Handlers\FileHandler' driver.
DEBUG - 2025-12-01 16:57:49 --> Session: Class initialized using 'CodeIgniter\Session\Handlers\FileHandler' driver.
DEBUG - 2025-12-01 16:57:50 --> Session: Class initialized using 'CodeIgniter\Session\Handlers\FileHandler' driver.
DEBUG - 2025-12-01 16:57:50 --> Session: Class initialized using 'CodeIgniter\Session\Handlers\FileHandler' driver.
DEBUG - 2025-12-01 16:57:50 --> Session: Class initialized using 'CodeIgniter\Session\Handlers\FileHandler' driver.
DEBUG - 2025-12-01 16:57:55 --> Session: Class initialized using 'CodeIgniter\Session\Handlers\FileHandler' driver.
DEBUG - 2025-12-01 16:57:55 --> Session: Class initialized using 'CodeIgniter\Session\Handlers\FileHandler' driver.
DEBUG - 2025-12-01 16:57:56 --> Session: Class initialized using 'CodeIgniter\Session\Handlers\FileHandler' driver.
INFO - 2025-12-01 16:57:56 --> Day 1 (date 2025-12-06): No defaults loaded
INFO - 2025-12-01 16:57:56 --> Loaded default SS for Day 2 (date 2025-12-07): 1 items
INFO - 2025-12-01 16:57:56 --> Expansion date 2025-12-06: DB Total=176km, Saved SS=0km, Derived Base=176km (display base; JS adds current SS)
INFO - 2025-12-01 16:57:56 --> Expansion date 2025-12-06: DB Total=176km, Saved SS=0km, Derived Base=176km (display base; JS adds current SS)
INFO - 2025-12-01 16:57:56 --> Expansion date 2025-12-06: DB Total=176km, Saved SS=0km, Derived Base=176km (display base; JS adds current SS)
INFO - 2025-12-01 16:57:56 --> Expansion date 2025-12-07: DB Total=0km, Saved SS=0km, Derived Base=0km (display base; JS adds current SS)
INFO - 2025-12-01 16:57:56 --> Expansion date 2025-12-07: DB Total=0km, Saved SS=0km, Derived Base=0km (display base; JS adds current SS)
INFO - 2025-12-01 16:57:56 --> Expansion date 2025-12-07: DB Total=0km, Saved SS=0km, Derived Base=0km (display base; JS adds current SS)
INFO - 2025-12-01 16:57:56 --> Day 1 (date 2025-12-08): No defaults loaded
INFO - 2025-12-01 16:57:56 --> Expansion date 2025-12-08: DB Total=211km, Saved SS=0km, Derived Base=211km (display base; JS adds current SS)
INFO - 2025-12-01 16:57:56 --> Expansion date 2025-12-08: DB Total=211km, Saved SS=0km, Derived Base=211km (display base; JS adds current SS)
INFO - 2025-12-01 16:57:56 --> Expansion date 2025-12-08: DB Total=211km, Saved SS=0km, Derived Base=211km (display base; JS adds current SS)
DEBUG - 2025-12-01 16:58:12 --> Session: Class initialized using 'CodeIgniter\Session\Handlers\FileHandler' driver.
DEBUG - 2025-12-01 16:58:12 --> Session: Class initialized using 'CodeIgniter\Session\Handlers\FileHandler' driver.
DEBUG - 2025-12-01 16:58:13 --> Session: Class initialized using 'CodeIgniter\Session\Handlers\FileHandler' driver.
DEBUG - 2025-12-01 16:58:13 --> Session: Class initialized using 'CodeIgniter\Session\Handlers\FileHandler' driver.
INFO - 2025-12-01 16:58:13 --> Expansion date 2025-12-06: DB Total=176km, Saved SS=0km, Derived Base=176km (display base; JS adds current SS)
INFO - 2025-12-01 16:58:13 --> Expansion date 2025-12-06: DB Total=176km, Saved SS=0km, Derived Base=176km (display base; JS adds current SS)
INFO - 2025-12-01 16:58:13 --> Expansion date 2025-12-06: DB Total=176km, Saved SS=0km, Derived Base=176km (display base; JS adds current SS)
INFO - 2025-12-01 16:58:13 --> Expansion date 2025-12-07: DB Total=0km, Saved SS=90km, Derived Base=0km (display base; JS adds current SS)
INFO - 2025-12-01 16:58:13 --> Expansion date 2025-12-07: DB Total=0km, Saved SS=90km, Derived Base=0km (display base; JS adds current SS)
INFO - 2025-12-01 16:58:13 --> Expansion date 2025-12-07: DB Total=0km, Saved SS=90km, Derived Base=0km (display base; JS adds current SS)
INFO - 2025-12-01 16:58:13 --> Expansion date 2025-12-08: DB Total=211km, Saved SS=0km, Derived Base=211km (display base; JS adds current SS)
INFO - 2025-12-01 16:58:13 --> Expansion date 2025-12-08: DB Total=211km, Saved SS=0km, Derived Base=211km (display base; JS adds current SS)
INFO - 2025-12-01 16:58:13 --> Expansion date 2025-12-08: DB Total=211km, Saved SS=0km, Derived Base=211km (display base; JS adds current SS)
INFO - 2025-12-01 16:58:13 --> Itinerary expansion date 2025-12-06: Derived Base=266km (no SS added)
INFO - 2025-12-01 16:58:13 --> Itinerary expansion date 2025-12-06: Derived Base=266km (no SS added)
INFO - 2025-12-01 16:58:13 --> Itinerary expansion date 2025-12-06: Derived Base=266km (no SS added)
INFO - 2025-12-01 16:58:13 --> Itinerary expansion date 2025-12-07: Derived Base=250km (no SS added)
INFO - 2025-12-01 16:58:13 --> Itinerary expansion date 2025-12-07: Derived Base=250km (no SS added)
INFO - 2025-12-01 16:58:13 --> Itinerary expansion date 2025-12-07: Derived Base=250km (no SS added)
INFO - 2025-12-01 16:58:13 --> Itinerary expansion date 2025-12-08: Derived Base=175km (no SS added)
INFO - 2025-12-01 16:58:13 --> Itinerary expansion date 2025-12-08: Derived Base=175km (no SS added)
INFO - 2025-12-01 16:58:13 --> Itinerary expansion date 2025-12-08: Derived Base=175km (no SS added)
DEBUG - 2025-12-01 16:58:14 --> Session: Class initialized using 'CodeIgniter\Session\Handlers\FileHandler' driver.
DEBUG - 2025-12-01 16:58:14 --> Session: Class initialized using 'CodeIgniter\Session\Handlers\FileHandler' driver.
DEBUG - 2025-12-01 17:43:53 --> Session: Class initialized using 'CodeIgniter\Session\Handlers\FileHandler' driver.
INFO - 2025-12-01 17:43:53 --> Expansion date 2025-12-06: DB Total=176km, Saved SS=0km, Derived Base=176km (display base; JS adds current SS)
INFO - 2025-12-01 17:43:53 --> Expansion date 2025-12-06: DB Total=176km, Saved SS=0km, Derived Base=176km (display base; JS adds current SS)
INFO - 2025-12-01 17:43:53 --> Expansion date 2025-12-06: DB Total=176km, Saved SS=0km, Derived Base=176km (display base; JS adds current SS)
INFO - 2025-12-01 17:43:53 --> Expansion date 2025-12-07: DB Total=0km, Saved SS=90km, Derived Base=0km (display base; JS adds current SS)
INFO - 2025-12-01 17:43:53 --> Expansion date 2025-12-07: DB Total=0km, Saved SS=90km, Derived Base=0km (display base; JS adds current SS)
INFO - 2025-12-01 17:43:53 --> Expansion date 2025-12-07: DB Total=0km, Saved SS=90km, Derived Base=0km (display base; JS adds current SS)
INFO - 2025-12-01 17:43:53 --> Expansion date 2025-12-08: DB Total=211km, Saved SS=0km, Derived Base=211km (display base; JS adds current SS)
INFO - 2025-12-01 17:43:53 --> Expansion date 2025-12-08: DB Total=211km, Saved SS=0km, Derived Base=211km (display base; JS adds current SS)
INFO - 2025-12-01 17:43:53 --> Expansion date 2025-12-08: DB Total=211km, Saved SS=0km, Derived Base=211km (display base; JS adds current SS)
INFO - 2025-12-01 17:43:53 --> Itinerary expansion date 2025-12-06: Derived Base=266km (no SS added)
INFO - 2025-12-01 17:43:53 --> Itinerary expansion date 2025-12-06: Derived Base=266km (no SS added)
INFO - 2025-12-01 17:43:53 --> Itinerary expansion date 2025-12-06: Derived Base=266km (no SS added)
INFO - 2025-12-01 17:43:53 --> Itinerary expansion date 2025-12-07: Derived Base=250km (no SS added)
INFO - 2025-12-01 17:43:53 --> Itinerary expansion date 2025-12-07: Derived Base=250km (no SS added)
INFO - 2025-12-01 17:43:53 --> Itinerary expansion date 2025-12-07: Derived Base=250km (no SS added)
INFO - 2025-12-01 17:43:53 --> Itinerary expansion date 2025-12-08: Derived Base=175km (no SS added)
INFO - 2025-12-01 17:43:53 --> Itinerary expansion date 2025-12-08: Derived Base=175km (no SS added)
INFO - 2025-12-01 17:43:53 --> Itinerary expansion date 2025-12-08: Derived Base=175km (no SS added)
DEBUG - 2025-12-01 17:43:54 --> Session: Class initialized using 'CodeIgniter\Session\Handlers\FileHandler' driver.
DEBUG - 2025-12-01 17:43:54 --> Session: Class initialized using 'CodeIgniter\Session\Handlers\FileHandler' driver.
DEBUG - 2025-12-01 17:43:59 --> Session: Class initialized using 'CodeIgniter\Session\Handlers\FileHandler' driver.
DEBUG - 2025-12-01 17:43:59 --> Session: Class initialized using 'CodeIgniter\Session\Handlers\FileHandler' driver.
DEBUG - 2025-12-01 17:44:01 --> Session: Class initialized using 'CodeIgniter\Session\Handlers\FileHandler' driver.
DEBUG - 2025-12-01 17:44:01 --> Session: Class initialized using 'CodeIgniter\Session\Handlers\FileHandler' driver.
DEBUG - 2025-12-01 17:44:01 --> Session: Class initialized using 'CodeIgniter\Session\Handlers\FileHandler' driver.
DEBUG - 2025-12-01 17:44:01 --> Session: Class initialized using 'CodeIgniter\Session\Handlers\FileHandler' driver.
CRITICAL - 2025-12-01 17:44:01 --> ErrorException: Undefined array key 0
[Method: POST, Route: Enquiry/ajax_get_itineraries]
in APPPATH\Controllers\Enquiry.php on line 10424.
 1 APPPATH\Controllers\Enquiry.php(10424): CodeIgniter\Debug\Exceptions->errorHandler(2, 'Undefined array key 0', 'C:\\wamp64\\www\\khm\\app\\Controllers\\Enquiry.php', 10424)
 2 SYSTEMPATH\CodeIgniter.php(933): App\Controllers\Enquiry->ajax_get_itineraries()
 3 SYSTEMPATH\CodeIgniter.php(509): CodeIgniter\CodeIgniter->runController(Object(App\Controllers\Enquiry))
 4 SYSTEMPATH\CodeIgniter.php(355): CodeIgniter\CodeIgniter->handleRequest(null, Object(Config\Cache), false)
 5 SYSTEMPATH\Boot.php(334): CodeIgniter\CodeIgniter->run()
 6 SYSTEMPATH\Boot.php(67): CodeIgniter\Boot::runCodeIgniter(Object(CodeIgniter\CodeIgniter))
 7 FCPATH\index.php(56): CodeIgniter\Boot::bootWeb(Object(Config\Paths))
DEBUG - 2025-12-01 17:44:02 --> Session: Class initialized using 'CodeIgniter\Session\Handlers\FileHandler' driver.
DEBUG - 2025-12-01 17:44:03 --> Session: Class initialized using 'CodeIgniter\Session\Handlers\FileHandler' driver.
DEBUG - 2025-12-01 17:44:03 --> Session: Class initialized using 'CodeIgniter\Session\Handlers\FileHandler' driver.
DEBUG - 2025-12-01 17:44:03 --> Session: Class initialized using 'CodeIgniter\Session\Handlers\FileHandler' driver.
DEBUG - 2025-12-01 17:44:04 --> Session: Class initialized using 'CodeIgniter\Session\Handlers\FileHandler' driver.
DEBUG - 2025-12-01 17:44:04 --> Session: Class initialized using 'CodeIgniter\Session\Handlers\FileHandler' driver.
DEBUG - 2025-12-01 17:44:22 --> Session: Class initialized using 'CodeIgniter\Session\Handlers\FileHandler' driver.
DEBUG - 2025-12-01 17:44:22 --> Session: Class initialized using 'CodeIgniter\Session\Handlers\FileHandler' driver.
DEBUG - 2025-12-01 17:44:22 --> Session: Class initialized using 'CodeIgniter\Session\Handlers\FileHandler' driver.
DEBUG - 2025-12-01 17:44:24 --> Session: Class initialized using 'CodeIgniter\Session\Handlers\FileHandler' driver.
DEBUG - 2025-12-01 17:44:25 --> Session: Class initialized using 'CodeIgniter\Session\Handlers\FileHandler' driver.
DEBUG - 2025-12-01 17:44:26 --> Session: Class initialized using 'CodeIgniter\Session\Handlers\FileHandler' driver.
INFO - 2025-12-01 17:44:26 --> Day 1 (date 2025-12-06): No defaults loaded
INFO - 2025-12-01 17:44:26 --> Loaded default SS for Day 2 (date 2025-12-07): 1 items
INFO - 2025-12-01 17:44:26 --> Expansion date 2025-12-06: DB Total=176km, Saved SS=0km, Derived Base=176km (display base; JS adds current SS)
INFO - 2025-12-01 17:44:26 --> Expansion date 2025-12-06: DB Total=176km, Saved SS=0km, Derived Base=176km (display base; JS adds current SS)
INFO - 2025-12-01 17:44:26 --> Expansion date 2025-12-06: DB Total=176km, Saved SS=0km, Derived Base=176km (display base; JS adds current SS)
INFO - 2025-12-01 17:44:26 --> Expansion date 2025-12-07: DB Total=0km, Saved SS=0km, Derived Base=0km (display base; JS adds current SS)
INFO - 2025-12-01 17:44:26 --> Expansion date 2025-12-07: DB Total=0km, Saved SS=0km, Derived Base=0km (display base; JS adds current SS)
INFO - 2025-12-01 17:44:26 --> Expansion date 2025-12-07: DB Total=0km, Saved SS=0km, Derived Base=0km (display base; JS adds current SS)
INFO - 2025-12-01 17:44:26 --> Day 1 (date 2025-12-08): No defaults loaded
INFO - 2025-12-01 17:44:26 --> Expansion date 2025-12-08: DB Total=211km, Saved SS=0km, Derived Base=211km (display base; JS adds current SS)
INFO - 2025-12-01 17:44:26 --> Expansion date 2025-12-08: DB Total=211km, Saved SS=0km, Derived Base=211km (display base; JS adds current SS)
INFO - 2025-12-01 17:44:26 --> Expansion date 2025-12-08: DB Total=211km, Saved SS=0km, Derived Base=211km (display base; JS adds current SS)
DEBUG - 2025-12-01 17:44:31 --> Session: Class initialized using 'CodeIgniter\Session\Handlers\FileHandler' driver.
DEBUG - 2025-12-01 17:44:31 --> Session: Class initialized using 'CodeIgniter\Session\Handlers\FileHandler' driver.
INFO - 2025-12-01 17:44:31 --> Expansion date 2025-12-06: DB Total=176km, Saved SS=0km, Derived Base=176km (display base; JS adds current SS)
INFO - 2025-12-01 17:44:31 --> Expansion date 2025-12-06: DB Total=176km, Saved SS=0km, Derived Base=176km (display base; JS adds current SS)
INFO - 2025-12-01 17:44:31 --> Expansion date 2025-12-06: DB Total=176km, Saved SS=0km, Derived Base=176km (display base; JS adds current SS)
INFO - 2025-12-01 17:44:31 --> Expansion date 2025-12-07: DB Total=0km, Saved SS=90km, Derived Base=0km (display base; JS adds current SS)
INFO - 2025-12-01 17:44:31 --> Expansion date 2025-12-07: DB Total=0km, Saved SS=90km, Derived Base=0km (display base; JS adds current SS)
INFO - 2025-12-01 17:44:31 --> Expansion date 2025-12-07: DB Total=0km, Saved SS=90km, Derived Base=0km (display base; JS adds current SS)
INFO - 2025-12-01 17:44:31 --> Expansion date 2025-12-08: DB Total=211km, Saved SS=0km, Derived Base=211km (display base; JS adds current SS)
INFO - 2025-12-01 17:44:31 --> Expansion date 2025-12-08: DB Total=211km, Saved SS=0km, Derived Base=211km (display base; JS adds current SS)
INFO - 2025-12-01 17:44:31 --> Expansion date 2025-12-08: DB Total=211km, Saved SS=0km, Derived Base=211km (display base; JS adds current SS)
INFO - 2025-12-01 17:44:31 --> Itinerary expansion date 2025-12-06: Derived Base=266km (no SS added)
INFO - 2025-12-01 17:44:31 --> Itinerary expansion date 2025-12-06: Derived Base=266km (no SS added)
INFO - 2025-12-01 17:44:31 --> Itinerary expansion date 2025-12-06: Derived Base=266km (no SS added)
INFO - 2025-12-01 17:44:31 --> Itinerary expansion date 2025-12-07: Derived Base=250km (no SS added)
INFO - 2025-12-01 17:44:31 --> Itinerary expansion date 2025-12-07: Derived Base=250km (no SS added)
INFO - 2025-12-01 17:44:31 --> Itinerary expansion date 2025-12-07: Derived Base=250km (no SS added)
INFO - 2025-12-01 17:44:31 --> Itinerary expansion date 2025-12-08: Derived Base=175km (no SS added)
INFO - 2025-12-01 17:44:31 --> Itinerary expansion date 2025-12-08: Derived Base=175km (no SS added)
INFO - 2025-12-01 17:44:31 --> Itinerary expansion date 2025-12-08: Derived Base=175km (no SS added)
DEBUG - 2025-12-01 17:45:04 --> Session: Class initialized using 'CodeIgniter\Session\Handlers\FileHandler' driver.
DEBUG - 2025-12-01 17:45:04 --> Session: Class initialized using 'CodeIgniter\Session\Handlers\FileHandler' driver.
DEBUG - 2025-12-01 17:52:03 --> Session: Class initialized using 'CodeIgniter\Session\Handlers\FileHandler' driver.
INFO - 2025-12-01 17:52:03 --> Expansion date 2025-12-06: DB Total=176km, Saved SS=0km, Derived Base=176km (display base; JS adds current SS)
INFO - 2025-12-01 17:52:03 --> Expansion date 2025-12-06: DB Total=176km, Saved SS=0km, Derived Base=176km (display base; JS adds current SS)
INFO - 2025-12-01 17:52:03 --> Expansion date 2025-12-06: DB Total=176km, Saved SS=0km, Derived Base=176km (display base; JS adds current SS)
INFO - 2025-12-01 17:52:03 --> Expansion date 2025-12-07: DB Total=0km, Saved SS=90km, Derived Base=0km (display base; JS adds current SS)
INFO - 2025-12-01 17:52:03 --> Expansion date 2025-12-07: DB Total=0km, Saved SS=90km, Derived Base=0km (display base; JS adds current SS)
INFO - 2025-12-01 17:52:03 --> Expansion date 2025-12-07: DB Total=0km, Saved SS=90km, Derived Base=0km (display base; JS adds current SS)
INFO - 2025-12-01 17:52:03 --> Expansion date 2025-12-08: DB Total=211km, Saved SS=0km, Derived Base=211km (display base; JS adds current SS)
INFO - 2025-12-01 17:52:03 --> Expansion date 2025-12-08: DB Total=211km, Saved SS=0km, Derived Base=211km (display base; JS adds current SS)
INFO - 2025-12-01 17:52:03 --> Expansion date 2025-12-08: DB Total=211km, Saved SS=0km, Derived Base=211km (display base; JS adds current SS)
INFO - 2025-12-01 17:52:03 --> Itinerary expansion date 2025-12-06: Derived Base=266km (no SS added)
INFO - 2025-12-01 17:52:03 --> Itinerary expansion date 2025-12-06: Derived Base=266km (no SS added)
INFO - 2025-12-01 17:52:03 --> Itinerary expansion date 2025-12-06: Derived Base=266km (no SS added)
INFO - 2025-12-01 17:52:03 --> Itinerary expansion date 2025-12-07: Derived Base=250km (no SS added)
INFO - 2025-12-01 17:52:03 --> Itinerary expansion date 2025-12-07: Derived Base=250km (no SS added)
INFO - 2025-12-01 17:52:03 --> Itinerary expansion date 2025-12-07: Derived Base=250km (no SS added)
INFO - 2025-12-01 17:52:03 --> Itinerary expansion date 2025-12-08: Derived Base=175km (no SS added)
INFO - 2025-12-01 17:52:03 --> Itinerary expansion date 2025-12-08: Derived Base=175km (no SS added)
INFO - 2025-12-01 17:52:03 --> Itinerary expansion date 2025-12-08: Derived Base=175km (no SS added)
DEBUG - 2025-12-01 17:52:07 --> Session: Class initialized using 'CodeIgniter\Session\Handlers\FileHandler' driver.
INFO - 2025-12-01 17:52:07 --> Expansion date 2025-12-06: DB Total=176km, Saved SS=0km, Derived Base=176km (display base; JS adds current SS)
INFO - 2025-12-01 17:52:07 --> Expansion date 2025-12-06: DB Total=176km, Saved SS=0km, Derived Base=176km (display base; JS adds current SS)
INFO - 2025-12-01 17:52:07 --> Expansion date 2025-12-06: DB Total=176km, Saved SS=0km, Derived Base=176km (display base; JS adds current SS)
INFO - 2025-12-01 17:52:07 --> Expansion date 2025-12-07: DB Total=0km, Saved SS=90km, Derived Base=0km (display base; JS adds current SS)
INFO - 2025-12-01 17:52:07 --> Expansion date 2025-12-07: DB Total=0km, Saved SS=90km, Derived Base=0km (display base; JS adds current SS)
INFO - 2025-12-01 17:52:07 --> Expansion date 2025-12-07: DB Total=0km, Saved SS=90km, Derived Base=0km (display base; JS adds current SS)
INFO - 2025-12-01 17:52:07 --> Expansion date 2025-12-08: DB Total=211km, Saved SS=0km, Derived Base=211km (display base; JS adds current SS)
INFO - 2025-12-01 17:52:07 --> Expansion date 2025-12-08: DB Total=211km, Saved SS=0km, Derived Base=211km (display base; JS adds current SS)
INFO - 2025-12-01 17:52:07 --> Expansion date 2025-12-08: DB Total=211km, Saved SS=0km, Derived Base=211km (display base; JS adds current SS)
INFO - 2025-12-01 17:52:07 --> Itinerary expansion date 2025-12-06: Derived Base=266km (no SS added)
INFO - 2025-12-01 17:52:07 --> Itinerary expansion date 2025-12-06: Derived Base=266km (no SS added)
INFO - 2025-12-01 17:52:07 --> Itinerary expansion date 2025-12-06: Derived Base=266km (no SS added)
INFO - 2025-12-01 17:52:07 --> Itinerary expansion date 2025-12-07: Derived Base=250km (no SS added)
INFO - 2025-12-01 17:52:07 --> Itinerary expansion date 2025-12-07: Derived Base=250km (no SS added)
INFO - 2025-12-01 17:52:07 --> Itinerary expansion date 2025-12-07: Derived Base=250km (no SS added)
INFO - 2025-12-01 17:52:07 --> Itinerary expansion date 2025-12-08: Derived Base=175km (no SS added)
INFO - 2025-12-01 17:52:07 --> Itinerary expansion date 2025-12-08: Derived Base=175km (no SS added)
INFO - 2025-12-01 17:52:07 --> Itinerary expansion date 2025-12-08: Derived Base=175km (no SS added)
DEBUG - 2025-12-01 17:52:16 --> Session: Class initialized using 'CodeIgniter\Session\Handlers\FileHandler' driver.
DEBUG - 2025-12-01 17:52:16 --> Session: Class initialized using 'CodeIgniter\Session\Handlers\FileHandler' driver.
DEBUG - 2025-12-01 17:52:26 --> Session: Class initialized using 'CodeIgniter\Session\Handlers\FileHandler' driver.
INFO - 2025-12-01 17:52:26 --> Expansion date 2025-12-06: DB Total=176km, Saved SS=0km, Derived Base=176km (display base; JS adds current SS)
INFO - 2025-12-01 17:52:26 --> Expansion date 2025-12-06: DB Total=176km, Saved SS=0km, Derived Base=176km (display base; JS adds current SS)
INFO - 2025-12-01 17:52:26 --> Expansion date 2025-12-06: DB Total=176km, Saved SS=0km, Derived Base=176km (display base; JS adds current SS)
INFO - 2025-12-01 17:52:26 --> Expansion date 2025-12-07: DB Total=0km, Saved SS=90km, Derived Base=0km (display base; JS adds current SS)
INFO - 2025-12-01 17:52:26 --> Expansion date 2025-12-07: DB Total=0km, Saved SS=90km, Derived Base=0km (display base; JS adds current SS)
INFO - 2025-12-01 17:52:26 --> Expansion date 2025-12-07: DB Total=0km, Saved SS=90km, Derived Base=0km (display base; JS adds current SS)
INFO - 2025-12-01 17:52:26 --> Expansion date 2025-12-08: DB Total=211km, Saved SS=0km, Derived Base=211km (display base; JS adds current SS)
INFO - 2025-12-01 17:52:26 --> Expansion date 2025-12-08: DB Total=211km, Saved SS=0km, Derived Base=211km (display base; JS adds current SS)
INFO - 2025-12-01 17:52:26 --> Expansion date 2025-12-08: DB Total=211km, Saved SS=0km, Derived Base=211km (display base; JS adds current SS)
INFO - 2025-12-01 17:52:26 --> Itinerary expansion date 2025-12-06: Derived Base=266km (no SS added)
INFO - 2025-12-01 17:52:26 --> Itinerary expansion date 2025-12-06: Derived Base=266km (no SS added)
INFO - 2025-12-01 17:52:26 --> Itinerary expansion date 2025-12-06: Derived Base=266km (no SS added)
INFO - 2025-12-01 17:52:26 --> Itinerary expansion date 2025-12-07: Derived Base=250km (no SS added)
INFO - 2025-12-01 17:52:26 --> Itinerary expansion date 2025-12-07: Derived Base=250km (no SS added)
INFO - 2025-12-01 17:52:26 --> Itinerary expansion date 2025-12-07: Derived Base=250km (no SS added)
INFO - 2025-12-01 17:52:26 --> Itinerary expansion date 2025-12-08: Derived Base=175km (no SS added)
INFO - 2025-12-01 17:52:26 --> Itinerary expansion date 2025-12-08: Derived Base=175km (no SS added)
INFO - 2025-12-01 17:52:26 --> Itinerary expansion date 2025-12-08: Derived Base=175km (no SS added)
DEBUG - 2025-12-01 17:52:27 --> Session: Class initialized using 'CodeIgniter\Session\Handlers\FileHandler' driver.
DEBUG - 2025-12-01 17:52:27 --> Session: Class initialized using 'CodeIgniter\Session\Handlers\FileHandler' driver.
DEBUG - 2025-12-01 17:52:32 --> Session: Class initialized using 'CodeIgniter\Session\Handlers\FileHandler' driver.
INFO - 2025-12-01 17:52:32 --> Expansion date 2025-12-06: DB Total=176km, Saved SS=0km, Derived Base=176km (display base; JS adds current SS)
INFO - 2025-12-01 17:52:32 --> Expansion date 2025-12-06: DB Total=176km, Saved SS=0km, Derived Base=176km (display base; JS adds current SS)
INFO - 2025-12-01 17:52:32 --> Expansion date 2025-12-06: DB Total=176km, Saved SS=0km, Derived Base=176km (display base; JS adds current SS)
INFO - 2025-12-01 17:52:32 --> Expansion date 2025-12-07: DB Total=0km, Saved SS=90km, Derived Base=0km (display base; JS adds current SS)
INFO - 2025-12-01 17:52:32 --> Expansion date 2025-12-07: DB Total=0km, Saved SS=90km, Derived Base=0km (display base; JS adds current SS)
INFO - 2025-12-01 17:52:32 --> Expansion date 2025-12-07: DB Total=0km, Saved SS=90km, Derived Base=0km (display base; JS adds current SS)
INFO - 2025-12-01 17:52:32 --> Expansion date 2025-12-08: DB Total=211km, Saved SS=0km, Derived Base=211km (display base; JS adds current SS)
INFO - 2025-12-01 17:52:32 --> Expansion date 2025-12-08: DB Total=211km, Saved SS=0km, Derived Base=211km (display base; JS adds current SS)
INFO - 2025-12-01 17:52:32 --> Expansion date 2025-12-08: DB Total=211km, Saved SS=0km, Derived Base=211km (display base; JS adds current SS)
INFO - 2025-12-01 17:52:32 --> Itinerary expansion date 2025-12-06: Derived Base=266km (no SS added)
INFO - 2025-12-01 17:52:32 --> Itinerary expansion date 2025-12-06: Derived Base=266km (no SS added)
INFO - 2025-12-01 17:52:32 --> Itinerary expansion date 2025-12-06: Derived Base=266km (no SS added)
INFO - 2025-12-01 17:52:32 --> Itinerary expansion date 2025-12-07: Derived Base=250km (no SS added)
INFO - 2025-12-01 17:52:32 --> Itinerary expansion date 2025-12-07: Derived Base=250km (no SS added)
INFO - 2025-12-01 17:52:32 --> Itinerary expansion date 2025-12-07: Derived Base=250km (no SS added)
INFO - 2025-12-01 17:52:32 --> Itinerary expansion date 2025-12-08: Derived Base=175km (no SS added)
INFO - 2025-12-01 17:52:32 --> Itinerary expansion date 2025-12-08: Derived Base=175km (no SS added)
INFO - 2025-12-01 17:52:32 --> Itinerary expansion date 2025-12-08: Derived Base=175km (no SS added)
DEBUG - 2025-12-01 17:52:33 --> Session: Class initialized using 'CodeIgniter\Session\Handlers\FileHandler' driver.
DEBUG - 2025-12-01 17:52:33 --> Session: Class initialized using 'CodeIgniter\Session\Handlers\FileHandler' driver.
DEBUG - 2025-12-01 17:54:36 --> Session: Class initialized using 'CodeIgniter\Session\Handlers\FileHandler' driver.
INFO - 2025-12-01 17:54:37 --> Expansion date 2025-12-06: DB Total=176km, Saved SS=0km, Derived Base=176km (display base; JS adds current SS)
INFO - 2025-12-01 17:54:37 --> Expansion date 2025-12-06: DB Total=176km, Saved SS=0km, Derived Base=176km (display base; JS adds current SS)
INFO - 2025-12-01 17:54:37 --> Expansion date 2025-12-06: DB Total=176km, Saved SS=0km, Derived Base=176km (display base; JS adds current SS)
INFO - 2025-12-01 17:54:37 --> Expansion date 2025-12-07: DB Total=0km, Saved SS=90km, Derived Base=0km (display base; JS adds current SS)
INFO - 2025-12-01 17:54:37 --> Expansion date 2025-12-07: DB Total=0km, Saved SS=90km, Derived Base=0km (display base; JS adds current SS)
INFO - 2025-12-01 17:54:37 --> Expansion date 2025-12-07: DB Total=0km, Saved SS=90km, Derived Base=0km (display base; JS adds current SS)
INFO - 2025-12-01 17:54:37 --> Expansion date 2025-12-08: DB Total=211km, Saved SS=0km, Derived Base=211km (display base; JS adds current SS)
INFO - 2025-12-01 17:54:37 --> Expansion date 2025-12-08: DB Total=211km, Saved SS=0km, Derived Base=211km (display base; JS adds current SS)
INFO - 2025-12-01 17:54:37 --> Expansion date 2025-12-08: DB Total=211km, Saved SS=0km, Derived Base=211km (display base; JS adds current SS)
INFO - 2025-12-01 17:54:37 --> Itinerary expansion date 2025-12-06: Derived Base=266km (no SS added)
INFO - 2025-12-01 17:54:37 --> Itinerary expansion date 2025-12-06: Derived Base=266km (no SS added)
INFO - 2025-12-01 17:54:37 --> Itinerary expansion date 2025-12-06: Derived Base=266km (no SS added)
INFO - 2025-12-01 17:54:37 --> Itinerary expansion date 2025-12-07: Derived Base=250km (no SS added)
INFO - 2025-12-01 17:54:37 --> Itinerary expansion date 2025-12-07: Derived Base=250km (no SS added)
INFO - 2025-12-01 17:54:37 --> Itinerary expansion date 2025-12-07: Derived Base=250km (no SS added)
INFO - 2025-12-01 17:54:37 --> Itinerary expansion date 2025-12-08: Derived Base=175km (no SS added)
INFO - 2025-12-01 17:54:37 --> Itinerary expansion date 2025-12-08: Derived Base=175km (no SS added)
INFO - 2025-12-01 17:54:37 --> Itinerary expansion date 2025-12-08: Derived Base=175km (no SS added)
DEBUG - 2025-12-01 17:54:40 --> Session: Class initialized using 'CodeIgniter\Session\Handlers\FileHandler' driver.
INFO - 2025-12-01 17:54:40 --> Expansion date 2025-12-06: DB Total=176km, Saved SS=0km, Derived Base=176km (display base; JS adds current SS)
INFO - 2025-12-01 17:54:40 --> Expansion date 2025-12-06: DB Total=176km, Saved SS=0km, Derived Base=176km (display base; JS adds current SS)
INFO - 2025-12-01 17:54:40 --> Expansion date 2025-12-06: DB Total=176km, Saved SS=0km, Derived Base=176km (display base; JS adds current SS)
INFO - 2025-12-01 17:54:40 --> Expansion date 2025-12-07: DB Total=0km, Saved SS=90km, Derived Base=0km (display base; JS adds current SS)
INFO - 2025-12-01 17:54:40 --> Expansion date 2025-12-07: DB Total=0km, Saved SS=90km, Derived Base=0km (display base; JS adds current SS)
INFO - 2025-12-01 17:54:40 --> Expansion date 2025-12-07: DB Total=0km, Saved SS=90km, Derived Base=0km (display base; JS adds current SS)
INFO - 2025-12-01 17:54:40 --> Expansion date 2025-12-08: DB Total=211km, Saved SS=0km, Derived Base=211km (display base; JS adds current SS)
INFO - 2025-12-01 17:54:40 --> Expansion date 2025-12-08: DB Total=211km, Saved SS=0km, Derived Base=211km (display base; JS adds current SS)
INFO - 2025-12-01 17:54:40 --> Expansion date 2025-12-08: DB Total=211km, Saved SS=0km, Derived Base=211km (display base; JS adds current SS)
INFO - 2025-12-01 17:54:40 --> Itinerary expansion date 2025-12-06: Derived Base=266km (no SS added)
INFO - 2025-12-01 17:54:40 --> Itinerary expansion date 2025-12-06: Derived Base=266km (no SS added)
INFO - 2025-12-01 17:54:40 --> Itinerary expansion date 2025-12-06: Derived Base=266km (no SS added)
INFO - 2025-12-01 17:54:40 --> Itinerary expansion date 2025-12-07: Derived Base=250km (no SS added)
INFO - 2025-12-01 17:54:40 --> Itinerary expansion date 2025-12-07: Derived Base=250km (no SS added)
INFO - 2025-12-01 17:54:40 --> Itinerary expansion date 2025-12-07: Derived Base=250km (no SS added)
INFO - 2025-12-01 17:54:40 --> Itinerary expansion date 2025-12-08: Derived Base=175km (no SS added)
INFO - 2025-12-01 17:54:40 --> Itinerary expansion date 2025-12-08: Derived Base=175km (no SS added)
INFO - 2025-12-01 17:54:40 --> Itinerary expansion date 2025-12-08: Derived Base=175km (no SS added)
DEBUG - 2025-12-01 17:54:50 --> Session: Class initialized using 'CodeIgniter\Session\Handlers\FileHandler' driver.
DEBUG - 2025-12-01 17:54:50 --> Session: Class initialized using 'CodeIgniter\Session\Handlers\FileHandler' driver.
DEBUG - 2025-12-01 17:55:34 --> Session: Class initialized using 'CodeIgniter\Session\Handlers\FileHandler' driver.
DEBUG - 2025-12-01 17:55:36 --> Session: Class initialized using 'CodeIgniter\Session\Handlers\FileHandler' driver.
INFO - 2025-12-01 17:55:36 --> Expansion date 2025-12-06: DB Total=176km, Saved SS=0km, Derived Base=176km (display base; JS adds current SS)
INFO - 2025-12-01 17:55:36 --> Expansion date 2025-12-06: DB Total=176km, Saved SS=0km, Derived Base=176km (display base; JS adds current SS)
INFO - 2025-12-01 17:55:36 --> Expansion date 2025-12-06: DB Total=176km, Saved SS=0km, Derived Base=176km (display base; JS adds current SS)
INFO - 2025-12-01 17:55:36 --> Expansion date 2025-12-07: DB Total=0km, Saved SS=0km, Derived Base=0km (display base; JS adds current SS)
INFO - 2025-12-01 17:55:36 --> Expansion date 2025-12-07: DB Total=0km, Saved SS=0km, Derived Base=0km (display base; JS adds current SS)
INFO - 2025-12-01 17:55:36 --> Expansion date 2025-12-07: DB Total=0km, Saved SS=0km, Derived Base=0km (display base; JS adds current SS)
INFO - 2025-12-01 17:55:36 --> Expansion date 2025-12-08: DB Total=211km, Saved SS=0km, Derived Base=211km (display base; JS adds current SS)
INFO - 2025-12-01 17:55:36 --> Expansion date 2025-12-08: DB Total=211km, Saved SS=0km, Derived Base=211km (display base; JS adds current SS)
INFO - 2025-12-01 17:55:36 --> Expansion date 2025-12-08: DB Total=211km, Saved SS=0km, Derived Base=211km (display base; JS adds current SS)
INFO - 2025-12-01 17:55:36 --> Itinerary expansion date 2025-12-06: Derived Base=266km (no SS added)
INFO - 2025-12-01 17:55:36 --> Itinerary expansion date 2025-12-06: Derived Base=266km (no SS added)
INFO - 2025-12-01 17:55:36 --> Itinerary expansion date 2025-12-06: Derived Base=266km (no SS added)
INFO - 2025-12-01 17:55:36 --> Itinerary expansion date 2025-12-07: Derived Base=250km (no SS added)
INFO - 2025-12-01 17:55:36 --> Itinerary expansion date 2025-12-07: Derived Base=250km (no SS added)
INFO - 2025-12-01 17:55:36 --> Itinerary expansion date 2025-12-07: Derived Base=250km (no SS added)
INFO - 2025-12-01 17:55:36 --> Itinerary expansion date 2025-12-08: Derived Base=175km (no SS added)
INFO - 2025-12-01 17:55:36 --> Itinerary expansion date 2025-12-08: Derived Base=175km (no SS added)
INFO - 2025-12-01 17:55:36 --> Itinerary expansion date 2025-12-08: Derived Base=175km (no SS added)
DEBUG - 2025-12-01 17:55:47 --> Session: Class initialized using 'CodeIgniter\Session\Handlers\FileHandler' driver.
DEBUG - 2025-12-01 17:55:48 --> Session: Class initialized using 'CodeIgniter\Session\Handlers\FileHandler' driver.
INFO - 2025-12-01 17:55:48 --> Expansion date 2025-12-06: DB Total=176km, Saved SS=0km, Derived Base=176km (display base; JS adds current SS)
INFO - 2025-12-01 17:55:48 --> Expansion date 2025-12-06: DB Total=176km, Saved SS=0km, Derived Base=176km (display base; JS adds current SS)
INFO - 2025-12-01 17:55:48 --> Expansion date 2025-12-06: DB Total=176km, Saved SS=0km, Derived Base=176km (display base; JS adds current SS)
INFO - 2025-12-01 17:55:48 --> Expansion date 2025-12-07: DB Total=0km, Saved SS=0km, Derived Base=0km (display base; JS adds current SS)
INFO - 2025-12-01 17:55:48 --> Expansion date 2025-12-07: DB Total=0km, Saved SS=0km, Derived Base=0km (display base; JS adds current SS)
INFO - 2025-12-01 17:55:48 --> Expansion date 2025-12-07: DB Total=0km, Saved SS=0km, Derived Base=0km (display base; JS adds current SS)
INFO - 2025-12-01 17:55:48 --> Expansion date 2025-12-08: DB Total=211km, Saved SS=0km, Derived Base=211km (display base; JS adds current SS)
INFO - 2025-12-01 17:55:48 --> Expansion date 2025-12-08: DB Total=211km, Saved SS=0km, Derived Base=211km (display base; JS adds current SS)
INFO - 2025-12-01 17:55:48 --> Expansion date 2025-12-08: DB Total=211km, Saved SS=0km, Derived Base=211km (display base; JS adds current SS)
INFO - 2025-12-01 17:55:48 --> Itinerary expansion date 2025-12-06: Derived Base=266km (no SS added)
INFO - 2025-12-01 17:55:48 --> Itinerary expansion date 2025-12-06: Derived Base=266km (no SS added)
INFO - 2025-12-01 17:55:48 --> Itinerary expansion date 2025-12-06: Derived Base=266km (no SS added)
INFO - 2025-12-01 17:55:48 --> Itinerary expansion date 2025-12-07: Derived Base=250km (no SS added)
INFO - 2025-12-01 17:55:48 --> Itinerary expansion date 2025-12-07: Derived Base=250km (no SS added)
INFO - 2025-12-01 17:55:48 --> Itinerary expansion date 2025-12-07: Derived Base=250km (no SS added)
INFO - 2025-12-01 17:55:48 --> Itinerary expansion date 2025-12-08: Derived Base=175km (no SS added)
INFO - 2025-12-01 17:55:48 --> Itinerary expansion date 2025-12-08: Derived Base=175km (no SS added)
INFO - 2025-12-01 17:55:48 --> Itinerary expansion date 2025-12-08: Derived Base=175km (no SS added)
DEBUG - 2025-12-01 17:55:55 --> Session: Class initialized using 'CodeIgniter\Session\Handlers\FileHandler' driver.
DEBUG - 2025-12-01 17:55:56 --> Session: Class initialized using 'CodeIgniter\Session\Handlers\FileHandler' driver.
INFO - 2025-12-01 17:55:56 --> Expansion date 2025-12-06: DB Total=176km, Saved SS=0km, Derived Base=176km (display base; JS adds current SS)
INFO - 2025-12-01 17:55:56 --> Expansion date 2025-12-06: DB Total=176km, Saved SS=0km, Derived Base=176km (display base; JS adds current SS)
INFO - 2025-12-01 17:55:56 --> Expansion date 2025-12-06: DB Total=176km, Saved SS=0km, Derived Base=176km (display base; JS adds current SS)
INFO - 2025-12-01 17:55:56 --> Expansion date 2025-12-07: DB Total=0km, Saved SS=0km, Derived Base=0km (display base; JS adds current SS)
INFO - 2025-12-01 17:55:56 --> Expansion date 2025-12-07: DB Total=0km, Saved SS=0km, Derived Base=0km (display base; JS adds current SS)
INFO - 2025-12-01 17:55:56 --> Expansion date 2025-12-07: DB Total=0km, Saved SS=0km, Derived Base=0km (display base; JS adds current SS)
INFO - 2025-12-01 17:55:56 --> Expansion date 2025-12-08: DB Total=211km, Saved SS=0km, Derived Base=211km (display base; JS adds current SS)
INFO - 2025-12-01 17:55:56 --> Expansion date 2025-12-08: DB Total=211km, Saved SS=0km, Derived Base=211km (display base; JS adds current SS)
INFO - 2025-12-01 17:55:56 --> Expansion date 2025-12-08: DB Total=211km, Saved SS=0km, Derived Base=211km (display base; JS adds current SS)
INFO - 2025-12-01 17:55:56 --> Itinerary expansion date 2025-12-06: Derived Base=266km (no SS added)
INFO - 2025-12-01 17:55:56 --> Itinerary expansion date 2025-12-06: Derived Base=266km (no SS added)
INFO - 2025-12-01 17:55:56 --> Itinerary expansion date 2025-12-06: Derived Base=266km (no SS added)
INFO - 2025-12-01 17:55:56 --> Itinerary expansion date 2025-12-07: Derived Base=250km (no SS added)
INFO - 2025-12-01 17:55:56 --> Itinerary expansion date 2025-12-07: Derived Base=250km (no SS added)
INFO - 2025-12-01 17:55:56 --> Itinerary expansion date 2025-12-07: Derived Base=250km (no SS added)
INFO - 2025-12-01 17:55:56 --> Itinerary expansion date 2025-12-08: Derived Base=175km (no SS added)
INFO - 2025-12-01 17:55:56 --> Itinerary expansion date 2025-12-08: Derived Base=175km (no SS added)
INFO - 2025-12-01 17:55:56 --> Itinerary expansion date 2025-12-08: Derived Base=175km (no SS added)
DEBUG - 2025-12-01 17:56:04 --> Session: Class initialized using 'CodeIgniter\Session\Handlers\FileHandler' driver.
DEBUG - 2025-12-01 17:56:06 --> Session: Class initialized using 'CodeIgniter\Session\Handlers\FileHandler' driver.
INFO - 2025-12-01 17:56:06 --> Expansion date 2025-12-06: DB Total=176km, Saved SS=0km, Derived Base=176km (display base; JS adds current SS)
INFO - 2025-12-01 17:56:06 --> Expansion date 2025-12-06: DB Total=176km, Saved SS=0km, Derived Base=176km (display base; JS adds current SS)
INFO - 2025-12-01 17:56:06 --> Expansion date 2025-12-06: DB Total=176km, Saved SS=0km, Derived Base=176km (display base; JS adds current SS)
INFO - 2025-12-01 17:56:06 --> Expansion date 2025-12-07: DB Total=0km, Saved SS=0km, Derived Base=0km (display base; JS adds current SS)
INFO - 2025-12-01 17:56:06 --> Expansion date 2025-12-07: DB Total=0km, Saved SS=0km, Derived Base=0km (display base; JS adds current SS)
INFO - 2025-12-01 17:56:06 --> Expansion date 2025-12-07: DB Total=0km, Saved SS=0km, Derived Base=0km (display base; JS adds current SS)
INFO - 2025-12-01 17:56:06 --> Expansion date 2025-12-08: DB Total=211km, Saved SS=0km, Derived Base=211km (display base; JS adds current SS)
INFO - 2025-12-01 17:56:06 --> Expansion date 2025-12-08: DB Total=211km, Saved SS=0km, Derived Base=211km (display base; JS adds current SS)
INFO - 2025-12-01 17:56:06 --> Expansion date 2025-12-08: DB Total=211km, Saved SS=0km, Derived Base=211km (display base; JS adds current SS)
INFO - 2025-12-01 17:56:06 --> Itinerary expansion date 2025-12-06: Derived Base=266km (no SS added)
INFO - 2025-12-01 17:56:06 --> Itinerary expansion date 2025-12-06: Derived Base=266km (no SS added)
INFO - 2025-12-01 17:56:06 --> Itinerary expansion date 2025-12-06: Derived Base=266km (no SS added)
INFO - 2025-12-01 17:56:06 --> Itinerary expansion date 2025-12-07: Derived Base=250km (no SS added)
INFO - 2025-12-01 17:56:06 --> Itinerary expansion date 2025-12-07: Derived Base=250km (no SS added)
INFO - 2025-12-01 17:56:06 --> Itinerary expansion date 2025-12-07: Derived Base=250km (no SS added)
INFO - 2025-12-01 17:56:06 --> Itinerary expansion date 2025-12-08: Derived Base=175km (no SS added)
INFO - 2025-12-01 17:56:06 --> Itinerary expansion date 2025-12-08: Derived Base=175km (no SS added)
INFO - 2025-12-01 17:56:06 --> Itinerary expansion date 2025-12-08: Derived Base=175km (no SS added)
DEBUG - 2025-12-01 17:56:11 --> Session: Class initialized using 'CodeIgniter\Session\Handlers\FileHandler' driver.
DEBUG - 2025-12-01 17:56:11 --> Session: Class initialized using 'CodeIgniter\Session\Handlers\FileHandler' driver.
DEBUG - 2025-12-01 17:59:49 --> Session: Class initialized using 'CodeIgniter\Session\Handlers\FileHandler' driver.
DEBUG - 2025-12-01 17:59:59 --> Session: Class initialized using 'CodeIgniter\Session\Handlers\FileHandler' driver.
DEBUG - 2025-12-01 18:00:03 --> Session: Class initialized using 'CodeIgniter\Session\Handlers\FileHandler' driver.
DEBUG - 2025-12-01 18:00:06 --> Session: Class initialized using 'CodeIgniter\Session\Handlers\FileHandler' driver.
DEBUG - 2025-12-01 18:00:06 --> Session: Class initialized using 'CodeIgniter\Session\Handlers\FileHandler' driver.
DEBUG - 2025-12-01 18:00:08 --> Session: Class initialized using 'CodeIgniter\Session\Handlers\FileHandler' driver.
DEBUG - 2025-12-01 18:00:08 --> Session: Class initialized using 'CodeIgniter\Session\Handlers\FileHandler' driver.
DEBUG - 2025-12-01 18:00:08 --> Session: Class initialized using 'CodeIgniter\Session\Handlers\FileHandler' driver.
DEBUG - 2025-12-01 18:00:09 --> Session: Class initialized using 'CodeIgniter\Session\Handlers\FileHandler' driver.
CRITICAL - 2025-12-01 18:00:09 --> ErrorException: Undefined array key 0
[Method: POST, Route: Enquiry/ajax_get_itineraries]
in APPPATH\Controllers\Enquiry.php on line 10424.
 1 APPPATH\Controllers\Enquiry.php(10424): CodeIgniter\Debug\Exceptions->errorHandler(2, 'Undefined array key 0', 'C:\\wamp64\\www\\khm\\app\\Controllers\\Enquiry.php', 10424)
 2 SYSTEMPATH\CodeIgniter.php(933): App\Controllers\Enquiry->ajax_get_itineraries()
 3 SYSTEMPATH\CodeIgniter.php(509): CodeIgniter\CodeIgniter->runController(Object(App\Controllers\Enquiry))
 4 SYSTEMPATH\CodeIgniter.php(355): CodeIgniter\CodeIgniter->handleRequest(null, Object(Config\Cache), false)
 5 SYSTEMPATH\Boot.php(334): CodeIgniter\CodeIgniter->run()
 6 SYSTEMPATH\Boot.php(67): CodeIgniter\Boot::runCodeIgniter(Object(CodeIgniter\CodeIgniter))
 7 FCPATH\index.php(56): CodeIgniter\Boot::bootWeb(Object(Config\Paths))
DEBUG - 2025-12-01 18:00:10 --> Session: Class initialized using 'CodeIgniter\Session\Handlers\FileHandler' driver.
DEBUG - 2025-12-01 18:00:11 --> Session: Class initialized using 'CodeIgniter\Session\Handlers\FileHandler' driver.
DEBUG - 2025-12-01 18:00:11 --> Session: Class initialized using 'CodeIgniter\Session\Handlers\FileHandler' driver.
DEBUG - 2025-12-01 18:00:11 --> Session: Class initialized using 'CodeIgniter\Session\Handlers\FileHandler' driver.
DEBUG - 2025-12-01 18:00:12 --> Session: Class initialized using 'CodeIgniter\Session\Handlers\FileHandler' driver.
DEBUG - 2025-12-01 18:00:13 --> Session: Class initialized using 'CodeIgniter\Session\Handlers\FileHandler' driver.
DEBUG - 2025-12-01 18:00:35 --> Session: Class initialized using 'CodeIgniter\Session\Handlers\FileHandler' driver.
DEBUG - 2025-12-01 18:00:36 --> Session: Class initialized using 'CodeIgniter\Session\Handlers\FileHandler' driver.
DEBUG - 2025-12-01 18:00:39 --> Session: Class initialized using 'CodeIgniter\Session\Handlers\FileHandler' driver.
DEBUG - 2025-12-01 18:00:39 --> Session: Class initialized using 'CodeIgniter\Session\Handlers\FileHandler' driver.
DEBUG - 2025-12-01 18:00:39 --> Session: Class initialized using 'CodeIgniter\Session\Handlers\FileHandler' driver.
DEBUG - 2025-12-01 18:00:39 --> Session: Class initialized using 'CodeIgniter\Session\Handlers\FileHandler' driver.
DEBUG - 2025-12-01 18:00:39 --> Session: Class initialized using 'CodeIgniter\Session\Handlers\FileHandler' driver.
DEBUG - 2025-12-01 18:00:39 --> Session: Class initialized using 'CodeIgniter\Session\Handlers\FileHandler' driver.
DEBUG - 2025-12-01 18:00:39 --> Session: Class initialized using 'CodeIgniter\Session\Handlers\FileHandler' driver.
DEBUG - 2025-12-01 18:00:39 --> Session: Class initialized using 'CodeIgniter\Session\Handlers\FileHandler' driver.
DEBUG - 2025-12-01 18:00:39 --> Session: Class initialized using 'CodeIgniter\Session\Handlers\FileHandler' driver.
DEBUG - 2025-12-01 18:00:39 --> Session: Class initialized using 'CodeIgniter\Session\Handlers\FileHandler' driver.
DEBUG - 2025-12-01 18:00:39 --> Session: Class initialized using 'CodeIgniter\Session\Handlers\FileHandler' driver.
DEBUG - 2025-12-01 18:00:39 --> Session: Class initialized using 'CodeIgniter\Session\Handlers\FileHandler' driver.
DEBUG - 2025-12-01 18:00:42 --> Session: Class initialized using 'CodeIgniter\Session\Handlers\FileHandler' driver.
DEBUG - 2025-12-01 18:00:44 --> Session: Class initialized using 'CodeIgniter\Session\Handlers\FileHandler' driver.
DEBUG - 2025-12-01 18:00:47 --> Session: Class initialized using 'CodeIgniter\Session\Handlers\FileHandler' driver.
DEBUG - 2025-12-01 18:00:48 --> Session: Class initialized using 'CodeIgniter\Session\Handlers\FileHandler' driver.
DEBUG - 2025-12-01 18:01:04 --> Session: Class initialized using 'CodeIgniter\Session\Handlers\FileHandler' driver.
DEBUG - 2025-12-01 18:01:04 --> Session: Class initialized using 'CodeIgniter\Session\Handlers\FileHandler' driver.
DEBUG - 2025-12-01 18:01:04 --> Session: Class initialized using 'CodeIgniter\Session\Handlers\FileHandler' driver.
DEBUG - 2025-12-01 18:01:04 --> Session: Class initialized using 'CodeIgniter\Session\Handlers\FileHandler' driver.
DEBUG - 2025-12-01 18:01:04 --> Session: Class initialized using 'CodeIgniter\Session\Handlers\FileHandler' driver.
DEBUG - 2025-12-01 18:01:04 --> Session: Class initialized using 'CodeIgniter\Session\Handlers\FileHandler' driver.
DEBUG - 2025-12-01 18:01:04 --> Session: Class initialized using 'CodeIgniter\Session\Handlers\FileHandler' driver.
DEBUG - 2025-12-01 18:01:06 --> Session: Class initialized using 'CodeIgniter\Session\Handlers\FileHandler' driver.
DEBUG - 2025-12-01 18:01:06 --> Session: Class initialized using 'CodeIgniter\Session\Handlers\FileHandler' driver.
DEBUG - 2025-12-01 18:01:06 --> Session: Class initialized using 'CodeIgniter\Session\Handlers\FileHandler' driver.
DEBUG - 2025-12-01 18:01:06 --> Session: Class initialized using 'CodeIgniter\Session\Handlers\FileHandler' driver.
DEBUG - 2025-12-01 18:01:06 --> Session: Class initialized using 'CodeIgniter\Session\Handlers\FileHandler' driver.
DEBUG - 2025-12-01 18:01:06 --> Session: Class initialized using 'CodeIgniter\Session\Handlers\FileHandler' driver.
DEBUG - 2025-12-01 18:01:06 --> Session: Class initialized using 'CodeIgniter\Session\Handlers\FileHandler' driver.
DEBUG - 2025-12-01 18:01:12 --> Session: Class initialized using 'CodeIgniter\Session\Handlers\FileHandler' driver.
DEBUG - 2025-12-01 18:01:13 --> Session: Class initialized using 'CodeIgniter\Session\Handlers\FileHandler' driver.
DEBUG - 2025-12-01 18:01:20 --> Session: Class initialized using 'CodeIgniter\Session\Handlers\FileHandler' driver.
DEBUG - 2025-12-01 18:01:21 --> Session: Class initialized using 'CodeIgniter\Session\Handlers\FileHandler' driver.
DEBUG - 2025-12-01 18:01:21 --> Session: Class initialized using 'CodeIgniter\Session\Handlers\FileHandler' driver.
DEBUG - 2025-12-01 18:01:21 --> Session: Class initialized using 'CodeIgniter\Session\Handlers\FileHandler' driver.
DEBUG - 2025-12-01 18:01:22 --> Session: Class initialized using 'CodeIgniter\Session\Handlers\FileHandler' driver.
DEBUG - 2025-12-01 18:01:22 --> Session: Class initialized using 'CodeIgniter\Session\Handlers\FileHandler' driver.
DEBUG - 2025-12-01 18:01:22 --> Session: Class initialized using 'CodeIgniter\Session\Handlers\FileHandler' driver.
DEBUG - 2025-12-01 18:01:22 --> Session: Class initialized using 'CodeIgniter\Session\Handlers\FileHandler' driver.
DEBUG - 2025-12-01 18:01:25 --> Session: Class initialized using 'CodeIgniter\Session\Handlers\FileHandler' driver.
DEBUG - 2025-12-01 18:01:25 --> Session: Class initialized using 'CodeIgniter\Session\Handlers\FileHandler' driver.
DEBUG - 2025-12-01 18:01:25 --> Session: Class initialized using 'CodeIgniter\Session\Handlers\FileHandler' driver.
DEBUG - 2025-12-01 18:01:26 --> Session: Class initialized using 'CodeIgniter\Session\Handlers\FileHandler' driver.
DEBUG - 2025-12-01 18:01:26 --> Session: Class initialized using 'CodeIgniter\Session\Handlers\FileHandler' driver.
DEBUG - 2025-12-01 18:01:26 --> Session: Class initialized using 'CodeIgniter\Session\Handlers\FileHandler' driver.
DEBUG - 2025-12-01 18:01:28 --> Session: Class initialized using 'CodeIgniter\Session\Handlers\FileHandler' driver.
DEBUG - 2025-12-01 18:01:28 --> Session: Class initialized using 'CodeIgniter\Session\Handlers\FileHandler' driver.
DEBUG - 2025-12-01 18:01:46 --> Session: Class initialized using 'CodeIgniter\Session\Handlers\FileHandler' driver.
DEBUG - 2025-12-01 18:01:46 --> Session: Class initialized using 'CodeIgniter\Session\Handlers\FileHandler' driver.
DEBUG - 2025-12-01 18:01:46 --> Session: Class initialized using 'CodeIgniter\Session\Handlers\FileHandler' driver.
DEBUG - 2025-12-01 18:01:46 --> Session: Class initialized using 'CodeIgniter\Session\Handlers\FileHandler' driver.
DEBUG - 2025-12-01 18:01:46 --> Session: Class initialized using 'CodeIgniter\Session\Handlers\FileHandler' driver.
DEBUG - 2025-12-01 18:02:11 --> Session: Class initialized using 'CodeIgniter\Session\Handlers\FileHandler' driver.
INFO - 2025-12-01 18:02:11 --> Day 1 (date 2025-12-06): No defaults loaded
INFO - 2025-12-01 18:02:11 --> Loaded default SS for Day 2 (date 2025-12-07): 1 items
INFO - 2025-12-01 18:02:11 --> Expansion date 2025-12-06: DB Total=176km, Saved SS=0km, Derived Base=176km (display base; JS adds current SS)
INFO - 2025-12-01 18:02:11 --> Expansion date 2025-12-06: DB Total=176km, Saved SS=0km, Derived Base=176km (display base; JS adds current SS)
INFO - 2025-12-01 18:02:11 --> Expansion date 2025-12-06: DB Total=176km, Saved SS=0km, Derived Base=176km (display base; JS adds current SS)
INFO - 2025-12-01 18:02:11 --> Expansion date 2025-12-07: DB Total=0km, Saved SS=0km, Derived Base=0km (display base; JS adds current SS)
INFO - 2025-12-01 18:02:11 --> Expansion date 2025-12-07: DB Total=0km, Saved SS=0km, Derived Base=0km (display base; JS adds current SS)
INFO - 2025-12-01 18:02:11 --> Expansion date 2025-12-07: DB Total=0km, Saved SS=0km, Derived Base=0km (display base; JS adds current SS)
INFO - 2025-12-01 18:02:11 --> Day 1 (date 2025-12-08): No defaults loaded
INFO - 2025-12-01 18:02:11 --> Expansion date 2025-12-08: DB Total=211km, Saved SS=0km, Derived Base=211km (display base; JS adds current SS)
INFO - 2025-12-01 18:02:11 --> Expansion date 2025-12-08: DB Total=211km, Saved SS=0km, Derived Base=211km (display base; JS adds current SS)
INFO - 2025-12-01 18:02:11 --> Expansion date 2025-12-08: DB Total=211km, Saved SS=0km, Derived Base=211km (display base; JS adds current SS)
DEBUG - 2025-12-01 18:02:23 --> Session: Class initialized using 'CodeIgniter\Session\Handlers\FileHandler' driver.
DEBUG - 2025-12-01 18:02:24 --> Session: Class initialized using 'CodeIgniter\Session\Handlers\FileHandler' driver.
INFO - 2025-12-01 18:02:24 --> Expansion date 2025-12-06: DB Total=176km, Saved SS=0km, Derived Base=176km (display base; JS adds current SS)
INFO - 2025-12-01 18:02:24 --> Expansion date 2025-12-06: DB Total=176km, Saved SS=0km, Derived Base=176km (display base; JS adds current SS)
INFO - 2025-12-01 18:02:24 --> Expansion date 2025-12-06: DB Total=176km, Saved SS=0km, Derived Base=176km (display base; JS adds current SS)
INFO - 2025-12-01 18:02:24 --> Expansion date 2025-12-07: DB Total=0km, Saved SS=0km, Derived Base=0km (display base; JS adds current SS)
INFO - 2025-12-01 18:02:24 --> Expansion date 2025-12-07: DB Total=0km, Saved SS=0km, Derived Base=0km (display base; JS adds current SS)
INFO - 2025-12-01 18:02:24 --> Expansion date 2025-12-07: DB Total=0km, Saved SS=0km, Derived Base=0km (display base; JS adds current SS)
INFO - 2025-12-01 18:02:24 --> Expansion date 2025-12-08: DB Total=211km, Saved SS=0km, Derived Base=211km (display base; JS adds current SS)
INFO - 2025-12-01 18:02:24 --> Expansion date 2025-12-08: DB Total=211km, Saved SS=0km, Derived Base=211km (display base; JS adds current SS)
INFO - 2025-12-01 18:02:24 --> Expansion date 2025-12-08: DB Total=211km, Saved SS=0km, Derived Base=211km (display base; JS adds current SS)
INFO - 2025-12-01 18:02:24 --> Itinerary expansion date 2025-12-06: Derived Base=266km (no SS added)
INFO - 2025-12-01 18:02:24 --> Itinerary expansion date 2025-12-06: Derived Base=266km (no SS added)
INFO - 2025-12-01 18:02:24 --> Itinerary expansion date 2025-12-06: Derived Base=266km (no SS added)
INFO - 2025-12-01 18:02:24 --> Itinerary expansion date 2025-12-07: Derived Base=340km (no SS added)
INFO - 2025-12-01 18:02:24 --> Itinerary expansion date 2025-12-07: Derived Base=340km (no SS added)
INFO - 2025-12-01 18:02:24 --> Itinerary expansion date 2025-12-07: Derived Base=340km (no SS added)
INFO - 2025-12-01 18:02:24 --> Itinerary expansion date 2025-12-08: Derived Base=175km (no SS added)
INFO - 2025-12-01 18:02:24 --> Itinerary expansion date 2025-12-08: Derived Base=175km (no SS added)
INFO - 2025-12-01 18:02:24 --> Itinerary expansion date 2025-12-08: Derived Base=175km (no SS added)
DEBUG - 2025-12-01 18:02:32 --> Session: Class initialized using 'CodeIgniter\Session\Handlers\FileHandler' driver.
INFO - 2025-12-01 18:02:32 --> Expansion date 2025-12-06: DB Total=176km, Saved SS=0km, Derived Base=176km (display base; JS adds current SS)
INFO - 2025-12-01 18:02:32 --> Expansion date 2025-12-06: DB Total=176km, Saved SS=0km, Derived Base=176km (display base; JS adds current SS)
INFO - 2025-12-01 18:02:32 --> Expansion date 2025-12-06: DB Total=176km, Saved SS=0km, Derived Base=176km (display base; JS adds current SS)
INFO - 2025-12-01 18:02:32 --> Expansion date 2025-12-07: DB Total=0km, Saved SS=0km, Derived Base=0km (display base; JS adds current SS)
INFO - 2025-12-01 18:02:32 --> Expansion date 2025-12-07: DB Total=0km, Saved SS=0km, Derived Base=0km (display base; JS adds current SS)
INFO - 2025-12-01 18:02:32 --> Expansion date 2025-12-07: DB Total=0km, Saved SS=0km, Derived Base=0km (display base; JS adds current SS)
INFO - 2025-12-01 18:02:32 --> Expansion date 2025-12-08: DB Total=211km, Saved SS=0km, Derived Base=211km (display base; JS adds current SS)
INFO - 2025-12-01 18:02:32 --> Expansion date 2025-12-08: DB Total=211km, Saved SS=0km, Derived Base=211km (display base; JS adds current SS)
INFO - 2025-12-01 18:02:32 --> Expansion date 2025-12-08: DB Total=211km, Saved SS=0km, Derived Base=211km (display base; JS adds current SS)
INFO - 2025-12-01 18:02:32 --> Itinerary expansion date 2025-12-06: Derived Base=266km (no SS added)
INFO - 2025-12-01 18:02:32 --> Itinerary expansion date 2025-12-06: Derived Base=266km (no SS added)
INFO - 2025-12-01 18:02:32 --> Itinerary expansion date 2025-12-06: Derived Base=266km (no SS added)
INFO - 2025-12-01 18:02:32 --> Itinerary expansion date 2025-12-07: Derived Base=340km (no SS added)
INFO - 2025-12-01 18:02:32 --> Itinerary expansion date 2025-12-07: Derived Base=340km (no SS added)
INFO - 2025-12-01 18:02:32 --> Itinerary expansion date 2025-12-07: Derived Base=340km (no SS added)
INFO - 2025-12-01 18:02:32 --> Itinerary expansion date 2025-12-08: Derived Base=175km (no SS added)
INFO - 2025-12-01 18:02:32 --> Itinerary expansion date 2025-12-08: Derived Base=175km (no SS added)
INFO - 2025-12-01 18:02:32 --> Itinerary expansion date 2025-12-08: Derived Base=175km (no SS added)
DEBUG - 2025-12-01 18:04:16 --> Session: Class initialized using 'CodeIgniter\Session\Handlers\FileHandler' driver.
DEBUG - 2025-12-01 18:04:17 --> Session: Class initialized using 'CodeIgniter\Session\Handlers\FileHandler' driver.
INFO - 2025-12-01 18:04:17 --> Expansion date 2025-12-06: DB Total=176km, Saved SS=0km, Derived Base=176km (display base; JS adds current SS)
INFO - 2025-12-01 18:04:17 --> Expansion date 2025-12-06: DB Total=176km, Saved SS=0km, Derived Base=176km (display base; JS adds current SS)
INFO - 2025-12-01 18:04:17 --> Expansion date 2025-12-06: DB Total=176km, Saved SS=0km, Derived Base=176km (display base; JS adds current SS)
INFO - 2025-12-01 18:04:17 --> Expansion date 2025-12-07: DB Total=0km, Saved SS=0km, Derived Base=0km (display base; JS adds current SS)
INFO - 2025-12-01 18:04:17 --> Expansion date 2025-12-07: DB Total=0km, Saved SS=0km, Derived Base=0km (display base; JS adds current SS)
INFO - 2025-12-01 18:04:17 --> Expansion date 2025-12-07: DB Total=0km, Saved SS=0km, Derived Base=0km (display base; JS adds current SS)
INFO - 2025-12-01 18:04:18 --> Expansion date 2025-12-08: DB Total=211km, Saved SS=0km, Derived Base=211km (display base; JS adds current SS)
INFO - 2025-12-01 18:04:18 --> Expansion date 2025-12-08: DB Total=211km, Saved SS=0km, Derived Base=211km (display base; JS adds current SS)
INFO - 2025-12-01 18:04:18 --> Expansion date 2025-12-08: DB Total=211km, Saved SS=0km, Derived Base=211km (display base; JS adds current SS)
INFO - 2025-12-01 18:04:18 --> Itinerary expansion date 2025-12-06: Derived Base=266km (no SS added)
INFO - 2025-12-01 18:04:18 --> Itinerary expansion date 2025-12-06: Derived Base=266km (no SS added)
INFO - 2025-12-01 18:04:18 --> Itinerary expansion date 2025-12-06: Derived Base=266km (no SS added)
INFO - 2025-12-01 18:04:18 --> Itinerary expansion date 2025-12-07: Derived Base=340km (no SS added)
INFO - 2025-12-01 18:04:18 --> Itinerary expansion date 2025-12-07: Derived Base=340km (no SS added)
INFO - 2025-12-01 18:04:18 --> Itinerary expansion date 2025-12-07: Derived Base=340km (no SS added)
INFO - 2025-12-01 18:04:18 --> Itinerary expansion date 2025-12-08: Derived Base=175km (no SS added)
INFO - 2025-12-01 18:04:18 --> Itinerary expansion date 2025-12-08: Derived Base=175km (no SS added)
INFO - 2025-12-01 18:04:18 --> Itinerary expansion date 2025-12-08: Derived Base=175km (no SS added)
DEBUG - 2025-12-01 18:17:36 --> Session: Class initialized using 'CodeIgniter\Session\Handlers\FileHandler' driver.
INFO - 2025-12-01 18:17:37 --> Expansion date 2025-12-06: DB Total=176km, Saved SS=0km, Derived Base=176km (display base; JS adds current SS)
INFO - 2025-12-01 18:17:37 --> Expansion date 2025-12-06: DB Total=176km, Saved SS=0km, Derived Base=176km (display base; JS adds current SS)
INFO - 2025-12-01 18:17:37 --> Expansion date 2025-12-06: DB Total=176km, Saved SS=0km, Derived Base=176km (display base; JS adds current SS)
INFO - 2025-12-01 18:17:37 --> Expansion date 2025-12-07: DB Total=0km, Saved SS=0km, Derived Base=0km (display base; JS adds current SS)
INFO - 2025-12-01 18:17:37 --> Expansion date 2025-12-07: DB Total=0km, Saved SS=0km, Derived Base=0km (display base; JS adds current SS)
INFO - 2025-12-01 18:17:37 --> Expansion date 2025-12-07: DB Total=0km, Saved SS=0km, Derived Base=0km (display base; JS adds current SS)
INFO - 2025-12-01 18:17:37 --> Expansion date 2025-12-08: DB Total=211km, Saved SS=0km, Derived Base=211km (display base; JS adds current SS)
INFO - 2025-12-01 18:17:37 --> Expansion date 2025-12-08: DB Total=211km, Saved SS=0km, Derived Base=211km (display base; JS adds current SS)
INFO - 2025-12-01 18:17:37 --> Expansion date 2025-12-08: DB Total=211km, Saved SS=0km, Derived Base=211km (display base; JS adds current SS)
INFO - 2025-12-01 18:17:37 --> Itinerary expansion date 2025-12-06: Derived Base=266km (no SS added)
INFO - 2025-12-01 18:17:37 --> Itinerary expansion date 2025-12-06: Derived Base=266km (no SS added)
INFO - 2025-12-01 18:17:37 --> Itinerary expansion date 2025-12-06: Derived Base=266km (no SS added)
INFO - 2025-12-01 18:17:37 --> Itinerary expansion date 2025-12-07: Derived Base=340km (no SS added)
INFO - 2025-12-01 18:17:37 --> Itinerary expansion date 2025-12-07: Derived Base=340km (no SS added)
INFO - 2025-12-01 18:17:37 --> Itinerary expansion date 2025-12-07: Derived Base=340km (no SS added)
INFO - 2025-12-01 18:17:37 --> Itinerary expansion date 2025-12-08: Derived Base=175km (no SS added)
INFO - 2025-12-01 18:17:37 --> Itinerary expansion date 2025-12-08: Derived Base=175km (no SS added)
INFO - 2025-12-01 18:17:37 --> Itinerary expansion date 2025-12-08: Derived Base=175km (no SS added)
DEBUG - 2025-12-01 18:17:45 --> Session: Class initialized using 'CodeIgniter\Session\Handlers\FileHandler' driver.
DEBUG - 2025-12-01 18:17:45 --> Session: Class initialized using 'CodeIgniter\Session\Handlers\FileHandler' driver.
DEBUG - 2025-12-01 18:17:49 --> Session: Class initialized using 'CodeIgniter\Session\Handlers\FileHandler' driver.
DEBUG - 2025-12-01 18:17:49 --> Session: Class initialized using 'CodeIgniter\Session\Handlers\FileHandler' driver.
DEBUG - 2025-12-01 18:17:50 --> Session: Class initialized using 'CodeIgniter\Session\Handlers\FileHandler' driver.
DEBUG - 2025-12-01 18:17:50 --> Session: Class initialized using 'CodeIgniter\Session\Handlers\FileHandler' driver.
CRITICAL - 2025-12-01 18:17:50 --> ErrorException: Undefined array key 0
[Method: POST, Route: Enquiry/ajax_get_itineraries]
in APPPATH\Controllers\Enquiry.php on line 10445.
 1 APPPATH\Controllers\Enquiry.php(10445): CodeIgniter\Debug\Exceptions->errorHandler(2, 'Undefined array key 0', 'C:\\wamp64\\www\\khm\\app\\Controllers\\Enquiry.php', 10445)
 2 SYSTEMPATH\CodeIgniter.php(933): App\Controllers\Enquiry->ajax_get_itineraries()
 3 SYSTEMPATH\CodeIgniter.php(509): CodeIgniter\CodeIgniter->runController(Object(App\Controllers\Enquiry))
 4 SYSTEMPATH\CodeIgniter.php(355): CodeIgniter\CodeIgniter->handleRequest(null, Object(Config\Cache), false)
 5 SYSTEMPATH\Boot.php(334): CodeIgniter\CodeIgniter->run()
 6 SYSTEMPATH\Boot.php(67): CodeIgniter\Boot::runCodeIgniter(Object(CodeIgniter\CodeIgniter))
 7 FCPATH\index.php(56): CodeIgniter\Boot::bootWeb(Object(Config\Paths))
DEBUG - 2025-12-01 18:17:51 --> Session: Class initialized using 'CodeIgniter\Session\Handlers\FileHandler' driver.
DEBUG - 2025-12-01 18:17:52 --> Session: Class initialized using 'CodeIgniter\Session\Handlers\FileHandler' driver.
DEBUG - 2025-12-01 18:17:52 --> Session: Class initialized using 'CodeIgniter\Session\Handlers\FileHandler' driver.
DEBUG - 2025-12-01 18:17:52 --> Session: Class initialized using 'CodeIgniter\Session\Handlers\FileHandler' driver.
DEBUG - 2025-12-01 18:17:53 --> Session: Class initialized using 'CodeIgniter\Session\Handlers\FileHandler' driver.
DEBUG - 2025-12-01 18:17:53 --> Session: Class initialized using 'CodeIgniter\Session\Handlers\FileHandler' driver.
DEBUG - 2025-12-01 18:18:00 --> Session: Class initialized using 'CodeIgniter\Session\Handlers\FileHandler' driver.
DEBUG - 2025-12-01 18:18:01 --> Session: Class initialized using 'CodeIgniter\Session\Handlers\FileHandler' driver.
DEBUG - 2025-12-01 18:18:01 --> Session: Class initialized using 'CodeIgniter\Session\Handlers\FileHandler' driver.
DEBUG - 2025-12-01 18:18:03 --> Session: Class initialized using 'CodeIgniter\Session\Handlers\FileHandler' driver.
DEBUG - 2025-12-01 18:18:03 --> Session: Class initialized using 'CodeIgniter\Session\Handlers\FileHandler' driver.
DEBUG - 2025-12-01 18:18:04 --> Session: Class initialized using 'CodeIgniter\Session\Handlers\FileHandler' driver.
INFO - 2025-12-01 18:18:05 --> Day 1 (date 2025-12-06): No defaults loaded
INFO - 2025-12-01 18:18:05 --> Loaded default SS for Day 2 (date 2025-12-07): 1 items
INFO - 2025-12-01 18:18:05 --> Expansion date 2025-12-06: DB Total=176km, Saved SS=0km, Derived Base=176km (display base; JS adds current SS)
INFO - 2025-12-01 18:18:05 --> Expansion date 2025-12-06: DB Total=176km, Saved SS=0km, Derived Base=176km (display base; JS adds current SS)
INFO - 2025-12-01 18:18:05 --> Expansion date 2025-12-06: DB Total=176km, Saved SS=0km, Derived Base=176km (display base; JS adds current SS)
INFO - 2025-12-01 18:18:05 --> Expansion date 2025-12-07: DB Total=0km, Saved SS=0km, Derived Base=0km (display base; JS adds current SS)
INFO - 2025-12-01 18:18:05 --> Expansion date 2025-12-07: DB Total=0km, Saved SS=0km, Derived Base=0km (display base; JS adds current SS)
INFO - 2025-12-01 18:18:05 --> Expansion date 2025-12-07: DB Total=0km, Saved SS=0km, Derived Base=0km (display base; JS adds current SS)
INFO - 2025-12-01 18:18:05 --> Day 1 (date 2025-12-08): No defaults loaded
INFO - 2025-12-01 18:18:05 --> Expansion date 2025-12-08: DB Total=211km, Saved SS=0km, Derived Base=211km (display base; JS adds current SS)
INFO - 2025-12-01 18:18:05 --> Expansion date 2025-12-08: DB Total=211km, Saved SS=0km, Derived Base=211km (display base; JS adds current SS)
INFO - 2025-12-01 18:18:05 --> Expansion date 2025-12-08: DB Total=211km, Saved SS=0km, Derived Base=211km (display base; JS adds current SS)
DEBUG - 2025-12-01 18:18:08 --> Session: Class initialized using 'CodeIgniter\Session\Handlers\FileHandler' driver.
DEBUG - 2025-12-01 18:18:08 --> Session: Class initialized using 'CodeIgniter\Session\Handlers\FileHandler' driver.
INFO - 2025-12-01 18:18:08 --> Expansion date 2025-12-06: DB Total=176km, Saved SS=0km, Derived Base=176km (display base; JS adds current SS)
INFO - 2025-12-01 18:18:08 --> Expansion date 2025-12-06: DB Total=176km, Saved SS=0km, Derived Base=176km (display base; JS adds current SS)
INFO - 2025-12-01 18:18:08 --> Expansion date 2025-12-06: DB Total=176km, Saved SS=0km, Derived Base=176km (display base; JS adds current SS)
INFO - 2025-12-01 18:18:08 --> Expansion date 2025-12-07: DB Total=0km, Saved SS=0km, Derived Base=0km (display base; JS adds current SS)
INFO - 2025-12-01 18:18:08 --> Expansion date 2025-12-07: DB Total=0km, Saved SS=0km, Derived Base=0km (display base; JS adds current SS)
INFO - 2025-12-01 18:18:08 --> Expansion date 2025-12-07: DB Total=0km, Saved SS=0km, Derived Base=0km (display base; JS adds current SS)
INFO - 2025-12-01 18:18:09 --> Expansion date 2025-12-08: DB Total=211km, Saved SS=0km, Derived Base=211km (display base; JS adds current SS)
INFO - 2025-12-01 18:18:09 --> Expansion date 2025-12-08: DB Total=211km, Saved SS=0km, Derived Base=211km (display base; JS adds current SS)
INFO - 2025-12-01 18:18:09 --> Expansion date 2025-12-08: DB Total=211km, Saved SS=0km, Derived Base=211km (display base; JS adds current SS)
INFO - 2025-12-01 18:18:09 --> Itinerary expansion date 2025-12-06: Derived Base=266km (no SS added)
INFO - 2025-12-01 18:18:09 --> Itinerary expansion date 2025-12-06: Derived Base=266km (no SS added)
INFO - 2025-12-01 18:18:09 --> Itinerary expansion date 2025-12-06: Derived Base=266km (no SS added)
INFO - 2025-12-01 18:18:09 --> Itinerary expansion date 2025-12-07: Derived Base=340km (no SS added)
INFO - 2025-12-01 18:18:09 --> Itinerary expansion date 2025-12-07: Derived Base=340km (no SS added)
INFO - 2025-12-01 18:18:09 --> Itinerary expansion date 2025-12-07: Derived Base=340km (no SS added)
INFO - 2025-12-01 18:18:09 --> Itinerary expansion date 2025-12-08: Derived Base=175km (no SS added)
INFO - 2025-12-01 18:18:09 --> Itinerary expansion date 2025-12-08: Derived Base=175km (no SS added)
INFO - 2025-12-01 18:18:09 --> Itinerary expansion date 2025-12-08: Derived Base=175km (no SS added)
DEBUG - 2025-12-01 18:26:10 --> Session: Class initialized using 'CodeIgniter\Session\Handlers\FileHandler' driver.
INFO - 2025-12-01 18:26:10 --> Expansion date 2025-12-06: DB Total=176km, Saved SS=0km, Derived Base=176km (display base; JS adds current SS)
INFO - 2025-12-01 18:26:10 --> Expansion date 2025-12-06: DB Total=176km, Saved SS=0km, Derived Base=176km (display base; JS adds current SS)
INFO - 2025-12-01 18:26:10 --> Expansion date 2025-12-06: DB Total=176km, Saved SS=0km, Derived Base=176km (display base; JS adds current SS)
INFO - 2025-12-01 18:26:10 --> Expansion date 2025-12-07: DB Total=0km, Saved SS=0km, Derived Base=0km (display base; JS adds current SS)
INFO - 2025-12-01 18:26:10 --> Expansion date 2025-12-07: DB Total=0km, Saved SS=0km, Derived Base=0km (display base; JS adds current SS)
INFO - 2025-12-01 18:26:10 --> Expansion date 2025-12-07: DB Total=0km, Saved SS=0km, Derived Base=0km (display base; JS adds current SS)
INFO - 2025-12-01 18:26:10 --> Expansion date 2025-12-08: DB Total=211km, Saved SS=0km, Derived Base=211km (display base; JS adds current SS)
INFO - 2025-12-01 18:26:10 --> Expansion date 2025-12-08: DB Total=211km, Saved SS=0km, Derived Base=211km (display base; JS adds current SS)
INFO - 2025-12-01 18:26:10 --> Expansion date 2025-12-08: DB Total=211km, Saved SS=0km, Derived Base=211km (display base; JS adds current SS)
INFO - 2025-12-01 18:26:10 --> Itinerary expansion date 2025-12-06: Derived Base=266km (no SS added)
INFO - 2025-12-01 18:26:10 --> Itinerary expansion date 2025-12-06: Derived Base=266km (no SS added)
INFO - 2025-12-01 18:26:10 --> Itinerary expansion date 2025-12-06: Derived Base=266km (no SS added)
INFO - 2025-12-01 18:26:10 --> Itinerary expansion date 2025-12-07: Derived Base=340km (no SS added)
INFO - 2025-12-01 18:26:10 --> Itinerary expansion date 2025-12-07: Derived Base=340km (no SS added)
INFO - 2025-12-01 18:26:10 --> Itinerary expansion date 2025-12-07: Derived Base=340km (no SS added)
INFO - 2025-12-01 18:26:10 --> Itinerary expansion date 2025-12-08: Derived Base=175km (no SS added)
INFO - 2025-12-01 18:26:10 --> Itinerary expansion date 2025-12-08: Derived Base=175km (no SS added)
INFO - 2025-12-01 18:26:10 --> Itinerary expansion date 2025-12-08: Derived Base=175km (no SS added)
DEBUG - 2025-12-01 18:27:12 --> Session: Class initialized using 'CodeIgniter\Session\Handlers\FileHandler' driver.
INFO - 2025-12-01 18:27:12 --> Expansion date 2025-12-06: DB Total=176km, Saved SS=0km, Derived Base=176km (display base; JS adds current SS)
INFO - 2025-12-01 18:27:12 --> Expansion date 2025-12-06: DB Total=176km, Saved SS=0km, Derived Base=176km (display base; JS adds current SS)
INFO - 2025-12-01 18:27:12 --> Expansion date 2025-12-06: DB Total=176km, Saved SS=0km, Derived Base=176km (display base; JS adds current SS)
INFO - 2025-12-01 18:27:12 --> Expansion date 2025-12-07: DB Total=0km, Saved SS=0km, Derived Base=0km (display base; JS adds current SS)
INFO - 2025-12-01 18:27:12 --> Expansion date 2025-12-07: DB Total=0km, Saved SS=0km, Derived Base=0km (display base; JS adds current SS)
INFO - 2025-12-01 18:27:12 --> Expansion date 2025-12-07: DB Total=0km, Saved SS=0km, Derived Base=0km (display base; JS adds current SS)
INFO - 2025-12-01 18:27:12 --> Expansion date 2025-12-08: DB Total=211km, Saved SS=0km, Derived Base=211km (display base; JS adds current SS)
INFO - 2025-12-01 18:27:12 --> Expansion date 2025-12-08: DB Total=211km, Saved SS=0km, Derived Base=211km (display base; JS adds current SS)
INFO - 2025-12-01 18:27:12 --> Expansion date 2025-12-08: DB Total=211km, Saved SS=0km, Derived Base=211km (display base; JS adds current SS)
INFO - 2025-12-01 18:27:12 --> Itinerary expansion date 2025-12-06: Derived Base=266km (no SS added)
INFO - 2025-12-01 18:27:12 --> Itinerary expansion date 2025-12-06: Derived Base=266km (no SS added)
INFO - 2025-12-01 18:27:12 --> Itinerary expansion date 2025-12-06: Derived Base=266km (no SS added)
INFO - 2025-12-01 18:27:12 --> Itinerary expansion date 2025-12-07: Derived Base=340km (no SS added)
INFO - 2025-12-01 18:27:12 --> Itinerary expansion date 2025-12-07: Derived Base=340km (no SS added)
INFO - 2025-12-01 18:27:12 --> Itinerary expansion date 2025-12-07: Derived Base=340km (no SS added)
INFO - 2025-12-01 18:27:12 --> Itinerary expansion date 2025-12-08: Derived Base=175km (no SS added)
INFO - 2025-12-01 18:27:12 --> Itinerary expansion date 2025-12-08: Derived Base=175km (no SS added)
INFO - 2025-12-01 18:27:12 --> Itinerary expansion date 2025-12-08: Derived Base=175km (no SS added)
DEBUG - 2025-12-01 18:27:47 --> Session: Class initialized using 'CodeIgniter\Session\Handlers\FileHandler' driver.
INFO - 2025-12-01 18:27:47 --> Expansion date 2025-12-06: DB Total=176km, Saved SS=0km, Derived Base=176km (display base; JS adds current SS)
INFO - 2025-12-01 18:27:47 --> Expansion date 2025-12-06: DB Total=176km, Saved SS=0km, Derived Base=176km (display base; JS adds current SS)
INFO - 2025-12-01 18:27:47 --> Expansion date 2025-12-06: DB Total=176km, Saved SS=0km, Derived Base=176km (display base; JS adds current SS)
INFO - 2025-12-01 18:27:47 --> Expansion date 2025-12-07: DB Total=0km, Saved SS=0km, Derived Base=0km (display base; JS adds current SS)
INFO - 2025-12-01 18:27:47 --> Expansion date 2025-12-07: DB Total=0km, Saved SS=0km, Derived Base=0km (display base; JS adds current SS)
INFO - 2025-12-01 18:27:47 --> Expansion date 2025-12-07: DB Total=0km, Saved SS=0km, Derived Base=0km (display base; JS adds current SS)
INFO - 2025-12-01 18:27:47 --> Expansion date 2025-12-08: DB Total=211km, Saved SS=0km, Derived Base=211km (display base; JS adds current SS)
INFO - 2025-12-01 18:27:47 --> Expansion date 2025-12-08: DB Total=211km, Saved SS=0km, Derived Base=211km (display base; JS adds current SS)
INFO - 2025-12-01 18:27:47 --> Expansion date 2025-12-08: DB Total=211km, Saved SS=0km, Derived Base=211km (display base; JS adds current SS)
INFO - 2025-12-01 18:27:47 --> Itinerary expansion date 2025-12-06: Derived Base=266km (no SS added)
INFO - 2025-12-01 18:27:47 --> Itinerary expansion date 2025-12-06: Derived Base=266km (no SS added)
INFO - 2025-12-01 18:27:47 --> Itinerary expansion date 2025-12-06: Derived Base=266km (no SS added)
INFO - 2025-12-01 18:27:47 --> Itinerary expansion date 2025-12-07: Derived Base=340km (no SS added)
INFO - 2025-12-01 18:27:47 --> Itinerary expansion date 2025-12-07: Derived Base=340km (no SS added)
INFO - 2025-12-01 18:27:47 --> Itinerary expansion date 2025-12-07: Derived Base=340km (no SS added)
INFO - 2025-12-01 18:27:47 --> Itinerary expansion date 2025-12-08: Derived Base=175km (no SS added)
INFO - 2025-12-01 18:27:47 --> Itinerary expansion date 2025-12-08: Derived Base=175km (no SS added)
INFO - 2025-12-01 18:27:47 --> Itinerary expansion date 2025-12-08: Derived Base=175km (no SS added)
DEBUG - 2025-12-01 18:28:30 --> Session: Class initialized using 'CodeIgniter\Session\Handlers\FileHandler' driver.
INFO - 2025-12-01 18:28:31 --> Expansion date 2025-12-06: DB Total=176km, Saved SS=0km, Derived Base=176km (display base; JS adds current SS)
INFO - 2025-12-01 18:28:31 --> Expansion date 2025-12-06: DB Total=176km, Saved SS=0km, Derived Base=176km (display base; JS adds current SS)
INFO - 2025-12-01 18:28:31 --> Expansion date 2025-12-06: DB Total=176km, Saved SS=0km, Derived Base=176km (display base; JS adds current SS)
INFO - 2025-12-01 18:28:31 --> Expansion date 2025-12-07: DB Total=0km, Saved SS=0km, Derived Base=0km (display base; JS adds current SS)
INFO - 2025-12-01 18:28:31 --> Expansion date 2025-12-07: DB Total=0km, Saved SS=0km, Derived Base=0km (display base; JS adds current SS)
INFO - 2025-12-01 18:28:31 --> Expansion date 2025-12-07: DB Total=0km, Saved SS=0km, Derived Base=0km (display base; JS adds current SS)
INFO - 2025-12-01 18:28:31 --> Expansion date 2025-12-08: DB Total=211km, Saved SS=0km, Derived Base=211km (display base; JS adds current SS)
INFO - 2025-12-01 18:28:31 --> Expansion date 2025-12-08: DB Total=211km, Saved SS=0km, Derived Base=211km (display base; JS adds current SS)
INFO - 2025-12-01 18:28:31 --> Expansion date 2025-12-08: DB Total=211km, Saved SS=0km, Derived Base=211km (display base; JS adds current SS)
INFO - 2025-12-01 18:28:31 --> Itinerary expansion date 2025-12-06: Derived Base=266km (no SS added)
INFO - 2025-12-01 18:28:31 --> Itinerary expansion date 2025-12-06: Derived Base=266km (no SS added)
INFO - 2025-12-01 18:28:31 --> Itinerary expansion date 2025-12-06: Derived Base=266km (no SS added)
INFO - 2025-12-01 18:28:31 --> Itinerary expansion date 2025-12-07: Derived Base=340km (no SS added)
INFO - 2025-12-01 18:28:31 --> Itinerary expansion date 2025-12-07: Derived Base=340km (no SS added)
INFO - 2025-12-01 18:28:31 --> Itinerary expansion date 2025-12-07: Derived Base=340km (no SS added)
INFO - 2025-12-01 18:28:31 --> Itinerary expansion date 2025-12-08: Derived Base=175km (no SS added)
INFO - 2025-12-01 18:28:31 --> Itinerary expansion date 2025-12-08: Derived Base=175km (no SS added)
INFO - 2025-12-01 18:28:31 --> Itinerary expansion date 2025-12-08: Derived Base=200km (no SS added)
DEBUG - 2025-12-01 18:31:03 --> Session: Class initialized using 'CodeIgniter\Session\Handlers\FileHandler' driver.
INFO - 2025-12-01 18:31:03 --> Expansion date 2025-12-06: DB Total=276km, Saved SS=0km, Derived Base=276km (display base; JS adds current SS)
INFO - 2025-12-01 18:31:03 --> Expansion date 2025-12-06: DB Total=276km, Saved SS=0km, Derived Base=276km (display base; JS adds current SS)
INFO - 2025-12-01 18:31:03 --> Expansion date 2025-12-06: DB Total=276km, Saved SS=0km, Derived Base=276km (display base; JS adds current SS)
INFO - 2025-12-01 18:31:03 --> Expansion date 2025-12-07: DB Total=0km, Saved SS=0km, Derived Base=0km (display base; JS adds current SS)
INFO - 2025-12-01 18:31:03 --> Expansion date 2025-12-07: DB Total=0km, Saved SS=0km, Derived Base=0km (display base; JS adds current SS)
INFO - 2025-12-01 18:31:03 --> Expansion date 2025-12-07: DB Total=0km, Saved SS=0km, Derived Base=0km (display base; JS adds current SS)
INFO - 2025-12-01 18:31:03 --> Expansion date 2025-12-08: DB Total=211km, Saved SS=0km, Derived Base=211km (display base; JS adds current SS)
INFO - 2025-12-01 18:31:03 --> Expansion date 2025-12-08: DB Total=211km, Saved SS=0km, Derived Base=211km (display base; JS adds current SS)
INFO - 2025-12-01 18:31:03 --> Expansion date 2025-12-08: DB Total=211km, Saved SS=0km, Derived Base=211km (display base; JS adds current SS)
INFO - 2025-12-01 18:31:03 --> Itinerary expansion date 2025-12-06: Derived Base=266km (no SS added)
INFO - 2025-12-01 18:31:03 --> Itinerary expansion date 2025-12-06: Derived Base=266km (no SS added)
INFO - 2025-12-01 18:31:03 --> Itinerary expansion date 2025-12-06: Derived Base=266km (no SS added)
INFO - 2025-12-01 18:31:03 --> Itinerary expansion date 2025-12-07: Derived Base=340km (no SS added)
INFO - 2025-12-01 18:31:03 --> Itinerary expansion date 2025-12-07: Derived Base=340km (no SS added)
INFO - 2025-12-01 18:31:03 --> Itinerary expansion date 2025-12-07: Derived Base=340km (no SS added)
INFO - 2025-12-01 18:31:03 --> Itinerary expansion date 2025-12-08: Derived Base=175km (no SS added)
INFO - 2025-12-01 18:31:03 --> Itinerary expansion date 2025-12-08: Derived Base=175km (no SS added)
INFO - 2025-12-01 18:31:03 --> Itinerary expansion date 2025-12-08: Derived Base=200km (no SS added)
DEBUG - 2025-12-01 18:32:30 --> Session: Class initialized using 'CodeIgniter\Session\Handlers\FileHandler' driver.
DEBUG - 2025-12-01 18:32:41 --> Session: Class initialized using 'CodeIgniter\Session\Handlers\FileHandler' driver.
DEBUG - 2025-12-01 18:32:41 --> Session: Class initialized using 'CodeIgniter\Session\Handlers\FileHandler' driver.
DEBUG - 2025-12-01 18:32:41 --> Session: Class initialized using 'CodeIgniter\Session\Handlers\FileHandler' driver.
DEBUG - 2025-12-01 18:32:41 --> Session: Class initialized using 'CodeIgniter\Session\Handlers\FileHandler' driver.
DEBUG - 2025-12-01 18:32:41 --> Session: Class initialized using 'CodeIgniter\Session\Handlers\FileHandler' driver.
DEBUG - 2025-12-01 18:32:41 --> Session: Class initialized using 'CodeIgniter\Session\Handlers\FileHandler' driver.
DEBUG - 2025-12-01 18:32:41 --> Session: Class initialized using 'CodeIgniter\Session\Handlers\FileHandler' driver.
DEBUG - 2025-12-01 18:32:53 --> Session: Class initialized using 'CodeIgniter\Session\Handlers\FileHandler' driver.
DEBUG - 2025-12-01 18:34:05 --> Session: Class initialized using 'CodeIgniter\Session\Handlers\FileHandler' driver.
DEBUG - 2025-12-01 18:34:05 --> Session: Class initialized using 'CodeIgniter\Session\Handlers\FileHandler' driver.
DEBUG - 2025-12-01 18:34:08 --> Session: Class initialized using 'CodeIgniter\Session\Handlers\FileHandler' driver.
DEBUG - 2025-12-01 18:34:12 --> Session: Class initialized using 'CodeIgniter\Session\Handlers\FileHandler' driver.
DEBUG - 2025-12-01 18:34:12 --> Session: Class initialized using 'CodeIgniter\Session\Handlers\FileHandler' driver.
DEBUG - 2025-12-01 18:34:14 --> Session: Class initialized using 'CodeIgniter\Session\Handlers\FileHandler' driver.
DEBUG - 2025-12-01 18:34:14 --> Session: Class initialized using 'CodeIgniter\Session\Handlers\FileHandler' driver.
DEBUG - 2025-12-01 18:34:14 --> Session: Class initialized using 'CodeIgniter\Session\Handlers\FileHandler' driver.
DEBUG - 2025-12-01 18:34:18 --> Session: Class initialized using 'CodeIgniter\Session\Handlers\FileHandler' driver.
DEBUG - 2025-12-01 18:34:24 --> Session: Class initialized using 'CodeIgniter\Session\Handlers\FileHandler' driver.
DEBUG - 2025-12-01 18:34:24 --> Session: Class initialized using 'CodeIgniter\Session\Handlers\FileHandler' driver.
DEBUG - 2025-12-01 18:34:27 --> Session: Class initialized using 'CodeIgniter\Session\Handlers\FileHandler' driver.
DEBUG - 2025-12-01 18:34:31 --> Session: Class initialized using 'CodeIgniter\Session\Handlers\FileHandler' driver.
DEBUG - 2025-12-01 18:34:31 --> Session: Class initialized using 'CodeIgniter\Session\Handlers\FileHandler' driver.
DEBUG - 2025-12-01 18:34:31 --> Session: Class initialized using 'CodeIgniter\Session\Handlers\FileHandler' driver.
DEBUG - 2025-12-01 18:34:31 --> Session: Class initialized using 'CodeIgniter\Session\Handlers\FileHandler' driver.
DEBUG - 2025-12-01 18:34:31 --> Session: Class initialized using 'CodeIgniter\Session\Handlers\FileHandler' driver.
DEBUG - 2025-12-01 18:34:31 --> Session: Class initialized using 'CodeIgniter\Session\Handlers\FileHandler' driver.
DEBUG - 2025-12-01 18:34:31 --> Session: Class initialized using 'CodeIgniter\Session\Handlers\FileHandler' driver.
DEBUG - 2025-12-01 18:34:31 --> Session: Class initialized using 'CodeIgniter\Session\Handlers\FileHandler' driver.
DEBUG - 2025-12-01 18:34:31 --> Session: Class initialized using 'CodeIgniter\Session\Handlers\FileHandler' driver.
DEBUG - 2025-12-01 18:34:31 --> Session: Class initialized using 'CodeIgniter\Session\Handlers\FileHandler' driver.
DEBUG - 2025-12-01 18:34:31 --> Session: Class initialized using 'CodeIgniter\Session\Handlers\FileHandler' driver.
DEBUG - 2025-12-01 18:34:31 --> Session: Class initialized using 'CodeIgniter\Session\Handlers\FileHandler' driver.
DEBUG - 2025-12-01 18:34:31 --> Session: Class initialized using 'CodeIgniter\Session\Handlers\FileHandler' driver.
DEBUG - 2025-12-01 18:34:31 --> Session: Class initialized using 'CodeIgniter\Session\Handlers\FileHandler' driver.
DEBUG - 2025-12-01 18:34:32 --> Session: Class initialized using 'CodeIgniter\Session\Handlers\FileHandler' driver.
DEBUG - 2025-12-01 18:34:32 --> Session: Class initialized using 'CodeIgniter\Session\Handlers\FileHandler' driver.
DEBUG - 2025-12-01 18:34:32 --> Session: Class initialized using 'CodeIgniter\Session\Handlers\FileHandler' driver.
DEBUG - 2025-12-01 18:34:32 --> Session: Class initialized using 'CodeIgniter\Session\Handlers\FileHandler' driver.
DEBUG - 2025-12-01 18:34:32 --> Session: Class initialized using 'CodeIgniter\Session\Handlers\FileHandler' driver.
DEBUG - 2025-12-01 18:34:32 --> Session: Class initialized using 'CodeIgniter\Session\Handlers\FileHandler' driver.
DEBUG - 2025-12-01 18:34:32 --> Session: Class initialized using 'CodeIgniter\Session\Handlers\FileHandler' driver.
DEBUG - 2025-12-01 18:34:32 --> Session: Class initialized using 'CodeIgniter\Session\Handlers\FileHandler' driver.
DEBUG - 2025-12-01 18:34:32 --> Session: Class initialized using 'CodeIgniter\Session\Handlers\FileHandler' driver.
DEBUG - 2025-12-01 18:34:32 --> Session: Class initialized using 'CodeIgniter\Session\Handlers\FileHandler' driver.
DEBUG - 2025-12-01 18:34:32 --> Session: Class initialized using 'CodeIgniter\Session\Handlers\FileHandler' driver.
DEBUG - 2025-12-01 18:34:32 --> Session: Class initialized using 'CodeIgniter\Session\Handlers\FileHandler' driver.
DEBUG - 2025-12-01 18:34:32 --> Session: Class initialized using 'CodeIgniter\Session\Handlers\FileHandler' driver.
DEBUG - 2025-12-01 18:34:32 --> Session: Class initialized using 'CodeIgniter\Session\Handlers\FileHandler' driver.
DEBUG - 2025-12-01 18:34:32 --> Session: Class initialized using 'CodeIgniter\Session\Handlers\FileHandler' driver.
DEBUG - 2025-12-01 18:34:32 --> Session: Class initialized using 'CodeIgniter\Session\Handlers\FileHandler' driver.
DEBUG - 2025-12-01 18:34:32 --> Session: Class initialized using 'CodeIgniter\Session\Handlers\FileHandler' driver.
DEBUG - 2025-12-01 18:34:32 --> Session: Class initialized using 'CodeIgniter\Session\Handlers\FileHandler' driver.
DEBUG - 2025-12-01 18:34:32 --> Session: Class initialized using 'CodeIgniter\Session\Handlers\FileHandler' driver.
DEBUG - 2025-12-01 18:34:32 --> Session: Class initialized using 'CodeIgniter\Session\Handlers\FileHandler' driver.
DEBUG - 2025-12-01 18:34:32 --> Session: Class initialized using 'CodeIgniter\Session\Handlers\FileHandler' driver.
DEBUG - 2025-12-01 18:34:32 --> Session: Class initialized using 'CodeIgniter\Session\Handlers\FileHandler' driver.
DEBUG - 2025-12-01 18:34:32 --> Session: Class initialized using 'CodeIgniter\Session\Handlers\FileHandler' driver.
DEBUG - 2025-12-01 18:34:33 --> Session: Class initialized using 'CodeIgniter\Session\Handlers\FileHandler' driver.
DEBUG - 2025-12-01 18:34:33 --> Session: Class initialized using 'CodeIgniter\Session\Handlers\FileHandler' driver.
DEBUG - 2025-12-01 18:34:33 --> Session: Class initialized using 'CodeIgniter\Session\Handlers\FileHandler' driver.
DEBUG - 2025-12-01 18:34:33 --> Session: Class initialized using 'CodeIgniter\Session\Handlers\FileHandler' driver.
DEBUG - 2025-12-01 18:34:33 --> Session: Class initialized using 'CodeIgniter\Session\Handlers\FileHandler' driver.
DEBUG - 2025-12-01 18:34:33 --> Session: Class initialized using 'CodeIgniter\Session\Handlers\FileHandler' driver.
DEBUG - 2025-12-01 18:34:33 --> Session: Class initialized using 'CodeIgniter\Session\Handlers\FileHandler' driver.
DEBUG - 2025-12-01 18:34:33 --> Session: Class initialized using 'CodeIgniter\Session\Handlers\FileHandler' driver.
DEBUG - 2025-12-01 18:34:33 --> Session: Class initialized using 'CodeIgniter\Session\Handlers\FileHandler' driver.
DEBUG - 2025-12-01 18:34:33 --> Session: Class initialized using 'CodeIgniter\Session\Handlers\FileHandler' driver.
DEBUG - 2025-12-01 18:34:33 --> Session: Class initialized using 'CodeIgniter\Session\Handlers\FileHandler' driver.
DEBUG - 2025-12-01 18:34:33 --> Session: Class initialized using 'CodeIgniter\Session\Handlers\FileHandler' driver.
DEBUG - 2025-12-01 18:34:33 --> Session: Class initialized using 'CodeIgniter\Session\Handlers\FileHandler' driver.
DEBUG - 2025-12-01 18:34:33 --> Session: Class initialized using 'CodeIgniter\Session\Handlers\FileHandler' driver.
DEBUG - 2025-12-01 18:34:33 --> Session: Class initialized using 'CodeIgniter\Session\Handlers\FileHandler' driver.
DEBUG - 2025-12-01 18:34:33 --> Session: Class initialized using 'CodeIgniter\Session\Handlers\FileHandler' driver.
DEBUG - 2025-12-01 18:34:33 --> Session: Class initialized using 'CodeIgniter\Session\Handlers\FileHandler' driver.
DEBUG - 2025-12-01 18:34:33 --> Session: Class initialized using 'CodeIgniter\Session\Handlers\FileHandler' driver.
DEBUG - 2025-12-01 18:34:34 --> Session: Class initialized using 'CodeIgniter\Session\Handlers\FileHandler' driver.
DEBUG - 2025-12-01 18:34:34 --> Session: Class initialized using 'CodeIgniter\Session\Handlers\FileHandler' driver.
DEBUG - 2025-12-01 18:34:34 --> Session: Class initialized using 'CodeIgniter\Session\Handlers\FileHandler' driver.
DEBUG - 2025-12-01 18:34:34 --> Session: Class initialized using 'CodeIgniter\Session\Handlers\FileHandler' driver.
DEBUG - 2025-12-01 18:34:34 --> Session: Class initialized using 'CodeIgniter\Session\Handlers\FileHandler' driver.
DEBUG - 2025-12-01 18:34:34 --> Session: Class initialized using 'CodeIgniter\Session\Handlers\FileHandler' driver.
DEBUG - 2025-12-01 18:34:34 --> Session: Class initialized using 'CodeIgniter\Session\Handlers\FileHandler' driver.
DEBUG - 2025-12-01 18:34:34 --> Session: Class initialized using 'CodeIgniter\Session\Handlers\FileHandler' driver.
DEBUG - 2025-12-01 18:34:34 --> Session: Class initialized using 'CodeIgniter\Session\Handlers\FileHandler' driver.
DEBUG - 2025-12-01 18:34:34 --> Session: Class initialized using 'CodeIgniter\Session\Handlers\FileHandler' driver.
DEBUG - 2025-12-01 18:34:34 --> Session: Class initialized using 'CodeIgniter\Session\Handlers\FileHandler' driver.
DEBUG - 2025-12-01 18:34:34 --> Session: Class initialized using 'CodeIgniter\Session\Handlers\FileHandler' driver.
DEBUG - 2025-12-01 18:34:34 --> Session: Class initialized using 'CodeIgniter\Session\Handlers\FileHandler' driver.
DEBUG - 2025-12-01 18:34:34 --> Session: Class initialized using 'CodeIgniter\Session\Handlers\FileHandler' driver.
DEBUG - 2025-12-01 18:34:34 --> Session: Class initialized using 'CodeIgniter\Session\Handlers\FileHandler' driver.
DEBUG - 2025-12-01 18:34:34 --> Session: Class initialized using 'CodeIgniter\Session\Handlers\FileHandler' driver.
DEBUG - 2025-12-01 18:34:34 --> Session: Class initialized using 'CodeIgniter\Session\Handlers\FileHandler' driver.
DEBUG - 2025-12-01 18:34:34 --> Session: Class initialized using 'CodeIgniter\Session\Handlers\FileHandler' driver.
DEBUG - 2025-12-01 18:34:47 --> Session: Class initialized using 'CodeIgniter\Session\Handlers\FileHandler' driver.
DEBUG - 2025-12-01 18:34:47 --> Session: Class initialized using 'CodeIgniter\Session\Handlers\FileHandler' driver.
DEBUG - 2025-12-01 18:34:47 --> Session: Class initialized using 'CodeIgniter\Session\Handlers\FileHandler' driver.
DEBUG - 2025-12-01 18:34:48 --> Session: Class initialized using 'CodeIgniter\Session\Handlers\FileHandler' driver.
DEBUG - 2025-12-01 18:34:48 --> Session: Class initialized using 'CodeIgniter\Session\Handlers\FileHandler' driver.
DEBUG - 2025-12-01 18:35:01 --> Session: Class initialized using 'CodeIgniter\Session\Handlers\FileHandler' driver.
DEBUG - 2025-12-01 18:35:01 --> Session: Class initialized using 'CodeIgniter\Session\Handlers\FileHandler' driver.
DEBUG - 2025-12-01 18:35:03 --> Session: Class initialized using 'CodeIgniter\Session\Handlers\FileHandler' driver.
INFO - 2025-12-01 18:35:03 --> Day 1 (date 2025-12-06): No defaults loaded
INFO - 2025-12-01 18:35:03 --> Loaded default SS for Day 2 (date 2025-12-07): 1 items
INFO - 2025-12-01 18:35:03 --> Hardcoded Leisure SS auto-selected for Day 3 (date 2025-12-08, location 9)
INFO - 2025-12-01 18:35:03 --> Expansion date 2025-12-06: DB Total=1km, Saved SS=0km, Derived Base=1km (display base; JS adds current SS)
INFO - 2025-12-01 18:35:03 --> Expansion date 2025-12-06: DB Total=1km, Saved SS=0km, Derived Base=1km (display base; JS adds current SS)
INFO - 2025-12-01 18:35:03 --> Expansion date 2025-12-06: DB Total=1km, Saved SS=0km, Derived Base=1km (display base; JS adds current SS)
INFO - 2025-12-01 18:35:03 --> Expansion date 2025-12-07: DB Total=2km, Saved SS=0km, Derived Base=2km (display base; JS adds current SS)
INFO - 2025-12-01 18:35:03 --> Expansion date 2025-12-07: DB Total=2km, Saved SS=0km, Derived Base=2km (display base; JS adds current SS)
INFO - 2025-12-01 18:35:03 --> Expansion date 2025-12-07: DB Total=2km, Saved SS=0km, Derived Base=2km (display base; JS adds current SS)
INFO - 2025-12-01 18:35:03 --> Expansion date 2025-12-08: DB Total=3km, Saved SS=0km, Derived Base=3km (display base; JS adds current SS)
INFO - 2025-12-01 18:35:03 --> Expansion date 2025-12-08: DB Total=3km, Saved SS=0km, Derived Base=3km (display base; JS adds current SS)
INFO - 2025-12-01 18:35:03 --> Expansion date 2025-12-08: DB Total=3km, Saved SS=0km, Derived Base=3km (display base; JS adds current SS)
DEBUG - 2025-12-01 18:35:31 --> Session: Class initialized using 'CodeIgniter\Session\Handlers\FileHandler' driver.
DEBUG - 2025-12-01 18:35:32 --> Session: Class initialized using 'CodeIgniter\Session\Handlers\FileHandler' driver.
INFO - 2025-12-01 18:35:32 --> Expansion date 2025-12-06: DB Total=1km, Saved SS=0km, Derived Base=1km (display base; JS adds current SS)
INFO - 2025-12-01 18:35:32 --> Expansion date 2025-12-06: DB Total=1km, Saved SS=0km, Derived Base=1km (display base; JS adds current SS)
INFO - 2025-12-01 18:35:32 --> Expansion date 2025-12-06: DB Total=1km, Saved SS=0km, Derived Base=1km (display base; JS adds current SS)
INFO - 2025-12-01 18:35:32 --> Expansion date 2025-12-07: DB Total=2km, Saved SS=0km, Derived Base=2km (display base; JS adds current SS)
INFO - 2025-12-01 18:35:32 --> Expansion date 2025-12-07: DB Total=2km, Saved SS=0km, Derived Base=2km (display base; JS adds current SS)
INFO - 2025-12-01 18:35:32 --> Expansion date 2025-12-07: DB Total=2km, Saved SS=0km, Derived Base=2km (display base; JS adds current SS)
INFO - 2025-12-01 18:35:32 --> Expansion date 2025-12-08: DB Total=3km, Saved SS=0km, Derived Base=3km (display base; JS adds current SS)
INFO - 2025-12-01 18:35:32 --> Expansion date 2025-12-08: DB Total=3km, Saved SS=0km, Derived Base=3km (display base; JS adds current SS)
INFO - 2025-12-01 18:35:32 --> Expansion date 2025-12-08: DB Total=3km, Saved SS=0km, Derived Base=3km (display base; JS adds current SS)
INFO - 2025-12-01 18:35:32 --> Itinerary expansion date 2025-12-06: Derived Base=1km (no SS added)
INFO - 2025-12-01 18:35:32 --> Itinerary expansion date 2025-12-06: Derived Base=1km (no SS added)
INFO - 2025-12-01 18:35:32 --> Itinerary expansion date 2025-12-06: Derived Base=1km (no SS added)
INFO - 2025-12-01 18:35:32 --> Itinerary expansion date 2025-12-07: Derived Base=2km (no SS added)
INFO - 2025-12-01 18:35:32 --> Itinerary expansion date 2025-12-07: Derived Base=2km (no SS added)
INFO - 2025-12-01 18:35:32 --> Itinerary expansion date 2025-12-07: Derived Base=2km (no SS added)
INFO - 2025-12-01 18:35:32 --> Itinerary expansion date 2025-12-08: Derived Base=0km (no SS added)
INFO - 2025-12-01 18:35:32 --> Itinerary expansion date 2025-12-08: Derived Base=0km (no SS added)
INFO - 2025-12-01 18:35:32 --> Itinerary expansion date 2025-12-08: Derived Base=0km (no SS added)
DEBUG - 2025-12-01 18:36:06 --> Session: Class initialized using 'CodeIgniter\Session\Handlers\FileHandler' driver.
INFO - 2025-12-01 18:36:06 --> Expansion date 2025-12-06: DB Total=1km, Saved SS=0km, Derived Base=1km (display base; JS adds current SS)
INFO - 2025-12-01 18:36:06 --> Expansion date 2025-12-06: DB Total=1km, Saved SS=0km, Derived Base=1km (display base; JS adds current SS)
INFO - 2025-12-01 18:36:06 --> Expansion date 2025-12-06: DB Total=1km, Saved SS=0km, Derived Base=1km (display base; JS adds current SS)
INFO - 2025-12-01 18:36:06 --> Expansion date 2025-12-07: DB Total=2km, Saved SS=0km, Derived Base=2km (display base; JS adds current SS)
INFO - 2025-12-01 18:36:06 --> Expansion date 2025-12-07: DB Total=2km, Saved SS=0km, Derived Base=2km (display base; JS adds current SS)
INFO - 2025-12-01 18:36:06 --> Expansion date 2025-12-07: DB Total=2km, Saved SS=0km, Derived Base=2km (display base; JS adds current SS)
INFO - 2025-12-01 18:36:06 --> Expansion date 2025-12-08: DB Total=3km, Saved SS=0km, Derived Base=3km (display base; JS adds current SS)
INFO - 2025-12-01 18:36:06 --> Expansion date 2025-12-08: DB Total=3km, Saved SS=0km, Derived Base=3km (display base; JS adds current SS)
INFO - 2025-12-01 18:36:06 --> Expansion date 2025-12-08: DB Total=3km, Saved SS=0km, Derived Base=3km (display base; JS adds current SS)
INFO - 2025-12-01 18:36:06 --> Itinerary expansion date 2025-12-06: Derived Base=1km (no SS added)
INFO - 2025-12-01 18:36:06 --> Itinerary expansion date 2025-12-06: Derived Base=1km (no SS added)
INFO - 2025-12-01 18:36:06 --> Itinerary expansion date 2025-12-06: Derived Base=1km (no SS added)
INFO - 2025-12-01 18:36:06 --> Itinerary expansion date 2025-12-07: Derived Base=2km (no SS added)
INFO - 2025-12-01 18:36:06 --> Itinerary expansion date 2025-12-07: Derived Base=2km (no SS added)
INFO - 2025-12-01 18:36:06 --> Itinerary expansion date 2025-12-07: Derived Base=2km (no SS added)
INFO - 2025-12-01 18:36:06 --> Itinerary expansion date 2025-12-08: Derived Base=0km (no SS added)
INFO - 2025-12-01 18:36:06 --> Itinerary expansion date 2025-12-08: Derived Base=0km (no SS added)
INFO - 2025-12-01 18:36:06 --> Itinerary expansion date 2025-12-08: Derived Base=0km (no SS added)
DEBUG - 2025-12-01 18:36:14 --> Session: Class initialized using 'CodeIgniter\Session\Handlers\FileHandler' driver.
DEBUG - 2025-12-01 18:36:15 --> Session: Class initialized using 'CodeIgniter\Session\Handlers\FileHandler' driver.
INFO - 2025-12-01 18:36:15 --> Expansion date 2025-12-06: DB Total=1km, Saved SS=0km, Derived Base=1km (display base; JS adds current SS)
INFO - 2025-12-01 18:36:15 --> Expansion date 2025-12-06: DB Total=1km, Saved SS=0km, Derived Base=1km (display base; JS adds current SS)
INFO - 2025-12-01 18:36:15 --> Expansion date 2025-12-06: DB Total=1km, Saved SS=0km, Derived Base=1km (display base; JS adds current SS)
INFO - 2025-12-01 18:36:15 --> Expansion date 2025-12-07: DB Total=2km, Saved SS=0km, Derived Base=2km (display base; JS adds current SS)
INFO - 2025-12-01 18:36:15 --> Expansion date 2025-12-07: DB Total=2km, Saved SS=0km, Derived Base=2km (display base; JS adds current SS)
INFO - 2025-12-01 18:36:15 --> Expansion date 2025-12-07: DB Total=2km, Saved SS=0km, Derived Base=2km (display base; JS adds current SS)
INFO - 2025-12-01 18:36:15 --> Expansion date 2025-12-08: DB Total=3km, Saved SS=0km, Derived Base=3km (display base; JS adds current SS)
INFO - 2025-12-01 18:36:15 --> Expansion date 2025-12-08: DB Total=3km, Saved SS=0km, Derived Base=3km (display base; JS adds current SS)
INFO - 2025-12-01 18:36:15 --> Expansion date 2025-12-08: DB Total=3km, Saved SS=0km, Derived Base=3km (display base; JS adds current SS)
INFO - 2025-12-01 18:36:15 --> Itinerary expansion date 2025-12-06: Derived Base=1km (no SS added)
INFO - 2025-12-01 18:36:15 --> Itinerary expansion date 2025-12-06: Derived Base=1km (no SS added)
INFO - 2025-12-01 18:36:15 --> Itinerary expansion date 2025-12-06: Derived Base=1km (no SS added)
INFO - 2025-12-01 18:36:15 --> Itinerary expansion date 2025-12-07: Derived Base=2km (no SS added)
INFO - 2025-12-01 18:36:15 --> Itinerary expansion date 2025-12-07: Derived Base=2km (no SS added)
INFO - 2025-12-01 18:36:15 --> Itinerary expansion date 2025-12-07: Derived Base=2km (no SS added)
INFO - 2025-12-01 18:36:15 --> Itinerary expansion date 2025-12-08: Derived Base=123km (no SS added)
INFO - 2025-12-01 18:36:15 --> Itinerary expansion date 2025-12-08: Derived Base=123km (no SS added)
INFO - 2025-12-01 18:36:15 --> Itinerary expansion date 2025-12-08: Derived Base=123km (no SS added)
DEBUG - 2025-12-01 18:36:34 --> Session: Class initialized using 'CodeIgniter\Session\Handlers\FileHandler' driver.
INFO - 2025-12-01 18:36:34 --> Expansion date 2025-12-06: DB Total=1km, Saved SS=0km, Derived Base=1km (display base; JS adds current SS)
INFO - 2025-12-01 18:36:34 --> Expansion date 2025-12-06: DB Total=1km, Saved SS=0km, Derived Base=1km (display base; JS adds current SS)
INFO - 2025-12-01 18:36:34 --> Expansion date 2025-12-06: DB Total=1km, Saved SS=0km, Derived Base=1km (display base; JS adds current SS)
INFO - 2025-12-01 18:36:34 --> Expansion date 2025-12-07: DB Total=2km, Saved SS=0km, Derived Base=2km (display base; JS adds current SS)
INFO - 2025-12-01 18:36:34 --> Expansion date 2025-12-07: DB Total=2km, Saved SS=0km, Derived Base=2km (display base; JS adds current SS)
INFO - 2025-12-01 18:36:34 --> Expansion date 2025-12-07: DB Total=2km, Saved SS=0km, Derived Base=2km (display base; JS adds current SS)
INFO - 2025-12-01 18:36:34 --> Expansion date 2025-12-08: DB Total=3km, Saved SS=0km, Derived Base=3km (display base; JS adds current SS)
INFO - 2025-12-01 18:36:34 --> Expansion date 2025-12-08: DB Total=3km, Saved SS=0km, Derived Base=3km (display base; JS adds current SS)
INFO - 2025-12-01 18:36:34 --> Expansion date 2025-12-08: DB Total=3km, Saved SS=0km, Derived Base=3km (display base; JS adds current SS)
INFO - 2025-12-01 18:36:34 --> Itinerary expansion date 2025-12-06: Derived Base=1km (no SS added)
INFO - 2025-12-01 18:36:34 --> Itinerary expansion date 2025-12-06: Derived Base=1km (no SS added)
INFO - 2025-12-01 18:36:34 --> Itinerary expansion date 2025-12-06: Derived Base=1km (no SS added)
INFO - 2025-12-01 18:36:34 --> Itinerary expansion date 2025-12-07: Derived Base=2km (no SS added)
INFO - 2025-12-01 18:36:34 --> Itinerary expansion date 2025-12-07: Derived Base=2km (no SS added)
INFO - 2025-12-01 18:36:34 --> Itinerary expansion date 2025-12-07: Derived Base=2km (no SS added)
INFO - 2025-12-01 18:36:34 --> Itinerary expansion date 2025-12-08: Derived Base=123km (no SS added)
INFO - 2025-12-01 18:36:34 --> Itinerary expansion date 2025-12-08: Derived Base=123km (no SS added)
INFO - 2025-12-01 18:36:34 --> Itinerary expansion date 2025-12-08: Derived Base=123km (no SS added)
DEBUG - 2025-12-01 18:36:37 --> Session: Class initialized using 'CodeIgniter\Session\Handlers\FileHandler' driver.
DEBUG - 2025-12-01 18:36:37 --> Session: Class initialized using 'CodeIgniter\Session\Handlers\FileHandler' driver.
DEBUG - 2025-12-01 18:36:39 --> Session: Class initialized using 'CodeIgniter\Session\Handlers\FileHandler' driver.
DEBUG - 2025-12-01 18:36:39 --> Session: Class initialized using 'CodeIgniter\Session\Handlers\FileHandler' driver.
DEBUG - 2025-12-01 18:36:39 --> Session: Class initialized using 'CodeIgniter\Session\Handlers\FileHandler' driver.
DEBUG - 2025-12-01 18:36:39 --> Session: Class initialized using 'CodeIgniter\Session\Handlers\FileHandler' driver.
CRITICAL - 2025-12-01 18:36:39 --> ErrorException: Undefined array key 0
[Method: POST, Route: Enquiry/ajax_get_itineraries]
in APPPATH\Controllers\Enquiry.php on line 10452.
 1 APPPATH\Controllers\Enquiry.php(10452): CodeIgniter\Debug\Exceptions->errorHandler(2, 'Undefined array key 0', 'C:\\wamp64\\www\\khm\\app\\Controllers\\Enquiry.php', 10452)
 2 SYSTEMPATH\CodeIgniter.php(933): App\Controllers\Enquiry->ajax_get_itineraries()
 3 SYSTEMPATH\CodeIgniter.php(509): CodeIgniter\CodeIgniter->runController(Object(App\Controllers\Enquiry))
 4 SYSTEMPATH\CodeIgniter.php(355): CodeIgniter\CodeIgniter->handleRequest(null, Object(Config\Cache), false)
 5 SYSTEMPATH\Boot.php(334): CodeIgniter\CodeIgniter->run()
 6 SYSTEMPATH\Boot.php(67): CodeIgniter\Boot::runCodeIgniter(Object(CodeIgniter\CodeIgniter))
 7 FCPATH\index.php(56): CodeIgniter\Boot::bootWeb(Object(Config\Paths))
DEBUG - 2025-12-01 18:36:41 --> Session: Class initialized using 'CodeIgniter\Session\Handlers\FileHandler' driver.
DEBUG - 2025-12-01 18:36:42 --> Session: Class initialized using 'CodeIgniter\Session\Handlers\FileHandler' driver.
DEBUG - 2025-12-01 18:36:42 --> Session: Class initialized using 'CodeIgniter\Session\Handlers\FileHandler' driver.
DEBUG - 2025-12-01 18:36:43 --> Session: Class initialized using 'CodeIgniter\Session\Handlers\FileHandler' driver.
DEBUG - 2025-12-01 18:36:50 --> Session: Class initialized using 'CodeIgniter\Session\Handlers\FileHandler' driver.
DEBUG - 2025-12-01 18:36:50 --> Session: Class initialized using 'CodeIgniter\Session\Handlers\FileHandler' driver.
DEBUG - 2025-12-01 18:36:50 --> Session: Class initialized using 'CodeIgniter\Session\Handlers\FileHandler' driver.
DEBUG - 2025-12-01 18:36:51 --> Session: Class initialized using 'CodeIgniter\Session\Handlers\FileHandler' driver.
DEBUG - 2025-12-01 18:36:51 --> Session: Class initialized using 'CodeIgniter\Session\Handlers\FileHandler' driver.
DEBUG - 2025-12-01 18:36:54 --> Session: Class initialized using 'CodeIgniter\Session\Handlers\FileHandler' driver.
DEBUG - 2025-12-01 18:36:54 --> Session: Class initialized using 'CodeIgniter\Session\Handlers\FileHandler' driver.
DEBUG - 2025-12-01 18:36:56 --> Session: Class initialized using 'CodeIgniter\Session\Handlers\FileHandler' driver.
INFO - 2025-12-01 18:36:56 --> Day 1 (date 2025-12-06): No defaults loaded
INFO - 2025-12-01 18:36:56 --> Loaded default SS for Day 2 (date 2025-12-07): 1 items
INFO - 2025-12-01 18:36:56 --> Hardcoded Leisure SS auto-selected for Day 3 (date 2025-12-08, location 9)
INFO - 2025-12-01 18:36:56 --> Expansion date 2025-12-06: DB Total=36km, Saved SS=0km, Derived Base=36km (display base; JS adds current SS)
INFO - 2025-12-01 18:36:56 --> Expansion date 2025-12-06: DB Total=36km, Saved SS=0km, Derived Base=36km (display base; JS adds current SS)
INFO - 2025-12-01 18:36:56 --> Expansion date 2025-12-06: DB Total=36km, Saved SS=0km, Derived Base=36km (display base; JS adds current SS)
INFO - 2025-12-01 18:36:56 --> Expansion date 2025-12-07: DB Total=0km, Saved SS=0km, Derived Base=0km (display base; JS adds current SS)
INFO - 2025-12-01 18:36:56 --> Expansion date 2025-12-07: DB Total=0km, Saved SS=0km, Derived Base=0km (display base; JS adds current SS)
INFO - 2025-12-01 18:36:56 --> Expansion date 2025-12-07: DB Total=0km, Saved SS=0km, Derived Base=0km (display base; JS adds current SS)
INFO - 2025-12-01 18:36:56 --> Expansion date 2025-12-08: DB Total=36km, Saved SS=0km, Derived Base=36km (display base; JS adds current SS)
INFO - 2025-12-01 18:36:56 --> Expansion date 2025-12-08: DB Total=36km, Saved SS=0km, Derived Base=36km (display base; JS adds current SS)
INFO - 2025-12-01 18:36:56 --> Expansion date 2025-12-08: DB Total=36km, Saved SS=0km, Derived Base=36km (display base; JS adds current SS)
DEBUG - 2025-12-01 18:37:12 --> Session: Class initialized using 'CodeIgniter\Session\Handlers\FileHandler' driver.
DEBUG - 2025-12-01 18:37:12 --> Session: Class initialized using 'CodeIgniter\Session\Handlers\FileHandler' driver.
INFO - 2025-12-01 18:37:12 --> Expansion date 2025-12-06: DB Total=36km, Saved SS=0km, Derived Base=36km (display base; JS adds current SS)
INFO - 2025-12-01 18:37:12 --> Expansion date 2025-12-06: DB Total=36km, Saved SS=0km, Derived Base=36km (display base; JS adds current SS)
INFO - 2025-12-01 18:37:12 --> Expansion date 2025-12-06: DB Total=36km, Saved SS=0km, Derived Base=36km (display base; JS adds current SS)
INFO - 2025-12-01 18:37:12 --> Expansion date 2025-12-07: DB Total=0km, Saved SS=0km, Derived Base=0km (display base; JS adds current SS)
INFO - 2025-12-01 18:37:12 --> Expansion date 2025-12-07: DB Total=0km, Saved SS=0km, Derived Base=0km (display base; JS adds current SS)
INFO - 2025-12-01 18:37:12 --> Expansion date 2025-12-07: DB Total=0km, Saved SS=0km, Derived Base=0km (display base; JS adds current SS)
INFO - 2025-12-01 18:37:12 --> Expansion date 2025-12-08: DB Total=36km, Saved SS=0km, Derived Base=36km (display base; JS adds current SS)
INFO - 2025-12-01 18:37:12 --> Expansion date 2025-12-08: DB Total=36km, Saved SS=0km, Derived Base=36km (display base; JS adds current SS)
INFO - 2025-12-01 18:37:12 --> Expansion date 2025-12-08: DB Total=36km, Saved SS=0km, Derived Base=36km (display base; JS adds current SS)
INFO - 2025-12-01 18:37:12 --> Itinerary expansion date 2025-12-06: Derived Base=36km (no SS added)
INFO - 2025-12-01 18:37:12 --> Itinerary expansion date 2025-12-06: Derived Base=36km (no SS added)
INFO - 2025-12-01 18:37:12 --> Itinerary expansion date 2025-12-06: Derived Base=36km (no SS added)
INFO - 2025-12-01 18:37:12 --> Itinerary expansion date 2025-12-07: Derived Base=0km (no SS added)
INFO - 2025-12-01 18:37:12 --> Itinerary expansion date 2025-12-07: Derived Base=0km (no SS added)
INFO - 2025-12-01 18:37:12 --> Itinerary expansion date 2025-12-07: Derived Base=0km (no SS added)
INFO - 2025-12-01 18:37:12 --> Itinerary expansion date 2025-12-08: Derived Base=0km (no SS added)
INFO - 2025-12-01 18:37:12 --> Itinerary expansion date 2025-12-08: Derived Base=0km (no SS added)
INFO - 2025-12-01 18:37:12 --> Itinerary expansion date 2025-12-08: Derived Base=0km (no SS added)
DEBUG - 2025-12-01 18:37:19 --> Session: Class initialized using 'CodeIgniter\Session\Handlers\FileHandler' driver.
DEBUG - 2025-12-01 18:37:20 --> Session: Class initialized using 'CodeIgniter\Session\Handlers\FileHandler' driver.
INFO - 2025-12-01 18:37:20 --> Expansion date 2025-12-06: DB Total=36km, Saved SS=0km, Derived Base=36km (display base; JS adds current SS)
INFO - 2025-12-01 18:37:20 --> Expansion date 2025-12-06: DB Total=36km, Saved SS=0km, Derived Base=36km (display base; JS adds current SS)
INFO - 2025-12-01 18:37:20 --> Expansion date 2025-12-06: DB Total=36km, Saved SS=0km, Derived Base=36km (display base; JS adds current SS)
INFO - 2025-12-01 18:37:20 --> Expansion date 2025-12-07: DB Total=0km, Saved SS=0km, Derived Base=0km (display base; JS adds current SS)
INFO - 2025-12-01 18:37:20 --> Expansion date 2025-12-07: DB Total=0km, Saved SS=0km, Derived Base=0km (display base; JS adds current SS)
INFO - 2025-12-01 18:37:20 --> Expansion date 2025-12-07: DB Total=0km, Saved SS=0km, Derived Base=0km (display base; JS adds current SS)
INFO - 2025-12-01 18:37:20 --> Expansion date 2025-12-08: DB Total=36km, Saved SS=0km, Derived Base=36km (display base; JS adds current SS)
INFO - 2025-12-01 18:37:20 --> Expansion date 2025-12-08: DB Total=36km, Saved SS=0km, Derived Base=36km (display base; JS adds current SS)
INFO - 2025-12-01 18:37:20 --> Expansion date 2025-12-08: DB Total=36km, Saved SS=0km, Derived Base=36km (display base; JS adds current SS)
INFO - 2025-12-01 18:37:20 --> Itinerary expansion date 2025-12-06: Derived Base=36km (no SS added)
INFO - 2025-12-01 18:37:20 --> Itinerary expansion date 2025-12-06: Derived Base=36km (no SS added)
INFO - 2025-12-01 18:37:20 --> Itinerary expansion date 2025-12-06: Derived Base=36km (no SS added)
INFO - 2025-12-01 18:37:20 --> Itinerary expansion date 2025-12-07: Derived Base=0km (no SS added)
INFO - 2025-12-01 18:37:20 --> Itinerary expansion date 2025-12-07: Derived Base=0km (no SS added)
INFO - 2025-12-01 18:37:20 --> Itinerary expansion date 2025-12-07: Derived Base=0km (no SS added)
INFO - 2025-12-01 18:37:20 --> Itinerary expansion date 2025-12-08: Derived Base=0km (no SS added)
INFO - 2025-12-01 18:37:20 --> Itinerary expansion date 2025-12-08: Derived Base=0km (no SS added)
INFO - 2025-12-01 18:37:20 --> Itinerary expansion date 2025-12-08: Derived Base=0km (no SS added)
DEBUG - 2025-12-01 18:39:35 --> Session: Class initialized using 'CodeIgniter\Session\Handlers\FileHandler' driver.
INFO - 2025-12-01 18:39:35 --> Expansion date 2025-12-06: DB Total=36km, Saved SS=0km, Derived Base=36km (display base; JS adds current SS)
INFO - 2025-12-01 18:39:35 --> Expansion date 2025-12-06: DB Total=36km, Saved SS=0km, Derived Base=36km (display base; JS adds current SS)
INFO - 2025-12-01 18:39:35 --> Expansion date 2025-12-06: DB Total=36km, Saved SS=0km, Derived Base=36km (display base; JS adds current SS)
INFO - 2025-12-01 18:39:35 --> Expansion date 2025-12-07: DB Total=0km, Saved SS=0km, Derived Base=0km (display base; JS adds current SS)
INFO - 2025-12-01 18:39:35 --> Expansion date 2025-12-07: DB Total=0km, Saved SS=0km, Derived Base=0km (display base; JS adds current SS)
INFO - 2025-12-01 18:39:35 --> Expansion date 2025-12-07: DB Total=0km, Saved SS=0km, Derived Base=0km (display base; JS adds current SS)
INFO - 2025-12-01 18:39:35 --> Expansion date 2025-12-08: DB Total=36km, Saved SS=0km, Derived Base=36km (display base; JS adds current SS)
INFO - 2025-12-01 18:39:35 --> Expansion date 2025-12-08: DB Total=36km, Saved SS=0km, Derived Base=36km (display base; JS adds current SS)
INFO - 2025-12-01 18:39:35 --> Expansion date 2025-12-08: DB Total=36km, Saved SS=0km, Derived Base=36km (display base; JS adds current SS)
INFO - 2025-12-01 18:39:35 --> Itinerary expansion date 2025-12-06: Derived Base=36km (no SS added)
INFO - 2025-12-01 18:39:35 --> Itinerary expansion date 2025-12-06: Derived Base=36km (no SS added)
INFO - 2025-12-01 18:39:35 --> Itinerary expansion date 2025-12-06: Derived Base=36km (no SS added)
INFO - 2025-12-01 18:39:35 --> Itinerary expansion date 2025-12-07: Derived Base=0km (no SS added)
INFO - 2025-12-01 18:39:35 --> Itinerary expansion date 2025-12-07: Derived Base=0km (no SS added)
INFO - 2025-12-01 18:39:35 --> Itinerary expansion date 2025-12-07: Derived Base=0km (no SS added)
INFO - 2025-12-01 18:39:35 --> Itinerary expansion date 2025-12-08: Derived Base=0km (no SS added)
INFO - 2025-12-01 18:39:35 --> Itinerary expansion date 2025-12-08: Derived Base=0km (no SS added)
INFO - 2025-12-01 18:39:35 --> Itinerary expansion date 2025-12-08: Derived Base=0km (no SS added)
DEBUG - 2025-12-01 18:39:38 --> Session: Class initialized using 'CodeIgniter\Session\Handlers\FileHandler' driver.
DEBUG - 2025-12-01 18:39:38 --> Session: Class initialized using 'CodeIgniter\Session\Handlers\FileHandler' driver.
DEBUG - 2025-12-01 18:39:40 --> Session: Class initialized using 'CodeIgniter\Session\Handlers\FileHandler' driver.
DEBUG - 2025-12-01 18:39:40 --> Session: Class initialized using 'CodeIgniter\Session\Handlers\FileHandler' driver.
DEBUG - 2025-12-01 18:39:40 --> Session: Class initialized using 'CodeIgniter\Session\Handlers\FileHandler' driver.
DEBUG - 2025-12-01 18:39:40 --> Session: Class initialized using 'CodeIgniter\Session\Handlers\FileHandler' driver.
CRITICAL - 2025-12-01 18:39:40 --> ErrorException: Undefined array key 0
[Method: POST, Route: Enquiry/ajax_get_itineraries]
in APPPATH\Controllers\Enquiry.php on line 10452.
 1 APPPATH\Controllers\Enquiry.php(10452): CodeIgniter\Debug\Exceptions->errorHandler(2, 'Undefined array key 0', 'C:\\wamp64\\www\\khm\\app\\Controllers\\Enquiry.php', 10452)
 2 SYSTEMPATH\CodeIgniter.php(933): App\Controllers\Enquiry->ajax_get_itineraries()
 3 SYSTEMPATH\CodeIgniter.php(509): CodeIgniter\CodeIgniter->runController(Object(App\Controllers\Enquiry))
 4 SYSTEMPATH\CodeIgniter.php(355): CodeIgniter\CodeIgniter->handleRequest(null, Object(Config\Cache), false)
 5 SYSTEMPATH\Boot.php(334): CodeIgniter\CodeIgniter->run()
 6 SYSTEMPATH\Boot.php(67): CodeIgniter\Boot::runCodeIgniter(Object(CodeIgniter\CodeIgniter))
 7 FCPATH\index.php(56): CodeIgniter\Boot::bootWeb(Object(Config\Paths))
DEBUG - 2025-12-01 18:39:42 --> Session: Class initialized using 'CodeIgniter\Session\Handlers\FileHandler' driver.
DEBUG - 2025-12-01 18:39:43 --> Session: Class initialized using 'CodeIgniter\Session\Handlers\FileHandler' driver.
DEBUG - 2025-12-01 18:39:43 --> Session: Class initialized using 'CodeIgniter\Session\Handlers\FileHandler' driver.
DEBUG - 2025-12-01 18:39:44 --> Session: Class initialized using 'CodeIgniter\Session\Handlers\FileHandler' driver.
DEBUG - 2025-12-01 18:39:51 --> Session: Class initialized using 'CodeIgniter\Session\Handlers\FileHandler' driver.
DEBUG - 2025-12-01 18:39:51 --> Session: Class initialized using 'CodeIgniter\Session\Handlers\FileHandler' driver.
DEBUG - 2025-12-01 18:39:56 --> Session: Class initialized using 'CodeIgniter\Session\Handlers\FileHandler' driver.
INFO - 2025-12-01 18:39:56 --> Day 1 (date 2025-12-06): No defaults loaded
INFO - 2025-12-01 18:39:56 --> Loaded default SS for Day 2 (date 2025-12-07): 1 items
INFO - 2025-12-01 18:39:56 --> Hardcoded Leisure SS auto-selected for Day 3 (date 2025-12-08, location 9)
INFO - 2025-12-01 18:39:56 --> Expansion date 2025-12-06: DB Total=36km, Saved SS=0km, Derived Base=36km (display base; JS adds current SS)
INFO - 2025-12-01 18:39:56 --> Expansion date 2025-12-06: DB Total=36km, Saved SS=0km, Derived Base=36km (display base; JS adds current SS)
INFO - 2025-12-01 18:39:56 --> Expansion date 2025-12-06: DB Total=36km, Saved SS=0km, Derived Base=36km (display base; JS adds current SS)
INFO - 2025-12-01 18:39:56 --> Expansion date 2025-12-07: DB Total=0km, Saved SS=0km, Derived Base=0km (display base; JS adds current SS)
INFO - 2025-12-01 18:39:56 --> Expansion date 2025-12-07: DB Total=0km, Saved SS=0km, Derived Base=0km (display base; JS adds current SS)
INFO - 2025-12-01 18:39:56 --> Expansion date 2025-12-07: DB Total=0km, Saved SS=0km, Derived Base=0km (display base; JS adds current SS)
INFO - 2025-12-01 18:39:56 --> Expansion date 2025-12-08: DB Total=36km, Saved SS=0km, Derived Base=36km (display base; JS adds current SS)
INFO - 2025-12-01 18:39:56 --> Expansion date 2025-12-08: DB Total=36km, Saved SS=0km, Derived Base=36km (display base; JS adds current SS)
INFO - 2025-12-01 18:39:56 --> Expansion date 2025-12-08: DB Total=36km, Saved SS=0km, Derived Base=36km (display base; JS adds current SS)
DEBUG - 2025-12-01 18:40:19 --> Session: Class initialized using 'CodeIgniter\Session\Handlers\FileHandler' driver.
DEBUG - 2025-12-01 18:40:19 --> Session: Class initialized using 'CodeIgniter\Session\Handlers\FileHandler' driver.
INFO - 2025-12-01 18:40:19 --> Expansion date 2025-12-06: DB Total=36km, Saved SS=0km, Derived Base=36km (display base; JS adds current SS)
INFO - 2025-12-01 18:40:19 --> Expansion date 2025-12-06: DB Total=36km, Saved SS=0km, Derived Base=36km (display base; JS adds current SS)
INFO - 2025-12-01 18:40:19 --> Expansion date 2025-12-06: DB Total=36km, Saved SS=0km, Derived Base=36km (display base; JS adds current SS)
INFO - 2025-12-01 18:40:19 --> Expansion date 2025-12-07: DB Total=0km, Saved SS=0km, Derived Base=0km (display base; JS adds current SS)
INFO - 2025-12-01 18:40:19 --> Expansion date 2025-12-07: DB Total=0km, Saved SS=0km, Derived Base=0km (display base; JS adds current SS)
INFO - 2025-12-01 18:40:19 --> Expansion date 2025-12-07: DB Total=0km, Saved SS=0km, Derived Base=0km (display base; JS adds current SS)
INFO - 2025-12-01 18:40:19 --> Expansion date 2025-12-08: DB Total=36km, Saved SS=0km, Derived Base=36km (display base; JS adds current SS)
INFO - 2025-12-01 18:40:19 --> Expansion date 2025-12-08: DB Total=36km, Saved SS=0km, Derived Base=36km (display base; JS adds current SS)
INFO - 2025-12-01 18:40:19 --> Expansion date 2025-12-08: DB Total=36km, Saved SS=0km, Derived Base=36km (display base; JS adds current SS)
INFO - 2025-12-01 18:40:19 --> Itinerary expansion date 2025-12-06: Derived Base=36km (no SS added)
INFO - 2025-12-01 18:40:19 --> Itinerary expansion date 2025-12-06: Derived Base=36km (no SS added)
INFO - 2025-12-01 18:40:19 --> Itinerary expansion date 2025-12-06: Derived Base=36km (no SS added)
INFO - 2025-12-01 18:40:19 --> Itinerary expansion date 2025-12-07: Derived Base=0km (no SS added)
INFO - 2025-12-01 18:40:19 --> Itinerary expansion date 2025-12-07: Derived Base=0km (no SS added)
INFO - 2025-12-01 18:40:19 --> Itinerary expansion date 2025-12-07: Derived Base=0km (no SS added)
INFO - 2025-12-01 18:40:19 --> Itinerary expansion date 2025-12-08: Derived Base=36km (no SS added)
INFO - 2025-12-01 18:40:19 --> Itinerary expansion date 2025-12-08: Derived Base=36km (no SS added)
INFO - 2025-12-01 18:40:19 --> Itinerary expansion date 2025-12-08: Derived Base=36km (no SS added)
