DEBUG - 2025-12-22 05:45:09 --> Session: Class initialized using 'CodeIgniter\Session\Handlers\FileHandler' driver.
DEBUG - 2025-12-22 05:45:24 --> Session: Class initialized using 'CodeIgniter\Session\Handlers\FileHandler' driver.
DEBUG - 2025-12-22 05:45:24 --> Session: Class initialized using 'CodeIgniter\Session\Handlers\FileHandler' driver.
WARNING - 2025-12-22 05:45:24 --> [DEPRECATED] round(): Passing null to parameter #1 ($num) of type int|float is deprecated in APPPATH\Controllers\Dashboard.php on line 247.
 1 APPPATH\Controllers\Dashboard.php(247): round(null, 2)
 2 SYSTEMPATH\CodeIgniter.php(933): App\Controllers\Dashboard->index()
 3 SYSTEMPATH\CodeIgniter.php(509): CodeIgniter\CodeIgniter->runController(Object(App\Controllers\Dashboard))
 4 SYSTEMPATH\CodeIgniter.php(355): CodeIgniter\CodeIgniter->handleRequest(null, Object(Config\Cache), false)
 5 SYSTEMPATH\Boot.php(334): CodeIgniter\CodeIgniter->run()
 6 SYSTEMPATH\Boot.php(67): CodeIgniter\Boot::runCodeIgniter(Object(CodeIgniter\CodeIgniter))
 7 FCPATH\index.php(56): CodeIgniter\Boot::bootWeb(Object(Config\Paths))
DEBUG - 2025-12-22 05:45:28 --> Session: Class initialized using 'CodeIgniter\Session\Handlers\FileHandler' driver.
DEBUG - 2025-12-22 05:45:28 --> Session: Class initialized using 'CodeIgniter\Session\Handlers\FileHandler' driver.
DEBUG - 2025-12-22 05:45:33 --> Session: Class initialized using 'CodeIgniter\Session\Handlers\FileHandler' driver.
INFO - 2025-12-22 05:45:33 --> Tax case: Using TOUR EXPANSION for tour_details_id 1911
INFO - 2025-12-22 05:45:33 --> Day 1 (date 2025-12-22): No defaults loaded
INFO - 2025-12-22 05:45:33 --> Loaded default SS for Day 2 (date 2025-12-23): 0 items
INFO - 2025-12-22 05:45:33 --> Hardcoded Leisure SS auto-selected for Day 3 (date 2025-12-24, location 4)
INFO - 2025-12-22 05:45:33 --> Expansion date 2025-12-22: DB Total=141km, Saved SS=0km, Derived Base=141km (display base; JS adds current SS)
INFO - 2025-12-22 05:45:33 --> Expansion date 2025-12-22: DB Total=141km, Saved SS=0km, Derived Base=141km (display base; JS adds current SS)
INFO - 2025-12-22 05:45:33 --> Expansion date 2025-12-22: DB Total=141km, Saved SS=0km, Derived Base=141km (display base; JS adds current SS)
INFO - 2025-12-22 05:45:33 --> Expansion date 2025-12-22: DB Total=141km, Saved SS=0km, Derived Base=141km (display base; JS adds current SS)
INFO - 2025-12-22 05:45:33 --> Expansion date 2025-12-22: DB Total=141km, Saved SS=0km, Derived Base=141km (display base; JS adds current SS)
INFO - 2025-12-22 05:45:33 --> Expansion date 2025-12-22: DB Total=141km, Saved SS=0km, Derived Base=141km (display base; JS adds current SS)
INFO - 2025-12-22 05:45:33 --> Expansion date 2025-12-23: DB Total=0km, Saved SS=0km, Derived Base=0km (display base; JS adds current SS)
INFO - 2025-12-22 05:45:33 --> Expansion date 2025-12-23: DB Total=0km, Saved SS=0km, Derived Base=0km (display base; JS adds current SS)
INFO - 2025-12-22 05:45:33 --> Expansion date 2025-12-23: DB Total=0km, Saved SS=0km, Derived Base=0km (display base; JS adds current SS)
INFO - 2025-12-22 05:45:33 --> Expansion date 2025-12-23: DB Total=0km, Saved SS=0km, Derived Base=0km (display base; JS adds current SS)
INFO - 2025-12-22 05:45:33 --> Expansion date 2025-12-23: DB Total=0km, Saved SS=0km, Derived Base=0km (display base; JS adds current SS)
INFO - 2025-12-22 05:45:33 --> Expansion date 2025-12-23: DB Total=0km, Saved SS=0km, Derived Base=0km (display base; JS adds current SS)
INFO - 2025-12-22 05:45:33 --> Expansion date 2025-12-24: DB Total=141km, Saved SS=0km, Derived Base=141km (display base; JS adds current SS)
INFO - 2025-12-22 05:45:33 --> Expansion date 2025-12-24: DB Total=141km, Saved SS=0km, Derived Base=141km (display base; JS adds current SS)
INFO - 2025-12-22 05:45:33 --> Expansion date 2025-12-24: DB Total=141km, Saved SS=0km, Derived Base=141km (display base; JS adds current SS)
INFO - 2025-12-22 05:45:33 --> Expansion date 2025-12-24: DB Total=141km, Saved SS=0km, Derived Base=141km (display base; JS adds current SS)
INFO - 2025-12-22 05:45:33 --> Expansion date 2025-12-24: DB Total=141km, Saved SS=0km, Derived Base=141km (display base; JS adds current SS)
INFO - 2025-12-22 05:45:33 --> Expansion date 2025-12-24: DB Total=141km, Saved SS=0km, Derived Base=141km (display base; JS adds current SS)
DEBUG - 2025-12-22 05:46:41 --> Session: Class initialized using 'CodeIgniter\Session\Handlers\FileHandler' driver.
INFO - 2025-12-22 05:46:41 --> Tax case: Using TOUR EXPANSION for tour_details_id 1911
INFO - 2025-12-22 05:46:41 --> Day 1 (date 2025-12-22): No defaults loaded
INFO - 2025-12-22 05:46:41 --> Loaded default SS for Day 2 (date 2025-12-23): 0 items
INFO - 2025-12-22 05:46:41 --> Hardcoded Leisure SS auto-selected for Day 3 (date 2025-12-24, location 4)
INFO - 2025-12-22 05:46:41 --> Expansion date 2025-12-22: DB Total=141km, Saved SS=0km, Derived Base=141km (display base; JS adds current SS)
INFO - 2025-12-22 05:46:41 --> Expansion date 2025-12-22: DB Total=141km, Saved SS=0km, Derived Base=141km (display base; JS adds current SS)
INFO - 2025-12-22 05:46:41 --> Expansion date 2025-12-22: DB Total=141km, Saved SS=0km, Derived Base=141km (display base; JS adds current SS)
INFO - 2025-12-22 05:46:41 --> Expansion date 2025-12-22: DB Total=141km, Saved SS=0km, Derived Base=141km (display base; JS adds current SS)
INFO - 2025-12-22 05:46:41 --> Expansion date 2025-12-22: DB Total=141km, Saved SS=0km, Derived Base=141km (display base; JS adds current SS)
INFO - 2025-12-22 05:46:41 --> Expansion date 2025-12-22: DB Total=141km, Saved SS=0km, Derived Base=141km (display base; JS adds current SS)
INFO - 2025-12-22 05:46:41 --> Expansion date 2025-12-23: DB Total=0km, Saved SS=0km, Derived Base=0km (display base; JS adds current SS)
INFO - 2025-12-22 05:46:41 --> Expansion date 2025-12-23: DB Total=0km, Saved SS=0km, Derived Base=0km (display base; JS adds current SS)
INFO - 2025-12-22 05:46:41 --> Expansion date 2025-12-23: DB Total=0km, Saved SS=0km, Derived Base=0km (display base; JS adds current SS)
INFO - 2025-12-22 05:46:41 --> Expansion date 2025-12-23: DB Total=0km, Saved SS=0km, Derived Base=0km (display base; JS adds current SS)
INFO - 2025-12-22 05:46:41 --> Expansion date 2025-12-23: DB Total=0km, Saved SS=0km, Derived Base=0km (display base; JS adds current SS)
INFO - 2025-12-22 05:46:41 --> Expansion date 2025-12-23: DB Total=0km, Saved SS=0km, Derived Base=0km (display base; JS adds current SS)
INFO - 2025-12-22 05:46:41 --> Expansion date 2025-12-24: DB Total=141km, Saved SS=0km, Derived Base=141km (display base; JS adds current SS)
INFO - 2025-12-22 05:46:41 --> Expansion date 2025-12-24: DB Total=141km, Saved SS=0km, Derived Base=141km (display base; JS adds current SS)
INFO - 2025-12-22 05:46:41 --> Expansion date 2025-12-24: DB Total=141km, Saved SS=0km, Derived Base=141km (display base; JS adds current SS)
INFO - 2025-12-22 05:46:41 --> Expansion date 2025-12-24: DB Total=141km, Saved SS=0km, Derived Base=141km (display base; JS adds current SS)
INFO - 2025-12-22 05:46:41 --> Expansion date 2025-12-24: DB Total=141km, Saved SS=0km, Derived Base=141km (display base; JS adds current SS)
INFO - 2025-12-22 05:46:41 --> Expansion date 2025-12-24: DB Total=141km, Saved SS=0km, Derived Base=141km (display base; JS adds current SS)
DEBUG - 2025-12-22 05:46:50 --> Session: Class initialized using 'CodeIgniter\Session\Handlers\FileHandler' driver.
INFO - 2025-12-22 05:46:50 --> Tax case: Using TOUR EXPANSION for tour_details_id 1911
INFO - 2025-12-22 05:46:51 --> Day 1 (date 2025-12-22): No defaults loaded
INFO - 2025-12-22 05:46:51 --> Loaded default SS for Day 2 (date 2025-12-23): 0 items
INFO - 2025-12-22 05:46:51 --> Hardcoded Leisure SS auto-selected for Day 3 (date 2025-12-24, location 4)
INFO - 2025-12-22 05:46:51 --> Expansion date 2025-12-22: DB Total=141km, Saved SS=0km, Derived Base=141km (display base; JS adds current SS)
INFO - 2025-12-22 05:46:51 --> Expansion date 2025-12-22: DB Total=141km, Saved SS=0km, Derived Base=141km (display base; JS adds current SS)
INFO - 2025-12-22 05:46:51 --> Expansion date 2025-12-22: DB Total=141km, Saved SS=0km, Derived Base=141km (display base; JS adds current SS)
INFO - 2025-12-22 05:46:51 --> Expansion date 2025-12-22: DB Total=141km, Saved SS=0km, Derived Base=141km (display base; JS adds current SS)
INFO - 2025-12-22 05:46:51 --> Expansion date 2025-12-22: DB Total=141km, Saved SS=0km, Derived Base=141km (display base; JS adds current SS)
INFO - 2025-12-22 05:46:51 --> Expansion date 2025-12-22: DB Total=141km, Saved SS=0km, Derived Base=141km (display base; JS adds current SS)
INFO - 2025-12-22 05:46:51 --> Expansion date 2025-12-23: DB Total=0km, Saved SS=0km, Derived Base=0km (display base; JS adds current SS)
INFO - 2025-12-22 05:46:51 --> Expansion date 2025-12-23: DB Total=0km, Saved SS=0km, Derived Base=0km (display base; JS adds current SS)
INFO - 2025-12-22 05:46:51 --> Expansion date 2025-12-23: DB Total=0km, Saved SS=0km, Derived Base=0km (display base; JS adds current SS)
INFO - 2025-12-22 05:46:51 --> Expansion date 2025-12-23: DB Total=0km, Saved SS=0km, Derived Base=0km (display base; JS adds current SS)
INFO - 2025-12-22 05:46:51 --> Expansion date 2025-12-23: DB Total=0km, Saved SS=0km, Derived Base=0km (display base; JS adds current SS)
INFO - 2025-12-22 05:46:51 --> Expansion date 2025-12-23: DB Total=0km, Saved SS=0km, Derived Base=0km (display base; JS adds current SS)
INFO - 2025-12-22 05:46:51 --> Expansion date 2025-12-24: DB Total=141km, Saved SS=0km, Derived Base=141km (display base; JS adds current SS)
INFO - 2025-12-22 05:46:51 --> Expansion date 2025-12-24: DB Total=141km, Saved SS=0km, Derived Base=141km (display base; JS adds current SS)
INFO - 2025-12-22 05:46:51 --> Expansion date 2025-12-24: DB Total=141km, Saved SS=0km, Derived Base=141km (display base; JS adds current SS)
INFO - 2025-12-22 05:46:51 --> Expansion date 2025-12-24: DB Total=141km, Saved SS=0km, Derived Base=141km (display base; JS adds current SS)
INFO - 2025-12-22 05:46:51 --> Expansion date 2025-12-24: DB Total=141km, Saved SS=0km, Derived Base=141km (display base; JS adds current SS)
INFO - 2025-12-22 05:46:51 --> Expansion date 2025-12-24: DB Total=141km, Saved SS=0km, Derived Base=141km (display base; JS adds current SS)
DEBUG - 2025-12-22 05:47:13 --> Session: Class initialized using 'CodeIgniter\Session\Handlers\FileHandler' driver.
INFO - 2025-12-22 05:47:13 --> Tax case: Using TOUR EXPANSION for tour_details_id 1911
INFO - 2025-12-22 05:47:13 --> Day 1 (date 2025-12-22): No defaults loaded
INFO - 2025-12-22 05:47:13 --> Loaded default SS for Day 2 (date 2025-12-23): 0 items
INFO - 2025-12-22 05:47:13 --> Hardcoded Leisure SS auto-selected for Day 3 (date 2025-12-24, location 4)
INFO - 2025-12-22 05:47:13 --> Expansion date 2025-12-22: DB Total=141km, Saved SS=0km, Derived Base=141km (display base; JS adds current SS)
INFO - 2025-12-22 05:47:13 --> Expansion date 2025-12-22: DB Total=141km, Saved SS=0km, Derived Base=141km (display base; JS adds current SS)
INFO - 2025-12-22 05:47:13 --> Expansion date 2025-12-22: DB Total=141km, Saved SS=0km, Derived Base=141km (display base; JS adds current SS)
INFO - 2025-12-22 05:47:13 --> Expansion date 2025-12-22: DB Total=141km, Saved SS=0km, Derived Base=141km (display base; JS adds current SS)
INFO - 2025-12-22 05:47:13 --> Expansion date 2025-12-22: DB Total=141km, Saved SS=0km, Derived Base=141km (display base; JS adds current SS)
INFO - 2025-12-22 05:47:13 --> Expansion date 2025-12-22: DB Total=141km, Saved SS=0km, Derived Base=141km (display base; JS adds current SS)
INFO - 2025-12-22 05:47:13 --> Expansion date 2025-12-23: DB Total=0km, Saved SS=0km, Derived Base=0km (display base; JS adds current SS)
INFO - 2025-12-22 05:47:13 --> Expansion date 2025-12-23: DB Total=0km, Saved SS=0km, Derived Base=0km (display base; JS adds current SS)
INFO - 2025-12-22 05:47:13 --> Expansion date 2025-12-23: DB Total=0km, Saved SS=0km, Derived Base=0km (display base; JS adds current SS)
INFO - 2025-12-22 05:47:13 --> Expansion date 2025-12-23: DB Total=0km, Saved SS=0km, Derived Base=0km (display base; JS adds current SS)
INFO - 2025-12-22 05:47:13 --> Expansion date 2025-12-23: DB Total=0km, Saved SS=0km, Derived Base=0km (display base; JS adds current SS)
INFO - 2025-12-22 05:47:13 --> Expansion date 2025-12-23: DB Total=0km, Saved SS=0km, Derived Base=0km (display base; JS adds current SS)
INFO - 2025-12-22 05:47:13 --> Expansion date 2025-12-24: DB Total=141km, Saved SS=0km, Derived Base=141km (display base; JS adds current SS)
INFO - 2025-12-22 05:47:13 --> Expansion date 2025-12-24: DB Total=141km, Saved SS=0km, Derived Base=141km (display base; JS adds current SS)
INFO - 2025-12-22 05:47:13 --> Expansion date 2025-12-24: DB Total=141km, Saved SS=0km, Derived Base=141km (display base; JS adds current SS)
INFO - 2025-12-22 05:47:13 --> Expansion date 2025-12-24: DB Total=141km, Saved SS=0km, Derived Base=141km (display base; JS adds current SS)
INFO - 2025-12-22 05:47:13 --> Expansion date 2025-12-24: DB Total=141km, Saved SS=0km, Derived Base=141km (display base; JS adds current SS)
INFO - 2025-12-22 05:47:13 --> Expansion date 2025-12-24: DB Total=141km, Saved SS=0km, Derived Base=141km (display base; JS adds current SS)
DEBUG - 2025-12-22 05:47:51 --> Session: Class initialized using 'CodeIgniter\Session\Handlers\FileHandler' driver.
INFO - 2025-12-22 05:47:51 --> Tax case: Using TOUR EXPANSION for tour_details_id 1911
INFO - 2025-12-22 05:47:51 --> Day 1 (date 2025-12-22): No defaults loaded
INFO - 2025-12-22 05:47:51 --> Loaded default SS for Day 2 (date 2025-12-23): 0 items
INFO - 2025-12-22 05:47:51 --> Hardcoded Leisure SS auto-selected for Day 3 (date 2025-12-24, location 4)
INFO - 2025-12-22 05:47:51 --> Expansion date 2025-12-22: DB Total=141km, Saved SS=0km, Derived Base=141km (display base; JS adds current SS)
INFO - 2025-12-22 05:47:51 --> Expansion date 2025-12-22: DB Total=141km, Saved SS=0km, Derived Base=141km (display base; JS adds current SS)
INFO - 2025-12-22 05:47:51 --> Expansion date 2025-12-22: DB Total=141km, Saved SS=0km, Derived Base=141km (display base; JS adds current SS)
INFO - 2025-12-22 05:47:51 --> Expansion date 2025-12-22: DB Total=141km, Saved SS=0km, Derived Base=141km (display base; JS adds current SS)
INFO - 2025-12-22 05:47:51 --> Expansion date 2025-12-22: DB Total=141km, Saved SS=0km, Derived Base=141km (display base; JS adds current SS)
INFO - 2025-12-22 05:47:51 --> Expansion date 2025-12-22: DB Total=141km, Saved SS=0km, Derived Base=141km (display base; JS adds current SS)
INFO - 2025-12-22 05:47:51 --> Expansion date 2025-12-23: DB Total=0km, Saved SS=0km, Derived Base=0km (display base; JS adds current SS)
INFO - 2025-12-22 05:47:51 --> Expansion date 2025-12-23: DB Total=0km, Saved SS=0km, Derived Base=0km (display base; JS adds current SS)
INFO - 2025-12-22 05:47:51 --> Expansion date 2025-12-23: DB Total=0km, Saved SS=0km, Derived Base=0km (display base; JS adds current SS)
INFO - 2025-12-22 05:47:51 --> Expansion date 2025-12-23: DB Total=0km, Saved SS=0km, Derived Base=0km (display base; JS adds current SS)
INFO - 2025-12-22 05:47:51 --> Expansion date 2025-12-23: DB Total=0km, Saved SS=0km, Derived Base=0km (display base; JS adds current SS)
INFO - 2025-12-22 05:47:51 --> Expansion date 2025-12-23: DB Total=0km, Saved SS=0km, Derived Base=0km (display base; JS adds current SS)
INFO - 2025-12-22 05:47:51 --> Expansion date 2025-12-24: DB Total=141km, Saved SS=0km, Derived Base=141km (display base; JS adds current SS)
INFO - 2025-12-22 05:47:51 --> Expansion date 2025-12-24: DB Total=141km, Saved SS=0km, Derived Base=141km (display base; JS adds current SS)
INFO - 2025-12-22 05:47:51 --> Expansion date 2025-12-24: DB Total=141km, Saved SS=0km, Derived Base=141km (display base; JS adds current SS)
INFO - 2025-12-22 05:47:51 --> Expansion date 2025-12-24: DB Total=141km, Saved SS=0km, Derived Base=141km (display base; JS adds current SS)
INFO - 2025-12-22 05:47:51 --> Expansion date 2025-12-24: DB Total=141km, Saved SS=0km, Derived Base=141km (display base; JS adds current SS)
INFO - 2025-12-22 05:47:51 --> Expansion date 2025-12-24: DB Total=141km, Saved SS=0km, Derived Base=141km (display base; JS adds current SS)
DEBUG - 2025-12-22 05:48:38 --> Session: Class initialized using 'CodeIgniter\Session\Handlers\FileHandler' driver.
INFO - 2025-12-22 05:48:38 --> Tax case: Using TOUR EXPANSION for tour_details_id 1911
INFO - 2025-12-22 05:48:38 --> Day 1 (date 2025-12-22): No defaults loaded
INFO - 2025-12-22 05:48:38 --> Loaded default SS for Day 2 (date 2025-12-23): 0 items
INFO - 2025-12-22 05:48:38 --> Hardcoded Leisure SS auto-selected for Day 3 (date 2025-12-24, location 4)
INFO - 2025-12-22 05:48:38 --> Expansion date 2025-12-22: DB Total=141km, Saved SS=0km, Derived Base=141km (display base; JS adds current SS)
INFO - 2025-12-22 05:48:38 --> Expansion date 2025-12-22: DB Total=141km, Saved SS=0km, Derived Base=141km (display base; JS adds current SS)
INFO - 2025-12-22 05:48:38 --> Expansion date 2025-12-22: DB Total=141km, Saved SS=0km, Derived Base=141km (display base; JS adds current SS)
INFO - 2025-12-22 05:48:38 --> Expansion date 2025-12-22: DB Total=141km, Saved SS=0km, Derived Base=141km (display base; JS adds current SS)
INFO - 2025-12-22 05:48:38 --> Expansion date 2025-12-22: DB Total=141km, Saved SS=0km, Derived Base=141km (display base; JS adds current SS)
INFO - 2025-12-22 05:48:38 --> Expansion date 2025-12-22: DB Total=141km, Saved SS=0km, Derived Base=141km (display base; JS adds current SS)
INFO - 2025-12-22 05:48:38 --> Expansion date 2025-12-23: DB Total=0km, Saved SS=0km, Derived Base=0km (display base; JS adds current SS)
INFO - 2025-12-22 05:48:38 --> Expansion date 2025-12-23: DB Total=0km, Saved SS=0km, Derived Base=0km (display base; JS adds current SS)
INFO - 2025-12-22 05:48:38 --> Expansion date 2025-12-23: DB Total=0km, Saved SS=0km, Derived Base=0km (display base; JS adds current SS)
INFO - 2025-12-22 05:48:38 --> Expansion date 2025-12-23: DB Total=0km, Saved SS=0km, Derived Base=0km (display base; JS adds current SS)
INFO - 2025-12-22 05:48:38 --> Expansion date 2025-12-23: DB Total=0km, Saved SS=0km, Derived Base=0km (display base; JS adds current SS)
INFO - 2025-12-22 05:48:38 --> Expansion date 2025-12-23: DB Total=0km, Saved SS=0km, Derived Base=0km (display base; JS adds current SS)
INFO - 2025-12-22 05:48:38 --> Expansion date 2025-12-24: DB Total=141km, Saved SS=0km, Derived Base=141km (display base; JS adds current SS)
INFO - 2025-12-22 05:48:38 --> Expansion date 2025-12-24: DB Total=141km, Saved SS=0km, Derived Base=141km (display base; JS adds current SS)
INFO - 2025-12-22 05:48:38 --> Expansion date 2025-12-24: DB Total=141km, Saved SS=0km, Derived Base=141km (display base; JS adds current SS)
INFO - 2025-12-22 05:48:38 --> Expansion date 2025-12-24: DB Total=141km, Saved SS=0km, Derived Base=141km (display base; JS adds current SS)
INFO - 2025-12-22 05:48:38 --> Expansion date 2025-12-24: DB Total=141km, Saved SS=0km, Derived Base=141km (display base; JS adds current SS)
INFO - 2025-12-22 05:48:38 --> Expansion date 2025-12-24: DB Total=141km, Saved SS=0km, Derived Base=141km (display base; JS adds current SS)
DEBUG - 2025-12-22 05:48:48 --> Session: Class initialized using 'CodeIgniter\Session\Handlers\FileHandler' driver.
DEBUG - 2025-12-22 05:48:50 --> Session: Class initialized using 'CodeIgniter\Session\Handlers\FileHandler' driver.
DEBUG - 2025-12-22 05:48:50 --> Session: Class initialized using 'CodeIgniter\Session\Handlers\FileHandler' driver.
DEBUG - 2025-12-22 05:48:50 --> Session: Class initialized using 'CodeIgniter\Session\Handlers\FileHandler' driver.
DEBUG - 2025-12-22 05:48:57 --> Session: Class initialized using 'CodeIgniter\Session\Handlers\FileHandler' driver.
DEBUG - 2025-12-22 05:48:58 --> Session: Class initialized using 'CodeIgniter\Session\Handlers\FileHandler' driver.
DEBUG - 2025-12-22 05:49:01 --> Session: Class initialized using 'CodeIgniter\Session\Handlers\FileHandler' driver.
DEBUG - 2025-12-22 05:49:01 --> Session: Class initialized using 'CodeIgniter\Session\Handlers\FileHandler' driver.
DEBUG - 2025-12-22 05:49:01 --> Session: Class initialized using 'CodeIgniter\Session\Handlers\FileHandler' driver.
DEBUG - 2025-12-22 05:49:02 --> Session: Class initialized using 'CodeIgniter\Session\Handlers\FileHandler' driver.
DEBUG - 2025-12-22 05:49:03 --> Session: Class initialized using 'CodeIgniter\Session\Handlers\FileHandler' driver.
DEBUG - 2025-12-22 05:49:03 --> Session: Class initialized using 'CodeIgniter\Session\Handlers\FileHandler' driver.
DEBUG - 2025-12-22 05:49:04 --> Session: Class initialized using 'CodeIgniter\Session\Handlers\FileHandler' driver.
DEBUG - 2025-12-22 05:49:04 --> Session: Class initialized using 'CodeIgniter\Session\Handlers\FileHandler' driver.
DEBUG - 2025-12-22 05:49:05 --> Session: Class initialized using 'CodeIgniter\Session\Handlers\FileHandler' driver.
DEBUG - 2025-12-22 05:49:49 --> Session: Class initialized using 'CodeIgniter\Session\Handlers\FileHandler' driver.
DEBUG - 2025-12-22 05:49:49 --> Session: Class initialized using 'CodeIgniter\Session\Handlers\FileHandler' driver.
DEBUG - 2025-12-22 05:49:49 --> Session: Class initialized using 'CodeIgniter\Session\Handlers\FileHandler' driver.
DEBUG - 2025-12-22 05:49:52 --> Session: Class initialized using 'CodeIgniter\Session\Handlers\FileHandler' driver.
DEBUG - 2025-12-22 05:50:07 --> Session: Class initialized using 'CodeIgniter\Session\Handlers\FileHandler' driver.
DEBUG - 2025-12-22 05:50:07 --> Session: Class initialized using 'CodeIgniter\Session\Handlers\FileHandler' driver.
DEBUG - 2025-12-22 05:50:14 --> Session: Class initialized using 'CodeIgniter\Session\Handlers\FileHandler' driver.
DEBUG - 2025-12-22 05:50:14 --> Session: Class initialized using 'CodeIgniter\Session\Handlers\FileHandler' driver.
DEBUG - 2025-12-22 05:50:18 --> Session: Class initialized using 'CodeIgniter\Session\Handlers\FileHandler' driver.
DEBUG - 2025-12-22 05:50:18 --> Session: Class initialized using 'CodeIgniter\Session\Handlers\FileHandler' driver.
DEBUG - 2025-12-22 05:50:21 --> Session: Class initialized using 'CodeIgniter\Session\Handlers\FileHandler' driver.
DEBUG - 2025-12-22 05:50:33 --> Session: Class initialized using 'CodeIgniter\Session\Handlers\FileHandler' driver.
DEBUG - 2025-12-22 05:50:38 --> Session: Class initialized using 'CodeIgniter\Session\Handlers\FileHandler' driver.
DEBUG - 2025-12-22 05:50:40 --> Session: Class initialized using 'CodeIgniter\Session\Handlers\FileHandler' driver.
DEBUG - 2025-12-22 05:50:40 --> Session: Class initialized using 'CodeIgniter\Session\Handlers\FileHandler' driver.
DEBUG - 2025-12-22 05:50:40 --> Session: Class initialized using 'CodeIgniter\Session\Handlers\FileHandler' driver.
DEBUG - 2025-12-22 05:50:43 --> Session: Class initialized using 'CodeIgniter\Session\Handlers\FileHandler' driver.
DEBUG - 2025-12-22 05:50:56 --> Session: Class initialized using 'CodeIgniter\Session\Handlers\FileHandler' driver.
DEBUG - 2025-12-22 05:50:56 --> Session: Class initialized using 'CodeIgniter\Session\Handlers\FileHandler' driver.
DEBUG - 2025-12-22 05:50:57 --> Session: Class initialized using 'CodeIgniter\Session\Handlers\FileHandler' driver.
DEBUG - 2025-12-22 05:50:57 --> Session: Class initialized using 'CodeIgniter\Session\Handlers\FileHandler' driver.
DEBUG - 2025-12-22 05:51:31 --> Session: Class initialized using 'CodeIgniter\Session\Handlers\FileHandler' driver.
DEBUG - 2025-12-22 05:51:31 --> Session: Class initialized using 'CodeIgniter\Session\Handlers\FileHandler' driver.
DEBUG - 2025-12-22 05:51:31 --> Session: Class initialized using 'CodeIgniter\Session\Handlers\FileHandler' driver.
DEBUG - 2025-12-22 05:51:32 --> Session: Class initialized using 'CodeIgniter\Session\Handlers\FileHandler' driver.
DEBUG - 2025-12-22 05:51:32 --> Session: Class initialized using 'CodeIgniter\Session\Handlers\FileHandler' driver.
DEBUG - 2025-12-22 05:51:34 --> Session: Class initialized using 'CodeIgniter\Session\Handlers\FileHandler' driver.
INFO - 2025-12-22 05:51:34 --> Day 1 (date 2025-12-22): No defaults loaded
INFO - 2025-12-22 05:51:34 --> Expansion date 2025-12-22: DB Total=176km, Saved SS=0km, Derived Base=176km (display base; JS adds current SS)
INFO - 2025-12-22 05:51:34 --> Expansion date 2025-12-22: DB Total=176km, Saved SS=0km, Derived Base=176km (display base; JS adds current SS)
INFO - 2025-12-22 05:51:34 --> Expansion date 2025-12-22: DB Total=176km, Saved SS=0km, Derived Base=176km (display base; JS adds current SS)
INFO - 2025-12-22 05:51:34 --> Day 1 (date 2025-12-23): No defaults loaded
INFO - 2025-12-22 05:51:34 --> Expansion date 2025-12-23: DB Total=290km, Saved SS=0km, Derived Base=290km (display base; JS adds current SS)
INFO - 2025-12-22 05:51:34 --> Expansion date 2025-12-23: DB Total=290km, Saved SS=0km, Derived Base=290km (display base; JS adds current SS)
INFO - 2025-12-22 05:51:34 --> Expansion date 2025-12-23: DB Total=290km, Saved SS=0km, Derived Base=290km (display base; JS adds current SS)
INFO - 2025-12-22 05:51:34 --> Day 1 (date 2025-12-24): No defaults loaded
INFO - 2025-12-22 05:51:34 --> Expansion date 2025-12-24: DB Total=226km, Saved SS=0km, Derived Base=226km (display base; JS adds current SS)
INFO - 2025-12-22 05:51:34 --> Expansion date 2025-12-24: DB Total=226km, Saved SS=0km, Derived Base=226km (display base; JS adds current SS)
INFO - 2025-12-22 05:51:34 --> Expansion date 2025-12-24: DB Total=226km, Saved SS=0km, Derived Base=226km (display base; JS adds current SS)
DEBUG - 2025-12-22 05:52:13 --> Session: Class initialized using 'CodeIgniter\Session\Handlers\FileHandler' driver.
DEBUG - 2025-12-22 05:52:15 --> Session: Class initialized using 'CodeIgniter\Session\Handlers\FileHandler' driver.
DEBUG - 2025-12-22 05:52:15 --> Session: Class initialized using 'CodeIgniter\Session\Handlers\FileHandler' driver.
DEBUG - 2025-12-22 05:52:36 --> Session: Class initialized using 'CodeIgniter\Session\Handlers\FileHandler' driver.
INFO - 2025-12-22 05:52:36 --> Day 1 (date 2025-12-22): No defaults loaded
INFO - 2025-12-22 05:52:36 --> Expansion date 2025-12-22: DB Total=176km, Saved SS=0km, Derived Base=176km (display base; JS adds current SS)
INFO - 2025-12-22 05:52:36 --> Expansion date 2025-12-22: DB Total=176km, Saved SS=0km, Derived Base=176km (display base; JS adds current SS)
INFO - 2025-12-22 05:52:36 --> Expansion date 2025-12-22: DB Total=176km, Saved SS=0km, Derived Base=176km (display base; JS adds current SS)
INFO - 2025-12-22 05:52:36 --> Day 1 (date 2025-12-23): No defaults loaded
INFO - 2025-12-22 05:52:36 --> Expansion date 2025-12-23: DB Total=290km, Saved SS=0km, Derived Base=290km (display base; JS adds current SS)
INFO - 2025-12-22 05:52:36 --> Expansion date 2025-12-23: DB Total=290km, Saved SS=0km, Derived Base=290km (display base; JS adds current SS)
INFO - 2025-12-22 05:52:36 --> Expansion date 2025-12-23: DB Total=290km, Saved SS=0km, Derived Base=290km (display base; JS adds current SS)
INFO - 2025-12-22 05:52:36 --> Day 1 (date 2025-12-24): No defaults loaded
INFO - 2025-12-22 05:52:36 --> Expansion date 2025-12-24: DB Total=226km, Saved SS=0km, Derived Base=226km (display base; JS adds current SS)
INFO - 2025-12-22 05:52:36 --> Expansion date 2025-12-24: DB Total=226km, Saved SS=0km, Derived Base=226km (display base; JS adds current SS)
INFO - 2025-12-22 05:52:36 --> Expansion date 2025-12-24: DB Total=226km, Saved SS=0km, Derived Base=226km (display base; JS adds current SS)
DEBUG - 2025-12-22 05:53:47 --> Session: Class initialized using 'CodeIgniter\Session\Handlers\FileHandler' driver.
DEBUG - 2025-12-22 05:53:47 --> Session: Class initialized using 'CodeIgniter\Session\Handlers\FileHandler' driver.
DEBUG - 2025-12-22 05:53:49 --> Session: Class initialized using 'CodeIgniter\Session\Handlers\FileHandler' driver.
DEBUG - 2025-12-22 05:53:49 --> Session: Class initialized using 'CodeIgniter\Session\Handlers\FileHandler' driver.
DEBUG - 2025-12-22 05:53:49 --> Session: Class initialized using 'CodeIgniter\Session\Handlers\FileHandler' driver.
DEBUG - 2025-12-22 05:53:50 --> Session: Class initialized using 'CodeIgniter\Session\Handlers\FileHandler' driver.
DEBUG - 2025-12-22 05:53:51 --> Session: Class initialized using 'CodeIgniter\Session\Handlers\FileHandler' driver.
DEBUG - 2025-12-22 05:53:51 --> Session: Class initialized using 'CodeIgniter\Session\Handlers\FileHandler' driver.
DEBUG - 2025-12-22 05:53:52 --> Session: Class initialized using 'CodeIgniter\Session\Handlers\FileHandler' driver.
DEBUG - 2025-12-22 05:53:52 --> Session: Class initialized using 'CodeIgniter\Session\Handlers\FileHandler' driver.
DEBUG - 2025-12-22 05:53:53 --> Session: Class initialized using 'CodeIgniter\Session\Handlers\FileHandler' driver.
DEBUG - 2025-12-22 05:53:59 --> Session: Class initialized using 'CodeIgniter\Session\Handlers\FileHandler' driver.
DEBUG - 2025-12-22 05:53:59 --> Session: Class initialized using 'CodeIgniter\Session\Handlers\FileHandler' driver.
DEBUG - 2025-12-22 05:54:00 --> Session: Class initialized using 'CodeIgniter\Session\Handlers\FileHandler' driver.
DEBUG - 2025-12-22 05:54:03 --> Session: Class initialized using 'CodeIgniter\Session\Handlers\FileHandler' driver.
DEBUG - 2025-12-22 05:54:04 --> Session: Class initialized using 'CodeIgniter\Session\Handlers\FileHandler' driver.
DEBUG - 2025-12-22 05:54:09 --> Session: Class initialized using 'CodeIgniter\Session\Handlers\FileHandler' driver.
DEBUG - 2025-12-22 05:54:10 --> Session: Class initialized using 'CodeIgniter\Session\Handlers\FileHandler' driver.
DEBUG - 2025-12-22 05:54:11 --> Session: Class initialized using 'CodeIgniter\Session\Handlers\FileHandler' driver.
DEBUG - 2025-12-22 05:54:11 --> Session: Class initialized using 'CodeIgniter\Session\Handlers\FileHandler' driver.
DEBUG - 2025-12-22 05:54:13 --> Session: Class initialized using 'CodeIgniter\Session\Handlers\FileHandler' driver.
DEBUG - 2025-12-22 05:54:22 --> Session: Class initialized using 'CodeIgniter\Session\Handlers\FileHandler' driver.
DEBUG - 2025-12-22 05:54:23 --> Session: Class initialized using 'CodeIgniter\Session\Handlers\FileHandler' driver.
DEBUG - 2025-12-22 05:54:23 --> Session: Class initialized using 'CodeIgniter\Session\Handlers\FileHandler' driver.
DEBUG - 2025-12-22 05:54:24 --> Session: Class initialized using 'CodeIgniter\Session\Handlers\FileHandler' driver.
DEBUG - 2025-12-22 05:54:27 --> Session: Class initialized using 'CodeIgniter\Session\Handlers\FileHandler' driver.
DEBUG - 2025-12-22 05:54:27 --> Session: Class initialized using 'CodeIgniter\Session\Handlers\FileHandler' driver.
DEBUG - 2025-12-22 05:54:29 --> Session: Class initialized using 'CodeIgniter\Session\Handlers\FileHandler' driver.
INFO - 2025-12-22 05:54:29 --> Day 1 (date 2025-12-22): No defaults loaded
INFO - 2025-12-22 05:54:29 --> Expansion date 2025-12-22: DB Total=176km, Saved SS=0km, Derived Base=176km (display base; JS adds current SS)
INFO - 2025-12-22 05:54:29 --> Expansion date 2025-12-22: DB Total=176km, Saved SS=0km, Derived Base=176km (display base; JS adds current SS)
INFO - 2025-12-22 05:54:29 --> Day 1 (date 2025-12-23): No defaults loaded
INFO - 2025-12-22 05:54:29 --> Expansion date 2025-12-23: DB Total=290km, Saved SS=0km, Derived Base=290km (display base; JS adds current SS)
INFO - 2025-12-22 05:54:29 --> Expansion date 2025-12-23: DB Total=290km, Saved SS=0km, Derived Base=290km (display base; JS adds current SS)
INFO - 2025-12-22 05:54:29 --> Day 1 (date 2025-12-24): No defaults loaded
INFO - 2025-12-22 05:54:29 --> Expansion date 2025-12-24: DB Total=226km, Saved SS=0km, Derived Base=226km (display base; JS adds current SS)
INFO - 2025-12-22 05:54:29 --> Expansion date 2025-12-24: DB Total=226km, Saved SS=0km, Derived Base=226km (display base; JS adds current SS)
DEBUG - 2025-12-22 06:07:45 --> Session: Class initialized using 'CodeIgniter\Session\Handlers\FileHandler' driver.
DEBUG - 2025-12-22 06:07:46 --> Session: Class initialized using 'CodeIgniter\Session\Handlers\FileHandler' driver.
INFO - 2025-12-22 06:07:46 --> Day 1 (date 2025-12-22): No defaults loaded
INFO - 2025-12-22 06:07:46 --> Expansion date 2025-12-22: DB Total=176km, Saved SS=0km, Derived Base=176km (display base; JS adds current SS)
INFO - 2025-12-22 06:07:46 --> Expansion date 2025-12-22: DB Total=176km, Saved SS=0km, Derived Base=176km (display base; JS adds current SS)
INFO - 2025-12-22 06:07:46 --> Day 1 (date 2025-12-23): No defaults loaded
INFO - 2025-12-22 06:07:46 --> Expansion date 2025-12-23: DB Total=290km, Saved SS=0km, Derived Base=290km (display base; JS adds current SS)
INFO - 2025-12-22 06:07:46 --> Expansion date 2025-12-23: DB Total=290km, Saved SS=0km, Derived Base=290km (display base; JS adds current SS)
INFO - 2025-12-22 06:07:46 --> Day 1 (date 2025-12-24): No defaults loaded
INFO - 2025-12-22 06:07:46 --> Expansion date 2025-12-24: DB Total=226km, Saved SS=0km, Derived Base=226km (display base; JS adds current SS)
INFO - 2025-12-22 06:07:46 --> Expansion date 2025-12-24: DB Total=226km, Saved SS=0km, Derived Base=226km (display base; JS adds current SS)
DEBUG - 2025-12-22 06:10:53 --> Session: Class initialized using 'CodeIgniter\Session\Handlers\FileHandler' driver.
DEBUG - 2025-12-22 06:10:54 --> Session: Class initialized using 'CodeIgniter\Session\Handlers\FileHandler' driver.
DEBUG - 2025-12-22 06:10:54 --> Session: Class initialized using 'CodeIgniter\Session\Handlers\FileHandler' driver.
DEBUG - 2025-12-22 06:10:54 --> Session: Class initialized using 'CodeIgniter\Session\Handlers\FileHandler' driver.
DEBUG - 2025-12-22 06:10:54 --> Session: Class initialized using 'CodeIgniter\Session\Handlers\FileHandler' driver.
DEBUG - 2025-12-22 06:10:54 --> Session: Class initialized using 'CodeIgniter\Session\Handlers\FileHandler' driver.
DEBUG - 2025-12-22 06:10:54 --> Session: Class initialized using 'CodeIgniter\Session\Handlers\FileHandler' driver.
DEBUG - 2025-12-22 06:10:54 --> Session: Class initialized using 'CodeIgniter\Session\Handlers\FileHandler' driver.
DEBUG - 2025-12-22 06:10:54 --> Session: Class initialized using 'CodeIgniter\Session\Handlers\FileHandler' driver.
DEBUG - 2025-12-22 06:10:54 --> Session: Class initialized using 'CodeIgniter\Session\Handlers\FileHandler' driver.
DEBUG - 2025-12-22 06:10:57 --> Session: Class initialized using 'CodeIgniter\Session\Handlers\FileHandler' driver.
DEBUG - 2025-12-22 06:10:57 --> Session: Class initialized using 'CodeIgniter\Session\Handlers\FileHandler' driver.
DEBUG - 2025-12-22 06:10:59 --> Session: Class initialized using 'CodeIgniter\Session\Handlers\FileHandler' driver.
DEBUG - 2025-12-22 06:10:59 --> Session: Class initialized using 'CodeIgniter\Session\Handlers\FileHandler' driver.
DEBUG - 2025-12-22 06:10:59 --> Session: Class initialized using 'CodeIgniter\Session\Handlers\FileHandler' driver.
DEBUG - 2025-12-22 06:10:59 --> Session: Class initialized using 'CodeIgniter\Session\Handlers\FileHandler' driver.
DEBUG - 2025-12-22 06:11:00 --> Session: Class initialized using 'CodeIgniter\Session\Handlers\FileHandler' driver.
DEBUG - 2025-12-22 06:11:01 --> Session: Class initialized using 'CodeIgniter\Session\Handlers\FileHandler' driver.
DEBUG - 2025-12-22 06:11:01 --> Session: Class initialized using 'CodeIgniter\Session\Handlers\FileHandler' driver.
DEBUG - 2025-12-22 06:11:02 --> Session: Class initialized using 'CodeIgniter\Session\Handlers\FileHandler' driver.
DEBUG - 2025-12-22 06:11:02 --> Session: Class initialized using 'CodeIgniter\Session\Handlers\FileHandler' driver.
DEBUG - 2025-12-22 06:11:09 --> Session: Class initialized using 'CodeIgniter\Session\Handlers\FileHandler' driver.
DEBUG - 2025-12-22 06:11:09 --> Session: Class initialized using 'CodeIgniter\Session\Handlers\FileHandler' driver.
DEBUG - 2025-12-22 06:11:09 --> Session: Class initialized using 'CodeIgniter\Session\Handlers\FileHandler' driver.
DEBUG - 2025-12-22 06:11:16 --> Session: Class initialized using 'CodeIgniter\Session\Handlers\FileHandler' driver.
DEBUG - 2025-12-22 06:11:17 --> Session: Class initialized using 'CodeIgniter\Session\Handlers\FileHandler' driver.
DEBUG - 2025-12-22 06:11:21 --> Session: Class initialized using 'CodeIgniter\Session\Handlers\FileHandler' driver.
DEBUG - 2025-12-22 06:11:22 --> Session: Class initialized using 'CodeIgniter\Session\Handlers\FileHandler' driver.
DEBUG - 2025-12-22 06:11:24 --> Session: Class initialized using 'CodeIgniter\Session\Handlers\FileHandler' driver.
DEBUG - 2025-12-22 06:11:24 --> Session: Class initialized using 'CodeIgniter\Session\Handlers\FileHandler' driver.
DEBUG - 2025-12-22 06:11:24 --> Session: Class initialized using 'CodeIgniter\Session\Handlers\FileHandler' driver.
DEBUG - 2025-12-22 06:11:24 --> Session: Class initialized using 'CodeIgniter\Session\Handlers\FileHandler' driver.
DEBUG - 2025-12-22 06:11:25 --> Session: Class initialized using 'CodeIgniter\Session\Handlers\FileHandler' driver.
DEBUG - 2025-12-22 06:11:35 --> Session: Class initialized using 'CodeIgniter\Session\Handlers\FileHandler' driver.
DEBUG - 2025-12-22 06:11:35 --> Session: Class initialized using 'CodeIgniter\Session\Handlers\FileHandler' driver.
DEBUG - 2025-12-22 06:11:36 --> Session: Class initialized using 'CodeIgniter\Session\Handlers\FileHandler' driver.
DEBUG - 2025-12-22 06:11:38 --> Session: Class initialized using 'CodeIgniter\Session\Handlers\FileHandler' driver.
DEBUG - 2025-12-22 06:11:39 --> Session: Class initialized using 'CodeIgniter\Session\Handlers\FileHandler' driver.
DEBUG - 2025-12-22 06:11:39 --> Session: Class initialized using 'CodeIgniter\Session\Handlers\FileHandler' driver.
DEBUG - 2025-12-22 06:11:40 --> Session: Class initialized using 'CodeIgniter\Session\Handlers\FileHandler' driver.
DEBUG - 2025-12-22 06:11:40 --> Session: Class initialized using 'CodeIgniter\Session\Handlers\FileHandler' driver.
DEBUG - 2025-12-22 06:11:43 --> Session: Class initialized using 'CodeIgniter\Session\Handlers\FileHandler' driver.
INFO - 2025-12-22 06:11:43 --> Day 1 (date 2025-12-22): No defaults loaded
INFO - 2025-12-22 06:11:43 --> Expansion date 2025-12-22: DB Total=176km, Saved SS=0km, Derived Base=176km (display base; JS adds current SS)
INFO - 2025-12-22 06:11:43 --> Expansion date 2025-12-22: DB Total=176km, Saved SS=0km, Derived Base=176km (display base; JS adds current SS)
INFO - 2025-12-22 06:11:43 --> Expansion date 2025-12-22: DB Total=176km, Saved SS=0km, Derived Base=176km (display base; JS adds current SS)
INFO - 2025-12-22 06:11:43 --> Expansion date 2025-12-22: DB Total=176km, Saved SS=0km, Derived Base=176km (display base; JS adds current SS)
INFO - 2025-12-22 06:11:43 --> Day 1 (date 2025-12-23): No defaults loaded
INFO - 2025-12-22 06:11:43 --> Expansion date 2025-12-23: DB Total=290km, Saved SS=0km, Derived Base=290km (display base; JS adds current SS)
INFO - 2025-12-22 06:11:43 --> Expansion date 2025-12-23: DB Total=290km, Saved SS=0km, Derived Base=290km (display base; JS adds current SS)
INFO - 2025-12-22 06:11:43 --> Expansion date 2025-12-23: DB Total=290km, Saved SS=0km, Derived Base=290km (display base; JS adds current SS)
INFO - 2025-12-22 06:11:43 --> Expansion date 2025-12-23: DB Total=290km, Saved SS=0km, Derived Base=290km (display base; JS adds current SS)
INFO - 2025-12-22 06:11:43 --> Day 1 (date 2025-12-24): No defaults loaded
INFO - 2025-12-22 06:11:43 --> Expansion date 2025-12-24: DB Total=226km, Saved SS=0km, Derived Base=226km (display base; JS adds current SS)
INFO - 2025-12-22 06:11:43 --> Expansion date 2025-12-24: DB Total=226km, Saved SS=0km, Derived Base=226km (display base; JS adds current SS)
INFO - 2025-12-22 06:11:43 --> Expansion date 2025-12-24: DB Total=226km, Saved SS=0km, Derived Base=226km (display base; JS adds current SS)
INFO - 2025-12-22 06:11:43 --> Expansion date 2025-12-24: DB Total=226km, Saved SS=0km, Derived Base=226km (display base; JS adds current SS)
DEBUG - 2025-12-22 06:12:44 --> Session: Class initialized using 'CodeIgniter\Session\Handlers\FileHandler' driver.
INFO - 2025-12-22 06:12:44 --> Day 1 (date 2025-12-22): No defaults loaded
INFO - 2025-12-22 06:12:44 --> Expansion date 2025-12-22: DB Total=176km, Saved SS=0km, Derived Base=176km (display base; JS adds current SS)
INFO - 2025-12-22 06:12:44 --> Expansion date 2025-12-22: DB Total=176km, Saved SS=0km, Derived Base=176km (display base; JS adds current SS)
INFO - 2025-12-22 06:12:44 --> Expansion date 2025-12-22: DB Total=176km, Saved SS=0km, Derived Base=176km (display base; JS adds current SS)
INFO - 2025-12-22 06:12:44 --> Expansion date 2025-12-22: DB Total=176km, Saved SS=0km, Derived Base=176km (display base; JS adds current SS)
INFO - 2025-12-22 06:12:44 --> Day 1 (date 2025-12-23): No defaults loaded
INFO - 2025-12-22 06:12:44 --> Expansion date 2025-12-23: DB Total=290km, Saved SS=0km, Derived Base=290km (display base; JS adds current SS)
INFO - 2025-12-22 06:12:44 --> Expansion date 2025-12-23: DB Total=290km, Saved SS=0km, Derived Base=290km (display base; JS adds current SS)
INFO - 2025-12-22 06:12:44 --> Expansion date 2025-12-23: DB Total=290km, Saved SS=0km, Derived Base=290km (display base; JS adds current SS)
INFO - 2025-12-22 06:12:44 --> Expansion date 2025-12-23: DB Total=290km, Saved SS=0km, Derived Base=290km (display base; JS adds current SS)
INFO - 2025-12-22 06:12:44 --> Day 1 (date 2025-12-24): No defaults loaded
INFO - 2025-12-22 06:12:44 --> Expansion date 2025-12-24: DB Total=226km, Saved SS=0km, Derived Base=226km (display base; JS adds current SS)
INFO - 2025-12-22 06:12:44 --> Expansion date 2025-12-24: DB Total=226km, Saved SS=0km, Derived Base=226km (display base; JS adds current SS)
INFO - 2025-12-22 06:12:44 --> Expansion date 2025-12-24: DB Total=226km, Saved SS=0km, Derived Base=226km (display base; JS adds current SS)
INFO - 2025-12-22 06:12:44 --> Expansion date 2025-12-24: DB Total=226km, Saved SS=0km, Derived Base=226km (display base; JS adds current SS)
DEBUG - 2025-12-22 06:13:04 --> Session: Class initialized using 'CodeIgniter\Session\Handlers\FileHandler' driver.
DEBUG - 2025-12-22 06:13:04 --> Session: Class initialized using 'CodeIgniter\Session\Handlers\FileHandler' driver.
DEBUG - 2025-12-22 06:13:07 --> Session: Class initialized using 'CodeIgniter\Session\Handlers\FileHandler' driver.
DEBUG - 2025-12-22 06:13:08 --> Session: Class initialized using 'CodeIgniter\Session\Handlers\FileHandler' driver.
INFO - 2025-12-22 06:13:08 --> Day 1 (date 2025-12-22): No defaults loaded
INFO - 2025-12-22 06:13:08 --> Expansion date 2025-12-22: DB Total=176km, Saved SS=0km, Derived Base=176km (display base; JS adds current SS)
INFO - 2025-12-22 06:13:08 --> Expansion date 2025-12-22: DB Total=176km, Saved SS=0km, Derived Base=176km (display base; JS adds current SS)
INFO - 2025-12-22 06:13:08 --> Expansion date 2025-12-22: DB Total=176km, Saved SS=0km, Derived Base=176km (display base; JS adds current SS)
INFO - 2025-12-22 06:13:08 --> Expansion date 2025-12-22: DB Total=176km, Saved SS=0km, Derived Base=176km (display base; JS adds current SS)
INFO - 2025-12-22 06:13:08 --> Day 1 (date 2025-12-23): No defaults loaded
INFO - 2025-12-22 06:13:08 --> Expansion date 2025-12-23: DB Total=290km, Saved SS=0km, Derived Base=290km (display base; JS adds current SS)
INFO - 2025-12-22 06:13:08 --> Expansion date 2025-12-23: DB Total=290km, Saved SS=0km, Derived Base=290km (display base; JS adds current SS)
INFO - 2025-12-22 06:13:08 --> Expansion date 2025-12-23: DB Total=290km, Saved SS=0km, Derived Base=290km (display base; JS adds current SS)
INFO - 2025-12-22 06:13:08 --> Expansion date 2025-12-23: DB Total=290km, Saved SS=0km, Derived Base=290km (display base; JS adds current SS)
INFO - 2025-12-22 06:13:08 --> Day 1 (date 2025-12-24): No defaults loaded
INFO - 2025-12-22 06:13:08 --> Expansion date 2025-12-24: DB Total=226km, Saved SS=0km, Derived Base=226km (display base; JS adds current SS)
INFO - 2025-12-22 06:13:08 --> Expansion date 2025-12-24: DB Total=226km, Saved SS=0km, Derived Base=226km (display base; JS adds current SS)
INFO - 2025-12-22 06:13:08 --> Expansion date 2025-12-24: DB Total=226km, Saved SS=0km, Derived Base=226km (display base; JS adds current SS)
INFO - 2025-12-22 06:13:08 --> Expansion date 2025-12-24: DB Total=226km, Saved SS=0km, Derived Base=226km (display base; JS adds current SS)
DEBUG - 2025-12-22 06:13:10 --> Session: Class initialized using 'CodeIgniter\Session\Handlers\FileHandler' driver.
DEBUG - 2025-12-22 06:13:11 --> Session: Class initialized using 'CodeIgniter\Session\Handlers\FileHandler' driver.
DEBUG - 2025-12-22 06:13:11 --> Session: Class initialized using 'CodeIgniter\Session\Handlers\FileHandler' driver.
DEBUG - 2025-12-22 06:13:11 --> Session: Class initialized using 'CodeIgniter\Session\Handlers\FileHandler' driver.
DEBUG - 2025-12-22 06:13:11 --> Session: Class initialized using 'CodeIgniter\Session\Handlers\FileHandler' driver.
DEBUG - 2025-12-22 06:13:11 --> Session: Class initialized using 'CodeIgniter\Session\Handlers\FileHandler' driver.
DEBUG - 2025-12-22 06:13:38 --> Session: Class initialized using 'CodeIgniter\Session\Handlers\FileHandler' driver.
DEBUG - 2025-12-22 06:13:38 --> Session: Class initialized using 'CodeIgniter\Session\Handlers\FileHandler' driver.
DEBUG - 2025-12-22 06:13:39 --> Session: Class initialized using 'CodeIgniter\Session\Handlers\FileHandler' driver.
DEBUG - 2025-12-22 06:13:43 --> Session: Class initialized using 'CodeIgniter\Session\Handlers\FileHandler' driver.
DEBUG - 2025-12-22 06:13:43 --> Session: Class initialized using 'CodeIgniter\Session\Handlers\FileHandler' driver.
DEBUG - 2025-12-22 06:13:44 --> Session: Class initialized using 'CodeIgniter\Session\Handlers\FileHandler' driver.
INFO - 2025-12-22 06:13:44 --> Day 1 (date 2025-12-22): No defaults loaded
INFO - 2025-12-22 06:13:44 --> Expansion date 2025-12-22: DB Total=176km, Saved SS=0km, Derived Base=176km (display base; JS adds current SS)
INFO - 2025-12-22 06:13:44 --> Expansion date 2025-12-22: DB Total=176km, Saved SS=0km, Derived Base=176km (display base; JS adds current SS)
INFO - 2025-12-22 06:13:44 --> Expansion date 2025-12-22: DB Total=176km, Saved SS=0km, Derived Base=176km (display base; JS adds current SS)
INFO - 2025-12-22 06:13:44 --> Expansion date 2025-12-22: DB Total=176km, Saved SS=0km, Derived Base=176km (display base; JS adds current SS)
INFO - 2025-12-22 06:13:44 --> Day 1 (date 2025-12-23): No defaults loaded
INFO - 2025-12-22 06:13:44 --> Expansion date 2025-12-23: DB Total=290km, Saved SS=0km, Derived Base=290km (display base; JS adds current SS)
INFO - 2025-12-22 06:13:44 --> Expansion date 2025-12-23: DB Total=290km, Saved SS=0km, Derived Base=290km (display base; JS adds current SS)
INFO - 2025-12-22 06:13:44 --> Expansion date 2025-12-23: DB Total=290km, Saved SS=0km, Derived Base=290km (display base; JS adds current SS)
INFO - 2025-12-22 06:13:44 --> Expansion date 2025-12-23: DB Total=290km, Saved SS=0km, Derived Base=290km (display base; JS adds current SS)
INFO - 2025-12-22 06:13:44 --> Day 1 (date 2025-12-24): No defaults loaded
INFO - 2025-12-22 06:13:44 --> Expansion date 2025-12-24: DB Total=226km, Saved SS=0km, Derived Base=226km (display base; JS adds current SS)
INFO - 2025-12-22 06:13:44 --> Expansion date 2025-12-24: DB Total=226km, Saved SS=0km, Derived Base=226km (display base; JS adds current SS)
INFO - 2025-12-22 06:13:44 --> Expansion date 2025-12-24: DB Total=226km, Saved SS=0km, Derived Base=226km (display base; JS adds current SS)
INFO - 2025-12-22 06:13:44 --> Expansion date 2025-12-24: DB Total=226km, Saved SS=0km, Derived Base=226km (display base; JS adds current SS)
DEBUG - 2025-12-22 06:30:52 --> Session: Class initialized using 'CodeIgniter\Session\Handlers\FileHandler' driver.
DEBUG - 2025-12-22 06:30:52 --> Session: Class initialized using 'CodeIgniter\Session\Handlers\FileHandler' driver.
DEBUG - 2025-12-22 06:30:55 --> Session: Class initialized using 'CodeIgniter\Session\Handlers\FileHandler' driver.
DEBUG - 2025-12-22 06:30:56 --> Session: Class initialized using 'CodeIgniter\Session\Handlers\FileHandler' driver.
DEBUG - 2025-12-22 06:30:57 --> Session: Class initialized using 'CodeIgniter\Session\Handlers\FileHandler' driver.
DEBUG - 2025-12-22 06:31:01 --> Session: Class initialized using 'CodeIgniter\Session\Handlers\FileHandler' driver.
DEBUG - 2025-12-22 06:31:01 --> Session: Class initialized using 'CodeIgniter\Session\Handlers\FileHandler' driver.
DEBUG - 2025-12-22 06:31:03 --> Session: Class initialized using 'CodeIgniter\Session\Handlers\FileHandler' driver.
DEBUG - 2025-12-22 06:31:03 --> Session: Class initialized using 'CodeIgniter\Session\Handlers\FileHandler' driver.
DEBUG - 2025-12-22 06:31:03 --> Session: Class initialized using 'CodeIgniter\Session\Handlers\FileHandler' driver.
DEBUG - 2025-12-22 06:31:08 --> Session: Class initialized using 'CodeIgniter\Session\Handlers\FileHandler' driver.
INFO - 2025-12-22 06:31:08 --> Day 1 (date 2025-12-22): No defaults loaded
INFO - 2025-12-22 06:31:08 --> Expansion date 2025-12-22: DB Total=176km, Saved SS=0km, Derived Base=176km (display base; JS adds current SS)
INFO - 2025-12-22 06:31:08 --> Expansion date 2025-12-22: DB Total=176km, Saved SS=0km, Derived Base=176km (display base; JS adds current SS)
INFO - 2025-12-22 06:31:08 --> Expansion date 2025-12-22: DB Total=176km, Saved SS=0km, Derived Base=176km (display base; JS adds current SS)
INFO - 2025-12-22 06:31:08 --> Expansion date 2025-12-22: DB Total=176km, Saved SS=0km, Derived Base=176km (display base; JS adds current SS)
INFO - 2025-12-22 06:31:08 --> Day 1 (date 2025-12-23): No defaults loaded
INFO - 2025-12-22 06:31:08 --> Expansion date 2025-12-23: DB Total=290km, Saved SS=0km, Derived Base=290km (display base; JS adds current SS)
INFO - 2025-12-22 06:31:08 --> Expansion date 2025-12-23: DB Total=290km, Saved SS=0km, Derived Base=290km (display base; JS adds current SS)
INFO - 2025-12-22 06:31:08 --> Expansion date 2025-12-23: DB Total=290km, Saved SS=0km, Derived Base=290km (display base; JS adds current SS)
INFO - 2025-12-22 06:31:08 --> Expansion date 2025-12-23: DB Total=290km, Saved SS=0km, Derived Base=290km (display base; JS adds current SS)
INFO - 2025-12-22 06:31:08 --> Day 1 (date 2025-12-24): No defaults loaded
INFO - 2025-12-22 06:31:08 --> Expansion date 2025-12-24: DB Total=226km, Saved SS=0km, Derived Base=226km (display base; JS adds current SS)
INFO - 2025-12-22 06:31:08 --> Expansion date 2025-12-24: DB Total=226km, Saved SS=0km, Derived Base=226km (display base; JS adds current SS)
INFO - 2025-12-22 06:31:08 --> Expansion date 2025-12-24: DB Total=226km, Saved SS=0km, Derived Base=226km (display base; JS adds current SS)
INFO - 2025-12-22 06:31:08 --> Expansion date 2025-12-24: DB Total=226km, Saved SS=0km, Derived Base=226km (display base; JS adds current SS)
DEBUG - 2025-12-22 06:31:20 --> Session: Class initialized using 'CodeIgniter\Session\Handlers\FileHandler' driver.
DEBUG - 2025-12-22 06:31:21 --> Session: Class initialized using 'CodeIgniter\Session\Handlers\FileHandler' driver.
DEBUG - 2025-12-22 06:31:21 --> Session: Class initialized using 'CodeIgniter\Session\Handlers\FileHandler' driver.
DEBUG - 2025-12-22 06:31:21 --> Session: Class initialized using 'CodeIgniter\Session\Handlers\FileHandler' driver.
DEBUG - 2025-12-22 06:31:22 --> Session: Class initialized using 'CodeIgniter\Session\Handlers\FileHandler' driver.
DEBUG - 2025-12-22 06:31:33 --> Session: Class initialized using 'CodeIgniter\Session\Handlers\FileHandler' driver.
DEBUG - 2025-12-22 06:31:33 --> Session: Class initialized using 'CodeIgniter\Session\Handlers\FileHandler' driver.
DEBUG - 2025-12-22 06:31:35 --> Session: Class initialized using 'CodeIgniter\Session\Handlers\FileHandler' driver.
DEBUG - 2025-12-22 06:31:35 --> Session: Class initialized using 'CodeIgniter\Session\Handlers\FileHandler' driver.
DEBUG - 2025-12-22 06:31:36 --> Session: Class initialized using 'CodeIgniter\Session\Handlers\FileHandler' driver.
INFO - 2025-12-22 06:31:36 --> Day 1 (date 2025-12-22): No defaults loaded
INFO - 2025-12-22 06:31:36 --> Loaded default SS for Day 2 (date 2025-12-23): 1 items
INFO - 2025-12-22 06:31:36 --> Expansion date 2025-12-22: DB Total=176km, Saved SS=0km, Derived Base=176km (display base; JS adds current SS)
INFO - 2025-12-22 06:31:36 --> Expansion date 2025-12-22: DB Total=176km, Saved SS=0km, Derived Base=176km (display base; JS adds current SS)
INFO - 2025-12-22 06:31:36 --> Expansion date 2025-12-22: DB Total=176km, Saved SS=0km, Derived Base=176km (display base; JS adds current SS)
INFO - 2025-12-22 06:31:36 --> Expansion date 2025-12-22: DB Total=176km, Saved SS=0km, Derived Base=176km (display base; JS adds current SS)
INFO - 2025-12-22 06:31:36 --> Expansion date 2025-12-23: DB Total=0km, Saved SS=0km, Derived Base=0km (display base; JS adds current SS)
INFO - 2025-12-22 06:31:36 --> Expansion date 2025-12-23: DB Total=0km, Saved SS=0km, Derived Base=0km (display base; JS adds current SS)
INFO - 2025-12-22 06:31:36 --> Expansion date 2025-12-23: DB Total=0km, Saved SS=0km, Derived Base=0km (display base; JS adds current SS)
INFO - 2025-12-22 06:31:36 --> Expansion date 2025-12-23: DB Total=0km, Saved SS=0km, Derived Base=0km (display base; JS adds current SS)
INFO - 2025-12-22 06:31:36 --> Day 1 (date 2025-12-24): No defaults loaded
INFO - 2025-12-22 06:31:36 --> Expansion date 2025-12-24: DB Total=211km, Saved SS=0km, Derived Base=211km (display base; JS adds current SS)
INFO - 2025-12-22 06:31:36 --> Expansion date 2025-12-24: DB Total=211km, Saved SS=0km, Derived Base=211km (display base; JS adds current SS)
INFO - 2025-12-22 06:31:36 --> Expansion date 2025-12-24: DB Total=211km, Saved SS=0km, Derived Base=211km (display base; JS adds current SS)
INFO - 2025-12-22 06:31:36 --> Expansion date 2025-12-24: DB Total=211km, Saved SS=0km, Derived Base=211km (display base; JS adds current SS)
DEBUG - 2025-12-22 06:33:06 --> Session: Class initialized using 'CodeIgniter\Session\Handlers\FileHandler' driver.
INFO - 2025-12-22 06:33:06 --> Day 1 (date 2025-12-22): No defaults loaded
INFO - 2025-12-22 06:33:06 --> Loaded default SS for Day 2 (date 2025-12-23): 1 items
INFO - 2025-12-22 06:33:06 --> Expansion date 2025-12-22: DB Total=176km, Saved SS=0km, Derived Base=176km (display base; JS adds current SS)
INFO - 2025-12-22 06:33:06 --> Expansion date 2025-12-22: DB Total=176km, Saved SS=0km, Derived Base=176km (display base; JS adds current SS)
INFO - 2025-12-22 06:33:06 --> Expansion date 2025-12-22: DB Total=176km, Saved SS=0km, Derived Base=176km (display base; JS adds current SS)
INFO - 2025-12-22 06:33:06 --> Expansion date 2025-12-22: DB Total=176km, Saved SS=0km, Derived Base=176km (display base; JS adds current SS)
INFO - 2025-12-22 06:33:06 --> Expansion date 2025-12-23: DB Total=0km, Saved SS=0km, Derived Base=0km (display base; JS adds current SS)
INFO - 2025-12-22 06:33:06 --> Expansion date 2025-12-23: DB Total=0km, Saved SS=0km, Derived Base=0km (display base; JS adds current SS)
INFO - 2025-12-22 06:33:06 --> Expansion date 2025-12-23: DB Total=0km, Saved SS=0km, Derived Base=0km (display base; JS adds current SS)
INFO - 2025-12-22 06:33:06 --> Expansion date 2025-12-23: DB Total=0km, Saved SS=0km, Derived Base=0km (display base; JS adds current SS)
INFO - 2025-12-22 06:33:06 --> Day 1 (date 2025-12-24): No defaults loaded
INFO - 2025-12-22 06:33:06 --> Expansion date 2025-12-24: DB Total=211km, Saved SS=0km, Derived Base=211km (display base; JS adds current SS)
INFO - 2025-12-22 06:33:06 --> Expansion date 2025-12-24: DB Total=211km, Saved SS=0km, Derived Base=211km (display base; JS adds current SS)
INFO - 2025-12-22 06:33:06 --> Expansion date 2025-12-24: DB Total=211km, Saved SS=0km, Derived Base=211km (display base; JS adds current SS)
INFO - 2025-12-22 06:33:06 --> Expansion date 2025-12-24: DB Total=211km, Saved SS=0km, Derived Base=211km (display base; JS adds current SS)
DEBUG - 2025-12-22 06:33:33 --> Session: Class initialized using 'CodeIgniter\Session\Handlers\FileHandler' driver.
INFO - 2025-12-22 06:33:33 --> Day 1 (date 2025-12-22): No defaults loaded
INFO - 2025-12-22 06:33:33 --> Loaded default SS for Day 2 (date 2025-12-23): 1 items
INFO - 2025-12-22 06:33:33 --> Expansion date 2025-12-22: DB Total=176km, Saved SS=0km, Derived Base=176km (display base; JS adds current SS)
INFO - 2025-12-22 06:33:33 --> Expansion date 2025-12-22: DB Total=176km, Saved SS=0km, Derived Base=176km (display base; JS adds current SS)
INFO - 2025-12-22 06:33:33 --> Expansion date 2025-12-22: DB Total=176km, Saved SS=0km, Derived Base=176km (display base; JS adds current SS)
INFO - 2025-12-22 06:33:33 --> Expansion date 2025-12-22: DB Total=176km, Saved SS=0km, Derived Base=176km (display base; JS adds current SS)
INFO - 2025-12-22 06:33:33 --> Expansion date 2025-12-23: DB Total=0km, Saved SS=0km, Derived Base=0km (display base; JS adds current SS)
INFO - 2025-12-22 06:33:33 --> Expansion date 2025-12-23: DB Total=0km, Saved SS=0km, Derived Base=0km (display base; JS adds current SS)
INFO - 2025-12-22 06:33:33 --> Expansion date 2025-12-23: DB Total=0km, Saved SS=0km, Derived Base=0km (display base; JS adds current SS)
INFO - 2025-12-22 06:33:33 --> Expansion date 2025-12-23: DB Total=0km, Saved SS=0km, Derived Base=0km (display base; JS adds current SS)
INFO - 2025-12-22 06:33:33 --> Day 1 (date 2025-12-24): No defaults loaded
INFO - 2025-12-22 06:33:33 --> Expansion date 2025-12-24: DB Total=211km, Saved SS=0km, Derived Base=211km (display base; JS adds current SS)
INFO - 2025-12-22 06:33:33 --> Expansion date 2025-12-24: DB Total=211km, Saved SS=0km, Derived Base=211km (display base; JS adds current SS)
INFO - 2025-12-22 06:33:33 --> Expansion date 2025-12-24: DB Total=211km, Saved SS=0km, Derived Base=211km (display base; JS adds current SS)
INFO - 2025-12-22 06:33:33 --> Expansion date 2025-12-24: DB Total=211km, Saved SS=0km, Derived Base=211km (display base; JS adds current SS)
DEBUG - 2025-12-22 06:33:47 --> Session: Class initialized using 'CodeIgniter\Session\Handlers\FileHandler' driver.
INFO - 2025-12-22 06:33:47 --> Day 1 (date 2025-12-22): No defaults loaded
INFO - 2025-12-22 06:33:47 --> Loaded default SS for Day 2 (date 2025-12-23): 1 items
INFO - 2025-12-22 06:33:47 --> Expansion date 2025-12-22: DB Total=176km, Saved SS=0km, Derived Base=176km (display base; JS adds current SS)
INFO - 2025-12-22 06:33:47 --> Expansion date 2025-12-22: DB Total=176km, Saved SS=0km, Derived Base=176km (display base; JS adds current SS)
INFO - 2025-12-22 06:33:47 --> Expansion date 2025-12-22: DB Total=176km, Saved SS=0km, Derived Base=176km (display base; JS adds current SS)
INFO - 2025-12-22 06:33:47 --> Expansion date 2025-12-22: DB Total=176km, Saved SS=0km, Derived Base=176km (display base; JS adds current SS)
INFO - 2025-12-22 06:33:47 --> Expansion date 2025-12-23: DB Total=0km, Saved SS=0km, Derived Base=0km (display base; JS adds current SS)
INFO - 2025-12-22 06:33:47 --> Expansion date 2025-12-23: DB Total=0km, Saved SS=0km, Derived Base=0km (display base; JS adds current SS)
INFO - 2025-12-22 06:33:47 --> Expansion date 2025-12-23: DB Total=0km, Saved SS=0km, Derived Base=0km (display base; JS adds current SS)
INFO - 2025-12-22 06:33:47 --> Expansion date 2025-12-23: DB Total=0km, Saved SS=0km, Derived Base=0km (display base; JS adds current SS)
INFO - 2025-12-22 06:33:47 --> Day 1 (date 2025-12-24): No defaults loaded
INFO - 2025-12-22 06:33:47 --> Expansion date 2025-12-24: DB Total=211km, Saved SS=0km, Derived Base=211km (display base; JS adds current SS)
INFO - 2025-12-22 06:33:47 --> Expansion date 2025-12-24: DB Total=211km, Saved SS=0km, Derived Base=211km (display base; JS adds current SS)
INFO - 2025-12-22 06:33:47 --> Expansion date 2025-12-24: DB Total=211km, Saved SS=0km, Derived Base=211km (display base; JS adds current SS)
INFO - 2025-12-22 06:33:47 --> Expansion date 2025-12-24: DB Total=211km, Saved SS=0km, Derived Base=211km (display base; JS adds current SS)
DEBUG - 2025-12-22 06:33:54 --> Session: Class initialized using 'CodeIgniter\Session\Handlers\FileHandler' driver.
INFO - 2025-12-22 06:33:54 --> Day 1 (date 2025-12-22): No defaults loaded
INFO - 2025-12-22 06:33:54 --> Loaded default SS for Day 2 (date 2025-12-23): 1 items
INFO - 2025-12-22 06:33:54 --> Expansion date 2025-12-22: DB Total=176km, Saved SS=0km, Derived Base=176km (display base; JS adds current SS)
INFO - 2025-12-22 06:33:54 --> Expansion date 2025-12-22: DB Total=176km, Saved SS=0km, Derived Base=176km (display base; JS adds current SS)
INFO - 2025-12-22 06:33:54 --> Expansion date 2025-12-22: DB Total=176km, Saved SS=0km, Derived Base=176km (display base; JS adds current SS)
INFO - 2025-12-22 06:33:54 --> Expansion date 2025-12-22: DB Total=176km, Saved SS=0km, Derived Base=176km (display base; JS adds current SS)
INFO - 2025-12-22 06:33:54 --> Expansion date 2025-12-23: DB Total=0km, Saved SS=0km, Derived Base=0km (display base; JS adds current SS)
INFO - 2025-12-22 06:33:54 --> Expansion date 2025-12-23: DB Total=0km, Saved SS=0km, Derived Base=0km (display base; JS adds current SS)
INFO - 2025-12-22 06:33:54 --> Expansion date 2025-12-23: DB Total=0km, Saved SS=0km, Derived Base=0km (display base; JS adds current SS)
INFO - 2025-12-22 06:33:54 --> Expansion date 2025-12-23: DB Total=0km, Saved SS=0km, Derived Base=0km (display base; JS adds current SS)
INFO - 2025-12-22 06:33:54 --> Day 1 (date 2025-12-24): No defaults loaded
INFO - 2025-12-22 06:33:54 --> Expansion date 2025-12-24: DB Total=211km, Saved SS=0km, Derived Base=211km (display base; JS adds current SS)
INFO - 2025-12-22 06:33:54 --> Expansion date 2025-12-24: DB Total=211km, Saved SS=0km, Derived Base=211km (display base; JS adds current SS)
INFO - 2025-12-22 06:33:54 --> Expansion date 2025-12-24: DB Total=211km, Saved SS=0km, Derived Base=211km (display base; JS adds current SS)
INFO - 2025-12-22 06:33:54 --> Expansion date 2025-12-24: DB Total=211km, Saved SS=0km, Derived Base=211km (display base; JS adds current SS)
DEBUG - 2025-12-22 06:34:28 --> Session: Class initialized using 'CodeIgniter\Session\Handlers\FileHandler' driver.
DEBUG - 2025-12-22 06:34:28 --> Session: Class initialized using 'CodeIgniter\Session\Handlers\FileHandler' driver.
DEBUG - 2025-12-22 06:34:37 --> Session: Class initialized using 'CodeIgniter\Session\Handlers\FileHandler' driver.
DEBUG - 2025-12-22 06:34:37 --> Session: Class initialized using 'CodeIgniter\Session\Handlers\FileHandler' driver.
DEBUG - 2025-12-22 06:34:37 --> Session: Class initialized using 'CodeIgniter\Session\Handlers\FileHandler' driver.
DEBUG - 2025-12-22 06:34:38 --> Session: Class initialized using 'CodeIgniter\Session\Handlers\FileHandler' driver.
DEBUG - 2025-12-22 06:34:40 --> Session: Class initialized using 'CodeIgniter\Session\Handlers\FileHandler' driver.
DEBUG - 2025-12-22 06:34:41 --> Session: Class initialized using 'CodeIgniter\Session\Handlers\FileHandler' driver.
DEBUG - 2025-12-22 06:34:41 --> Session: Class initialized using 'CodeIgniter\Session\Handlers\FileHandler' driver.
DEBUG - 2025-12-22 06:34:41 --> Session: Class initialized using 'CodeIgniter\Session\Handlers\FileHandler' driver.
DEBUG - 2025-12-22 06:34:43 --> Session: Class initialized using 'CodeIgniter\Session\Handlers\FileHandler' driver.
DEBUG - 2025-12-22 06:34:44 --> Session: Class initialized using 'CodeIgniter\Session\Handlers\FileHandler' driver.
DEBUG - 2025-12-22 06:34:44 --> Session: Class initialized using 'CodeIgniter\Session\Handlers\FileHandler' driver.
DEBUG - 2025-12-22 06:34:44 --> Session: Class initialized using 'CodeIgniter\Session\Handlers\FileHandler' driver.
DEBUG - 2025-12-22 06:34:44 --> Session: Class initialized using 'CodeIgniter\Session\Handlers\FileHandler' driver.
DEBUG - 2025-12-22 06:34:44 --> Session: Class initialized using 'CodeIgniter\Session\Handlers\FileHandler' driver.
DEBUG - 2025-12-22 06:34:44 --> Session: Class initialized using 'CodeIgniter\Session\Handlers\FileHandler' driver.
DEBUG - 2025-12-22 06:34:44 --> Session: Class initialized using 'CodeIgniter\Session\Handlers\FileHandler' driver.
DEBUG - 2025-12-22 06:34:44 --> Session: Class initialized using 'CodeIgniter\Session\Handlers\FileHandler' driver.
DEBUG - 2025-12-22 06:34:44 --> Session: Class initialized using 'CodeIgniter\Session\Handlers\FileHandler' driver.
DEBUG - 2025-12-22 06:34:47 --> Session: Class initialized using 'CodeIgniter\Session\Handlers\FileHandler' driver.
DEBUG - 2025-12-22 06:34:47 --> Session: Class initialized using 'CodeIgniter\Session\Handlers\FileHandler' driver.
DEBUG - 2025-12-22 06:34:47 --> Session: Class initialized using 'CodeIgniter\Session\Handlers\FileHandler' driver.
DEBUG - 2025-12-22 06:34:47 --> Session: Class initialized using 'CodeIgniter\Session\Handlers\FileHandler' driver.
DEBUG - 2025-12-22 06:34:47 --> Session: Class initialized using 'CodeIgniter\Session\Handlers\FileHandler' driver.
DEBUG - 2025-12-22 06:34:47 --> Session: Class initialized using 'CodeIgniter\Session\Handlers\FileHandler' driver.
DEBUG - 2025-12-22 06:34:47 --> Session: Class initialized using 'CodeIgniter\Session\Handlers\FileHandler' driver.
DEBUG - 2025-12-22 06:34:47 --> Session: Class initialized using 'CodeIgniter\Session\Handlers\FileHandler' driver.
DEBUG - 2025-12-22 06:34:47 --> Session: Class initialized using 'CodeIgniter\Session\Handlers\FileHandler' driver.
DEBUG - 2025-12-22 06:34:52 --> Session: Class initialized using 'CodeIgniter\Session\Handlers\FileHandler' driver.
DEBUG - 2025-12-22 06:34:53 --> Session: Class initialized using 'CodeIgniter\Session\Handlers\FileHandler' driver.
DEBUG - 2025-12-22 06:34:53 --> Session: Class initialized using 'CodeIgniter\Session\Handlers\FileHandler' driver.
DEBUG - 2025-12-22 06:34:53 --> Session: Class initialized using 'CodeIgniter\Session\Handlers\FileHandler' driver.
DEBUG - 2025-12-22 06:34:53 --> Session: Class initialized using 'CodeIgniter\Session\Handlers\FileHandler' driver.
DEBUG - 2025-12-22 06:34:53 --> Session: Class initialized using 'CodeIgniter\Session\Handlers\FileHandler' driver.
DEBUG - 2025-12-22 06:34:53 --> Session: Class initialized using 'CodeIgniter\Session\Handlers\FileHandler' driver.
DEBUG - 2025-12-22 06:34:53 --> Session: Class initialized using 'CodeIgniter\Session\Handlers\FileHandler' driver.
DEBUG - 2025-12-22 06:34:53 --> Session: Class initialized using 'CodeIgniter\Session\Handlers\FileHandler' driver.
DEBUG - 2025-12-22 06:34:53 --> Session: Class initialized using 'CodeIgniter\Session\Handlers\FileHandler' driver.
DEBUG - 2025-12-22 06:35:01 --> Session: Class initialized using 'CodeIgniter\Session\Handlers\FileHandler' driver.
DEBUG - 2025-12-22 06:35:02 --> Session: Class initialized using 'CodeIgniter\Session\Handlers\FileHandler' driver.
DEBUG - 2025-12-22 06:35:04 --> Session: Class initialized using 'CodeIgniter\Session\Handlers\FileHandler' driver.
DEBUG - 2025-12-22 06:35:04 --> Session: Class initialized using 'CodeIgniter\Session\Handlers\FileHandler' driver.
DEBUG - 2025-12-22 06:35:06 --> Session: Class initialized using 'CodeIgniter\Session\Handlers\FileHandler' driver.
INFO - 2025-12-22 06:35:06 --> Day 1 (date 2025-12-22): No defaults loaded
INFO - 2025-12-22 06:35:06 --> Loaded default SS for Day 2 (date 2025-12-23): 1 items
INFO - 2025-12-22 06:35:06 --> Expansion date 2025-12-22: DB Total=176km, Saved SS=0km, Derived Base=176km (display base; JS adds current SS)
INFO - 2025-12-22 06:35:06 --> Expansion date 2025-12-22: DB Total=176km, Saved SS=0km, Derived Base=176km (display base; JS adds current SS)
INFO - 2025-12-22 06:35:06 --> Expansion date 2025-12-22: DB Total=176km, Saved SS=0km, Derived Base=176km (display base; JS adds current SS)
INFO - 2025-12-22 06:35:06 --> Expansion date 2025-12-22: DB Total=176km, Saved SS=0km, Derived Base=176km (display base; JS adds current SS)
INFO - 2025-12-22 06:35:06 --> Expansion date 2025-12-23: DB Total=0km, Saved SS=0km, Derived Base=0km (display base; JS adds current SS)
INFO - 2025-12-22 06:35:06 --> Expansion date 2025-12-23: DB Total=0km, Saved SS=0km, Derived Base=0km (display base; JS adds current SS)
INFO - 2025-12-22 06:35:06 --> Expansion date 2025-12-23: DB Total=0km, Saved SS=0km, Derived Base=0km (display base; JS adds current SS)
INFO - 2025-12-22 06:35:06 --> Expansion date 2025-12-23: DB Total=0km, Saved SS=0km, Derived Base=0km (display base; JS adds current SS)
INFO - 2025-12-22 06:35:06 --> Day 1 (date 2025-12-24): No defaults loaded
INFO - 2025-12-22 06:35:06 --> Expansion date 2025-12-24: DB Total=211km, Saved SS=0km, Derived Base=211km (display base; JS adds current SS)
INFO - 2025-12-22 06:35:06 --> Expansion date 2025-12-24: DB Total=211km, Saved SS=0km, Derived Base=211km (display base; JS adds current SS)
INFO - 2025-12-22 06:35:06 --> Expansion date 2025-12-24: DB Total=211km, Saved SS=0km, Derived Base=211km (display base; JS adds current SS)
INFO - 2025-12-22 06:35:06 --> Expansion date 2025-12-24: DB Total=211km, Saved SS=0km, Derived Base=211km (display base; JS adds current SS)
DEBUG - 2025-12-22 06:45:39 --> Session: Class initialized using 'CodeIgniter\Session\Handlers\FileHandler' driver.
INFO - 2025-12-22 06:45:39 --> Day 1 (date 2025-12-22): No defaults loaded
INFO - 2025-12-22 06:45:39 --> Loaded default SS for Day 2 (date 2025-12-23): 1 items
INFO - 2025-12-22 06:45:39 --> Expansion date 2025-12-22: DB Total=176km, Saved SS=0km, Derived Base=176km (display base; JS adds current SS)
INFO - 2025-12-22 06:45:39 --> Expansion date 2025-12-22: DB Total=176km, Saved SS=0km, Derived Base=176km (display base; JS adds current SS)
INFO - 2025-12-22 06:45:39 --> Expansion date 2025-12-22: DB Total=176km, Saved SS=0km, Derived Base=176km (display base; JS adds current SS)
INFO - 2025-12-22 06:45:39 --> Expansion date 2025-12-22: DB Total=176km, Saved SS=0km, Derived Base=176km (display base; JS adds current SS)
INFO - 2025-12-22 06:45:39 --> Expansion date 2025-12-23: DB Total=0km, Saved SS=0km, Derived Base=0km (display base; JS adds current SS)
INFO - 2025-12-22 06:45:39 --> Expansion date 2025-12-23: DB Total=0km, Saved SS=0km, Derived Base=0km (display base; JS adds current SS)
INFO - 2025-12-22 06:45:39 --> Expansion date 2025-12-23: DB Total=0km, Saved SS=0km, Derived Base=0km (display base; JS adds current SS)
INFO - 2025-12-22 06:45:39 --> Expansion date 2025-12-23: DB Total=0km, Saved SS=0km, Derived Base=0km (display base; JS adds current SS)
INFO - 2025-12-22 06:45:40 --> Day 1 (date 2025-12-24): No defaults loaded
INFO - 2025-12-22 06:45:40 --> Expansion date 2025-12-24: DB Total=211km, Saved SS=0km, Derived Base=211km (display base; JS adds current SS)
INFO - 2025-12-22 06:45:40 --> Expansion date 2025-12-24: DB Total=211km, Saved SS=0km, Derived Base=211km (display base; JS adds current SS)
INFO - 2025-12-22 06:45:40 --> Expansion date 2025-12-24: DB Total=211km, Saved SS=0km, Derived Base=211km (display base; JS adds current SS)
INFO - 2025-12-22 06:45:40 --> Expansion date 2025-12-24: DB Total=211km, Saved SS=0km, Derived Base=211km (display base; JS adds current SS)
DEBUG - 2025-12-22 06:46:03 --> Session: Class initialized using 'CodeIgniter\Session\Handlers\FileHandler' driver.
INFO - 2025-12-22 06:46:03 --> Day 1 (date 2025-12-22): No defaults loaded
INFO - 2025-12-22 06:46:03 --> Loaded default SS for Day 2 (date 2025-12-23): 1 items
INFO - 2025-12-22 06:46:03 --> Expansion date 2025-12-22: DB Total=176km, Saved SS=0km, Derived Base=176km (display base; JS adds current SS)
INFO - 2025-12-22 06:46:03 --> Expansion date 2025-12-22: DB Total=176km, Saved SS=0km, Derived Base=176km (display base; JS adds current SS)
INFO - 2025-12-22 06:46:03 --> Expansion date 2025-12-22: DB Total=176km, Saved SS=0km, Derived Base=176km (display base; JS adds current SS)
INFO - 2025-12-22 06:46:03 --> Expansion date 2025-12-22: DB Total=176km, Saved SS=0km, Derived Base=176km (display base; JS adds current SS)
INFO - 2025-12-22 06:46:03 --> Expansion date 2025-12-23: DB Total=0km, Saved SS=0km, Derived Base=0km (display base; JS adds current SS)
INFO - 2025-12-22 06:46:03 --> Expansion date 2025-12-23: DB Total=0km, Saved SS=0km, Derived Base=0km (display base; JS adds current SS)
INFO - 2025-12-22 06:46:03 --> Expansion date 2025-12-23: DB Total=0km, Saved SS=0km, Derived Base=0km (display base; JS adds current SS)
INFO - 2025-12-22 06:46:03 --> Expansion date 2025-12-23: DB Total=0km, Saved SS=0km, Derived Base=0km (display base; JS adds current SS)
INFO - 2025-12-22 06:46:03 --> Day 1 (date 2025-12-24): No defaults loaded
INFO - 2025-12-22 06:46:03 --> Expansion date 2025-12-24: DB Total=211km, Saved SS=0km, Derived Base=211km (display base; JS adds current SS)
INFO - 2025-12-22 06:46:03 --> Expansion date 2025-12-24: DB Total=211km, Saved SS=0km, Derived Base=211km (display base; JS adds current SS)
INFO - 2025-12-22 06:46:03 --> Expansion date 2025-12-24: DB Total=211km, Saved SS=0km, Derived Base=211km (display base; JS adds current SS)
INFO - 2025-12-22 06:46:03 --> Expansion date 2025-12-24: DB Total=211km, Saved SS=0km, Derived Base=211km (display base; JS adds current SS)
DEBUG - 2025-12-22 06:46:10 --> Session: Class initialized using 'CodeIgniter\Session\Handlers\FileHandler' driver.
INFO - 2025-12-22 06:46:10 --> Day 1 (date 2025-12-22): No defaults loaded
INFO - 2025-12-22 06:46:10 --> Loaded default SS for Day 2 (date 2025-12-23): 1 items
INFO - 2025-12-22 06:46:10 --> Expansion date 2025-12-22: DB Total=176km, Saved SS=0km, Derived Base=176km (display base; JS adds current SS)
INFO - 2025-12-22 06:46:10 --> Expansion date 2025-12-22: DB Total=176km, Saved SS=0km, Derived Base=176km (display base; JS adds current SS)
INFO - 2025-12-22 06:46:10 --> Expansion date 2025-12-22: DB Total=176km, Saved SS=0km, Derived Base=176km (display base; JS adds current SS)
INFO - 2025-12-22 06:46:10 --> Expansion date 2025-12-22: DB Total=176km, Saved SS=0km, Derived Base=176km (display base; JS adds current SS)
INFO - 2025-12-22 06:46:10 --> Expansion date 2025-12-23: DB Total=0km, Saved SS=0km, Derived Base=0km (display base; JS adds current SS)
INFO - 2025-12-22 06:46:10 --> Expansion date 2025-12-23: DB Total=0km, Saved SS=0km, Derived Base=0km (display base; JS adds current SS)
INFO - 2025-12-22 06:46:10 --> Expansion date 2025-12-23: DB Total=0km, Saved SS=0km, Derived Base=0km (display base; JS adds current SS)
INFO - 2025-12-22 06:46:10 --> Expansion date 2025-12-23: DB Total=0km, Saved SS=0km, Derived Base=0km (display base; JS adds current SS)
INFO - 2025-12-22 06:46:10 --> Day 1 (date 2025-12-24): No defaults loaded
INFO - 2025-12-22 06:46:10 --> Expansion date 2025-12-24: DB Total=211km, Saved SS=0km, Derived Base=211km (display base; JS adds current SS)
INFO - 2025-12-22 06:46:10 --> Expansion date 2025-12-24: DB Total=211km, Saved SS=0km, Derived Base=211km (display base; JS adds current SS)
INFO - 2025-12-22 06:46:10 --> Expansion date 2025-12-24: DB Total=211km, Saved SS=0km, Derived Base=211km (display base; JS adds current SS)
INFO - 2025-12-22 06:46:10 --> Expansion date 2025-12-24: DB Total=211km, Saved SS=0km, Derived Base=211km (display base; JS adds current SS)
DEBUG - 2025-12-22 06:46:21 --> Session: Class initialized using 'CodeIgniter\Session\Handlers\FileHandler' driver.
INFO - 2025-12-22 06:46:21 --> Day 1 (date 2025-12-22): No defaults loaded
INFO - 2025-12-22 06:46:21 --> Loaded default SS for Day 2 (date 2025-12-23): 1 items
INFO - 2025-12-22 06:46:21 --> Expansion date 2025-12-22: DB Total=176km, Saved SS=0km, Derived Base=176km (display base; JS adds current SS)
INFO - 2025-12-22 06:46:21 --> Expansion date 2025-12-22: DB Total=176km, Saved SS=0km, Derived Base=176km (display base; JS adds current SS)
INFO - 2025-12-22 06:46:21 --> Expansion date 2025-12-22: DB Total=176km, Saved SS=0km, Derived Base=176km (display base; JS adds current SS)
INFO - 2025-12-22 06:46:21 --> Expansion date 2025-12-22: DB Total=176km, Saved SS=0km, Derived Base=176km (display base; JS adds current SS)
INFO - 2025-12-22 06:46:21 --> Expansion date 2025-12-23: DB Total=0km, Saved SS=0km, Derived Base=0km (display base; JS adds current SS)
INFO - 2025-12-22 06:46:21 --> Expansion date 2025-12-23: DB Total=0km, Saved SS=0km, Derived Base=0km (display base; JS adds current SS)
INFO - 2025-12-22 06:46:21 --> Expansion date 2025-12-23: DB Total=0km, Saved SS=0km, Derived Base=0km (display base; JS adds current SS)
INFO - 2025-12-22 06:46:21 --> Expansion date 2025-12-23: DB Total=0km, Saved SS=0km, Derived Base=0km (display base; JS adds current SS)
INFO - 2025-12-22 06:46:21 --> Day 1 (date 2025-12-24): No defaults loaded
INFO - 2025-12-22 06:46:21 --> Expansion date 2025-12-24: DB Total=211km, Saved SS=0km, Derived Base=211km (display base; JS adds current SS)
INFO - 2025-12-22 06:46:21 --> Expansion date 2025-12-24: DB Total=211km, Saved SS=0km, Derived Base=211km (display base; JS adds current SS)
INFO - 2025-12-22 06:46:21 --> Expansion date 2025-12-24: DB Total=211km, Saved SS=0km, Derived Base=211km (display base; JS adds current SS)
INFO - 2025-12-22 06:46:21 --> Expansion date 2025-12-24: DB Total=211km, Saved SS=0km, Derived Base=211km (display base; JS adds current SS)
DEBUG - 2025-12-22 06:46:54 --> Session: Class initialized using 'CodeIgniter\Session\Handlers\FileHandler' driver.
INFO - 2025-12-22 06:46:54 --> Day 1 (date 2025-12-22): No defaults loaded
INFO - 2025-12-22 06:46:54 --> Loaded default SS for Day 2 (date 2025-12-23): 1 items
INFO - 2025-12-22 06:46:54 --> Expansion date 2025-12-22: DB Total=176km, Saved SS=0km, Derived Base=176km (display base; JS adds current SS)
INFO - 2025-12-22 06:46:54 --> Expansion date 2025-12-22: DB Total=176km, Saved SS=0km, Derived Base=176km (display base; JS adds current SS)
INFO - 2025-12-22 06:46:54 --> Expansion date 2025-12-22: DB Total=176km, Saved SS=0km, Derived Base=176km (display base; JS adds current SS)
INFO - 2025-12-22 06:46:54 --> Expansion date 2025-12-22: DB Total=176km, Saved SS=0km, Derived Base=176km (display base; JS adds current SS)
INFO - 2025-12-22 06:46:54 --> Expansion date 2025-12-23: DB Total=0km, Saved SS=0km, Derived Base=0km (display base; JS adds current SS)
INFO - 2025-12-22 06:46:54 --> Expansion date 2025-12-23: DB Total=0km, Saved SS=0km, Derived Base=0km (display base; JS adds current SS)
INFO - 2025-12-22 06:46:54 --> Expansion date 2025-12-23: DB Total=0km, Saved SS=0km, Derived Base=0km (display base; JS adds current SS)
INFO - 2025-12-22 06:46:54 --> Expansion date 2025-12-23: DB Total=0km, Saved SS=0km, Derived Base=0km (display base; JS adds current SS)
INFO - 2025-12-22 06:46:54 --> Day 1 (date 2025-12-24): No defaults loaded
INFO - 2025-12-22 06:46:54 --> Expansion date 2025-12-24: DB Total=211km, Saved SS=0km, Derived Base=211km (display base; JS adds current SS)
INFO - 2025-12-22 06:46:54 --> Expansion date 2025-12-24: DB Total=211km, Saved SS=0km, Derived Base=211km (display base; JS adds current SS)
INFO - 2025-12-22 06:46:54 --> Expansion date 2025-12-24: DB Total=211km, Saved SS=0km, Derived Base=211km (display base; JS adds current SS)
INFO - 2025-12-22 06:46:54 --> Expansion date 2025-12-24: DB Total=211km, Saved SS=0km, Derived Base=211km (display base; JS adds current SS)
DEBUG - 2025-12-22 06:46:57 --> Session: Class initialized using 'CodeIgniter\Session\Handlers\FileHandler' driver.
INFO - 2025-12-22 06:46:57 --> Day 1 (date 2025-12-22): No defaults loaded
INFO - 2025-12-22 06:46:57 --> Loaded default SS for Day 2 (date 2025-12-23): 1 items
INFO - 2025-12-22 06:46:57 --> Expansion date 2025-12-22: DB Total=176km, Saved SS=0km, Derived Base=176km (display base; JS adds current SS)
INFO - 2025-12-22 06:46:57 --> Expansion date 2025-12-22: DB Total=176km, Saved SS=0km, Derived Base=176km (display base; JS adds current SS)
INFO - 2025-12-22 06:46:57 --> Expansion date 2025-12-22: DB Total=176km, Saved SS=0km, Derived Base=176km (display base; JS adds current SS)
INFO - 2025-12-22 06:46:57 --> Expansion date 2025-12-22: DB Total=176km, Saved SS=0km, Derived Base=176km (display base; JS adds current SS)
INFO - 2025-12-22 06:46:57 --> Expansion date 2025-12-23: DB Total=0km, Saved SS=0km, Derived Base=0km (display base; JS adds current SS)
INFO - 2025-12-22 06:46:57 --> Expansion date 2025-12-23: DB Total=0km, Saved SS=0km, Derived Base=0km (display base; JS adds current SS)
INFO - 2025-12-22 06:46:57 --> Expansion date 2025-12-23: DB Total=0km, Saved SS=0km, Derived Base=0km (display base; JS adds current SS)
INFO - 2025-12-22 06:46:57 --> Expansion date 2025-12-23: DB Total=0km, Saved SS=0km, Derived Base=0km (display base; JS adds current SS)
INFO - 2025-12-22 06:46:57 --> Day 1 (date 2025-12-24): No defaults loaded
INFO - 2025-12-22 06:46:57 --> Expansion date 2025-12-24: DB Total=211km, Saved SS=0km, Derived Base=211km (display base; JS adds current SS)
INFO - 2025-12-22 06:46:57 --> Expansion date 2025-12-24: DB Total=211km, Saved SS=0km, Derived Base=211km (display base; JS adds current SS)
INFO - 2025-12-22 06:46:57 --> Expansion date 2025-12-24: DB Total=211km, Saved SS=0km, Derived Base=211km (display base; JS adds current SS)
INFO - 2025-12-22 06:46:57 --> Expansion date 2025-12-24: DB Total=211km, Saved SS=0km, Derived Base=211km (display base; JS adds current SS)
DEBUG - 2025-12-22 06:47:15 --> Session: Class initialized using 'CodeIgniter\Session\Handlers\FileHandler' driver.
INFO - 2025-12-22 06:47:15 --> Day 1 (date 2025-12-22): No defaults loaded
INFO - 2025-12-22 06:47:15 --> Loaded default SS for Day 2 (date 2025-12-23): 1 items
INFO - 2025-12-22 06:47:15 --> Expansion date 2025-12-22: DB Total=176km, Saved SS=0km, Derived Base=176km (display base; JS adds current SS)
INFO - 2025-12-22 06:47:15 --> Expansion date 2025-12-22: DB Total=176km, Saved SS=0km, Derived Base=176km (display base; JS adds current SS)
INFO - 2025-12-22 06:47:15 --> Expansion date 2025-12-22: DB Total=176km, Saved SS=0km, Derived Base=176km (display base; JS adds current SS)
INFO - 2025-12-22 06:47:15 --> Expansion date 2025-12-22: DB Total=176km, Saved SS=0km, Derived Base=176km (display base; JS adds current SS)
INFO - 2025-12-22 06:47:15 --> Expansion date 2025-12-23: DB Total=0km, Saved SS=0km, Derived Base=0km (display base; JS adds current SS)
INFO - 2025-12-22 06:47:15 --> Expansion date 2025-12-23: DB Total=0km, Saved SS=0km, Derived Base=0km (display base; JS adds current SS)
INFO - 2025-12-22 06:47:15 --> Expansion date 2025-12-23: DB Total=0km, Saved SS=0km, Derived Base=0km (display base; JS adds current SS)
INFO - 2025-12-22 06:47:15 --> Expansion date 2025-12-23: DB Total=0km, Saved SS=0km, Derived Base=0km (display base; JS adds current SS)
INFO - 2025-12-22 06:47:15 --> Day 1 (date 2025-12-24): No defaults loaded
INFO - 2025-12-22 06:47:15 --> Expansion date 2025-12-24: DB Total=211km, Saved SS=0km, Derived Base=211km (display base; JS adds current SS)
INFO - 2025-12-22 06:47:15 --> Expansion date 2025-12-24: DB Total=211km, Saved SS=0km, Derived Base=211km (display base; JS adds current SS)
INFO - 2025-12-22 06:47:15 --> Expansion date 2025-12-24: DB Total=211km, Saved SS=0km, Derived Base=211km (display base; JS adds current SS)
INFO - 2025-12-22 06:47:15 --> Expansion date 2025-12-24: DB Total=211km, Saved SS=0km, Derived Base=211km (display base; JS adds current SS)
DEBUG - 2025-12-22 06:47:38 --> Session: Class initialized using 'CodeIgniter\Session\Handlers\FileHandler' driver.
INFO - 2025-12-22 06:47:38 --> Day 1 (date 2025-12-22): No defaults loaded
INFO - 2025-12-22 06:47:38 --> Loaded default SS for Day 2 (date 2025-12-23): 1 items
INFO - 2025-12-22 06:47:38 --> Expansion date 2025-12-22: DB Total=176km, Saved SS=0km, Derived Base=176km (display base; JS adds current SS)
INFO - 2025-12-22 06:47:38 --> Expansion date 2025-12-22: DB Total=176km, Saved SS=0km, Derived Base=176km (display base; JS adds current SS)
INFO - 2025-12-22 06:47:38 --> Expansion date 2025-12-22: DB Total=176km, Saved SS=0km, Derived Base=176km (display base; JS adds current SS)
INFO - 2025-12-22 06:47:38 --> Expansion date 2025-12-22: DB Total=176km, Saved SS=0km, Derived Base=176km (display base; JS adds current SS)
INFO - 2025-12-22 06:47:38 --> Expansion date 2025-12-23: DB Total=0km, Saved SS=0km, Derived Base=0km (display base; JS adds current SS)
INFO - 2025-12-22 06:47:38 --> Expansion date 2025-12-23: DB Total=0km, Saved SS=0km, Derived Base=0km (display base; JS adds current SS)
INFO - 2025-12-22 06:47:38 --> Expansion date 2025-12-23: DB Total=0km, Saved SS=0km, Derived Base=0km (display base; JS adds current SS)
INFO - 2025-12-22 06:47:38 --> Expansion date 2025-12-23: DB Total=0km, Saved SS=0km, Derived Base=0km (display base; JS adds current SS)
INFO - 2025-12-22 06:47:38 --> Day 1 (date 2025-12-24): No defaults loaded
INFO - 2025-12-22 06:47:38 --> Expansion date 2025-12-24: DB Total=211km, Saved SS=0km, Derived Base=211km (display base; JS adds current SS)
INFO - 2025-12-22 06:47:38 --> Expansion date 2025-12-24: DB Total=211km, Saved SS=0km, Derived Base=211km (display base; JS adds current SS)
INFO - 2025-12-22 06:47:38 --> Expansion date 2025-12-24: DB Total=211km, Saved SS=0km, Derived Base=211km (display base; JS adds current SS)
INFO - 2025-12-22 06:47:38 --> Expansion date 2025-12-24: DB Total=211km, Saved SS=0km, Derived Base=211km (display base; JS adds current SS)
DEBUG - 2025-12-22 06:47:55 --> Session: Class initialized using 'CodeIgniter\Session\Handlers\FileHandler' driver.
INFO - 2025-12-22 06:47:55 --> Day 1 (date 2025-12-22): No defaults loaded
INFO - 2025-12-22 06:47:55 --> Loaded default SS for Day 2 (date 2025-12-23): 1 items
INFO - 2025-12-22 06:47:55 --> Expansion date 2025-12-22: DB Total=176km, Saved SS=0km, Derived Base=176km (display base; JS adds current SS)
INFO - 2025-12-22 06:47:55 --> Expansion date 2025-12-22: DB Total=176km, Saved SS=0km, Derived Base=176km (display base; JS adds current SS)
INFO - 2025-12-22 06:47:55 --> Expansion date 2025-12-22: DB Total=176km, Saved SS=0km, Derived Base=176km (display base; JS adds current SS)
INFO - 2025-12-22 06:47:55 --> Expansion date 2025-12-22: DB Total=176km, Saved SS=0km, Derived Base=176km (display base; JS adds current SS)
INFO - 2025-12-22 06:47:55 --> Expansion date 2025-12-23: DB Total=0km, Saved SS=0km, Derived Base=0km (display base; JS adds current SS)
INFO - 2025-12-22 06:47:55 --> Expansion date 2025-12-23: DB Total=0km, Saved SS=0km, Derived Base=0km (display base; JS adds current SS)
INFO - 2025-12-22 06:47:55 --> Expansion date 2025-12-23: DB Total=0km, Saved SS=0km, Derived Base=0km (display base; JS adds current SS)
INFO - 2025-12-22 06:47:55 --> Expansion date 2025-12-23: DB Total=0km, Saved SS=0km, Derived Base=0km (display base; JS adds current SS)
INFO - 2025-12-22 06:47:55 --> Day 1 (date 2025-12-24): No defaults loaded
INFO - 2025-12-22 06:47:55 --> Expansion date 2025-12-24: DB Total=211km, Saved SS=0km, Derived Base=211km (display base; JS adds current SS)
INFO - 2025-12-22 06:47:55 --> Expansion date 2025-12-24: DB Total=211km, Saved SS=0km, Derived Base=211km (display base; JS adds current SS)
INFO - 2025-12-22 06:47:55 --> Expansion date 2025-12-24: DB Total=211km, Saved SS=0km, Derived Base=211km (display base; JS adds current SS)
INFO - 2025-12-22 06:47:55 --> Expansion date 2025-12-24: DB Total=211km, Saved SS=0km, Derived Base=211km (display base; JS adds current SS)
DEBUG - 2025-12-22 06:48:44 --> Session: Class initialized using 'CodeIgniter\Session\Handlers\FileHandler' driver.
INFO - 2025-12-22 06:48:44 --> Day 1 (date 2025-12-22): No defaults loaded
INFO - 2025-12-22 06:48:44 --> Loaded default SS for Day 2 (date 2025-12-23): 1 items
INFO - 2025-12-22 06:48:44 --> Expansion date 2025-12-22: DB Total=176km, Saved SS=0km, Derived Base=176km (display base; JS adds current SS)
INFO - 2025-12-22 06:48:44 --> Expansion date 2025-12-22: DB Total=176km, Saved SS=0km, Derived Base=176km (display base; JS adds current SS)
INFO - 2025-12-22 06:48:44 --> Expansion date 2025-12-22: DB Total=176km, Saved SS=0km, Derived Base=176km (display base; JS adds current SS)
INFO - 2025-12-22 06:48:44 --> Expansion date 2025-12-22: DB Total=176km, Saved SS=0km, Derived Base=176km (display base; JS adds current SS)
INFO - 2025-12-22 06:48:44 --> Expansion date 2025-12-23: DB Total=0km, Saved SS=0km, Derived Base=0km (display base; JS adds current SS)
INFO - 2025-12-22 06:48:44 --> Expansion date 2025-12-23: DB Total=0km, Saved SS=0km, Derived Base=0km (display base; JS adds current SS)
INFO - 2025-12-22 06:48:44 --> Expansion date 2025-12-23: DB Total=0km, Saved SS=0km, Derived Base=0km (display base; JS adds current SS)
INFO - 2025-12-22 06:48:44 --> Expansion date 2025-12-23: DB Total=0km, Saved SS=0km, Derived Base=0km (display base; JS adds current SS)
INFO - 2025-12-22 06:48:44 --> Day 1 (date 2025-12-24): No defaults loaded
INFO - 2025-12-22 06:48:44 --> Expansion date 2025-12-24: DB Total=211km, Saved SS=0km, Derived Base=211km (display base; JS adds current SS)
INFO - 2025-12-22 06:48:44 --> Expansion date 2025-12-24: DB Total=211km, Saved SS=0km, Derived Base=211km (display base; JS adds current SS)
INFO - 2025-12-22 06:48:44 --> Expansion date 2025-12-24: DB Total=211km, Saved SS=0km, Derived Base=211km (display base; JS adds current SS)
INFO - 2025-12-22 06:48:44 --> Expansion date 2025-12-24: DB Total=211km, Saved SS=0km, Derived Base=211km (display base; JS adds current SS)
DEBUG - 2025-12-22 06:49:52 --> Session: Class initialized using 'CodeIgniter\Session\Handlers\FileHandler' driver.
INFO - 2025-12-22 06:49:52 --> Day 1 (date 2025-12-22): No defaults loaded
INFO - 2025-12-22 06:49:52 --> Loaded default SS for Day 2 (date 2025-12-23): 1 items
INFO - 2025-12-22 06:49:52 --> Expansion date 2025-12-22: DB Total=176km, Saved SS=0km, Derived Base=176km (display base; JS adds current SS)
INFO - 2025-12-22 06:49:52 --> Expansion date 2025-12-22: DB Total=176km, Saved SS=0km, Derived Base=176km (display base; JS adds current SS)
INFO - 2025-12-22 06:49:52 --> Expansion date 2025-12-22: DB Total=176km, Saved SS=0km, Derived Base=176km (display base; JS adds current SS)
INFO - 2025-12-22 06:49:52 --> Expansion date 2025-12-22: DB Total=176km, Saved SS=0km, Derived Base=176km (display base; JS adds current SS)
INFO - 2025-12-22 06:49:52 --> Expansion date 2025-12-23: DB Total=0km, Saved SS=0km, Derived Base=0km (display base; JS adds current SS)
INFO - 2025-12-22 06:49:52 --> Expansion date 2025-12-23: DB Total=0km, Saved SS=0km, Derived Base=0km (display base; JS adds current SS)
INFO - 2025-12-22 06:49:52 --> Expansion date 2025-12-23: DB Total=0km, Saved SS=0km, Derived Base=0km (display base; JS adds current SS)
INFO - 2025-12-22 06:49:52 --> Expansion date 2025-12-23: DB Total=0km, Saved SS=0km, Derived Base=0km (display base; JS adds current SS)
INFO - 2025-12-22 06:49:52 --> Day 1 (date 2025-12-24): No defaults loaded
INFO - 2025-12-22 06:49:52 --> Expansion date 2025-12-24: DB Total=211km, Saved SS=0km, Derived Base=211km (display base; JS adds current SS)
INFO - 2025-12-22 06:49:52 --> Expansion date 2025-12-24: DB Total=211km, Saved SS=0km, Derived Base=211km (display base; JS adds current SS)
INFO - 2025-12-22 06:49:52 --> Expansion date 2025-12-24: DB Total=211km, Saved SS=0km, Derived Base=211km (display base; JS adds current SS)
INFO - 2025-12-22 06:49:52 --> Expansion date 2025-12-24: DB Total=211km, Saved SS=0km, Derived Base=211km (display base; JS adds current SS)
DEBUG - 2025-12-22 06:51:14 --> Session: Class initialized using 'CodeIgniter\Session\Handlers\FileHandler' driver.
INFO - 2025-12-22 06:51:14 --> Day 1 (date 2025-12-22): No defaults loaded
INFO - 2025-12-22 06:51:14 --> Loaded default SS for Day 2 (date 2025-12-23): 1 items
INFO - 2025-12-22 06:51:14 --> Expansion date 2025-12-22: DB Total=176km, Saved SS=0km, Derived Base=176km (display base; JS adds current SS)
INFO - 2025-12-22 06:51:14 --> Expansion date 2025-12-22: DB Total=176km, Saved SS=0km, Derived Base=176km (display base; JS adds current SS)
INFO - 2025-12-22 06:51:14 --> Expansion date 2025-12-22: DB Total=176km, Saved SS=0km, Derived Base=176km (display base; JS adds current SS)
INFO - 2025-12-22 06:51:14 --> Expansion date 2025-12-22: DB Total=176km, Saved SS=0km, Derived Base=176km (display base; JS adds current SS)
INFO - 2025-12-22 06:51:14 --> Expansion date 2025-12-23: DB Total=0km, Saved SS=0km, Derived Base=0km (display base; JS adds current SS)
INFO - 2025-12-22 06:51:14 --> Expansion date 2025-12-23: DB Total=0km, Saved SS=0km, Derived Base=0km (display base; JS adds current SS)
INFO - 2025-12-22 06:51:14 --> Expansion date 2025-12-23: DB Total=0km, Saved SS=0km, Derived Base=0km (display base; JS adds current SS)
INFO - 2025-12-22 06:51:14 --> Expansion date 2025-12-23: DB Total=0km, Saved SS=0km, Derived Base=0km (display base; JS adds current SS)
INFO - 2025-12-22 06:51:14 --> Day 1 (date 2025-12-24): No defaults loaded
INFO - 2025-12-22 06:51:14 --> Expansion date 2025-12-24: DB Total=211km, Saved SS=0km, Derived Base=211km (display base; JS adds current SS)
INFO - 2025-12-22 06:51:14 --> Expansion date 2025-12-24: DB Total=211km, Saved SS=0km, Derived Base=211km (display base; JS adds current SS)
INFO - 2025-12-22 06:51:14 --> Expansion date 2025-12-24: DB Total=211km, Saved SS=0km, Derived Base=211km (display base; JS adds current SS)
INFO - 2025-12-22 06:51:14 --> Expansion date 2025-12-24: DB Total=211km, Saved SS=0km, Derived Base=211km (display base; JS adds current SS)
DEBUG - 2025-12-22 06:51:32 --> Session: Class initialized using 'CodeIgniter\Session\Handlers\FileHandler' driver.
INFO - 2025-12-22 06:51:32 --> Day 1 (date 2025-12-22): No defaults loaded
INFO - 2025-12-22 06:51:32 --> Loaded default SS for Day 2 (date 2025-12-23): 1 items
INFO - 2025-12-22 06:51:32 --> Expansion date 2025-12-22: DB Total=176km, Saved SS=0km, Derived Base=176km (display base; JS adds current SS)
INFO - 2025-12-22 06:51:32 --> Expansion date 2025-12-22: DB Total=176km, Saved SS=0km, Derived Base=176km (display base; JS adds current SS)
INFO - 2025-12-22 06:51:32 --> Expansion date 2025-12-22: DB Total=176km, Saved SS=0km, Derived Base=176km (display base; JS adds current SS)
INFO - 2025-12-22 06:51:32 --> Expansion date 2025-12-22: DB Total=176km, Saved SS=0km, Derived Base=176km (display base; JS adds current SS)
INFO - 2025-12-22 06:51:32 --> Expansion date 2025-12-23: DB Total=0km, Saved SS=0km, Derived Base=0km (display base; JS adds current SS)
INFO - 2025-12-22 06:51:32 --> Expansion date 2025-12-23: DB Total=0km, Saved SS=0km, Derived Base=0km (display base; JS adds current SS)
INFO - 2025-12-22 06:51:32 --> Expansion date 2025-12-23: DB Total=0km, Saved SS=0km, Derived Base=0km (display base; JS adds current SS)
INFO - 2025-12-22 06:51:32 --> Expansion date 2025-12-23: DB Total=0km, Saved SS=0km, Derived Base=0km (display base; JS adds current SS)
INFO - 2025-12-22 06:51:32 --> Day 1 (date 2025-12-24): No defaults loaded
INFO - 2025-12-22 06:51:32 --> Expansion date 2025-12-24: DB Total=211km, Saved SS=0km, Derived Base=211km (display base; JS adds current SS)
INFO - 2025-12-22 06:51:32 --> Expansion date 2025-12-24: DB Total=211km, Saved SS=0km, Derived Base=211km (display base; JS adds current SS)
INFO - 2025-12-22 06:51:32 --> Expansion date 2025-12-24: DB Total=211km, Saved SS=0km, Derived Base=211km (display base; JS adds current SS)
INFO - 2025-12-22 06:51:32 --> Expansion date 2025-12-24: DB Total=211km, Saved SS=0km, Derived Base=211km (display base; JS adds current SS)
DEBUG - 2025-12-22 06:56:58 --> Session: Class initialized using 'CodeIgniter\Session\Handlers\FileHandler' driver.
INFO - 2025-12-22 06:56:58 --> Day 1 (date 2025-12-22): No defaults loaded
INFO - 2025-12-22 06:56:58 --> Loaded default SS for Day 2 (date 2025-12-23): 1 items
INFO - 2025-12-22 06:56:58 --> Expansion date 2025-12-22: DB Total=176km, Saved SS=0km, Derived Base=176km (display base; JS adds current SS)
INFO - 2025-12-22 06:56:58 --> Expansion date 2025-12-22: DB Total=176km, Saved SS=0km, Derived Base=176km (display base; JS adds current SS)
INFO - 2025-12-22 06:56:58 --> Expansion date 2025-12-22: DB Total=176km, Saved SS=0km, Derived Base=176km (display base; JS adds current SS)
INFO - 2025-12-22 06:56:59 --> Expansion date 2025-12-22: DB Total=176km, Saved SS=0km, Derived Base=176km (display base; JS adds current SS)
INFO - 2025-12-22 06:56:59 --> Expansion date 2025-12-23: DB Total=0km, Saved SS=0km, Derived Base=0km (display base; JS adds current SS)
INFO - 2025-12-22 06:56:59 --> Expansion date 2025-12-23: DB Total=0km, Saved SS=0km, Derived Base=0km (display base; JS adds current SS)
INFO - 2025-12-22 06:56:59 --> Expansion date 2025-12-23: DB Total=0km, Saved SS=0km, Derived Base=0km (display base; JS adds current SS)
INFO - 2025-12-22 06:56:59 --> Expansion date 2025-12-23: DB Total=0km, Saved SS=0km, Derived Base=0km (display base; JS adds current SS)
INFO - 2025-12-22 06:56:59 --> Day 1 (date 2025-12-24): No defaults loaded
INFO - 2025-12-22 06:56:59 --> Expansion date 2025-12-24: DB Total=211km, Saved SS=0km, Derived Base=211km (display base; JS adds current SS)
INFO - 2025-12-22 06:56:59 --> Expansion date 2025-12-24: DB Total=211km, Saved SS=0km, Derived Base=211km (display base; JS adds current SS)
INFO - 2025-12-22 06:56:59 --> Expansion date 2025-12-24: DB Total=211km, Saved SS=0km, Derived Base=211km (display base; JS adds current SS)
INFO - 2025-12-22 06:56:59 --> Expansion date 2025-12-24: DB Total=211km, Saved SS=0km, Derived Base=211km (display base; JS adds current SS)
DEBUG - 2025-12-22 06:57:05 --> Session: Class initialized using 'CodeIgniter\Session\Handlers\FileHandler' driver.
INFO - 2025-12-22 06:57:05 --> Day 1 (date 2025-12-22): No defaults loaded
INFO - 2025-12-22 06:57:05 --> Loaded default SS for Day 2 (date 2025-12-23): 1 items
INFO - 2025-12-22 06:57:05 --> Expansion date 2025-12-22: DB Total=176km, Saved SS=0km, Derived Base=176km (display base; JS adds current SS)
INFO - 2025-12-22 06:57:05 --> Expansion date 2025-12-22: DB Total=176km, Saved SS=0km, Derived Base=176km (display base; JS adds current SS)
INFO - 2025-12-22 06:57:05 --> Expansion date 2025-12-22: DB Total=176km, Saved SS=0km, Derived Base=176km (display base; JS adds current SS)
INFO - 2025-12-22 06:57:05 --> Expansion date 2025-12-22: DB Total=176km, Saved SS=0km, Derived Base=176km (display base; JS adds current SS)
INFO - 2025-12-22 06:57:05 --> Expansion date 2025-12-23: DB Total=0km, Saved SS=0km, Derived Base=0km (display base; JS adds current SS)
INFO - 2025-12-22 06:57:05 --> Expansion date 2025-12-23: DB Total=0km, Saved SS=0km, Derived Base=0km (display base; JS adds current SS)
INFO - 2025-12-22 06:57:05 --> Expansion date 2025-12-23: DB Total=0km, Saved SS=0km, Derived Base=0km (display base; JS adds current SS)
INFO - 2025-12-22 06:57:05 --> Expansion date 2025-12-23: DB Total=0km, Saved SS=0km, Derived Base=0km (display base; JS adds current SS)
INFO - 2025-12-22 06:57:05 --> Day 1 (date 2025-12-24): No defaults loaded
INFO - 2025-12-22 06:57:05 --> Expansion date 2025-12-24: DB Total=211km, Saved SS=0km, Derived Base=211km (display base; JS adds current SS)
INFO - 2025-12-22 06:57:05 --> Expansion date 2025-12-24: DB Total=211km, Saved SS=0km, Derived Base=211km (display base; JS adds current SS)
INFO - 2025-12-22 06:57:05 --> Expansion date 2025-12-24: DB Total=211km, Saved SS=0km, Derived Base=211km (display base; JS adds current SS)
INFO - 2025-12-22 06:57:05 --> Expansion date 2025-12-24: DB Total=211km, Saved SS=0km, Derived Base=211km (display base; JS adds current SS)
DEBUG - 2025-12-22 06:58:11 --> Session: Class initialized using 'CodeIgniter\Session\Handlers\FileHandler' driver.
INFO - 2025-12-22 06:58:11 --> Day 1 (date 2025-12-22): No defaults loaded
INFO - 2025-12-22 06:58:11 --> Loaded default SS for Day 2 (date 2025-12-23): 1 items
INFO - 2025-12-22 06:58:11 --> Expansion date 2025-12-22: DB Total=176km, Saved SS=0km, Derived Base=176km (display base; JS adds current SS)
INFO - 2025-12-22 06:58:11 --> Expansion date 2025-12-22: DB Total=176km, Saved SS=0km, Derived Base=176km (display base; JS adds current SS)
INFO - 2025-12-22 06:58:11 --> Expansion date 2025-12-22: DB Total=176km, Saved SS=0km, Derived Base=176km (display base; JS adds current SS)
INFO - 2025-12-22 06:58:11 --> Expansion date 2025-12-22: DB Total=176km, Saved SS=0km, Derived Base=176km (display base; JS adds current SS)
INFO - 2025-12-22 06:58:11 --> Expansion date 2025-12-23: DB Total=0km, Saved SS=0km, Derived Base=0km (display base; JS adds current SS)
INFO - 2025-12-22 06:58:11 --> Expansion date 2025-12-23: DB Total=0km, Saved SS=0km, Derived Base=0km (display base; JS adds current SS)
INFO - 2025-12-22 06:58:11 --> Expansion date 2025-12-23: DB Total=0km, Saved SS=0km, Derived Base=0km (display base; JS adds current SS)
INFO - 2025-12-22 06:58:11 --> Expansion date 2025-12-23: DB Total=0km, Saved SS=0km, Derived Base=0km (display base; JS adds current SS)
INFO - 2025-12-22 06:58:11 --> Day 1 (date 2025-12-24): No defaults loaded
INFO - 2025-12-22 06:58:11 --> Expansion date 2025-12-24: DB Total=211km, Saved SS=0km, Derived Base=211km (display base; JS adds current SS)
INFO - 2025-12-22 06:58:11 --> Expansion date 2025-12-24: DB Total=211km, Saved SS=0km, Derived Base=211km (display base; JS adds current SS)
INFO - 2025-12-22 06:58:11 --> Expansion date 2025-12-24: DB Total=211km, Saved SS=0km, Derived Base=211km (display base; JS adds current SS)
INFO - 2025-12-22 06:58:11 --> Expansion date 2025-12-24: DB Total=211km, Saved SS=0km, Derived Base=211km (display base; JS adds current SS)
DEBUG - 2025-12-22 06:59:24 --> Session: Class initialized using 'CodeIgniter\Session\Handlers\FileHandler' driver.
INFO - 2025-12-22 06:59:24 --> Day 1 (date 2025-12-22): No defaults loaded
INFO - 2025-12-22 06:59:24 --> Loaded default SS for Day 2 (date 2025-12-23): 1 items
INFO - 2025-12-22 06:59:24 --> Expansion date 2025-12-22: DB Total=176km, Saved SS=0km, Derived Base=176km (display base; JS adds current SS)
INFO - 2025-12-22 06:59:24 --> Expansion date 2025-12-22: DB Total=176km, Saved SS=0km, Derived Base=176km (display base; JS adds current SS)
INFO - 2025-12-22 06:59:24 --> Expansion date 2025-12-22: DB Total=176km, Saved SS=0km, Derived Base=176km (display base; JS adds current SS)
INFO - 2025-12-22 06:59:24 --> Expansion date 2025-12-22: DB Total=176km, Saved SS=0km, Derived Base=176km (display base; JS adds current SS)
INFO - 2025-12-22 06:59:24 --> Expansion date 2025-12-23: DB Total=0km, Saved SS=0km, Derived Base=0km (display base; JS adds current SS)
INFO - 2025-12-22 06:59:24 --> Expansion date 2025-12-23: DB Total=0km, Saved SS=0km, Derived Base=0km (display base; JS adds current SS)
INFO - 2025-12-22 06:59:24 --> Expansion date 2025-12-23: DB Total=0km, Saved SS=0km, Derived Base=0km (display base; JS adds current SS)
INFO - 2025-12-22 06:59:24 --> Expansion date 2025-12-23: DB Total=0km, Saved SS=0km, Derived Base=0km (display base; JS adds current SS)
INFO - 2025-12-22 06:59:24 --> Day 1 (date 2025-12-24): No defaults loaded
INFO - 2025-12-22 06:59:24 --> Expansion date 2025-12-24: DB Total=211km, Saved SS=0km, Derived Base=211km (display base; JS adds current SS)
INFO - 2025-12-22 06:59:24 --> Expansion date 2025-12-24: DB Total=211km, Saved SS=0km, Derived Base=211km (display base; JS adds current SS)
INFO - 2025-12-22 06:59:24 --> Expansion date 2025-12-24: DB Total=211km, Saved SS=0km, Derived Base=211km (display base; JS adds current SS)
INFO - 2025-12-22 06:59:24 --> Expansion date 2025-12-24: DB Total=211km, Saved SS=0km, Derived Base=211km (display base; JS adds current SS)
DEBUG - 2025-12-22 06:59:44 --> Session: Class initialized using 'CodeIgniter\Session\Handlers\FileHandler' driver.
INFO - 2025-12-22 06:59:44 --> Day 1 (date 2025-12-22): No defaults loaded
INFO - 2025-12-22 06:59:44 --> Loaded default SS for Day 2 (date 2025-12-23): 1 items
INFO - 2025-12-22 06:59:44 --> Expansion date 2025-12-22: DB Total=176km, Saved SS=0km, Derived Base=176km (display base; JS adds current SS)
INFO - 2025-12-22 06:59:44 --> Expansion date 2025-12-22: DB Total=176km, Saved SS=0km, Derived Base=176km (display base; JS adds current SS)
INFO - 2025-12-22 06:59:44 --> Expansion date 2025-12-22: DB Total=176km, Saved SS=0km, Derived Base=176km (display base; JS adds current SS)
INFO - 2025-12-22 06:59:44 --> Expansion date 2025-12-22: DB Total=176km, Saved SS=0km, Derived Base=176km (display base; JS adds current SS)
INFO - 2025-12-22 06:59:44 --> Expansion date 2025-12-23: DB Total=0km, Saved SS=0km, Derived Base=0km (display base; JS adds current SS)
INFO - 2025-12-22 06:59:44 --> Expansion date 2025-12-23: DB Total=0km, Saved SS=0km, Derived Base=0km (display base; JS adds current SS)
INFO - 2025-12-22 06:59:44 --> Expansion date 2025-12-23: DB Total=0km, Saved SS=0km, Derived Base=0km (display base; JS adds current SS)
INFO - 2025-12-22 06:59:44 --> Expansion date 2025-12-23: DB Total=0km, Saved SS=0km, Derived Base=0km (display base; JS adds current SS)
INFO - 2025-12-22 06:59:44 --> Day 1 (date 2025-12-24): No defaults loaded
INFO - 2025-12-22 06:59:44 --> Expansion date 2025-12-24: DB Total=211km, Saved SS=0km, Derived Base=211km (display base; JS adds current SS)
INFO - 2025-12-22 06:59:44 --> Expansion date 2025-12-24: DB Total=211km, Saved SS=0km, Derived Base=211km (display base; JS adds current SS)
INFO - 2025-12-22 06:59:44 --> Expansion date 2025-12-24: DB Total=211km, Saved SS=0km, Derived Base=211km (display base; JS adds current SS)
INFO - 2025-12-22 06:59:44 --> Expansion date 2025-12-24: DB Total=211km, Saved SS=0km, Derived Base=211km (display base; JS adds current SS)
DEBUG - 2025-12-22 07:00:20 --> Session: Class initialized using 'CodeIgniter\Session\Handlers\FileHandler' driver.
INFO - 2025-12-22 07:00:20 --> Day 1 (date 2025-12-22): No defaults loaded
INFO - 2025-12-22 07:00:20 --> Loaded default SS for Day 2 (date 2025-12-23): 1 items
INFO - 2025-12-22 07:00:20 --> Expansion date 2025-12-22: DB Total=176km, Saved SS=0km, Derived Base=176km (display base; JS adds current SS)
INFO - 2025-12-22 07:00:20 --> Expansion date 2025-12-22: DB Total=176km, Saved SS=0km, Derived Base=176km (display base; JS adds current SS)
INFO - 2025-12-22 07:00:20 --> Expansion date 2025-12-22: DB Total=176km, Saved SS=0km, Derived Base=176km (display base; JS adds current SS)
INFO - 2025-12-22 07:00:20 --> Expansion date 2025-12-22: DB Total=176km, Saved SS=0km, Derived Base=176km (display base; JS adds current SS)
INFO - 2025-12-22 07:00:20 --> Expansion date 2025-12-23: DB Total=0km, Saved SS=0km, Derived Base=0km (display base; JS adds current SS)
INFO - 2025-12-22 07:00:20 --> Expansion date 2025-12-23: DB Total=0km, Saved SS=0km, Derived Base=0km (display base; JS adds current SS)
INFO - 2025-12-22 07:00:20 --> Expansion date 2025-12-23: DB Total=0km, Saved SS=0km, Derived Base=0km (display base; JS adds current SS)
INFO - 2025-12-22 07:00:20 --> Expansion date 2025-12-23: DB Total=0km, Saved SS=0km, Derived Base=0km (display base; JS adds current SS)
INFO - 2025-12-22 07:00:20 --> Day 1 (date 2025-12-24): No defaults loaded
INFO - 2025-12-22 07:00:20 --> Expansion date 2025-12-24: DB Total=211km, Saved SS=0km, Derived Base=211km (display base; JS adds current SS)
INFO - 2025-12-22 07:00:20 --> Expansion date 2025-12-24: DB Total=211km, Saved SS=0km, Derived Base=211km (display base; JS adds current SS)
INFO - 2025-12-22 07:00:20 --> Expansion date 2025-12-24: DB Total=211km, Saved SS=0km, Derived Base=211km (display base; JS adds current SS)
INFO - 2025-12-22 07:00:20 --> Expansion date 2025-12-24: DB Total=211km, Saved SS=0km, Derived Base=211km (display base; JS adds current SS)
CRITICAL - 2025-12-22 07:00:23 --> ParseError: syntax error, unexpected token "<"
[Method: GET, Route: Enquiry/itinerary/2838/0]
in APPPATH\Views\enquiry\itinerary_view.php on line 1957.
 1 SYSTEMPATH\View\View.php(237): CodeIgniter\View\View->CodeIgniter\View\{closure}()
 2 SYSTEMPATH\Common.php(1171): CodeIgniter\View\View->render('enquiry/itinerary_view', [], true)
 3 APPPATH\Controllers\Enquiry.php(6906): view('enquiry/itinerary_view', [...])
 4 SYSTEMPATH\CodeIgniter.php(933): App\Controllers\Enquiry->itinerary('2838', '0')
 5 SYSTEMPATH\CodeIgniter.php(509): CodeIgniter\CodeIgniter->runController(Object(App\Controllers\Enquiry))
 6 SYSTEMPATH\CodeIgniter.php(355): CodeIgniter\CodeIgniter->handleRequest(null, Object(Config\Cache), false)
 7 SYSTEMPATH\Boot.php(334): CodeIgniter\CodeIgniter->run()
 8 SYSTEMPATH\Boot.php(67): CodeIgniter\Boot::runCodeIgniter(Object(CodeIgniter\CodeIgniter))
 9 FCPATH\index.php(56): CodeIgniter\Boot::bootWeb(Object(Config\Paths))
DEBUG - 2025-12-22 07:00:27 --> Session: Class initialized using 'CodeIgniter\Session\Handlers\FileHandler' driver.
INFO - 2025-12-22 07:00:27 --> Day 1 (date 2025-12-22): No defaults loaded
INFO - 2025-12-22 07:00:27 --> Loaded default SS for Day 2 (date 2025-12-23): 1 items
INFO - 2025-12-22 07:00:27 --> Expansion date 2025-12-22: DB Total=176km, Saved SS=0km, Derived Base=176km (display base; JS adds current SS)
INFO - 2025-12-22 07:00:27 --> Expansion date 2025-12-22: DB Total=176km, Saved SS=0km, Derived Base=176km (display base; JS adds current SS)
INFO - 2025-12-22 07:00:27 --> Expansion date 2025-12-22: DB Total=176km, Saved SS=0km, Derived Base=176km (display base; JS adds current SS)
INFO - 2025-12-22 07:00:27 --> Expansion date 2025-12-22: DB Total=176km, Saved SS=0km, Derived Base=176km (display base; JS adds current SS)
INFO - 2025-12-22 07:00:27 --> Expansion date 2025-12-23: DB Total=0km, Saved SS=0km, Derived Base=0km (display base; JS adds current SS)
INFO - 2025-12-22 07:00:27 --> Expansion date 2025-12-23: DB Total=0km, Saved SS=0km, Derived Base=0km (display base; JS adds current SS)
INFO - 2025-12-22 07:00:27 --> Expansion date 2025-12-23: DB Total=0km, Saved SS=0km, Derived Base=0km (display base; JS adds current SS)
INFO - 2025-12-22 07:00:27 --> Expansion date 2025-12-23: DB Total=0km, Saved SS=0km, Derived Base=0km (display base; JS adds current SS)
INFO - 2025-12-22 07:00:27 --> Day 1 (date 2025-12-24): No defaults loaded
INFO - 2025-12-22 07:00:27 --> Expansion date 2025-12-24: DB Total=211km, Saved SS=0km, Derived Base=211km (display base; JS adds current SS)
INFO - 2025-12-22 07:00:27 --> Expansion date 2025-12-24: DB Total=211km, Saved SS=0km, Derived Base=211km (display base; JS adds current SS)
INFO - 2025-12-22 07:00:27 --> Expansion date 2025-12-24: DB Total=211km, Saved SS=0km, Derived Base=211km (display base; JS adds current SS)
INFO - 2025-12-22 07:00:27 --> Expansion date 2025-12-24: DB Total=211km, Saved SS=0km, Derived Base=211km (display base; JS adds current SS)
CRITICAL - 2025-12-22 07:00:30 --> ParseError: syntax error, unexpected token "<"
[Method: GET, Route: Enquiry/itinerary/2838/0]
in APPPATH\Views\enquiry\itinerary_view.php on line 1957.
 1 SYSTEMPATH\View\View.php(237): CodeIgniter\View\View->CodeIgniter\View\{closure}()
 2 SYSTEMPATH\Common.php(1171): CodeIgniter\View\View->render('enquiry/itinerary_view', [], true)
 3 APPPATH\Controllers\Enquiry.php(6906): view('enquiry/itinerary_view', [...])
 4 SYSTEMPATH\CodeIgniter.php(933): App\Controllers\Enquiry->itinerary('2838', '0')
 5 SYSTEMPATH\CodeIgniter.php(509): CodeIgniter\CodeIgniter->runController(Object(App\Controllers\Enquiry))
 6 SYSTEMPATH\CodeIgniter.php(355): CodeIgniter\CodeIgniter->handleRequest(null, Object(Config\Cache), false)
 7 SYSTEMPATH\Boot.php(334): CodeIgniter\CodeIgniter->run()
 8 SYSTEMPATH\Boot.php(67): CodeIgniter\Boot::runCodeIgniter(Object(CodeIgniter\CodeIgniter))
 9 FCPATH\index.php(56): CodeIgniter\Boot::bootWeb(Object(Config\Paths))
DEBUG - 2025-12-22 07:00:43 --> Session: Class initialized using 'CodeIgniter\Session\Handlers\FileHandler' driver.
INFO - 2025-12-22 07:00:43 --> Day 1 (date 2025-12-22): No defaults loaded
INFO - 2025-12-22 07:00:43 --> Loaded default SS for Day 2 (date 2025-12-23): 1 items
INFO - 2025-12-22 07:00:43 --> Expansion date 2025-12-22: DB Total=176km, Saved SS=0km, Derived Base=176km (display base; JS adds current SS)
INFO - 2025-12-22 07:00:43 --> Expansion date 2025-12-22: DB Total=176km, Saved SS=0km, Derived Base=176km (display base; JS adds current SS)
INFO - 2025-12-22 07:00:43 --> Expansion date 2025-12-22: DB Total=176km, Saved SS=0km, Derived Base=176km (display base; JS adds current SS)
INFO - 2025-12-22 07:00:43 --> Expansion date 2025-12-22: DB Total=176km, Saved SS=0km, Derived Base=176km (display base; JS adds current SS)
INFO - 2025-12-22 07:00:43 --> Expansion date 2025-12-23: DB Total=0km, Saved SS=0km, Derived Base=0km (display base; JS adds current SS)
INFO - 2025-12-22 07:00:43 --> Expansion date 2025-12-23: DB Total=0km, Saved SS=0km, Derived Base=0km (display base; JS adds current SS)
INFO - 2025-12-22 07:00:43 --> Expansion date 2025-12-23: DB Total=0km, Saved SS=0km, Derived Base=0km (display base; JS adds current SS)
INFO - 2025-12-22 07:00:43 --> Expansion date 2025-12-23: DB Total=0km, Saved SS=0km, Derived Base=0km (display base; JS adds current SS)
INFO - 2025-12-22 07:00:43 --> Day 1 (date 2025-12-24): No defaults loaded
INFO - 2025-12-22 07:00:43 --> Expansion date 2025-12-24: DB Total=211km, Saved SS=0km, Derived Base=211km (display base; JS adds current SS)
INFO - 2025-12-22 07:00:43 --> Expansion date 2025-12-24: DB Total=211km, Saved SS=0km, Derived Base=211km (display base; JS adds current SS)
INFO - 2025-12-22 07:00:43 --> Expansion date 2025-12-24: DB Total=211km, Saved SS=0km, Derived Base=211km (display base; JS adds current SS)
INFO - 2025-12-22 07:00:43 --> Expansion date 2025-12-24: DB Total=211km, Saved SS=0km, Derived Base=211km (display base; JS adds current SS)
DEBUG - 2025-12-22 07:01:03 --> Session: Class initialized using 'CodeIgniter\Session\Handlers\FileHandler' driver.
INFO - 2025-12-22 07:01:03 --> Day 1 (date 2025-12-22): No defaults loaded
INFO - 2025-12-22 07:01:03 --> Loaded default SS for Day 2 (date 2025-12-23): 1 items
INFO - 2025-12-22 07:01:03 --> Expansion date 2025-12-22: DB Total=176km, Saved SS=0km, Derived Base=176km (display base; JS adds current SS)
INFO - 2025-12-22 07:01:03 --> Expansion date 2025-12-22: DB Total=176km, Saved SS=0km, Derived Base=176km (display base; JS adds current SS)
INFO - 2025-12-22 07:01:03 --> Expansion date 2025-12-22: DB Total=176km, Saved SS=0km, Derived Base=176km (display base; JS adds current SS)
INFO - 2025-12-22 07:01:03 --> Expansion date 2025-12-22: DB Total=176km, Saved SS=0km, Derived Base=176km (display base; JS adds current SS)
INFO - 2025-12-22 07:01:03 --> Expansion date 2025-12-23: DB Total=0km, Saved SS=0km, Derived Base=0km (display base; JS adds current SS)
INFO - 2025-12-22 07:01:03 --> Expansion date 2025-12-23: DB Total=0km, Saved SS=0km, Derived Base=0km (display base; JS adds current SS)
INFO - 2025-12-22 07:01:03 --> Expansion date 2025-12-23: DB Total=0km, Saved SS=0km, Derived Base=0km (display base; JS adds current SS)
INFO - 2025-12-22 07:01:03 --> Expansion date 2025-12-23: DB Total=0km, Saved SS=0km, Derived Base=0km (display base; JS adds current SS)
INFO - 2025-12-22 07:01:03 --> Day 1 (date 2025-12-24): No defaults loaded
INFO - 2025-12-22 07:01:03 --> Expansion date 2025-12-24: DB Total=211km, Saved SS=0km, Derived Base=211km (display base; JS adds current SS)
INFO - 2025-12-22 07:01:03 --> Expansion date 2025-12-24: DB Total=211km, Saved SS=0km, Derived Base=211km (display base; JS adds current SS)
INFO - 2025-12-22 07:01:03 --> Expansion date 2025-12-24: DB Total=211km, Saved SS=0km, Derived Base=211km (display base; JS adds current SS)
INFO - 2025-12-22 07:01:03 --> Expansion date 2025-12-24: DB Total=211km, Saved SS=0km, Derived Base=211km (display base; JS adds current SS)
DEBUG - 2025-12-22 07:01:32 --> Session: Class initialized using 'CodeIgniter\Session\Handlers\FileHandler' driver.
INFO - 2025-12-22 07:01:32 --> Day 1 (date 2025-12-22): No defaults loaded
INFO - 2025-12-22 07:01:32 --> Loaded default SS for Day 2 (date 2025-12-23): 1 items
INFO - 2025-12-22 07:01:32 --> Expansion date 2025-12-22: DB Total=176km, Saved SS=0km, Derived Base=176km (display base; JS adds current SS)
INFO - 2025-12-22 07:01:32 --> Expansion date 2025-12-22: DB Total=176km, Saved SS=0km, Derived Base=176km (display base; JS adds current SS)
INFO - 2025-12-22 07:01:32 --> Expansion date 2025-12-22: DB Total=176km, Saved SS=0km, Derived Base=176km (display base; JS adds current SS)
INFO - 2025-12-22 07:01:32 --> Expansion date 2025-12-22: DB Total=176km, Saved SS=0km, Derived Base=176km (display base; JS adds current SS)
INFO - 2025-12-22 07:01:32 --> Expansion date 2025-12-23: DB Total=0km, Saved SS=0km, Derived Base=0km (display base; JS adds current SS)
INFO - 2025-12-22 07:01:32 --> Expansion date 2025-12-23: DB Total=0km, Saved SS=0km, Derived Base=0km (display base; JS adds current SS)
INFO - 2025-12-22 07:01:32 --> Expansion date 2025-12-23: DB Total=0km, Saved SS=0km, Derived Base=0km (display base; JS adds current SS)
INFO - 2025-12-22 07:01:32 --> Expansion date 2025-12-23: DB Total=0km, Saved SS=0km, Derived Base=0km (display base; JS adds current SS)
INFO - 2025-12-22 07:01:32 --> Day 1 (date 2025-12-24): No defaults loaded
INFO - 2025-12-22 07:01:32 --> Expansion date 2025-12-24: DB Total=211km, Saved SS=0km, Derived Base=211km (display base; JS adds current SS)
INFO - 2025-12-22 07:01:32 --> Expansion date 2025-12-24: DB Total=211km, Saved SS=0km, Derived Base=211km (display base; JS adds current SS)
INFO - 2025-12-22 07:01:32 --> Expansion date 2025-12-24: DB Total=211km, Saved SS=0km, Derived Base=211km (display base; JS adds current SS)
INFO - 2025-12-22 07:01:32 --> Expansion date 2025-12-24: DB Total=211km, Saved SS=0km, Derived Base=211km (display base; JS adds current SS)
DEBUG - 2025-12-22 07:04:29 --> Session: Class initialized using 'CodeIgniter\Session\Handlers\FileHandler' driver.
INFO - 2025-12-22 07:04:29 --> Day 1 (date 2025-12-22): No defaults loaded
INFO - 2025-12-22 07:04:29 --> Loaded default SS for Day 2 (date 2025-12-23): 1 items
INFO - 2025-12-22 07:04:29 --> Expansion date 2025-12-22: DB Total=176km, Saved SS=0km, Derived Base=176km (display base; JS adds current SS)
INFO - 2025-12-22 07:04:29 --> Expansion date 2025-12-22: DB Total=176km, Saved SS=0km, Derived Base=176km (display base; JS adds current SS)
INFO - 2025-12-22 07:04:29 --> Expansion date 2025-12-22: DB Total=176km, Saved SS=0km, Derived Base=176km (display base; JS adds current SS)
INFO - 2025-12-22 07:04:29 --> Expansion date 2025-12-22: DB Total=176km, Saved SS=0km, Derived Base=176km (display base; JS adds current SS)
INFO - 2025-12-22 07:04:29 --> Expansion date 2025-12-23: DB Total=0km, Saved SS=0km, Derived Base=0km (display base; JS adds current SS)
INFO - 2025-12-22 07:04:29 --> Expansion date 2025-12-23: DB Total=0km, Saved SS=0km, Derived Base=0km (display base; JS adds current SS)
INFO - 2025-12-22 07:04:29 --> Expansion date 2025-12-23: DB Total=0km, Saved SS=0km, Derived Base=0km (display base; JS adds current SS)
INFO - 2025-12-22 07:04:29 --> Expansion date 2025-12-23: DB Total=0km, Saved SS=0km, Derived Base=0km (display base; JS adds current SS)
INFO - 2025-12-22 07:04:29 --> Day 1 (date 2025-12-24): No defaults loaded
INFO - 2025-12-22 07:04:29 --> Expansion date 2025-12-24: DB Total=211km, Saved SS=0km, Derived Base=211km (display base; JS adds current SS)
INFO - 2025-12-22 07:04:29 --> Expansion date 2025-12-24: DB Total=211km, Saved SS=0km, Derived Base=211km (display base; JS adds current SS)
INFO - 2025-12-22 07:04:29 --> Expansion date 2025-12-24: DB Total=211km, Saved SS=0km, Derived Base=211km (display base; JS adds current SS)
INFO - 2025-12-22 07:04:29 --> Expansion date 2025-12-24: DB Total=211km, Saved SS=0km, Derived Base=211km (display base; JS adds current SS)
DEBUG - 2025-12-22 07:04:53 --> Session: Class initialized using 'CodeIgniter\Session\Handlers\FileHandler' driver.
INFO - 2025-12-22 07:04:53 --> Day 1 (date 2025-12-22): No defaults loaded
INFO - 2025-12-22 07:04:53 --> Loaded default SS for Day 2 (date 2025-12-23): 1 items
INFO - 2025-12-22 07:04:53 --> Expansion date 2025-12-22: DB Total=176km, Saved SS=0km, Derived Base=176km (display base; JS adds current SS)
INFO - 2025-12-22 07:04:53 --> Expansion date 2025-12-22: DB Total=176km, Saved SS=0km, Derived Base=176km (display base; JS adds current SS)
INFO - 2025-12-22 07:04:53 --> Expansion date 2025-12-22: DB Total=176km, Saved SS=0km, Derived Base=176km (display base; JS adds current SS)
INFO - 2025-12-22 07:04:53 --> Expansion date 2025-12-22: DB Total=176km, Saved SS=0km, Derived Base=176km (display base; JS adds current SS)
INFO - 2025-12-22 07:04:53 --> Expansion date 2025-12-23: DB Total=0km, Saved SS=0km, Derived Base=0km (display base; JS adds current SS)
INFO - 2025-12-22 07:04:53 --> Expansion date 2025-12-23: DB Total=0km, Saved SS=0km, Derived Base=0km (display base; JS adds current SS)
INFO - 2025-12-22 07:04:53 --> Expansion date 2025-12-23: DB Total=0km, Saved SS=0km, Derived Base=0km (display base; JS adds current SS)
INFO - 2025-12-22 07:04:53 --> Expansion date 2025-12-23: DB Total=0km, Saved SS=0km, Derived Base=0km (display base; JS adds current SS)
INFO - 2025-12-22 07:04:53 --> Day 1 (date 2025-12-24): No defaults loaded
INFO - 2025-12-22 07:04:53 --> Expansion date 2025-12-24: DB Total=211km, Saved SS=0km, Derived Base=211km (display base; JS adds current SS)
INFO - 2025-12-22 07:04:53 --> Expansion date 2025-12-24: DB Total=211km, Saved SS=0km, Derived Base=211km (display base; JS adds current SS)
INFO - 2025-12-22 07:04:53 --> Expansion date 2025-12-24: DB Total=211km, Saved SS=0km, Derived Base=211km (display base; JS adds current SS)
INFO - 2025-12-22 07:04:53 --> Expansion date 2025-12-24: DB Total=211km, Saved SS=0km, Derived Base=211km (display base; JS adds current SS)
DEBUG - 2025-12-22 07:05:55 --> Session: Class initialized using 'CodeIgniter\Session\Handlers\FileHandler' driver.
INFO - 2025-12-22 07:05:56 --> Day 1 (date 2025-12-22): No defaults loaded
INFO - 2025-12-22 07:05:56 --> Loaded default SS for Day 2 (date 2025-12-23): 1 items
INFO - 2025-12-22 07:05:56 --> Expansion date 2025-12-22: DB Total=176km, Saved SS=0km, Derived Base=176km (display base; JS adds current SS)
INFO - 2025-12-22 07:05:56 --> Expansion date 2025-12-22: DB Total=176km, Saved SS=0km, Derived Base=176km (display base; JS adds current SS)
INFO - 2025-12-22 07:05:56 --> Expansion date 2025-12-22: DB Total=176km, Saved SS=0km, Derived Base=176km (display base; JS adds current SS)
INFO - 2025-12-22 07:05:56 --> Expansion date 2025-12-22: DB Total=176km, Saved SS=0km, Derived Base=176km (display base; JS adds current SS)
INFO - 2025-12-22 07:05:56 --> Expansion date 2025-12-23: DB Total=0km, Saved SS=0km, Derived Base=0km (display base; JS adds current SS)
INFO - 2025-12-22 07:05:56 --> Expansion date 2025-12-23: DB Total=0km, Saved SS=0km, Derived Base=0km (display base; JS adds current SS)
INFO - 2025-12-22 07:05:56 --> Expansion date 2025-12-23: DB Total=0km, Saved SS=0km, Derived Base=0km (display base; JS adds current SS)
INFO - 2025-12-22 07:05:56 --> Expansion date 2025-12-23: DB Total=0km, Saved SS=0km, Derived Base=0km (display base; JS adds current SS)
INFO - 2025-12-22 07:05:56 --> Day 1 (date 2025-12-24): No defaults loaded
INFO - 2025-12-22 07:05:56 --> Expansion date 2025-12-24: DB Total=211km, Saved SS=0km, Derived Base=211km (display base; JS adds current SS)
INFO - 2025-12-22 07:05:56 --> Expansion date 2025-12-24: DB Total=211km, Saved SS=0km, Derived Base=211km (display base; JS adds current SS)
INFO - 2025-12-22 07:05:56 --> Expansion date 2025-12-24: DB Total=211km, Saved SS=0km, Derived Base=211km (display base; JS adds current SS)
INFO - 2025-12-22 07:05:56 --> Expansion date 2025-12-24: DB Total=211km, Saved SS=0km, Derived Base=211km (display base; JS adds current SS)
DEBUG - 2025-12-22 07:06:06 --> Session: Class initialized using 'CodeIgniter\Session\Handlers\FileHandler' driver.
INFO - 2025-12-22 07:06:07 --> Day 1 (date 2025-12-22): No defaults loaded
INFO - 2025-12-22 07:06:07 --> Loaded default SS for Day 2 (date 2025-12-23): 1 items
INFO - 2025-12-22 07:06:07 --> Expansion date 2025-12-22: DB Total=176km, Saved SS=0km, Derived Base=176km (display base; JS adds current SS)
INFO - 2025-12-22 07:06:07 --> Expansion date 2025-12-22: DB Total=176km, Saved SS=0km, Derived Base=176km (display base; JS adds current SS)
INFO - 2025-12-22 07:06:07 --> Expansion date 2025-12-22: DB Total=176km, Saved SS=0km, Derived Base=176km (display base; JS adds current SS)
INFO - 2025-12-22 07:06:07 --> Expansion date 2025-12-22: DB Total=176km, Saved SS=0km, Derived Base=176km (display base; JS adds current SS)
INFO - 2025-12-22 07:06:07 --> Expansion date 2025-12-23: DB Total=0km, Saved SS=0km, Derived Base=0km (display base; JS adds current SS)
INFO - 2025-12-22 07:06:07 --> Expansion date 2025-12-23: DB Total=0km, Saved SS=0km, Derived Base=0km (display base; JS adds current SS)
INFO - 2025-12-22 07:06:07 --> Expansion date 2025-12-23: DB Total=0km, Saved SS=0km, Derived Base=0km (display base; JS adds current SS)
INFO - 2025-12-22 07:06:07 --> Expansion date 2025-12-23: DB Total=0km, Saved SS=0km, Derived Base=0km (display base; JS adds current SS)
INFO - 2025-12-22 07:06:07 --> Day 1 (date 2025-12-24): No defaults loaded
INFO - 2025-12-22 07:06:07 --> Expansion date 2025-12-24: DB Total=211km, Saved SS=0km, Derived Base=211km (display base; JS adds current SS)
INFO - 2025-12-22 07:06:07 --> Expansion date 2025-12-24: DB Total=211km, Saved SS=0km, Derived Base=211km (display base; JS adds current SS)
INFO - 2025-12-22 07:06:07 --> Expansion date 2025-12-24: DB Total=211km, Saved SS=0km, Derived Base=211km (display base; JS adds current SS)
INFO - 2025-12-22 07:06:07 --> Expansion date 2025-12-24: DB Total=211km, Saved SS=0km, Derived Base=211km (display base; JS adds current SS)
DEBUG - 2025-12-22 07:06:17 --> Session: Class initialized using 'CodeIgniter\Session\Handlers\FileHandler' driver.
INFO - 2025-12-22 07:06:17 --> Day 1 (date 2025-12-22): No defaults loaded
INFO - 2025-12-22 07:06:17 --> Loaded default SS for Day 2 (date 2025-12-23): 1 items
INFO - 2025-12-22 07:06:17 --> Expansion date 2025-12-22: DB Total=176km, Saved SS=0km, Derived Base=176km (display base; JS adds current SS)
INFO - 2025-12-22 07:06:17 --> Expansion date 2025-12-22: DB Total=176km, Saved SS=0km, Derived Base=176km (display base; JS adds current SS)
INFO - 2025-12-22 07:06:17 --> Expansion date 2025-12-22: DB Total=176km, Saved SS=0km, Derived Base=176km (display base; JS adds current SS)
INFO - 2025-12-22 07:06:17 --> Expansion date 2025-12-22: DB Total=176km, Saved SS=0km, Derived Base=176km (display base; JS adds current SS)
INFO - 2025-12-22 07:06:17 --> Expansion date 2025-12-23: DB Total=0km, Saved SS=0km, Derived Base=0km (display base; JS adds current SS)
INFO - 2025-12-22 07:06:17 --> Expansion date 2025-12-23: DB Total=0km, Saved SS=0km, Derived Base=0km (display base; JS adds current SS)
INFO - 2025-12-22 07:06:17 --> Expansion date 2025-12-23: DB Total=0km, Saved SS=0km, Derived Base=0km (display base; JS adds current SS)
INFO - 2025-12-22 07:06:17 --> Expansion date 2025-12-23: DB Total=0km, Saved SS=0km, Derived Base=0km (display base; JS adds current SS)
INFO - 2025-12-22 07:06:17 --> Day 1 (date 2025-12-24): No defaults loaded
INFO - 2025-12-22 07:06:17 --> Expansion date 2025-12-24: DB Total=211km, Saved SS=0km, Derived Base=211km (display base; JS adds current SS)
INFO - 2025-12-22 07:06:17 --> Expansion date 2025-12-24: DB Total=211km, Saved SS=0km, Derived Base=211km (display base; JS adds current SS)
INFO - 2025-12-22 07:06:17 --> Expansion date 2025-12-24: DB Total=211km, Saved SS=0km, Derived Base=211km (display base; JS adds current SS)
INFO - 2025-12-22 07:06:17 --> Expansion date 2025-12-24: DB Total=211km, Saved SS=0km, Derived Base=211km (display base; JS adds current SS)
DEBUG - 2025-12-22 07:07:09 --> Session: Class initialized using 'CodeIgniter\Session\Handlers\FileHandler' driver.
INFO - 2025-12-22 07:07:09 --> Day 1 (date 2025-12-22): No defaults loaded
INFO - 2025-12-22 07:07:09 --> Loaded default SS for Day 2 (date 2025-12-23): 1 items
INFO - 2025-12-22 07:07:09 --> Expansion date 2025-12-22: DB Total=176km, Saved SS=0km, Derived Base=176km (display base; JS adds current SS)
INFO - 2025-12-22 07:07:09 --> Expansion date 2025-12-22: DB Total=176km, Saved SS=0km, Derived Base=176km (display base; JS adds current SS)
INFO - 2025-12-22 07:07:09 --> Expansion date 2025-12-22: DB Total=176km, Saved SS=0km, Derived Base=176km (display base; JS adds current SS)
INFO - 2025-12-22 07:07:09 --> Expansion date 2025-12-22: DB Total=176km, Saved SS=0km, Derived Base=176km (display base; JS adds current SS)
INFO - 2025-12-22 07:07:09 --> Expansion date 2025-12-23: DB Total=0km, Saved SS=0km, Derived Base=0km (display base; JS adds current SS)
INFO - 2025-12-22 07:07:09 --> Expansion date 2025-12-23: DB Total=0km, Saved SS=0km, Derived Base=0km (display base; JS adds current SS)
INFO - 2025-12-22 07:07:09 --> Expansion date 2025-12-23: DB Total=0km, Saved SS=0km, Derived Base=0km (display base; JS adds current SS)
INFO - 2025-12-22 07:07:09 --> Expansion date 2025-12-23: DB Total=0km, Saved SS=0km, Derived Base=0km (display base; JS adds current SS)
INFO - 2025-12-22 07:07:09 --> Day 1 (date 2025-12-24): No defaults loaded
INFO - 2025-12-22 07:07:09 --> Expansion date 2025-12-24: DB Total=211km, Saved SS=0km, Derived Base=211km (display base; JS adds current SS)
INFO - 2025-12-22 07:07:09 --> Expansion date 2025-12-24: DB Total=211km, Saved SS=0km, Derived Base=211km (display base; JS adds current SS)
INFO - 2025-12-22 07:07:09 --> Expansion date 2025-12-24: DB Total=211km, Saved SS=0km, Derived Base=211km (display base; JS adds current SS)
INFO - 2025-12-22 07:07:09 --> Expansion date 2025-12-24: DB Total=211km, Saved SS=0km, Derived Base=211km (display base; JS adds current SS)
DEBUG - 2025-12-22 07:11:32 --> Session: Class initialized using 'CodeIgniter\Session\Handlers\FileHandler' driver.
INFO - 2025-12-22 07:11:32 --> Day 1 (date 2025-12-22): No defaults loaded
INFO - 2025-12-22 07:11:32 --> Loaded default SS for Day 2 (date 2025-12-23): 1 items
INFO - 2025-12-22 07:11:32 --> Expansion date 2025-12-22: DB Total=176km, Saved SS=0km, Derived Base=176km (display base; JS adds current SS)
INFO - 2025-12-22 07:11:32 --> Expansion date 2025-12-22: DB Total=176km, Saved SS=0km, Derived Base=176km (display base; JS adds current SS)
INFO - 2025-12-22 07:11:32 --> Expansion date 2025-12-22: DB Total=176km, Saved SS=0km, Derived Base=176km (display base; JS adds current SS)
INFO - 2025-12-22 07:11:32 --> Expansion date 2025-12-22: DB Total=176km, Saved SS=0km, Derived Base=176km (display base; JS adds current SS)
INFO - 2025-12-22 07:11:32 --> Expansion date 2025-12-23: DB Total=0km, Saved SS=0km, Derived Base=0km (display base; JS adds current SS)
INFO - 2025-12-22 07:11:32 --> Expansion date 2025-12-23: DB Total=0km, Saved SS=0km, Derived Base=0km (display base; JS adds current SS)
INFO - 2025-12-22 07:11:32 --> Expansion date 2025-12-23: DB Total=0km, Saved SS=0km, Derived Base=0km (display base; JS adds current SS)
INFO - 2025-12-22 07:11:32 --> Expansion date 2025-12-23: DB Total=0km, Saved SS=0km, Derived Base=0km (display base; JS adds current SS)
INFO - 2025-12-22 07:11:32 --> Day 1 (date 2025-12-24): No defaults loaded
INFO - 2025-12-22 07:11:32 --> Expansion date 2025-12-24: DB Total=211km, Saved SS=0km, Derived Base=211km (display base; JS adds current SS)
INFO - 2025-12-22 07:11:32 --> Expansion date 2025-12-24: DB Total=211km, Saved SS=0km, Derived Base=211km (display base; JS adds current SS)
INFO - 2025-12-22 07:11:32 --> Expansion date 2025-12-24: DB Total=211km, Saved SS=0km, Derived Base=211km (display base; JS adds current SS)
INFO - 2025-12-22 07:11:32 --> Expansion date 2025-12-24: DB Total=211km, Saved SS=0km, Derived Base=211km (display base; JS adds current SS)
DEBUG - 2025-12-22 07:11:50 --> Session: Class initialized using 'CodeIgniter\Session\Handlers\FileHandler' driver.
INFO - 2025-12-22 07:11:50 --> Day 1 (date 2025-12-22): No defaults loaded
INFO - 2025-12-22 07:11:50 --> Loaded default SS for Day 2 (date 2025-12-23): 1 items
INFO - 2025-12-22 07:11:50 --> Expansion date 2025-12-22: DB Total=176km, Saved SS=0km, Derived Base=176km (display base; JS adds current SS)
INFO - 2025-12-22 07:11:50 --> Expansion date 2025-12-22: DB Total=176km, Saved SS=0km, Derived Base=176km (display base; JS adds current SS)
INFO - 2025-12-22 07:11:50 --> Expansion date 2025-12-22: DB Total=176km, Saved SS=0km, Derived Base=176km (display base; JS adds current SS)
INFO - 2025-12-22 07:11:50 --> Expansion date 2025-12-22: DB Total=176km, Saved SS=0km, Derived Base=176km (display base; JS adds current SS)
INFO - 2025-12-22 07:11:50 --> Expansion date 2025-12-23: DB Total=0km, Saved SS=0km, Derived Base=0km (display base; JS adds current SS)
INFO - 2025-12-22 07:11:50 --> Expansion date 2025-12-23: DB Total=0km, Saved SS=0km, Derived Base=0km (display base; JS adds current SS)
INFO - 2025-12-22 07:11:50 --> Expansion date 2025-12-23: DB Total=0km, Saved SS=0km, Derived Base=0km (display base; JS adds current SS)
INFO - 2025-12-22 07:11:50 --> Expansion date 2025-12-23: DB Total=0km, Saved SS=0km, Derived Base=0km (display base; JS adds current SS)
INFO - 2025-12-22 07:11:50 --> Day 1 (date 2025-12-24): No defaults loaded
INFO - 2025-12-22 07:11:50 --> Expansion date 2025-12-24: DB Total=211km, Saved SS=0km, Derived Base=211km (display base; JS adds current SS)
INFO - 2025-12-22 07:11:50 --> Expansion date 2025-12-24: DB Total=211km, Saved SS=0km, Derived Base=211km (display base; JS adds current SS)
INFO - 2025-12-22 07:11:50 --> Expansion date 2025-12-24: DB Total=211km, Saved SS=0km, Derived Base=211km (display base; JS adds current SS)
INFO - 2025-12-22 07:11:50 --> Expansion date 2025-12-24: DB Total=211km, Saved SS=0km, Derived Base=211km (display base; JS adds current SS)
DEBUG - 2025-12-22 07:11:55 --> Session: Class initialized using 'CodeIgniter\Session\Handlers\FileHandler' driver.
INFO - 2025-12-22 07:11:55 --> Day 1 (date 2025-12-22): No defaults loaded
INFO - 2025-12-22 07:11:55 --> Loaded default SS for Day 2 (date 2025-12-23): 1 items
INFO - 2025-12-22 07:11:55 --> Expansion date 2025-12-22: DB Total=176km, Saved SS=0km, Derived Base=176km (display base; JS adds current SS)
INFO - 2025-12-22 07:11:55 --> Expansion date 2025-12-22: DB Total=176km, Saved SS=0km, Derived Base=176km (display base; JS adds current SS)
INFO - 2025-12-22 07:11:55 --> Expansion date 2025-12-22: DB Total=176km, Saved SS=0km, Derived Base=176km (display base; JS adds current SS)
INFO - 2025-12-22 07:11:55 --> Expansion date 2025-12-22: DB Total=176km, Saved SS=0km, Derived Base=176km (display base; JS adds current SS)
INFO - 2025-12-22 07:11:55 --> Expansion date 2025-12-23: DB Total=0km, Saved SS=0km, Derived Base=0km (display base; JS adds current SS)
INFO - 2025-12-22 07:11:55 --> Expansion date 2025-12-23: DB Total=0km, Saved SS=0km, Derived Base=0km (display base; JS adds current SS)
INFO - 2025-12-22 07:11:55 --> Expansion date 2025-12-23: DB Total=0km, Saved SS=0km, Derived Base=0km (display base; JS adds current SS)
INFO - 2025-12-22 07:11:55 --> Expansion date 2025-12-23: DB Total=0km, Saved SS=0km, Derived Base=0km (display base; JS adds current SS)
INFO - 2025-12-22 07:11:55 --> Day 1 (date 2025-12-24): No defaults loaded
INFO - 2025-12-22 07:11:55 --> Expansion date 2025-12-24: DB Total=211km, Saved SS=0km, Derived Base=211km (display base; JS adds current SS)
INFO - 2025-12-22 07:11:55 --> Expansion date 2025-12-24: DB Total=211km, Saved SS=0km, Derived Base=211km (display base; JS adds current SS)
INFO - 2025-12-22 07:11:55 --> Expansion date 2025-12-24: DB Total=211km, Saved SS=0km, Derived Base=211km (display base; JS adds current SS)
INFO - 2025-12-22 07:11:55 --> Expansion date 2025-12-24: DB Total=211km, Saved SS=0km, Derived Base=211km (display base; JS adds current SS)
DEBUG - 2025-12-22 07:12:07 --> Session: Class initialized using 'CodeIgniter\Session\Handlers\FileHandler' driver.
DEBUG - 2025-12-22 07:12:09 --> Session: Class initialized using 'CodeIgniter\Session\Handlers\FileHandler' driver.
DEBUG - 2025-12-22 07:12:09 --> Session: Class initialized using 'CodeIgniter\Session\Handlers\FileHandler' driver.
DEBUG - 2025-12-22 07:12:09 --> Session: Class initialized using 'CodeIgniter\Session\Handlers\FileHandler' driver.
DEBUG - 2025-12-22 07:12:09 --> Session: Class initialized using 'CodeIgniter\Session\Handlers\FileHandler' driver.
DEBUG - 2025-12-22 07:12:16 --> Session: Class initialized using 'CodeIgniter\Session\Handlers\FileHandler' driver.
INFO - 2025-12-22 07:12:16 --> Day 1 (date 2025-12-22): No defaults loaded
INFO - 2025-12-22 07:12:16 --> Loaded default SS for Day 2 (date 2025-12-23): 1 items
INFO - 2025-12-22 07:12:16 --> Expansion date 2025-12-22: DB Total=176km, Saved SS=0km, Derived Base=176km (display base; JS adds current SS)
INFO - 2025-12-22 07:12:16 --> Expansion date 2025-12-22: DB Total=176km, Saved SS=0km, Derived Base=176km (display base; JS adds current SS)
INFO - 2025-12-22 07:12:16 --> Expansion date 2025-12-22: DB Total=176km, Saved SS=0km, Derived Base=176km (display base; JS adds current SS)
INFO - 2025-12-22 07:12:16 --> Expansion date 2025-12-22: DB Total=176km, Saved SS=0km, Derived Base=176km (display base; JS adds current SS)
INFO - 2025-12-22 07:12:16 --> Expansion date 2025-12-23: DB Total=0km, Saved SS=0km, Derived Base=0km (display base; JS adds current SS)
INFO - 2025-12-22 07:12:16 --> Expansion date 2025-12-23: DB Total=0km, Saved SS=0km, Derived Base=0km (display base; JS adds current SS)
INFO - 2025-12-22 07:12:16 --> Expansion date 2025-12-23: DB Total=0km, Saved SS=0km, Derived Base=0km (display base; JS adds current SS)
INFO - 2025-12-22 07:12:16 --> Expansion date 2025-12-23: DB Total=0km, Saved SS=0km, Derived Base=0km (display base; JS adds current SS)
INFO - 2025-12-22 07:12:16 --> Day 1 (date 2025-12-24): No defaults loaded
INFO - 2025-12-22 07:12:16 --> Expansion date 2025-12-24: DB Total=211km, Saved SS=0km, Derived Base=211km (display base; JS adds current SS)
INFO - 2025-12-22 07:12:16 --> Expansion date 2025-12-24: DB Total=211km, Saved SS=0km, Derived Base=211km (display base; JS adds current SS)
INFO - 2025-12-22 07:12:16 --> Expansion date 2025-12-24: DB Total=211km, Saved SS=0km, Derived Base=211km (display base; JS adds current SS)
INFO - 2025-12-22 07:12:16 --> Expansion date 2025-12-24: DB Total=211km, Saved SS=0km, Derived Base=211km (display base; JS adds current SS)
DEBUG - 2025-12-22 07:13:40 --> Session: Class initialized using 'CodeIgniter\Session\Handlers\FileHandler' driver.
INFO - 2025-12-22 07:13:40 --> Day 1 (date 2025-12-22): No defaults loaded
INFO - 2025-12-22 07:13:40 --> Loaded default SS for Day 2 (date 2025-12-23): 1 items
INFO - 2025-12-22 07:13:40 --> Expansion date 2025-12-22: DB Total=176km, Saved SS=0km, Derived Base=176km (display base; JS adds current SS)
INFO - 2025-12-22 07:13:40 --> Expansion date 2025-12-22: DB Total=176km, Saved SS=0km, Derived Base=176km (display base; JS adds current SS)
INFO - 2025-12-22 07:13:40 --> Expansion date 2025-12-22: DB Total=176km, Saved SS=0km, Derived Base=176km (display base; JS adds current SS)
INFO - 2025-12-22 07:13:40 --> Expansion date 2025-12-22: DB Total=176km, Saved SS=0km, Derived Base=176km (display base; JS adds current SS)
INFO - 2025-12-22 07:13:40 --> Expansion date 2025-12-23: DB Total=0km, Saved SS=0km, Derived Base=0km (display base; JS adds current SS)
INFO - 2025-12-22 07:13:40 --> Expansion date 2025-12-23: DB Total=0km, Saved SS=0km, Derived Base=0km (display base; JS adds current SS)
INFO - 2025-12-22 07:13:40 --> Expansion date 2025-12-23: DB Total=0km, Saved SS=0km, Derived Base=0km (display base; JS adds current SS)
INFO - 2025-12-22 07:13:40 --> Expansion date 2025-12-23: DB Total=0km, Saved SS=0km, Derived Base=0km (display base; JS adds current SS)
INFO - 2025-12-22 07:13:40 --> Day 1 (date 2025-12-24): No defaults loaded
INFO - 2025-12-22 07:13:40 --> Expansion date 2025-12-24: DB Total=211km, Saved SS=0km, Derived Base=211km (display base; JS adds current SS)
INFO - 2025-12-22 07:13:40 --> Expansion date 2025-12-24: DB Total=211km, Saved SS=0km, Derived Base=211km (display base; JS adds current SS)
INFO - 2025-12-22 07:13:40 --> Expansion date 2025-12-24: DB Total=211km, Saved SS=0km, Derived Base=211km (display base; JS adds current SS)
INFO - 2025-12-22 07:13:40 --> Expansion date 2025-12-24: DB Total=211km, Saved SS=0km, Derived Base=211km (display base; JS adds current SS)
DEBUG - 2025-12-22 07:14:15 --> Session: Class initialized using 'CodeIgniter\Session\Handlers\FileHandler' driver.
DEBUG - 2025-12-22 07:14:15 --> Session: Class initialized using 'CodeIgniter\Session\Handlers\FileHandler' driver.
DEBUG - 2025-12-22 07:14:17 --> Session: Class initialized using 'CodeIgniter\Session\Handlers\FileHandler' driver.
DEBUG - 2025-12-22 07:14:17 --> Session: Class initialized using 'CodeIgniter\Session\Handlers\FileHandler' driver.
DEBUG - 2025-12-22 07:14:17 --> Session: Class initialized using 'CodeIgniter\Session\Handlers\FileHandler' driver.
DEBUG - 2025-12-22 07:14:18 --> Session: Class initialized using 'CodeIgniter\Session\Handlers\FileHandler' driver.
DEBUG - 2025-12-22 07:14:21 --> Session: Class initialized using 'CodeIgniter\Session\Handlers\FileHandler' driver.
DEBUG - 2025-12-22 07:14:22 --> Session: Class initialized using 'CodeIgniter\Session\Handlers\FileHandler' driver.
DEBUG - 2025-12-22 07:14:23 --> Session: Class initialized using 'CodeIgniter\Session\Handlers\FileHandler' driver.
DEBUG - 2025-12-22 07:14:23 --> Session: Class initialized using 'CodeIgniter\Session\Handlers\FileHandler' driver.
DEBUG - 2025-12-22 07:14:23 --> Session: Class initialized using 'CodeIgniter\Session\Handlers\FileHandler' driver.
DEBUG - 2025-12-22 07:14:24 --> Session: Class initialized using 'CodeIgniter\Session\Handlers\FileHandler' driver.
DEBUG - 2025-12-22 07:14:29 --> Session: Class initialized using 'CodeIgniter\Session\Handlers\FileHandler' driver.
DEBUG - 2025-12-22 07:14:29 --> Session: Class initialized using 'CodeIgniter\Session\Handlers\FileHandler' driver.
DEBUG - 2025-12-22 07:14:29 --> Session: Class initialized using 'CodeIgniter\Session\Handlers\FileHandler' driver.
DEBUG - 2025-12-22 07:14:32 --> Session: Class initialized using 'CodeIgniter\Session\Handlers\FileHandler' driver.
DEBUG - 2025-12-22 07:14:32 --> Session: Class initialized using 'CodeIgniter\Session\Handlers\FileHandler' driver.
DEBUG - 2025-12-22 07:14:32 --> Session: Class initialized using 'CodeIgniter\Session\Handlers\FileHandler' driver.
DEBUG - 2025-12-22 07:14:33 --> Session: Class initialized using 'CodeIgniter\Session\Handlers\FileHandler' driver.
DEBUG - 2025-12-22 07:14:34 --> Session: Class initialized using 'CodeIgniter\Session\Handlers\FileHandler' driver.
DEBUG - 2025-12-22 07:14:35 --> Session: Class initialized using 'CodeIgniter\Session\Handlers\FileHandler' driver.
DEBUG - 2025-12-22 07:14:37 --> Session: Class initialized using 'CodeIgniter\Session\Handlers\FileHandler' driver.
DEBUG - 2025-12-22 07:14:38 --> Session: Class initialized using 'CodeIgniter\Session\Handlers\FileHandler' driver.
DEBUG - 2025-12-22 07:14:39 --> Session: Class initialized using 'CodeIgniter\Session\Handlers\FileHandler' driver.
DEBUG - 2025-12-22 07:14:39 --> Session: Class initialized using 'CodeIgniter\Session\Handlers\FileHandler' driver.
DEBUG - 2025-12-22 07:14:39 --> Session: Class initialized using 'CodeIgniter\Session\Handlers\FileHandler' driver.
DEBUG - 2025-12-22 07:14:39 --> Session: Class initialized using 'CodeIgniter\Session\Handlers\FileHandler' driver.
DEBUG - 2025-12-22 07:14:41 --> Session: Class initialized using 'CodeIgniter\Session\Handlers\FileHandler' driver.
DEBUG - 2025-12-22 07:14:43 --> Session: Class initialized using 'CodeIgniter\Session\Handlers\FileHandler' driver.
DEBUG - 2025-12-22 07:15:29 --> Session: Class initialized using 'CodeIgniter\Session\Handlers\FileHandler' driver.
DEBUG - 2025-12-22 07:15:29 --> Session: Class initialized using 'CodeIgniter\Session\Handlers\FileHandler' driver.
DEBUG - 2025-12-22 07:15:36 --> Session: Class initialized using 'CodeIgniter\Session\Handlers\FileHandler' driver.
DEBUG - 2025-12-22 07:15:36 --> Session: Class initialized using 'CodeIgniter\Session\Handlers\FileHandler' driver.
DEBUG - 2025-12-22 07:15:37 --> Session: Class initialized using 'CodeIgniter\Session\Handlers\FileHandler' driver.
INFO - 2025-12-22 07:15:37 --> Day 1 (date 2025-12-22): No defaults loaded
INFO - 2025-12-22 07:15:37 --> Loaded default SS for Day 2 (date 2025-12-23): 1 items
INFO - 2025-12-22 07:15:37 --> Expansion date 2025-12-22: DB Total=176km, Saved SS=0km, Derived Base=176km (display base; JS adds current SS)
INFO - 2025-12-22 07:15:37 --> Expansion date 2025-12-22: DB Total=176km, Saved SS=0km, Derived Base=176km (display base; JS adds current SS)
INFO - 2025-12-22 07:15:37 --> Expansion date 2025-12-23: DB Total=0km, Saved SS=0km, Derived Base=0km (display base; JS adds current SS)
INFO - 2025-12-22 07:15:37 --> Expansion date 2025-12-23: DB Total=0km, Saved SS=0km, Derived Base=0km (display base; JS adds current SS)
INFO - 2025-12-22 07:15:37 --> Day 1 (date 2025-12-24): No defaults loaded
INFO - 2025-12-22 07:15:37 --> Expansion date 2025-12-24: DB Total=211km, Saved SS=0km, Derived Base=211km (display base; JS adds current SS)
INFO - 2025-12-22 07:15:37 --> Expansion date 2025-12-24: DB Total=211km, Saved SS=0km, Derived Base=211km (display base; JS adds current SS)
DEBUG - 2025-12-22 07:17:50 --> Session: Class initialized using 'CodeIgniter\Session\Handlers\FileHandler' driver.
INFO - 2025-12-22 07:17:50 --> Day 1 (date 2025-12-22): No defaults loaded
INFO - 2025-12-22 07:17:50 --> Loaded default SS for Day 2 (date 2025-12-23): 1 items
INFO - 2025-12-22 07:17:50 --> Expansion date 2025-12-22: DB Total=176km, Saved SS=0km, Derived Base=176km (display base; JS adds current SS)
INFO - 2025-12-22 07:17:50 --> Expansion date 2025-12-22: DB Total=176km, Saved SS=0km, Derived Base=176km (display base; JS adds current SS)
INFO - 2025-12-22 07:17:50 --> Expansion date 2025-12-23: DB Total=0km, Saved SS=0km, Derived Base=0km (display base; JS adds current SS)
INFO - 2025-12-22 07:17:50 --> Expansion date 2025-12-23: DB Total=0km, Saved SS=0km, Derived Base=0km (display base; JS adds current SS)
INFO - 2025-12-22 07:17:50 --> Day 1 (date 2025-12-24): No defaults loaded
INFO - 2025-12-22 07:17:50 --> Expansion date 2025-12-24: DB Total=211km, Saved SS=0km, Derived Base=211km (display base; JS adds current SS)
INFO - 2025-12-22 07:17:50 --> Expansion date 2025-12-24: DB Total=211km, Saved SS=0km, Derived Base=211km (display base; JS adds current SS)
DEBUG - 2025-12-22 07:18:49 --> Session: Class initialized using 'CodeIgniter\Session\Handlers\FileHandler' driver.
INFO - 2025-12-22 07:18:49 --> Day 1 (date 2025-12-22): No defaults loaded
INFO - 2025-12-22 07:18:49 --> Loaded default SS for Day 2 (date 2025-12-23): 1 items
INFO - 2025-12-22 07:18:49 --> Expansion date 2025-12-22: DB Total=176km, Saved SS=0km, Derived Base=176km (display base; JS adds current SS)
INFO - 2025-12-22 07:18:49 --> Expansion date 2025-12-22: DB Total=176km, Saved SS=0km, Derived Base=176km (display base; JS adds current SS)
INFO - 2025-12-22 07:18:49 --> Expansion date 2025-12-23: DB Total=0km, Saved SS=0km, Derived Base=0km (display base; JS adds current SS)
INFO - 2025-12-22 07:18:49 --> Expansion date 2025-12-23: DB Total=0km, Saved SS=0km, Derived Base=0km (display base; JS adds current SS)
INFO - 2025-12-22 07:18:49 --> Day 1 (date 2025-12-24): No defaults loaded
INFO - 2025-12-22 07:18:49 --> Expansion date 2025-12-24: DB Total=211km, Saved SS=0km, Derived Base=211km (display base; JS adds current SS)
INFO - 2025-12-22 07:18:49 --> Expansion date 2025-12-24: DB Total=211km, Saved SS=0km, Derived Base=211km (display base; JS adds current SS)
CRITICAL - 2025-12-22 07:18:51 --> ParseError: syntax error, unexpected token "<"
[Method: GET, Route: Enquiry/itinerary/2838/0]
in APPPATH\Views\enquiry\itinerary_view.php on line 1957.
 1 SYSTEMPATH\View\View.php(237): CodeIgniter\View\View->CodeIgniter\View\{closure}()
 2 SYSTEMPATH\Common.php(1171): CodeIgniter\View\View->render('enquiry/itinerary_view', [], true)
 3 APPPATH\Controllers\Enquiry.php(6906): view('enquiry/itinerary_view', [...])
 4 SYSTEMPATH\CodeIgniter.php(933): App\Controllers\Enquiry->itinerary('2838', '0')
 5 SYSTEMPATH\CodeIgniter.php(509): CodeIgniter\CodeIgniter->runController(Object(App\Controllers\Enquiry))
 6 SYSTEMPATH\CodeIgniter.php(355): CodeIgniter\CodeIgniter->handleRequest(null, Object(Config\Cache), false)
 7 SYSTEMPATH\Boot.php(334): CodeIgniter\CodeIgniter->run()
 8 SYSTEMPATH\Boot.php(67): CodeIgniter\Boot::runCodeIgniter(Object(CodeIgniter\CodeIgniter))
 9 FCPATH\index.php(56): CodeIgniter\Boot::bootWeb(Object(Config\Paths))
DEBUG - 2025-12-22 07:18:57 --> Session: Class initialized using 'CodeIgniter\Session\Handlers\FileHandler' driver.
INFO - 2025-12-22 07:18:57 --> Day 1 (date 2025-12-22): No defaults loaded
INFO - 2025-12-22 07:18:57 --> Loaded default SS for Day 2 (date 2025-12-23): 1 items
INFO - 2025-12-22 07:18:57 --> Expansion date 2025-12-22: DB Total=176km, Saved SS=0km, Derived Base=176km (display base; JS adds current SS)
INFO - 2025-12-22 07:18:57 --> Expansion date 2025-12-22: DB Total=176km, Saved SS=0km, Derived Base=176km (display base; JS adds current SS)
INFO - 2025-12-22 07:18:57 --> Expansion date 2025-12-23: DB Total=0km, Saved SS=0km, Derived Base=0km (display base; JS adds current SS)
INFO - 2025-12-22 07:18:57 --> Expansion date 2025-12-23: DB Total=0km, Saved SS=0km, Derived Base=0km (display base; JS adds current SS)
INFO - 2025-12-22 07:18:57 --> Day 1 (date 2025-12-24): No defaults loaded
INFO - 2025-12-22 07:18:57 --> Expansion date 2025-12-24: DB Total=211km, Saved SS=0km, Derived Base=211km (display base; JS adds current SS)
INFO - 2025-12-22 07:18:57 --> Expansion date 2025-12-24: DB Total=211km, Saved SS=0km, Derived Base=211km (display base; JS adds current SS)
CRITICAL - 2025-12-22 07:18:57 --> ParseError: syntax error, unexpected token "<"
[Method: GET, Route: Enquiry/itinerary/2838/0]
in APPPATH\Views\enquiry\itinerary_view.php on line 1957.
 1 SYSTEMPATH\View\View.php(237): CodeIgniter\View\View->CodeIgniter\View\{closure}()
 2 SYSTEMPATH\Common.php(1171): CodeIgniter\View\View->render('enquiry/itinerary_view', [], true)
 3 APPPATH\Controllers\Enquiry.php(6906): view('enquiry/itinerary_view', [...])
 4 SYSTEMPATH\CodeIgniter.php(933): App\Controllers\Enquiry->itinerary('2838', '0')
 5 SYSTEMPATH\CodeIgniter.php(509): CodeIgniter\CodeIgniter->runController(Object(App\Controllers\Enquiry))
 6 SYSTEMPATH\CodeIgniter.php(355): CodeIgniter\CodeIgniter->handleRequest(null, Object(Config\Cache), false)
 7 SYSTEMPATH\Boot.php(334): CodeIgniter\CodeIgniter->run()
 8 SYSTEMPATH\Boot.php(67): CodeIgniter\Boot::runCodeIgniter(Object(CodeIgniter\CodeIgniter))
 9 FCPATH\index.php(56): CodeIgniter\Boot::bootWeb(Object(Config\Paths))
DEBUG - 2025-12-22 07:18:59 --> Session: Class initialized using 'CodeIgniter\Session\Handlers\FileHandler' driver.
INFO - 2025-12-22 07:18:59 --> Day 1 (date 2025-12-22): No defaults loaded
INFO - 2025-12-22 07:18:59 --> Loaded default SS for Day 2 (date 2025-12-23): 1 items
INFO - 2025-12-22 07:18:59 --> Expansion date 2025-12-22: DB Total=176km, Saved SS=0km, Derived Base=176km (display base; JS adds current SS)
INFO - 2025-12-22 07:18:59 --> Expansion date 2025-12-22: DB Total=176km, Saved SS=0km, Derived Base=176km (display base; JS adds current SS)
INFO - 2025-12-22 07:18:59 --> Expansion date 2025-12-23: DB Total=0km, Saved SS=0km, Derived Base=0km (display base; JS adds current SS)
INFO - 2025-12-22 07:18:59 --> Expansion date 2025-12-23: DB Total=0km, Saved SS=0km, Derived Base=0km (display base; JS adds current SS)
INFO - 2025-12-22 07:18:59 --> Day 1 (date 2025-12-24): No defaults loaded
INFO - 2025-12-22 07:18:59 --> Expansion date 2025-12-24: DB Total=211km, Saved SS=0km, Derived Base=211km (display base; JS adds current SS)
INFO - 2025-12-22 07:18:59 --> Expansion date 2025-12-24: DB Total=211km, Saved SS=0km, Derived Base=211km (display base; JS adds current SS)
DEBUG - 2025-12-22 07:21:28 --> Session: Class initialized using 'CodeIgniter\Session\Handlers\FileHandler' driver.
INFO - 2025-12-22 07:21:28 --> Day 1 (date 2025-12-22): No defaults loaded
INFO - 2025-12-22 07:21:28 --> Loaded default SS for Day 2 (date 2025-12-23): 1 items
INFO - 2025-12-22 07:21:28 --> Expansion date 2025-12-22: DB Total=176km, Saved SS=0km, Derived Base=176km (display base; JS adds current SS)
INFO - 2025-12-22 07:21:28 --> Expansion date 2025-12-22: DB Total=176km, Saved SS=0km, Derived Base=176km (display base; JS adds current SS)
INFO - 2025-12-22 07:21:28 --> Expansion date 2025-12-23: DB Total=0km, Saved SS=0km, Derived Base=0km (display base; JS adds current SS)
INFO - 2025-12-22 07:21:28 --> Expansion date 2025-12-23: DB Total=0km, Saved SS=0km, Derived Base=0km (display base; JS adds current SS)
INFO - 2025-12-22 07:21:28 --> Day 1 (date 2025-12-24): No defaults loaded
INFO - 2025-12-22 07:21:28 --> Expansion date 2025-12-24: DB Total=211km, Saved SS=0km, Derived Base=211km (display base; JS adds current SS)
INFO - 2025-12-22 07:21:28 --> Expansion date 2025-12-24: DB Total=211km, Saved SS=0km, Derived Base=211km (display base; JS adds current SS)
DEBUG - 2025-12-22 07:21:35 --> Session: Class initialized using 'CodeIgniter\Session\Handlers\FileHandler' driver.
INFO - 2025-12-22 07:21:35 --> Day 1 (date 2025-12-22): No defaults loaded
INFO - 2025-12-22 07:21:35 --> Loaded default SS for Day 2 (date 2025-12-23): 1 items
INFO - 2025-12-22 07:21:35 --> Expansion date 2025-12-22: DB Total=176km, Saved SS=0km, Derived Base=176km (display base; JS adds current SS)
INFO - 2025-12-22 07:21:35 --> Expansion date 2025-12-22: DB Total=176km, Saved SS=0km, Derived Base=176km (display base; JS adds current SS)
INFO - 2025-12-22 07:21:35 --> Expansion date 2025-12-23: DB Total=0km, Saved SS=0km, Derived Base=0km (display base; JS adds current SS)
INFO - 2025-12-22 07:21:35 --> Expansion date 2025-12-23: DB Total=0km, Saved SS=0km, Derived Base=0km (display base; JS adds current SS)
INFO - 2025-12-22 07:21:35 --> Day 1 (date 2025-12-24): No defaults loaded
INFO - 2025-12-22 07:21:35 --> Expansion date 2025-12-24: DB Total=211km, Saved SS=0km, Derived Base=211km (display base; JS adds current SS)
INFO - 2025-12-22 07:21:35 --> Expansion date 2025-12-24: DB Total=211km, Saved SS=0km, Derived Base=211km (display base; JS adds current SS)
DEBUG - 2025-12-22 07:21:41 --> Session: Class initialized using 'CodeIgniter\Session\Handlers\FileHandler' driver.
DEBUG - 2025-12-22 07:21:41 --> Session: Class initialized using 'CodeIgniter\Session\Handlers\FileHandler' driver.
DEBUG - 2025-12-22 07:21:45 --> Session: Class initialized using 'CodeIgniter\Session\Handlers\FileHandler' driver.
INFO - 2025-12-22 07:21:45 --> Day 1 (date 2025-12-22): No defaults loaded
INFO - 2025-12-22 07:21:45 --> Loaded default SS for Day 2 (date 2025-12-23): 1 items
INFO - 2025-12-22 07:21:45 --> Expansion date 2025-12-22: DB Total=176km, Saved SS=0km, Derived Base=176km (display base; JS adds current SS)
INFO - 2025-12-22 07:21:45 --> Expansion date 2025-12-22: DB Total=176km, Saved SS=0km, Derived Base=176km (display base; JS adds current SS)
INFO - 2025-12-22 07:21:45 --> Expansion date 2025-12-23: DB Total=0km, Saved SS=0km, Derived Base=0km (display base; JS adds current SS)
INFO - 2025-12-22 07:21:45 --> Expansion date 2025-12-23: DB Total=0km, Saved SS=0km, Derived Base=0km (display base; JS adds current SS)
INFO - 2025-12-22 07:21:45 --> Day 1 (date 2025-12-24): No defaults loaded
INFO - 2025-12-22 07:21:45 --> Expansion date 2025-12-24: DB Total=211km, Saved SS=0km, Derived Base=211km (display base; JS adds current SS)
INFO - 2025-12-22 07:21:45 --> Expansion date 2025-12-24: DB Total=211km, Saved SS=0km, Derived Base=211km (display base; JS adds current SS)
DEBUG - 2025-12-22 07:21:45 --> Session: Class initialized using 'CodeIgniter\Session\Handlers\FileHandler' driver.
DEBUG - 2025-12-22 07:21:45 --> Session: Class initialized using 'CodeIgniter\Session\Handlers\FileHandler' driver.
DEBUG - 2025-12-22 07:22:13 --> Session: Class initialized using 'CodeIgniter\Session\Handlers\FileHandler' driver.
INFO - 2025-12-22 07:22:13 --> Day 1 (date 2025-12-22): No defaults loaded
INFO - 2025-12-22 07:22:13 --> Loaded default SS for Day 2 (date 2025-12-23): 1 items
INFO - 2025-12-22 07:22:13 --> Expansion date 2025-12-22: DB Total=176km, Saved SS=0km, Derived Base=176km (display base; JS adds current SS)
INFO - 2025-12-22 07:22:13 --> Expansion date 2025-12-22: DB Total=176km, Saved SS=0km, Derived Base=176km (display base; JS adds current SS)
INFO - 2025-12-22 07:22:13 --> Expansion date 2025-12-23: DB Total=0km, Saved SS=0km, Derived Base=0km (display base; JS adds current SS)
INFO - 2025-12-22 07:22:13 --> Expansion date 2025-12-23: DB Total=0km, Saved SS=0km, Derived Base=0km (display base; JS adds current SS)
INFO - 2025-12-22 07:22:13 --> Day 1 (date 2025-12-24): No defaults loaded
INFO - 2025-12-22 07:22:13 --> Expansion date 2025-12-24: DB Total=211km, Saved SS=0km, Derived Base=211km (display base; JS adds current SS)
INFO - 2025-12-22 07:22:13 --> Expansion date 2025-12-24: DB Total=211km, Saved SS=0km, Derived Base=211km (display base; JS adds current SS)
DEBUG - 2025-12-22 07:24:05 --> Session: Class initialized using 'CodeIgniter\Session\Handlers\FileHandler' driver.
INFO - 2025-12-22 07:24:05 --> Day 1 (date 2025-12-22): No defaults loaded
INFO - 2025-12-22 07:24:05 --> Loaded default SS for Day 2 (date 2025-12-23): 1 items
INFO - 2025-12-22 07:24:05 --> Expansion date 2025-12-22: DB Total=176km, Saved SS=0km, Derived Base=176km (display base; JS adds current SS)
INFO - 2025-12-22 07:24:05 --> Expansion date 2025-12-22: DB Total=176km, Saved SS=0km, Derived Base=176km (display base; JS adds current SS)
INFO - 2025-12-22 07:24:05 --> Expansion date 2025-12-23: DB Total=0km, Saved SS=0km, Derived Base=0km (display base; JS adds current SS)
INFO - 2025-12-22 07:24:05 --> Expansion date 2025-12-23: DB Total=0km, Saved SS=0km, Derived Base=0km (display base; JS adds current SS)
INFO - 2025-12-22 07:24:05 --> Day 1 (date 2025-12-24): No defaults loaded
INFO - 2025-12-22 07:24:05 --> Expansion date 2025-12-24: DB Total=211km, Saved SS=0km, Derived Base=211km (display base; JS adds current SS)
INFO - 2025-12-22 07:24:05 --> Expansion date 2025-12-24: DB Total=211km, Saved SS=0km, Derived Base=211km (display base; JS adds current SS)
DEBUG - 2025-12-22 07:25:19 --> Session: Class initialized using 'CodeIgniter\Session\Handlers\FileHandler' driver.
INFO - 2025-12-22 07:25:19 --> Day 1 (date 2025-12-22): No defaults loaded
INFO - 2025-12-22 07:25:19 --> Loaded default SS for Day 2 (date 2025-12-23): 1 items
INFO - 2025-12-22 07:25:19 --> Expansion date 2025-12-22: DB Total=176km, Saved SS=0km, Derived Base=176km (display base; JS adds current SS)
INFO - 2025-12-22 07:25:19 --> Expansion date 2025-12-22: DB Total=176km, Saved SS=0km, Derived Base=176km (display base; JS adds current SS)
INFO - 2025-12-22 07:25:19 --> Expansion date 2025-12-23: DB Total=0km, Saved SS=0km, Derived Base=0km (display base; JS adds current SS)
INFO - 2025-12-22 07:25:19 --> Expansion date 2025-12-23: DB Total=0km, Saved SS=0km, Derived Base=0km (display base; JS adds current SS)
INFO - 2025-12-22 07:25:19 --> Day 1 (date 2025-12-24): No defaults loaded
INFO - 2025-12-22 07:25:19 --> Expansion date 2025-12-24: DB Total=211km, Saved SS=0km, Derived Base=211km (display base; JS adds current SS)
INFO - 2025-12-22 07:25:19 --> Expansion date 2025-12-24: DB Total=211km, Saved SS=0km, Derived Base=211km (display base; JS adds current SS)
DEBUG - 2025-12-22 07:25:30 --> Session: Class initialized using 'CodeIgniter\Session\Handlers\FileHandler' driver.
INFO - 2025-12-22 07:25:30 --> Day 1 (date 2025-12-22): No defaults loaded
INFO - 2025-12-22 07:25:30 --> Loaded default SS for Day 2 (date 2025-12-23): 1 items
INFO - 2025-12-22 07:25:30 --> Expansion date 2025-12-22: DB Total=176km, Saved SS=0km, Derived Base=176km (display base; JS adds current SS)
INFO - 2025-12-22 07:25:30 --> Expansion date 2025-12-22: DB Total=176km, Saved SS=0km, Derived Base=176km (display base; JS adds current SS)
INFO - 2025-12-22 07:25:30 --> Expansion date 2025-12-23: DB Total=0km, Saved SS=0km, Derived Base=0km (display base; JS adds current SS)
INFO - 2025-12-22 07:25:30 --> Expansion date 2025-12-23: DB Total=0km, Saved SS=0km, Derived Base=0km (display base; JS adds current SS)
INFO - 2025-12-22 07:25:30 --> Day 1 (date 2025-12-24): No defaults loaded
INFO - 2025-12-22 07:25:30 --> Expansion date 2025-12-24: DB Total=211km, Saved SS=0km, Derived Base=211km (display base; JS adds current SS)
INFO - 2025-12-22 07:25:30 --> Expansion date 2025-12-24: DB Total=211km, Saved SS=0km, Derived Base=211km (display base; JS adds current SS)
DEBUG - 2025-12-22 07:25:48 --> Session: Class initialized using 'CodeIgniter\Session\Handlers\FileHandler' driver.
INFO - 2025-12-22 07:25:48 --> Day 1 (date 2025-12-22): No defaults loaded
INFO - 2025-12-22 07:25:48 --> Loaded default SS for Day 2 (date 2025-12-23): 1 items
INFO - 2025-12-22 07:25:48 --> Expansion date 2025-12-22: DB Total=176km, Saved SS=0km, Derived Base=176km (display base; JS adds current SS)
INFO - 2025-12-22 07:25:48 --> Expansion date 2025-12-22: DB Total=176km, Saved SS=0km, Derived Base=176km (display base; JS adds current SS)
INFO - 2025-12-22 07:25:48 --> Expansion date 2025-12-23: DB Total=0km, Saved SS=0km, Derived Base=0km (display base; JS adds current SS)
INFO - 2025-12-22 07:25:48 --> Expansion date 2025-12-23: DB Total=0km, Saved SS=0km, Derived Base=0km (display base; JS adds current SS)
INFO - 2025-12-22 07:25:48 --> Day 1 (date 2025-12-24): No defaults loaded
INFO - 2025-12-22 07:25:48 --> Expansion date 2025-12-24: DB Total=211km, Saved SS=0km, Derived Base=211km (display base; JS adds current SS)
INFO - 2025-12-22 07:25:48 --> Expansion date 2025-12-24: DB Total=211km, Saved SS=0km, Derived Base=211km (display base; JS adds current SS)
DEBUG - 2025-12-22 07:26:00 --> Session: Class initialized using 'CodeIgniter\Session\Handlers\FileHandler' driver.
INFO - 2025-12-22 07:26:00 --> Day 1 (date 2025-12-22): No defaults loaded
INFO - 2025-12-22 07:26:00 --> Loaded default SS for Day 2 (date 2025-12-23): 1 items
INFO - 2025-12-22 07:26:00 --> Expansion date 2025-12-22: DB Total=176km, Saved SS=0km, Derived Base=176km (display base; JS adds current SS)
INFO - 2025-12-22 07:26:00 --> Expansion date 2025-12-22: DB Total=176km, Saved SS=0km, Derived Base=176km (display base; JS adds current SS)
INFO - 2025-12-22 07:26:00 --> Expansion date 2025-12-23: DB Total=0km, Saved SS=0km, Derived Base=0km (display base; JS adds current SS)
INFO - 2025-12-22 07:26:00 --> Expansion date 2025-12-23: DB Total=0km, Saved SS=0km, Derived Base=0km (display base; JS adds current SS)
INFO - 2025-12-22 07:26:00 --> Day 1 (date 2025-12-24): No defaults loaded
INFO - 2025-12-22 07:26:00 --> Expansion date 2025-12-24: DB Total=211km, Saved SS=0km, Derived Base=211km (display base; JS adds current SS)
INFO - 2025-12-22 07:26:00 --> Expansion date 2025-12-24: DB Total=211km, Saved SS=0km, Derived Base=211km (display base; JS adds current SS)
DEBUG - 2025-12-22 07:26:59 --> Session: Class initialized using 'CodeIgniter\Session\Handlers\FileHandler' driver.
INFO - 2025-12-22 07:26:59 --> Day 1 (date 2025-12-22): No defaults loaded
INFO - 2025-12-22 07:26:59 --> Loaded default SS for Day 2 (date 2025-12-23): 1 items
INFO - 2025-12-22 07:26:59 --> Expansion date 2025-12-22: DB Total=176km, Saved SS=0km, Derived Base=176km (display base; JS adds current SS)
INFO - 2025-12-22 07:26:59 --> Expansion date 2025-12-22: DB Total=176km, Saved SS=0km, Derived Base=176km (display base; JS adds current SS)
INFO - 2025-12-22 07:26:59 --> Expansion date 2025-12-23: DB Total=0km, Saved SS=0km, Derived Base=0km (display base; JS adds current SS)
INFO - 2025-12-22 07:26:59 --> Expansion date 2025-12-23: DB Total=0km, Saved SS=0km, Derived Base=0km (display base; JS adds current SS)
INFO - 2025-12-22 07:26:59 --> Day 1 (date 2025-12-24): No defaults loaded
INFO - 2025-12-22 07:26:59 --> Expansion date 2025-12-24: DB Total=211km, Saved SS=0km, Derived Base=211km (display base; JS adds current SS)
INFO - 2025-12-22 07:26:59 --> Expansion date 2025-12-24: DB Total=211km, Saved SS=0km, Derived Base=211km (display base; JS adds current SS)
DEBUG - 2025-12-22 07:27:26 --> Session: Class initialized using 'CodeIgniter\Session\Handlers\FileHandler' driver.
INFO - 2025-12-22 07:27:26 --> Day 1 (date 2025-12-22): No defaults loaded
INFO - 2025-12-22 07:27:26 --> Loaded default SS for Day 2 (date 2025-12-23): 1 items
INFO - 2025-12-22 07:27:26 --> Expansion date 2025-12-22: DB Total=176km, Saved SS=0km, Derived Base=176km (display base; JS adds current SS)
INFO - 2025-12-22 07:27:26 --> Expansion date 2025-12-22: DB Total=176km, Saved SS=0km, Derived Base=176km (display base; JS adds current SS)
INFO - 2025-12-22 07:27:26 --> Expansion date 2025-12-23: DB Total=0km, Saved SS=0km, Derived Base=0km (display base; JS adds current SS)
INFO - 2025-12-22 07:27:26 --> Expansion date 2025-12-23: DB Total=0km, Saved SS=0km, Derived Base=0km (display base; JS adds current SS)
INFO - 2025-12-22 07:27:26 --> Day 1 (date 2025-12-24): No defaults loaded
INFO - 2025-12-22 07:27:26 --> Expansion date 2025-12-24: DB Total=211km, Saved SS=0km, Derived Base=211km (display base; JS adds current SS)
INFO - 2025-12-22 07:27:26 --> Expansion date 2025-12-24: DB Total=211km, Saved SS=0km, Derived Base=211km (display base; JS adds current SS)
DEBUG - 2025-12-22 07:27:40 --> Session: Class initialized using 'CodeIgniter\Session\Handlers\FileHandler' driver.
INFO - 2025-12-22 07:27:40 --> Day 1 (date 2025-12-22): No defaults loaded
INFO - 2025-12-22 07:27:40 --> Loaded default SS for Day 2 (date 2025-12-23): 1 items
INFO - 2025-12-22 07:27:40 --> Expansion date 2025-12-22: DB Total=176km, Saved SS=0km, Derived Base=176km (display base; JS adds current SS)
INFO - 2025-12-22 07:27:40 --> Expansion date 2025-12-22: DB Total=176km, Saved SS=0km, Derived Base=176km (display base; JS adds current SS)
INFO - 2025-12-22 07:27:40 --> Expansion date 2025-12-23: DB Total=0km, Saved SS=0km, Derived Base=0km (display base; JS adds current SS)
INFO - 2025-12-22 07:27:40 --> Expansion date 2025-12-23: DB Total=0km, Saved SS=0km, Derived Base=0km (display base; JS adds current SS)
INFO - 2025-12-22 07:27:40 --> Day 1 (date 2025-12-24): No defaults loaded
INFO - 2025-12-22 07:27:40 --> Expansion date 2025-12-24: DB Total=211km, Saved SS=0km, Derived Base=211km (display base; JS adds current SS)
INFO - 2025-12-22 07:27:40 --> Expansion date 2025-12-24: DB Total=211km, Saved SS=0km, Derived Base=211km (display base; JS adds current SS)
DEBUG - 2025-12-22 07:28:48 --> Session: Class initialized using 'CodeIgniter\Session\Handlers\FileHandler' driver.
DEBUG - 2025-12-22 07:28:49 --> Session: Class initialized using 'CodeIgniter\Session\Handlers\FileHandler' driver.
DEBUG - 2025-12-22 07:28:49 --> Session: Class initialized using 'CodeIgniter\Session\Handlers\FileHandler' driver.
DEBUG - 2025-12-22 07:28:49 --> Session: Class initialized using 'CodeIgniter\Session\Handlers\FileHandler' driver.
DEBUG - 2025-12-22 07:28:51 --> Session: Class initialized using 'CodeIgniter\Session\Handlers\FileHandler' driver.
DEBUG - 2025-12-22 07:28:52 --> Session: Class initialized using 'CodeIgniter\Session\Handlers\FileHandler' driver.
DEBUG - 2025-12-22 07:28:52 --> Session: Class initialized using 'CodeIgniter\Session\Handlers\FileHandler' driver.
DEBUG - 2025-12-22 07:28:52 --> Session: Class initialized using 'CodeIgniter\Session\Handlers\FileHandler' driver.
DEBUG - 2025-12-22 07:28:52 --> Session: Class initialized using 'CodeIgniter\Session\Handlers\FileHandler' driver.
DEBUG - 2025-12-22 07:28:52 --> Session: Class initialized using 'CodeIgniter\Session\Handlers\FileHandler' driver.
DEBUG - 2025-12-22 07:28:56 --> Session: Class initialized using 'CodeIgniter\Session\Handlers\FileHandler' driver.
DEBUG - 2025-12-22 07:28:56 --> Session: Class initialized using 'CodeIgniter\Session\Handlers\FileHandler' driver.
DEBUG - 2025-12-22 07:28:57 --> Session: Class initialized using 'CodeIgniter\Session\Handlers\FileHandler' driver.
DEBUG - 2025-12-22 07:28:57 --> Session: Class initialized using 'CodeIgniter\Session\Handlers\FileHandler' driver.
DEBUG - 2025-12-22 07:28:59 --> Session: Class initialized using 'CodeIgniter\Session\Handlers\FileHandler' driver.
INFO - 2025-12-22 07:28:59 --> Day 1 (date 2025-12-22): No defaults loaded
INFO - 2025-12-22 07:28:59 --> Loaded default SS for Day 2 (date 2025-12-23): 1 items
INFO - 2025-12-22 07:28:59 --> Expansion date 2025-12-22: DB Total=176km, Saved SS=0km, Derived Base=176km (display base; JS adds current SS)
INFO - 2025-12-22 07:28:59 --> Expansion date 2025-12-22: DB Total=176km, Saved SS=0km, Derived Base=176km (display base; JS adds current SS)
INFO - 2025-12-22 07:28:59 --> Expansion date 2025-12-23: DB Total=0km, Saved SS=0km, Derived Base=0km (display base; JS adds current SS)
INFO - 2025-12-22 07:28:59 --> Expansion date 2025-12-23: DB Total=0km, Saved SS=0km, Derived Base=0km (display base; JS adds current SS)
INFO - 2025-12-22 07:28:59 --> Day 1 (date 2025-12-24): No defaults loaded
INFO - 2025-12-22 07:28:59 --> Expansion date 2025-12-24: DB Total=211km, Saved SS=0km, Derived Base=211km (display base; JS adds current SS)
INFO - 2025-12-22 07:28:59 --> Expansion date 2025-12-24: DB Total=211km, Saved SS=0km, Derived Base=211km (display base; JS adds current SS)
DEBUG - 2025-12-22 07:39:31 --> Session: Class initialized using 'CodeIgniter\Session\Handlers\FileHandler' driver.
INFO - 2025-12-22 07:39:31 --> Day 1 (date 2025-12-22): No defaults loaded
INFO - 2025-12-22 07:39:31 --> Loaded default SS for Day 2 (date 2025-12-23): 1 items
INFO - 2025-12-22 07:39:31 --> Expansion date 2025-12-22: DB Total=176km, Saved SS=0km, Derived Base=176km (display base; JS adds current SS)
INFO - 2025-12-22 07:39:31 --> Expansion date 2025-12-22: DB Total=176km, Saved SS=0km, Derived Base=176km (display base; JS adds current SS)
INFO - 2025-12-22 07:39:31 --> Expansion date 2025-12-23: DB Total=0km, Saved SS=0km, Derived Base=0km (display base; JS adds current SS)
INFO - 2025-12-22 07:39:31 --> Expansion date 2025-12-23: DB Total=0km, Saved SS=0km, Derived Base=0km (display base; JS adds current SS)
INFO - 2025-12-22 07:39:31 --> Day 1 (date 2025-12-24): No defaults loaded
INFO - 2025-12-22 07:39:31 --> Expansion date 2025-12-24: DB Total=211km, Saved SS=0km, Derived Base=211km (display base; JS adds current SS)
INFO - 2025-12-22 07:39:31 --> Expansion date 2025-12-24: DB Total=211km, Saved SS=0km, Derived Base=211km (display base; JS adds current SS)
DEBUG - 2025-12-22 07:39:41 --> Session: Class initialized using 'CodeIgniter\Session\Handlers\FileHandler' driver.
INFO - 2025-12-22 07:39:41 --> Day 1 (date 2025-12-22): No defaults loaded
INFO - 2025-12-22 07:39:41 --> Loaded default SS for Day 2 (date 2025-12-23): 1 items
INFO - 2025-12-22 07:39:41 --> Expansion date 2025-12-22: DB Total=176km, Saved SS=0km, Derived Base=176km (display base; JS adds current SS)
INFO - 2025-12-22 07:39:41 --> Expansion date 2025-12-22: DB Total=176km, Saved SS=0km, Derived Base=176km (display base; JS adds current SS)
INFO - 2025-12-22 07:39:41 --> Expansion date 2025-12-23: DB Total=0km, Saved SS=0km, Derived Base=0km (display base; JS adds current SS)
INFO - 2025-12-22 07:39:41 --> Expansion date 2025-12-23: DB Total=0km, Saved SS=0km, Derived Base=0km (display base; JS adds current SS)
INFO - 2025-12-22 07:39:41 --> Day 1 (date 2025-12-24): No defaults loaded
INFO - 2025-12-22 07:39:41 --> Expansion date 2025-12-24: DB Total=211km, Saved SS=0km, Derived Base=211km (display base; JS adds current SS)
INFO - 2025-12-22 07:39:41 --> Expansion date 2025-12-24: DB Total=211km, Saved SS=0km, Derived Base=211km (display base; JS adds current SS)
DEBUG - 2025-12-22 07:39:42 --> Session: Class initialized using 'CodeIgniter\Session\Handlers\FileHandler' driver.
DEBUG - 2025-12-22 07:39:43 --> Session: Class initialized using 'CodeIgniter\Session\Handlers\FileHandler' driver.
DEBUG - 2025-12-22 07:39:43 --> Session: Class initialized using 'CodeIgniter\Session\Handlers\FileHandler' driver.
DEBUG - 2025-12-22 07:39:44 --> Session: Class initialized using 'CodeIgniter\Session\Handlers\FileHandler' driver.
DEBUG - 2025-12-22 07:39:44 --> Session: Class initialized using 'CodeIgniter\Session\Handlers\FileHandler' driver.
DEBUG - 2025-12-22 07:39:48 --> Session: Class initialized using 'CodeIgniter\Session\Handlers\FileHandler' driver.
DEBUG - 2025-12-22 07:39:48 --> Session: Class initialized using 'CodeIgniter\Session\Handlers\FileHandler' driver.
DEBUG - 2025-12-22 07:39:50 --> Session: Class initialized using 'CodeIgniter\Session\Handlers\FileHandler' driver.
DEBUG - 2025-12-22 07:39:50 --> Session: Class initialized using 'CodeIgniter\Session\Handlers\FileHandler' driver.
DEBUG - 2025-12-22 07:39:51 --> Session: Class initialized using 'CodeIgniter\Session\Handlers\FileHandler' driver.
INFO - 2025-12-22 07:39:51 --> Day 1 (date 2025-12-22): No defaults loaded
INFO - 2025-12-22 07:39:51 --> Loaded default SS for Day 2 (date 2025-12-23): 1 items
INFO - 2025-12-22 07:39:51 --> Expansion date 2025-12-22: DB Total=176km, Saved SS=0km, Derived Base=176km (display base; JS adds current SS)
INFO - 2025-12-22 07:39:51 --> Expansion date 2025-12-22: DB Total=176km, Saved SS=0km, Derived Base=176km (display base; JS adds current SS)
INFO - 2025-12-22 07:39:51 --> Expansion date 2025-12-23: DB Total=0km, Saved SS=0km, Derived Base=0km (display base; JS adds current SS)
INFO - 2025-12-22 07:39:51 --> Expansion date 2025-12-23: DB Total=0km, Saved SS=0km, Derived Base=0km (display base; JS adds current SS)
INFO - 2025-12-22 07:39:51 --> Day 1 (date 2025-12-24): No defaults loaded
INFO - 2025-12-22 07:39:51 --> Expansion date 2025-12-24: DB Total=211km, Saved SS=0km, Derived Base=211km (display base; JS adds current SS)
INFO - 2025-12-22 07:39:51 --> Expansion date 2025-12-24: DB Total=211km, Saved SS=0km, Derived Base=211km (display base; JS adds current SS)
DEBUG - 2025-12-22 07:40:05 --> Session: Class initialized using 'CodeIgniter\Session\Handlers\FileHandler' driver.
DEBUG - 2025-12-22 07:41:30 --> Session: Class initialized using 'CodeIgniter\Session\Handlers\FileHandler' driver.
DEBUG - 2025-12-22 07:41:30 --> Session: Class initialized using 'CodeIgniter\Session\Handlers\FileHandler' driver.
DEBUG - 2025-12-22 07:41:30 --> Session: Class initialized using 'CodeIgniter\Session\Handlers\FileHandler' driver.
DEBUG - 2025-12-22 07:41:30 --> Session: Class initialized using 'CodeIgniter\Session\Handlers\FileHandler' driver.
DEBUG - 2025-12-22 07:41:35 --> Session: Class initialized using 'CodeIgniter\Session\Handlers\FileHandler' driver.
DEBUG - 2025-12-22 07:41:35 --> Session: Class initialized using 'CodeIgniter\Session\Handlers\FileHandler' driver.
DEBUG - 2025-12-22 07:41:38 --> Session: Class initialized using 'CodeIgniter\Session\Handlers\FileHandler' driver.
DEBUG - 2025-12-22 07:41:38 --> Session: Class initialized using 'CodeIgniter\Session\Handlers\FileHandler' driver.
DEBUG - 2025-12-22 07:41:38 --> Session: Class initialized using 'CodeIgniter\Session\Handlers\FileHandler' driver.
DEBUG - 2025-12-22 07:41:39 --> Session: Class initialized using 'CodeIgniter\Session\Handlers\FileHandler' driver.
DEBUG - 2025-12-22 07:41:41 --> Session: Class initialized using 'CodeIgniter\Session\Handlers\FileHandler' driver.
DEBUG - 2025-12-22 07:41:42 --> Session: Class initialized using 'CodeIgniter\Session\Handlers\FileHandler' driver.
DEBUG - 2025-12-22 07:41:42 --> Session: Class initialized using 'CodeIgniter\Session\Handlers\FileHandler' driver.
DEBUG - 2025-12-22 07:41:42 --> Session: Class initialized using 'CodeIgniter\Session\Handlers\FileHandler' driver.
DEBUG - 2025-12-22 07:41:43 --> Session: Class initialized using 'CodeIgniter\Session\Handlers\FileHandler' driver.
DEBUG - 2025-12-22 07:41:53 --> Session: Class initialized using 'CodeIgniter\Session\Handlers\FileHandler' driver.
DEBUG - 2025-12-22 07:41:53 --> Session: Class initialized using 'CodeIgniter\Session\Handlers\FileHandler' driver.
DEBUG - 2025-12-22 07:41:53 --> Session: Class initialized using 'CodeIgniter\Session\Handlers\FileHandler' driver.
DEBUG - 2025-12-22 07:41:56 --> Session: Class initialized using 'CodeIgniter\Session\Handlers\FileHandler' driver.
DEBUG - 2025-12-22 07:41:57 --> Session: Class initialized using 'CodeIgniter\Session\Handlers\FileHandler' driver.
DEBUG - 2025-12-22 07:41:58 --> Session: Class initialized using 'CodeIgniter\Session\Handlers\FileHandler' driver.
DEBUG - 2025-12-22 07:42:02 --> Session: Class initialized using 'CodeIgniter\Session\Handlers\FileHandler' driver.
DEBUG - 2025-12-22 07:42:12 --> Session: Class initialized using 'CodeIgniter\Session\Handlers\FileHandler' driver.
DEBUG - 2025-12-22 07:42:13 --> Session: Class initialized using 'CodeIgniter\Session\Handlers\FileHandler' driver.
DEBUG - 2025-12-22 07:42:14 --> Session: Class initialized using 'CodeIgniter\Session\Handlers\FileHandler' driver.
DEBUG - 2025-12-22 07:42:14 --> Session: Class initialized using 'CodeIgniter\Session\Handlers\FileHandler' driver.
DEBUG - 2025-12-22 07:42:16 --> Session: Class initialized using 'CodeIgniter\Session\Handlers\FileHandler' driver.
INFO - 2025-12-22 07:42:16 --> Day 1 (date 2025-12-22): No defaults loaded
INFO - 2025-12-22 07:42:16 --> Loaded default SS for Day 2 (date 2025-12-23): 1 items
INFO - 2025-12-22 07:42:16 --> Expansion date 2025-12-22: DB Total=176km, Saved SS=0km, Derived Base=176km (display base; JS adds current SS)
INFO - 2025-12-22 07:42:16 --> Expansion date 2025-12-22: DB Total=176km, Saved SS=0km, Derived Base=176km (display base; JS adds current SS)
INFO - 2025-12-22 07:42:16 --> Expansion date 2025-12-22: DB Total=176km, Saved SS=0km, Derived Base=176km (display base; JS adds current SS)
INFO - 2025-12-22 07:42:16 --> Expansion date 2025-12-23: DB Total=0km, Saved SS=0km, Derived Base=0km (display base; JS adds current SS)
INFO - 2025-12-22 07:42:16 --> Expansion date 2025-12-23: DB Total=0km, Saved SS=0km, Derived Base=0km (display base; JS adds current SS)
INFO - 2025-12-22 07:42:16 --> Expansion date 2025-12-23: DB Total=0km, Saved SS=0km, Derived Base=0km (display base; JS adds current SS)
INFO - 2025-12-22 07:42:16 --> Day 1 (date 2025-12-24): No defaults loaded
INFO - 2025-12-22 07:42:16 --> Expansion date 2025-12-24: DB Total=211km, Saved SS=0km, Derived Base=211km (display base; JS adds current SS)
INFO - 2025-12-22 07:42:16 --> Expansion date 2025-12-24: DB Total=211km, Saved SS=0km, Derived Base=211km (display base; JS adds current SS)
INFO - 2025-12-22 07:42:16 --> Expansion date 2025-12-24: DB Total=211km, Saved SS=0km, Derived Base=211km (display base; JS adds current SS)
DEBUG - 2025-12-22 07:45:24 --> Session: Class initialized using 'CodeIgniter\Session\Handlers\FileHandler' driver.
INFO - 2025-12-22 07:45:24 --> Day 1 (date 2025-12-22): No defaults loaded
INFO - 2025-12-22 07:45:24 --> Loaded default SS for Day 2 (date 2025-12-23): 1 items
INFO - 2025-12-22 07:45:24 --> Expansion date 2025-12-22: DB Total=176km, Saved SS=0km, Derived Base=176km (display base; JS adds current SS)
INFO - 2025-12-22 07:45:24 --> Expansion date 2025-12-22: DB Total=176km, Saved SS=0km, Derived Base=176km (display base; JS adds current SS)
INFO - 2025-12-22 07:45:24 --> Expansion date 2025-12-22: DB Total=176km, Saved SS=0km, Derived Base=176km (display base; JS adds current SS)
INFO - 2025-12-22 07:45:24 --> Expansion date 2025-12-23: DB Total=0km, Saved SS=0km, Derived Base=0km (display base; JS adds current SS)
INFO - 2025-12-22 07:45:24 --> Expansion date 2025-12-23: DB Total=0km, Saved SS=0km, Derived Base=0km (display base; JS adds current SS)
INFO - 2025-12-22 07:45:24 --> Expansion date 2025-12-23: DB Total=0km, Saved SS=0km, Derived Base=0km (display base; JS adds current SS)
INFO - 2025-12-22 07:45:24 --> Day 1 (date 2025-12-24): No defaults loaded
INFO - 2025-12-22 07:45:24 --> Expansion date 2025-12-24: DB Total=211km, Saved SS=0km, Derived Base=211km (display base; JS adds current SS)
INFO - 2025-12-22 07:45:24 --> Expansion date 2025-12-24: DB Total=211km, Saved SS=0km, Derived Base=211km (display base; JS adds current SS)
INFO - 2025-12-22 07:45:24 --> Expansion date 2025-12-24: DB Total=211km, Saved SS=0km, Derived Base=211km (display base; JS adds current SS)
DEBUG - 2025-12-22 07:45:51 --> Session: Class initialized using 'CodeIgniter\Session\Handlers\FileHandler' driver.
INFO - 2025-12-22 07:45:51 --> Day 1 (date 2025-12-22): No defaults loaded
INFO - 2025-12-22 07:45:51 --> Loaded default SS for Day 2 (date 2025-12-23): 1 items
INFO - 2025-12-22 07:45:51 --> Expansion date 2025-12-22: DB Total=176km, Saved SS=0km, Derived Base=176km (display base; JS adds current SS)
INFO - 2025-12-22 07:45:51 --> Expansion date 2025-12-22: DB Total=176km, Saved SS=0km, Derived Base=176km (display base; JS adds current SS)
INFO - 2025-12-22 07:45:51 --> Expansion date 2025-12-22: DB Total=176km, Saved SS=0km, Derived Base=176km (display base; JS adds current SS)
INFO - 2025-12-22 07:45:51 --> Expansion date 2025-12-23: DB Total=0km, Saved SS=0km, Derived Base=0km (display base; JS adds current SS)
INFO - 2025-12-22 07:45:51 --> Expansion date 2025-12-23: DB Total=0km, Saved SS=0km, Derived Base=0km (display base; JS adds current SS)
INFO - 2025-12-22 07:45:51 --> Expansion date 2025-12-23: DB Total=0km, Saved SS=0km, Derived Base=0km (display base; JS adds current SS)
INFO - 2025-12-22 07:45:51 --> Day 1 (date 2025-12-24): No defaults loaded
INFO - 2025-12-22 07:45:51 --> Expansion date 2025-12-24: DB Total=211km, Saved SS=0km, Derived Base=211km (display base; JS adds current SS)
INFO - 2025-12-22 07:45:51 --> Expansion date 2025-12-24: DB Total=211km, Saved SS=0km, Derived Base=211km (display base; JS adds current SS)
INFO - 2025-12-22 07:45:51 --> Expansion date 2025-12-24: DB Total=211km, Saved SS=0km, Derived Base=211km (display base; JS adds current SS)
DEBUG - 2025-12-22 07:48:33 --> Session: Class initialized using 'CodeIgniter\Session\Handlers\FileHandler' driver.
INFO - 2025-12-22 07:48:33 --> Day 1 (date 2025-12-22): No defaults loaded
INFO - 2025-12-22 07:48:33 --> Loaded default SS for Day 2 (date 2025-12-23): 1 items
INFO - 2025-12-22 07:48:33 --> Expansion date 2025-12-22: DB Total=176km, Saved SS=0km, Derived Base=176km (display base; JS adds current SS)
INFO - 2025-12-22 07:48:33 --> Expansion date 2025-12-22: DB Total=176km, Saved SS=0km, Derived Base=176km (display base; JS adds current SS)
INFO - 2025-12-22 07:48:33 --> Expansion date 2025-12-22: DB Total=176km, Saved SS=0km, Derived Base=176km (display base; JS adds current SS)
INFO - 2025-12-22 07:48:33 --> Expansion date 2025-12-23: DB Total=0km, Saved SS=0km, Derived Base=0km (display base; JS adds current SS)
INFO - 2025-12-22 07:48:33 --> Expansion date 2025-12-23: DB Total=0km, Saved SS=0km, Derived Base=0km (display base; JS adds current SS)
INFO - 2025-12-22 07:48:33 --> Expansion date 2025-12-23: DB Total=0km, Saved SS=0km, Derived Base=0km (display base; JS adds current SS)
INFO - 2025-12-22 07:48:33 --> Day 1 (date 2025-12-24): No defaults loaded
INFO - 2025-12-22 07:48:33 --> Expansion date 2025-12-24: DB Total=211km, Saved SS=0km, Derived Base=211km (display base; JS adds current SS)
INFO - 2025-12-22 07:48:33 --> Expansion date 2025-12-24: DB Total=211km, Saved SS=0km, Derived Base=211km (display base; JS adds current SS)
INFO - 2025-12-22 07:48:33 --> Expansion date 2025-12-24: DB Total=211km, Saved SS=0km, Derived Base=211km (display base; JS adds current SS)
DEBUG - 2025-12-22 07:52:09 --> Session: Class initialized using 'CodeIgniter\Session\Handlers\FileHandler' driver.
INFO - 2025-12-22 07:52:09 --> Day 1 (date 2025-12-22): No defaults loaded
INFO - 2025-12-22 07:52:09 --> Loaded default SS for Day 2 (date 2025-12-23): 1 items
INFO - 2025-12-22 07:52:09 --> Expansion date 2025-12-22: DB Total=176km, Saved SS=0km, Derived Base=176km (display base; JS adds current SS)
INFO - 2025-12-22 07:52:09 --> Expansion date 2025-12-22: DB Total=176km, Saved SS=0km, Derived Base=176km (display base; JS adds current SS)
INFO - 2025-12-22 07:52:09 --> Expansion date 2025-12-22: DB Total=176km, Saved SS=0km, Derived Base=176km (display base; JS adds current SS)
INFO - 2025-12-22 07:52:09 --> Expansion date 2025-12-23: DB Total=0km, Saved SS=0km, Derived Base=0km (display base; JS adds current SS)
INFO - 2025-12-22 07:52:09 --> Expansion date 2025-12-23: DB Total=0km, Saved SS=0km, Derived Base=0km (display base; JS adds current SS)
INFO - 2025-12-22 07:52:09 --> Expansion date 2025-12-23: DB Total=0km, Saved SS=0km, Derived Base=0km (display base; JS adds current SS)
INFO - 2025-12-22 07:52:10 --> Day 1 (date 2025-12-24): No defaults loaded
INFO - 2025-12-22 07:52:10 --> Expansion date 2025-12-24: DB Total=211km, Saved SS=0km, Derived Base=211km (display base; JS adds current SS)
INFO - 2025-12-22 07:52:10 --> Expansion date 2025-12-24: DB Total=211km, Saved SS=0km, Derived Base=211km (display base; JS adds current SS)
INFO - 2025-12-22 07:52:10 --> Expansion date 2025-12-24: DB Total=211km, Saved SS=0km, Derived Base=211km (display base; JS adds current SS)
CRITICAL - 2025-12-22 07:52:10 --> ErrorException: Undefined variable $data_source
[Method: GET, Route: Enquiry/itinerary/2838/0]
in APPPATH\Views\enquiry\itinerary_view.php on line 2041.
 1 APPPATH\Views\enquiry\itinerary_view.php(2041): CodeIgniter\Debug\Exceptions->errorHandler(2, 'Undefined variable $data_source', 'C:\\wamp64\\www\\khm\\app\\Views\\enquiry\\itinerary_view.php', 2041)
 2 SYSTEMPATH\View\View.php(234): include('C:\\wamp64\\www\\khm\\app\\Views\\enquiry\\itinerary_view.php')
 3 SYSTEMPATH\View\View.php(237): CodeIgniter\View\View->CodeIgniter\View\{closure}()
 4 SYSTEMPATH\Common.php(1171): CodeIgniter\View\View->render('enquiry/itinerary_view', [], true)
 5 APPPATH\Controllers\Enquiry.php(6906): view('enquiry/itinerary_view', [...])
 6 SYSTEMPATH\CodeIgniter.php(933): App\Controllers\Enquiry->itinerary('2838', '0')
 7 SYSTEMPATH\CodeIgniter.php(509): CodeIgniter\CodeIgniter->runController(Object(App\Controllers\Enquiry))
 8 SYSTEMPATH\CodeIgniter.php(355): CodeIgniter\CodeIgniter->handleRequest(null, Object(Config\Cache), false)
 9 SYSTEMPATH\Boot.php(334): CodeIgniter\CodeIgniter->run()
10 SYSTEMPATH\Boot.php(67): CodeIgniter\Boot::runCodeIgniter(Object(CodeIgniter\CodeIgniter))
11 FCPATH\index.php(56): CodeIgniter\Boot::bootWeb(Object(Config\Paths))
DEBUG - 2025-12-22 07:53:32 --> Session: Class initialized using 'CodeIgniter\Session\Handlers\FileHandler' driver.
INFO - 2025-12-22 07:53:32 --> Day 1 (date 2025-12-22): No defaults loaded
INFO - 2025-12-22 07:53:32 --> Loaded default SS for Day 2 (date 2025-12-23): 1 items
INFO - 2025-12-22 07:53:32 --> Expansion date 2025-12-22: DB Total=176km, Saved SS=0km, Derived Base=176km (display base; JS adds current SS)
INFO - 2025-12-22 07:53:32 --> Expansion date 2025-12-22: DB Total=176km, Saved SS=0km, Derived Base=176km (display base; JS adds current SS)
INFO - 2025-12-22 07:53:32 --> Expansion date 2025-12-22: DB Total=176km, Saved SS=0km, Derived Base=176km (display base; JS adds current SS)
INFO - 2025-12-22 07:53:32 --> Expansion date 2025-12-23: DB Total=0km, Saved SS=0km, Derived Base=0km (display base; JS adds current SS)
INFO - 2025-12-22 07:53:32 --> Expansion date 2025-12-23: DB Total=0km, Saved SS=0km, Derived Base=0km (display base; JS adds current SS)
INFO - 2025-12-22 07:53:32 --> Expansion date 2025-12-23: DB Total=0km, Saved SS=0km, Derived Base=0km (display base; JS adds current SS)
INFO - 2025-12-22 07:53:32 --> Day 1 (date 2025-12-24): No defaults loaded
INFO - 2025-12-22 07:53:32 --> Expansion date 2025-12-24: DB Total=211km, Saved SS=0km, Derived Base=211km (display base; JS adds current SS)
INFO - 2025-12-22 07:53:32 --> Expansion date 2025-12-24: DB Total=211km, Saved SS=0km, Derived Base=211km (display base; JS adds current SS)
INFO - 2025-12-22 07:53:32 --> Expansion date 2025-12-24: DB Total=211km, Saved SS=0km, Derived Base=211km (display base; JS adds current SS)
CRITICAL - 2025-12-22 07:53:34 --> TypeError: count(): Argument #1 ($value) must be of type Countable|array, null given
[Method: GET, Route: Enquiry/itinerary/2838/0]
in APPPATH\Views\enquiry\itinerary_view.php on line 2042.
 1 SYSTEMPATH\View\View.php(234): include()
 2 SYSTEMPATH\View\View.php(237): CodeIgniter\View\View->CodeIgniter\View\{closure}()
 3 SYSTEMPATH\Common.php(1171): CodeIgniter\View\View->render('enquiry/itinerary_view', [], true)
 4 APPPATH\Controllers\Enquiry.php(6906): view('enquiry/itinerary_view', [...])
 5 SYSTEMPATH\CodeIgniter.php(933): App\Controllers\Enquiry->itinerary('2838', '0')
 6 SYSTEMPATH\CodeIgniter.php(509): CodeIgniter\CodeIgniter->runController(Object(App\Controllers\Enquiry))
 7 SYSTEMPATH\CodeIgniter.php(355): CodeIgniter\CodeIgniter->handleRequest(null, Object(Config\Cache), false)
 8 SYSTEMPATH\Boot.php(334): CodeIgniter\CodeIgniter->run()
 9 SYSTEMPATH\Boot.php(67): CodeIgniter\Boot::runCodeIgniter(Object(CodeIgniter\CodeIgniter))
10 FCPATH\index.php(56): CodeIgniter\Boot::bootWeb(Object(Config\Paths))
CRITICAL - 2025-12-22 07:53:34 --> [Caused by] ErrorException: Undefined variable $day_expansions
in APPPATH\Views\enquiry\itinerary_view.php on line 2042.
 1 APPPATH\Views\enquiry\itinerary_view.php(2042): CodeIgniter\Debug\Exceptions->errorHandler(2, 'Undefined variable $day_expansions', 'C:\\wamp64\\www\\khm\\app\\Views\\enquiry\\itinerary_view.php', 2042)
 2 SYSTEMPATH\View\View.php(234): include('C:\\wamp64\\www\\khm\\app\\Views\\enquiry\\itinerary_view.php')
 3 SYSTEMPATH\View\View.php(237): CodeIgniter\View\View->CodeIgniter\View\{closure}()
 4 SYSTEMPATH\Common.php(1171): CodeIgniter\View\View->render('enquiry/itinerary_view', [], true)
 5 APPPATH\Controllers\Enquiry.php(6906): view('enquiry/itinerary_view', [...])
 6 SYSTEMPATH\CodeIgniter.php(933): App\Controllers\Enquiry->itinerary('2838', '0')
 7 SYSTEMPATH\CodeIgniter.php(509): CodeIgniter\CodeIgniter->runController(Object(App\Controllers\Enquiry))
 8 SYSTEMPATH\CodeIgniter.php(355): CodeIgniter\CodeIgniter->handleRequest(null, Object(Config\Cache), false)
 9 SYSTEMPATH\Boot.php(334): CodeIgniter\CodeIgniter->run()
10 SYSTEMPATH\Boot.php(67): CodeIgniter\Boot::runCodeIgniter(Object(CodeIgniter\CodeIgniter))
11 FCPATH\index.php(56): CodeIgniter\Boot::bootWeb(Object(Config\Paths))
DEBUG - 2025-12-22 07:54:23 --> Session: Class initialized using 'CodeIgniter\Session\Handlers\FileHandler' driver.
INFO - 2025-12-22 07:54:23 --> Day 1 (date 2025-12-22): No defaults loaded
INFO - 2025-12-22 07:54:23 --> Loaded default SS for Day 2 (date 2025-12-23): 1 items
INFO - 2025-12-22 07:54:23 --> Expansion date 2025-12-22: DB Total=176km, Saved SS=0km, Derived Base=176km (display base; JS adds current SS)
INFO - 2025-12-22 07:54:23 --> Expansion date 2025-12-22: DB Total=176km, Saved SS=0km, Derived Base=176km (display base; JS adds current SS)
INFO - 2025-12-22 07:54:23 --> Expansion date 2025-12-22: DB Total=176km, Saved SS=0km, Derived Base=176km (display base; JS adds current SS)
INFO - 2025-12-22 07:54:23 --> Expansion date 2025-12-23: DB Total=0km, Saved SS=0km, Derived Base=0km (display base; JS adds current SS)
INFO - 2025-12-22 07:54:23 --> Expansion date 2025-12-23: DB Total=0km, Saved SS=0km, Derived Base=0km (display base; JS adds current SS)
INFO - 2025-12-22 07:54:23 --> Expansion date 2025-12-23: DB Total=0km, Saved SS=0km, Derived Base=0km (display base; JS adds current SS)
INFO - 2025-12-22 07:54:23 --> Day 1 (date 2025-12-24): No defaults loaded
INFO - 2025-12-22 07:54:23 --> Expansion date 2025-12-24: DB Total=211km, Saved SS=0km, Derived Base=211km (display base; JS adds current SS)
INFO - 2025-12-22 07:54:23 --> Expansion date 2025-12-24: DB Total=211km, Saved SS=0km, Derived Base=211km (display base; JS adds current SS)
INFO - 2025-12-22 07:54:23 --> Expansion date 2025-12-24: DB Total=211km, Saved SS=0km, Derived Base=211km (display base; JS adds current SS)
DEBUG - 2025-12-22 09:30:57 --> Session: Class initialized using 'CodeIgniter\Session\Handlers\FileHandler' driver.
DEBUG - 2025-12-22 09:30:58 --> Session: Class initialized using 'CodeIgniter\Session\Handlers\FileHandler' driver.
INFO - 2025-12-22 09:30:58 --> Expansion date 2025-12-22: DB Total=176km, Saved SS=0km, Derived Base=176km (display base; JS adds current SS)
INFO - 2025-12-22 09:30:58 --> Expansion date 2025-12-22: DB Total=176km, Saved SS=0km, Derived Base=176km (display base; JS adds current SS)
INFO - 2025-12-22 09:30:58 --> Expansion date 2025-12-22: DB Total=176km, Saved SS=0km, Derived Base=176km (display base; JS adds current SS)
INFO - 2025-12-22 09:30:58 --> Expansion date 2025-12-23: DB Total=0km, Saved SS=90km, Derived Base=0km (display base; JS adds current SS)
INFO - 2025-12-22 09:30:58 --> Expansion date 2025-12-23: DB Total=0km, Saved SS=90km, Derived Base=0km (display base; JS adds current SS)
INFO - 2025-12-22 09:30:58 --> Expansion date 2025-12-23: DB Total=0km, Saved SS=90km, Derived Base=0km (display base; JS adds current SS)
INFO - 2025-12-22 09:30:58 --> Expansion date 2025-12-24: DB Total=211km, Saved SS=0km, Derived Base=211km (display base; JS adds current SS)
INFO - 2025-12-22 09:30:58 --> Expansion date 2025-12-24: DB Total=211km, Saved SS=0km, Derived Base=211km (display base; JS adds current SS)
INFO - 2025-12-22 09:30:58 --> Expansion date 2025-12-24: DB Total=211km, Saved SS=0km, Derived Base=211km (display base; JS adds current SS)
INFO - 2025-12-22 09:30:58 --> Itinerary expansion date 2025-12-22: Derived Base=176km (no SS added)
INFO - 2025-12-22 09:30:58 --> Itinerary expansion date 2025-12-22: Derived Base=176km (no SS added)
INFO - 2025-12-22 09:30:58 --> Itinerary expansion date 2025-12-22: Derived Base=176km (no SS added)
INFO - 2025-12-22 09:30:58 --> Itinerary expansion date 2025-12-23: Derived Base=0km (no SS added)
INFO - 2025-12-22 09:30:58 --> Itinerary expansion date 2025-12-23: Derived Base=0km (no SS added)
INFO - 2025-12-22 09:30:58 --> Itinerary expansion date 2025-12-23: Derived Base=0km (no SS added)
INFO - 2025-12-22 09:30:58 --> Itinerary expansion date 2025-12-24: Derived Base=175km (no SS added)
INFO - 2025-12-22 09:30:58 --> Itinerary expansion date 2025-12-24: Derived Base=175km (no SS added)
INFO - 2025-12-22 09:30:58 --> Itinerary expansion date 2025-12-24: Derived Base=175km (no SS added)
DEBUG - 2025-12-22 09:31:07 --> Session: Class initialized using 'CodeIgniter\Session\Handlers\FileHandler' driver.
DEBUG - 2025-12-22 09:31:07 --> Session: Class initialized using 'CodeIgniter\Session\Handlers\FileHandler' driver.
DEBUG - 2025-12-22 09:31:07 --> Session: Class initialized using 'CodeIgniter\Session\Handlers\FileHandler' driver.
DEBUG - 2025-12-22 09:31:09 --> Session: Class initialized using 'CodeIgniter\Session\Handlers\FileHandler' driver.
DEBUG - 2025-12-22 09:31:09 --> Session: Class initialized using 'CodeIgniter\Session\Handlers\FileHandler' driver.
DEBUG - 2025-12-22 09:31:16 --> Session: Class initialized using 'CodeIgniter\Session\Handlers\FileHandler' driver.
INFO - 2025-12-22 09:31:16 --> getSightName(0) returned: 0 rows
INFO - 2025-12-22 09:31:16 --> getSightName(0) returned: 0 rows
INFO - 2025-12-22 09:31:16 --> getSightName(0) returned: 0 rows
DEBUG - 2025-12-22 09:31:23 --> Session: Class initialized using 'CodeIgniter\Session\Handlers\FileHandler' driver.
DEBUG - 2025-12-22 09:31:23 --> Session: Class initialized using 'CodeIgniter\Session\Handlers\FileHandler' driver.
DEBUG - 2025-12-22 09:31:26 --> Session: Class initialized using 'CodeIgniter\Session\Handlers\FileHandler' driver.
INFO - 2025-12-22 09:31:26 --> getSightName(0) returned: 0 rows
INFO - 2025-12-22 09:31:26 --> getSightName(0) returned: 0 rows
INFO - 2025-12-22 09:31:26 --> getSightName(0) returned: 0 rows
DEBUG - 2025-12-22 09:32:47 --> Session: Class initialized using 'CodeIgniter\Session\Handlers\FileHandler' driver.
DEBUG - 2025-12-22 09:32:47 --> Session: Class initialized using 'CodeIgniter\Session\Handlers\FileHandler' driver.
DEBUG - 2025-12-22 09:32:50 --> Session: Class initialized using 'CodeIgniter\Session\Handlers\FileHandler' driver.
INFO - 2025-12-22 09:32:50 --> getSightName(0) returned: 0 rows
INFO - 2025-12-22 09:32:50 --> getSightName(0) returned: 0 rows
INFO - 2025-12-22 09:32:50 --> getSightName(0) returned: 0 rows
DEBUG - 2025-12-22 09:43:50 --> Session: Class initialized using 'CodeIgniter\Session\Handlers\FileHandler' driver.
DEBUG - 2025-12-22 09:43:50 --> Session: Class initialized using 'CodeIgniter\Session\Handlers\FileHandler' driver.
DEBUG - 2025-12-22 09:43:51 --> Session: Class initialized using 'CodeIgniter\Session\Handlers\FileHandler' driver.
INFO - 2025-12-22 09:43:52 --> getSightName(0) returned: 0 rows
INFO - 2025-12-22 09:43:52 --> getSightName(0) returned: 0 rows
INFO - 2025-12-22 09:43:52 --> getSightName(0) returned: 0 rows
DEBUG - 2025-12-22 09:45:08 --> Session: Class initialized using 'CodeIgniter\Session\Handlers\FileHandler' driver.
DEBUG - 2025-12-22 09:45:08 --> Session: Class initialized using 'CodeIgniter\Session\Handlers\FileHandler' driver.
DEBUG - 2025-12-22 09:45:09 --> Session: Class initialized using 'CodeIgniter\Session\Handlers\FileHandler' driver.
INFO - 2025-12-22 09:45:10 --> getSightName(0) returned: 0 rows
INFO - 2025-12-22 09:45:10 --> getSightName(0) returned: 0 rows
INFO - 2025-12-22 09:45:10 --> getSightName(0) returned: 0 rows
DEBUG - 2025-12-22 09:46:51 --> Session: Class initialized using 'CodeIgniter\Session\Handlers\FileHandler' driver.
DEBUG - 2025-12-22 09:46:51 --> Session: Class initialized using 'CodeIgniter\Session\Handlers\FileHandler' driver.
DEBUG - 2025-12-22 09:46:53 --> Session: Class initialized using 'CodeIgniter\Session\Handlers\FileHandler' driver.
INFO - 2025-12-22 09:46:53 --> getSightName(0) returned: 0 rows
INFO - 2025-12-22 09:46:53 --> getSightName(0) returned: 0 rows
INFO - 2025-12-22 09:46:53 --> getSightName(0) returned: 0 rows
DEBUG - 2025-12-22 10:26:07 --> Session: Class initialized using 'CodeIgniter\Session\Handlers\FileHandler' driver.
DEBUG - 2025-12-22 10:26:07 --> Session: Class initialized using 'CodeIgniter\Session\Handlers\FileHandler' driver.
DEBUG - 2025-12-22 10:26:08 --> Session: Class initialized using 'CodeIgniter\Session\Handlers\FileHandler' driver.
CRITICAL - 2025-12-22 10:26:09 --> CodeIgniter\View\Exceptions\ViewException: Invalid file: "enquiry/costing_sheet_view.php"
[Method: POST, Route: Enquiry/viewCostingSheet]
in SYSTEMPATH\Exceptions\FrameworkException.php on line 41.
 1 SYSTEMPATH\View\View.php(222): CodeIgniter\Exceptions\FrameworkException::forInvalidFile('enquiry/costing_sheet_view.php')
 2 SYSTEMPATH\Common.php(1171): CodeIgniter\View\View->render('enquiry/costing_sheet_view', [], true)
 3 APPPATH\Controllers\Enquiry.php(10170): view('enquiry/costing_sheet_view', [...])
 4 SYSTEMPATH\CodeIgniter.php(933): App\Controllers\Enquiry->viewCostingSheet()
 5 SYSTEMPATH\CodeIgniter.php(509): CodeIgniter\CodeIgniter->runController(Object(App\Controllers\Enquiry))
 6 SYSTEMPATH\CodeIgniter.php(355): CodeIgniter\CodeIgniter->handleRequest(null, Object(Config\Cache), false)
 7 SYSTEMPATH\Boot.php(334): CodeIgniter\CodeIgniter->run()
 8 SYSTEMPATH\Boot.php(67): CodeIgniter\Boot::runCodeIgniter(Object(CodeIgniter\CodeIgniter))
 9 FCPATH\index.php(56): CodeIgniter\Boot::bootWeb(Object(Config\Paths))
DEBUG - 2025-12-22 10:26:10 --> Session: Class initialized using 'CodeIgniter\Session\Handlers\FileHandler' driver.
CRITICAL - 2025-12-22 10:26:10 --> CodeIgniter\View\Exceptions\ViewException: Invalid file: "enquiry/costing_sheet_view.php"
[Method: POST, Route: Enquiry/viewCostingSheet]
in SYSTEMPATH\Exceptions\FrameworkException.php on line 41.
 1 SYSTEMPATH\View\View.php(222): CodeIgniter\Exceptions\FrameworkException::forInvalidFile('enquiry/costing_sheet_view.php')
 2 SYSTEMPATH\Common.php(1171): CodeIgniter\View\View->render('enquiry/costing_sheet_view', [], true)
 3 APPPATH\Controllers\Enquiry.php(10170): view('enquiry/costing_sheet_view', [...])
 4 SYSTEMPATH\CodeIgniter.php(933): App\Controllers\Enquiry->viewCostingSheet()
 5 SYSTEMPATH\CodeIgniter.php(509): CodeIgniter\CodeIgniter->runController(Object(App\Controllers\Enquiry))
 6 SYSTEMPATH\CodeIgniter.php(355): CodeIgniter\CodeIgniter->handleRequest(null, Object(Config\Cache), false)
 7 SYSTEMPATH\Boot.php(334): CodeIgniter\CodeIgniter->run()
 8 SYSTEMPATH\Boot.php(67): CodeIgniter\Boot::runCodeIgniter(Object(CodeIgniter\CodeIgniter))
 9 FCPATH\index.php(56): CodeIgniter\Boot::bootWeb(Object(Config\Paths))
DEBUG - 2025-12-22 10:26:10 --> Session: Class initialized using 'CodeIgniter\Session\Handlers\FileHandler' driver.
CRITICAL - 2025-12-22 10:26:11 --> CodeIgniter\View\Exceptions\ViewException: Invalid file: "enquiry/costing_sheet_view.php"
[Method: POST, Route: Enquiry/viewCostingSheet]
in SYSTEMPATH\Exceptions\FrameworkException.php on line 41.
 1 SYSTEMPATH\View\View.php(222): CodeIgniter\Exceptions\FrameworkException::forInvalidFile('enquiry/costing_sheet_view.php')
 2 SYSTEMPATH\Common.php(1171): CodeIgniter\View\View->render('enquiry/costing_sheet_view', [], true)
 3 APPPATH\Controllers\Enquiry.php(10170): view('enquiry/costing_sheet_view', [...])
 4 SYSTEMPATH\CodeIgniter.php(933): App\Controllers\Enquiry->viewCostingSheet()
 5 SYSTEMPATH\CodeIgniter.php(509): CodeIgniter\CodeIgniter->runController(Object(App\Controllers\Enquiry))
 6 SYSTEMPATH\CodeIgniter.php(355): CodeIgniter\CodeIgniter->handleRequest(null, Object(Config\Cache), false)
 7 SYSTEMPATH\Boot.php(334): CodeIgniter\CodeIgniter->run()
 8 SYSTEMPATH\Boot.php(67): CodeIgniter\Boot::runCodeIgniter(Object(CodeIgniter\CodeIgniter))
 9 FCPATH\index.php(56): CodeIgniter\Boot::bootWeb(Object(Config\Paths))
DEBUG - 2025-12-22 10:26:34 --> Session: Class initialized using 'CodeIgniter\Session\Handlers\FileHandler' driver.
DEBUG - 2025-12-22 10:26:34 --> Session: Class initialized using 'CodeIgniter\Session\Handlers\FileHandler' driver.
DEBUG - 2025-12-22 10:26:36 --> Session: Class initialized using 'CodeIgniter\Session\Handlers\FileHandler' driver.
INFO - 2025-12-22 10:26:36 --> getSightName(0) returned: 0 rows
INFO - 2025-12-22 10:26:36 --> getSightName(0) returned: 0 rows
INFO - 2025-12-22 10:26:36 --> getSightName(0) returned: 0 rows
DEBUG - 2025-12-22 11:44:00 --> Session: Class initialized using 'CodeIgniter\Session\Handlers\FileHandler' driver.
DEBUG - 2025-12-22 11:44:00 --> Session: Class initialized using 'CodeIgniter\Session\Handlers\FileHandler' driver.
DEBUG - 2025-12-22 11:44:03 --> Session: Class initialized using 'CodeIgniter\Session\Handlers\FileHandler' driver.
DEBUG - 2025-12-22 12:26:14 --> Session: Class initialized using 'CodeIgniter\Session\Handlers\FileHandler' driver.
DEBUG - 2025-12-22 12:26:14 --> Session: Class initialized using 'CodeIgniter\Session\Handlers\FileHandler' driver.
DEBUG - 2025-12-22 12:26:16 --> Session: Class initialized using 'CodeIgniter\Session\Handlers\FileHandler' driver.
DEBUG - 2025-12-22 12:26:16 --> Session: Class initialized using 'CodeIgniter\Session\Handlers\FileHandler' driver.
DEBUG - 2025-12-22 12:26:17 --> Session: Class initialized using 'CodeIgniter\Session\Handlers\FileHandler' driver.
INFO - 2025-12-22 12:26:17 --> getSightName(0) returned: 0 rows
INFO - 2025-12-22 12:26:17 --> getSightName(0) returned: 0 rows
INFO - 2025-12-22 12:26:17 --> getSightName(0) returned: 0 rows
DEBUG - 2025-12-22 12:29:23 --> Session: Class initialized using 'CodeIgniter\Session\Handlers\FileHandler' driver.
DEBUG - 2025-12-22 12:29:23 --> Session: Class initialized using 'CodeIgniter\Session\Handlers\FileHandler' driver.
DEBUG - 2025-12-22 12:29:36 --> Session: Class initialized using 'CodeIgniter\Session\Handlers\FileHandler' driver.
DEBUG - 2025-12-22 12:29:36 --> Session: Class initialized using 'CodeIgniter\Session\Handlers\FileHandler' driver.
DEBUG - 2025-12-22 12:29:37 --> Session: Class initialized using 'CodeIgniter\Session\Handlers\FileHandler' driver.
DEBUG - 2025-12-22 12:29:37 --> Session: Class initialized using 'CodeIgniter\Session\Handlers\FileHandler' driver.
DEBUG - 2025-12-22 12:29:40 --> Session: Class initialized using 'CodeIgniter\Session\Handlers\FileHandler' driver.
DEBUG - 2025-12-22 12:29:44 --> Session: Class initialized using 'CodeIgniter\Session\Handlers\FileHandler' driver.
DEBUG - 2025-12-22 12:29:44 --> Session: Class initialized using 'CodeIgniter\Session\Handlers\FileHandler' driver.
DEBUG - 2025-12-22 12:29:44 --> Session: Class initialized using 'CodeIgniter\Session\Handlers\FileHandler' driver.
DEBUG - 2025-12-22 12:29:44 --> Session: Class initialized using 'CodeIgniter\Session\Handlers\FileHandler' driver.
DEBUG - 2025-12-22 12:29:48 --> Session: Class initialized using 'CodeIgniter\Session\Handlers\FileHandler' driver.
DEBUG - 2025-12-22 12:29:49 --> Session: Class initialized using 'CodeIgniter\Session\Handlers\FileHandler' driver.
DEBUG - 2025-12-22 12:29:52 --> Session: Class initialized using 'CodeIgniter\Session\Handlers\FileHandler' driver.
DEBUG - 2025-12-22 12:29:52 --> Session: Class initialized using 'CodeIgniter\Session\Handlers\FileHandler' driver.
DEBUG - 2025-12-22 12:29:53 --> Session: Class initialized using 'CodeIgniter\Session\Handlers\FileHandler' driver.
DEBUG - 2025-12-22 12:29:53 --> Session: Class initialized using 'CodeIgniter\Session\Handlers\FileHandler' driver.
DEBUG - 2025-12-22 12:29:54 --> Session: Class initialized using 'CodeIgniter\Session\Handlers\FileHandler' driver.
DEBUG - 2025-12-22 12:29:54 --> Session: Class initialized using 'CodeIgniter\Session\Handlers\FileHandler' driver.
DEBUG - 2025-12-22 12:29:55 --> Session: Class initialized using 'CodeIgniter\Session\Handlers\FileHandler' driver.
DEBUG - 2025-12-22 12:29:55 --> Session: Class initialized using 'CodeIgniter\Session\Handlers\FileHandler' driver.
DEBUG - 2025-12-22 12:29:56 --> Session: Class initialized using 'CodeIgniter\Session\Handlers\FileHandler' driver.
DEBUG - 2025-12-22 12:30:00 --> Session: Class initialized using 'CodeIgniter\Session\Handlers\FileHandler' driver.
DEBUG - 2025-12-22 12:30:00 --> Session: Class initialized using 'CodeIgniter\Session\Handlers\FileHandler' driver.
DEBUG - 2025-12-22 12:30:01 --> Session: Class initialized using 'CodeIgniter\Session\Handlers\FileHandler' driver.
DEBUG - 2025-12-22 12:30:03 --> Session: Class initialized using 'CodeIgniter\Session\Handlers\FileHandler' driver.
DEBUG - 2025-12-22 12:30:05 --> Session: Class initialized using 'CodeIgniter\Session\Handlers\FileHandler' driver.
DEBUG - 2025-12-22 12:30:06 --> Session: Class initialized using 'CodeIgniter\Session\Handlers\FileHandler' driver.
DEBUG - 2025-12-22 12:30:08 --> Session: Class initialized using 'CodeIgniter\Session\Handlers\FileHandler' driver.
DEBUG - 2025-12-22 12:30:31 --> Session: Class initialized using 'CodeIgniter\Session\Handlers\FileHandler' driver.
DEBUG - 2025-12-22 12:30:31 --> Session: Class initialized using 'CodeIgniter\Session\Handlers\FileHandler' driver.
DEBUG - 2025-12-22 12:30:31 --> Session: Class initialized using 'CodeIgniter\Session\Handlers\FileHandler' driver.
DEBUG - 2025-12-22 12:30:31 --> Session: Class initialized using 'CodeIgniter\Session\Handlers\FileHandler' driver.
DEBUG - 2025-12-22 12:30:31 --> Session: Class initialized using 'CodeIgniter\Session\Handlers\FileHandler' driver.
DEBUG - 2025-12-22 12:30:31 --> Session: Class initialized using 'CodeIgniter\Session\Handlers\FileHandler' driver.
DEBUG - 2025-12-22 12:30:31 --> Session: Class initialized using 'CodeIgniter\Session\Handlers\FileHandler' driver.
DEBUG - 2025-12-22 12:30:42 --> Session: Class initialized using 'CodeIgniter\Session\Handlers\FileHandler' driver.
DEBUG - 2025-12-22 12:30:42 --> Session: Class initialized using 'CodeIgniter\Session\Handlers\FileHandler' driver.
DEBUG - 2025-12-22 12:30:45 --> Session: Class initialized using 'CodeIgniter\Session\Handlers\FileHandler' driver.
DEBUG - 2025-12-22 12:30:47 --> Session: Class initialized using 'CodeIgniter\Session\Handlers\FileHandler' driver.
DEBUG - 2025-12-22 12:30:47 --> Session: Class initialized using 'CodeIgniter\Session\Handlers\FileHandler' driver.
DEBUG - 2025-12-22 12:30:49 --> Session: Class initialized using 'CodeIgniter\Session\Handlers\FileHandler' driver.
DEBUG - 2025-12-22 12:30:49 --> Session: Class initialized using 'CodeIgniter\Session\Handlers\FileHandler' driver.
DEBUG - 2025-12-22 12:30:49 --> Session: Class initialized using 'CodeIgniter\Session\Handlers\FileHandler' driver.
DEBUG - 2025-12-22 12:30:50 --> Session: Class initialized using 'CodeIgniter\Session\Handlers\FileHandler' driver.
DEBUG - 2025-12-22 12:30:51 --> Session: Class initialized using 'CodeIgniter\Session\Handlers\FileHandler' driver.
DEBUG - 2025-12-22 12:30:53 --> Session: Class initialized using 'CodeIgniter\Session\Handlers\FileHandler' driver.
DEBUG - 2025-12-22 12:30:53 --> Session: Class initialized using 'CodeIgniter\Session\Handlers\FileHandler' driver.
DEBUG - 2025-12-22 12:30:53 --> Session: Class initialized using 'CodeIgniter\Session\Handlers\FileHandler' driver.
DEBUG - 2025-12-22 12:30:53 --> Session: Class initialized using 'CodeIgniter\Session\Handlers\FileHandler' driver.
DEBUG - 2025-12-22 12:40:33 --> Session: Class initialized using 'CodeIgniter\Session\Handlers\FileHandler' driver.
DEBUG - 2025-12-22 12:40:35 --> Session: Class initialized using 'CodeIgniter\Session\Handlers\FileHandler' driver.
DEBUG - 2025-12-22 12:40:35 --> Session: Class initialized using 'CodeIgniter\Session\Handlers\FileHandler' driver.
DEBUG - 2025-12-22 12:40:35 --> Session: Class initialized using 'CodeIgniter\Session\Handlers\FileHandler' driver.
DEBUG - 2025-12-22 12:40:35 --> Session: Class initialized using 'CodeIgniter\Session\Handlers\FileHandler' driver.
DEBUG - 2025-12-22 12:40:44 --> Session: Class initialized using 'CodeIgniter\Session\Handlers\FileHandler' driver.
DEBUG - 2025-12-22 12:40:47 --> Session: Class initialized using 'CodeIgniter\Session\Handlers\FileHandler' driver.
DEBUG - 2025-12-22 12:40:47 --> Session: Class initialized using 'CodeIgniter\Session\Handlers\FileHandler' driver.
DEBUG - 2025-12-22 12:40:47 --> Session: Class initialized using 'CodeIgniter\Session\Handlers\FileHandler' driver.
DEBUG - 2025-12-22 12:40:47 --> Session: Class initialized using 'CodeIgniter\Session\Handlers\FileHandler' driver.
DEBUG - 2025-12-22 12:41:14 --> Session: Class initialized using 'CodeIgniter\Session\Handlers\FileHandler' driver.
DEBUG - 2025-12-22 12:41:16 --> Session: Class initialized using 'CodeIgniter\Session\Handlers\FileHandler' driver.
DEBUG - 2025-12-22 12:41:28 --> Session: Class initialized using 'CodeIgniter\Session\Handlers\FileHandler' driver.
DEBUG - 2025-12-22 12:41:32 --> Session: Class initialized using 'CodeIgniter\Session\Handlers\FileHandler' driver.
DEBUG - 2025-12-22 12:41:32 --> Session: Class initialized using 'CodeIgniter\Session\Handlers\FileHandler' driver.
DEBUG - 2025-12-22 12:41:32 --> Session: Class initialized using 'CodeIgniter\Session\Handlers\FileHandler' driver.
DEBUG - 2025-12-22 12:41:32 --> Session: Class initialized using 'CodeIgniter\Session\Handlers\FileHandler' driver.
DEBUG - 2025-12-22 12:41:36 --> Session: Class initialized using 'CodeIgniter\Session\Handlers\FileHandler' driver.
DEBUG - 2025-12-22 12:41:40 --> Session: Class initialized using 'CodeIgniter\Session\Handlers\FileHandler' driver.
DEBUG - 2025-12-22 12:41:40 --> Session: Class initialized using 'CodeIgniter\Session\Handlers\FileHandler' driver.
DEBUG - 2025-12-22 12:41:40 --> Session: Class initialized using 'CodeIgniter\Session\Handlers\FileHandler' driver.
DEBUG - 2025-12-22 12:41:40 --> Session: Class initialized using 'CodeIgniter\Session\Handlers\FileHandler' driver.
DEBUG - 2025-12-22 12:41:44 --> Session: Class initialized using 'CodeIgniter\Session\Handlers\FileHandler' driver.
DEBUG - 2025-12-22 12:41:46 --> Session: Class initialized using 'CodeIgniter\Session\Handlers\FileHandler' driver.
DEBUG - 2025-12-22 12:41:46 --> Session: Class initialized using 'CodeIgniter\Session\Handlers\FileHandler' driver.
DEBUG - 2025-12-22 12:41:46 --> Session: Class initialized using 'CodeIgniter\Session\Handlers\FileHandler' driver.
DEBUG - 2025-12-22 12:41:46 --> Session: Class initialized using 'CodeIgniter\Session\Handlers\FileHandler' driver.
DEBUG - 2025-12-22 12:41:48 --> Session: Class initialized using 'CodeIgniter\Session\Handlers\FileHandler' driver.
DEBUG - 2025-12-22 12:41:50 --> Session: Class initialized using 'CodeIgniter\Session\Handlers\FileHandler' driver.
DEBUG - 2025-12-22 12:41:50 --> Session: Class initialized using 'CodeIgniter\Session\Handlers\FileHandler' driver.
DEBUG - 2025-12-22 12:41:50 --> Session: Class initialized using 'CodeIgniter\Session\Handlers\FileHandler' driver.
DEBUG - 2025-12-22 12:41:50 --> Session: Class initialized using 'CodeIgniter\Session\Handlers\FileHandler' driver.
DEBUG - 2025-12-22 12:42:21 --> Session: Class initialized using 'CodeIgniter\Session\Handlers\FileHandler' driver.
DEBUG - 2025-12-22 12:42:23 --> Session: Class initialized using 'CodeIgniter\Session\Handlers\FileHandler' driver.
DEBUG - 2025-12-22 12:42:23 --> Session: Class initialized using 'CodeIgniter\Session\Handlers\FileHandler' driver.
DEBUG - 2025-12-22 12:42:23 --> Session: Class initialized using 'CodeIgniter\Session\Handlers\FileHandler' driver.
DEBUG - 2025-12-22 12:42:23 --> Session: Class initialized using 'CodeIgniter\Session\Handlers\FileHandler' driver.
DEBUG - 2025-12-22 12:42:33 --> Session: Class initialized using 'CodeIgniter\Session\Handlers\FileHandler' driver.
DEBUG - 2025-12-22 12:42:36 --> Session: Class initialized using 'CodeIgniter\Session\Handlers\FileHandler' driver.
DEBUG - 2025-12-22 12:42:36 --> Session: Class initialized using 'CodeIgniter\Session\Handlers\FileHandler' driver.
DEBUG - 2025-12-22 12:42:37 --> Session: Class initialized using 'CodeIgniter\Session\Handlers\FileHandler' driver.
DEBUG - 2025-12-22 12:42:37 --> Session: Class initialized using 'CodeIgniter\Session\Handlers\FileHandler' driver.
DEBUG - 2025-12-22 12:42:40 --> Session: Class initialized using 'CodeIgniter\Session\Handlers\FileHandler' driver.
DEBUG - 2025-12-22 12:42:40 --> Session: Class initialized using 'CodeIgniter\Session\Handlers\FileHandler' driver.
DEBUG - 2025-12-22 12:42:40 --> Session: Class initialized using 'CodeIgniter\Session\Handlers\FileHandler' driver.
DEBUG - 2025-12-22 12:42:40 --> Session: Class initialized using 'CodeIgniter\Session\Handlers\FileHandler' driver.
DEBUG - 2025-12-22 12:42:41 --> Session: Class initialized using 'CodeIgniter\Session\Handlers\FileHandler' driver.
DEBUG - 2025-12-22 12:42:42 --> Session: Class initialized using 'CodeIgniter\Session\Handlers\FileHandler' driver.
DEBUG - 2025-12-22 12:42:42 --> Session: Class initialized using 'CodeIgniter\Session\Handlers\FileHandler' driver.
DEBUG - 2025-12-22 12:42:42 --> Session: Class initialized using 'CodeIgniter\Session\Handlers\FileHandler' driver.
DEBUG - 2025-12-22 12:42:43 --> Session: Class initialized using 'CodeIgniter\Session\Handlers\FileHandler' driver.
DEBUG - 2025-12-22 12:42:43 --> Session: Class initialized using 'CodeIgniter\Session\Handlers\FileHandler' driver.
DEBUG - 2025-12-22 12:42:43 --> Session: Class initialized using 'CodeIgniter\Session\Handlers\FileHandler' driver.
DEBUG - 2025-12-22 12:42:43 --> Session: Class initialized using 'CodeIgniter\Session\Handlers\FileHandler' driver.
DEBUG - 2025-12-22 12:42:44 --> Session: Class initialized using 'CodeIgniter\Session\Handlers\FileHandler' driver.
DEBUG - 2025-12-22 12:42:44 --> Session: Class initialized using 'CodeIgniter\Session\Handlers\FileHandler' driver.
DEBUG - 2025-12-22 12:42:44 --> Session: Class initialized using 'CodeIgniter\Session\Handlers\FileHandler' driver.
DEBUG - 2025-12-22 12:42:44 --> Session: Class initialized using 'CodeIgniter\Session\Handlers\FileHandler' driver.
DEBUG - 2025-12-22 12:42:45 --> Session: Class initialized using 'CodeIgniter\Session\Handlers\FileHandler' driver.
DEBUG - 2025-12-22 12:42:45 --> Session: Class initialized using 'CodeIgniter\Session\Handlers\FileHandler' driver.
DEBUG - 2025-12-22 12:42:45 --> Session: Class initialized using 'CodeIgniter\Session\Handlers\FileHandler' driver.
DEBUG - 2025-12-22 12:42:45 --> Session: Class initialized using 'CodeIgniter\Session\Handlers\FileHandler' driver.
DEBUG - 2025-12-22 12:42:51 --> Session: Class initialized using 'CodeIgniter\Session\Handlers\FileHandler' driver.
DEBUG - 2025-12-22 12:42:52 --> Session: Class initialized using 'CodeIgniter\Session\Handlers\FileHandler' driver.
DEBUG - 2025-12-22 12:42:52 --> Session: Class initialized using 'CodeIgniter\Session\Handlers\FileHandler' driver.
DEBUG - 2025-12-22 12:42:53 --> Session: Class initialized using 'CodeIgniter\Session\Handlers\FileHandler' driver.
DEBUG - 2025-12-22 12:42:53 --> Session: Class initialized using 'CodeIgniter\Session\Handlers\FileHandler' driver.
DEBUG - 2025-12-22 12:42:55 --> Session: Class initialized using 'CodeIgniter\Session\Handlers\FileHandler' driver.
DEBUG - 2025-12-22 12:42:55 --> Session: Class initialized using 'CodeIgniter\Session\Handlers\FileHandler' driver.
DEBUG - 2025-12-22 12:42:55 --> Session: Class initialized using 'CodeIgniter\Session\Handlers\FileHandler' driver.
DEBUG - 2025-12-22 12:42:55 --> Session: Class initialized using 'CodeIgniter\Session\Handlers\FileHandler' driver.
DEBUG - 2025-12-22 12:42:57 --> Session: Class initialized using 'CodeIgniter\Session\Handlers\FileHandler' driver.
DEBUG - 2025-12-22 12:42:58 --> Session: Class initialized using 'CodeIgniter\Session\Handlers\FileHandler' driver.
DEBUG - 2025-12-22 12:42:58 --> Session: Class initialized using 'CodeIgniter\Session\Handlers\FileHandler' driver.
DEBUG - 2025-12-22 12:42:58 --> Session: Class initialized using 'CodeIgniter\Session\Handlers\FileHandler' driver.
DEBUG - 2025-12-22 12:42:58 --> Session: Class initialized using 'CodeIgniter\Session\Handlers\FileHandler' driver.
DEBUG - 2025-12-22 12:43:18 --> Session: Class initialized using 'CodeIgniter\Session\Handlers\FileHandler' driver.
DEBUG - 2025-12-22 12:43:20 --> Session: Class initialized using 'CodeIgniter\Session\Handlers\FileHandler' driver.
DEBUG - 2025-12-22 12:43:20 --> Session: Class initialized using 'CodeIgniter\Session\Handlers\FileHandler' driver.
DEBUG - 2025-12-22 12:43:20 --> Session: Class initialized using 'CodeIgniter\Session\Handlers\FileHandler' driver.
DEBUG - 2025-12-22 12:43:20 --> Session: Class initialized using 'CodeIgniter\Session\Handlers\FileHandler' driver.
DEBUG - 2025-12-22 12:44:06 --> Session: Class initialized using 'CodeIgniter\Session\Handlers\FileHandler' driver.
DEBUG - 2025-12-22 12:44:08 --> Session: Class initialized using 'CodeIgniter\Session\Handlers\FileHandler' driver.
DEBUG - 2025-12-22 12:44:08 --> Session: Class initialized using 'CodeIgniter\Session\Handlers\FileHandler' driver.
DEBUG - 2025-12-22 12:44:08 --> Session: Class initialized using 'CodeIgniter\Session\Handlers\FileHandler' driver.
DEBUG - 2025-12-22 12:44:08 --> Session: Class initialized using 'CodeIgniter\Session\Handlers\FileHandler' driver.
DEBUG - 2025-12-22 12:44:11 --> Session: Class initialized using 'CodeIgniter\Session\Handlers\FileHandler' driver.
DEBUG - 2025-12-22 12:44:12 --> Session: Class initialized using 'CodeIgniter\Session\Handlers\FileHandler' driver.
DEBUG - 2025-12-22 12:44:12 --> Session: Class initialized using 'CodeIgniter\Session\Handlers\FileHandler' driver.
DEBUG - 2025-12-22 12:44:12 --> Session: Class initialized using 'CodeIgniter\Session\Handlers\FileHandler' driver.
DEBUG - 2025-12-22 12:44:12 --> Session: Class initialized using 'CodeIgniter\Session\Handlers\FileHandler' driver.
DEBUG - 2025-12-22 12:44:15 --> Session: Class initialized using 'CodeIgniter\Session\Handlers\FileHandler' driver.
DEBUG - 2025-12-22 12:44:17 --> Session: Class initialized using 'CodeIgniter\Session\Handlers\FileHandler' driver.
DEBUG - 2025-12-22 12:44:17 --> Session: Class initialized using 'CodeIgniter\Session\Handlers\FileHandler' driver.
DEBUG - 2025-12-22 12:44:17 --> Session: Class initialized using 'CodeIgniter\Session\Handlers\FileHandler' driver.
DEBUG - 2025-12-22 12:44:17 --> Session: Class initialized using 'CodeIgniter\Session\Handlers\FileHandler' driver.
DEBUG - 2025-12-22 12:57:18 --> Session: Class initialized using 'CodeIgniter\Session\Handlers\FileHandler' driver.
DEBUG - 2025-12-22 12:57:19 --> Session: Class initialized using 'CodeIgniter\Session\Handlers\FileHandler' driver.
DEBUG - 2025-12-22 12:57:43 --> Session: Class initialized using 'CodeIgniter\Session\Handlers\FileHandler' driver.
DEBUG - 2025-12-22 12:57:43 --> Session: Class initialized using 'CodeIgniter\Session\Handlers\FileHandler' driver.
DEBUG - 2025-12-22 12:57:45 --> Session: Class initialized using 'CodeIgniter\Session\Handlers\FileHandler' driver.
INFO - 2025-12-22 12:57:45 --> getSightName(0) returned: 0 rows
INFO - 2025-12-22 12:57:45 --> getSightName(0) returned: 0 rows
INFO - 2025-12-22 12:57:45 --> getSightName(0) returned: 0 rows
DEBUG - 2025-12-22 12:58:40 --> Session: Class initialized using 'CodeIgniter\Session\Handlers\FileHandler' driver.
DEBUG - 2025-12-22 12:58:40 --> Session: Class initialized using 'CodeIgniter\Session\Handlers\FileHandler' driver.
DEBUG - 2025-12-22 12:58:41 --> Session: Class initialized using 'CodeIgniter\Session\Handlers\FileHandler' driver.
INFO - 2025-12-22 12:58:41 --> getSightName(0) returned: 0 rows
INFO - 2025-12-22 12:58:41 --> getSightName(0) returned: 0 rows
INFO - 2025-12-22 12:58:41 --> getSightName(0) returned: 0 rows
DEBUG - 2025-12-22 12:59:21 --> Session: Class initialized using 'CodeIgniter\Session\Handlers\FileHandler' driver.
DEBUG - 2025-12-22 12:59:21 --> Session: Class initialized using 'CodeIgniter\Session\Handlers\FileHandler' driver.
DEBUG - 2025-12-22 12:59:23 --> Session: Class initialized using 'CodeIgniter\Session\Handlers\FileHandler' driver.
INFO - 2025-12-22 12:59:23 --> getSightName(0) returned: 0 rows
INFO - 2025-12-22 12:59:23 --> getSightName(0) returned: 0 rows
INFO - 2025-12-22 12:59:23 --> getSightName(0) returned: 0 rows
DEBUG - 2025-12-22 12:59:35 --> Session: Class initialized using 'CodeIgniter\Session\Handlers\FileHandler' driver.
DEBUG - 2025-12-22 12:59:35 --> Session: Class initialized using 'CodeIgniter\Session\Handlers\FileHandler' driver.
DEBUG - 2025-12-22 12:59:37 --> Session: Class initialized using 'CodeIgniter\Session\Handlers\FileHandler' driver.
INFO - 2025-12-22 12:59:38 --> getSightName(0) returned: 0 rows
INFO - 2025-12-22 12:59:38 --> getSightName(0) returned: 0 rows
INFO - 2025-12-22 12:59:38 --> getSightName(0) returned: 0 rows
DEBUG - 2025-12-22 13:00:06 --> Session: Class initialized using 'CodeIgniter\Session\Handlers\FileHandler' driver.
INFO - 2025-12-22 13:00:07 --> getSightName(0) returned: 0 rows
INFO - 2025-12-22 13:00:07 --> getSightName(0) returned: 0 rows
INFO - 2025-12-22 13:00:07 --> getSightName(0) returned: 0 rows
DEBUG - 2025-12-22 13:00:33 --> Session: Class initialized using 'CodeIgniter\Session\Handlers\FileHandler' driver.
DEBUG - 2025-12-22 13:00:33 --> Session: Class initialized using 'CodeIgniter\Session\Handlers\FileHandler' driver.
DEBUG - 2025-12-22 13:00:34 --> Session: Class initialized using 'CodeIgniter\Session\Handlers\FileHandler' driver.
INFO - 2025-12-22 13:00:34 --> getSightName(0) returned: 0 rows
INFO - 2025-12-22 13:00:34 --> getSightName(0) returned: 0 rows
INFO - 2025-12-22 13:00:34 --> getSightName(0) returned: 0 rows
DEBUG - 2025-12-22 13:00:43 --> Session: Class initialized using 'CodeIgniter\Session\Handlers\FileHandler' driver.
DEBUG - 2025-12-22 13:00:43 --> Session: Class initialized using 'CodeIgniter\Session\Handlers\FileHandler' driver.
DEBUG - 2025-12-22 13:00:45 --> Session: Class initialized using 'CodeIgniter\Session\Handlers\FileHandler' driver.
INFO - 2025-12-22 13:00:45 --> getSightName(0) returned: 0 rows
INFO - 2025-12-22 13:00:45 --> getSightName(0) returned: 0 rows
INFO - 2025-12-22 13:00:45 --> getSightName(0) returned: 0 rows
DEBUG - 2025-12-22 13:00:59 --> Session: Class initialized using 'CodeIgniter\Session\Handlers\FileHandler' driver.
DEBUG - 2025-12-22 13:00:59 --> Session: Class initialized using 'CodeIgniter\Session\Handlers\FileHandler' driver.
DEBUG - 2025-12-22 13:01:00 --> Session: Class initialized using 'CodeIgniter\Session\Handlers\FileHandler' driver.
INFO - 2025-12-22 13:01:00 --> getSightName(0) returned: 0 rows
INFO - 2025-12-22 13:01:00 --> getSightName(0) returned: 0 rows
INFO - 2025-12-22 13:01:00 --> getSightName(0) returned: 0 rows
DEBUG - 2025-12-22 13:01:22 --> Session: Class initialized using 'CodeIgniter\Session\Handlers\FileHandler' driver.
DEBUG - 2025-12-22 13:01:22 --> Session: Class initialized using 'CodeIgniter\Session\Handlers\FileHandler' driver.
DEBUG - 2025-12-22 13:01:23 --> Session: Class initialized using 'CodeIgniter\Session\Handlers\FileHandler' driver.
INFO - 2025-12-22 13:01:23 --> getSightName(0) returned: 0 rows
INFO - 2025-12-22 13:01:23 --> getSightName(0) returned: 0 rows
INFO - 2025-12-22 13:01:23 --> getSightName(0) returned: 0 rows
DEBUG - 2025-12-22 13:01:37 --> Session: Class initialized using 'CodeIgniter\Session\Handlers\FileHandler' driver.
DEBUG - 2025-12-22 13:01:37 --> Session: Class initialized using 'CodeIgniter\Session\Handlers\FileHandler' driver.
DEBUG - 2025-12-22 13:01:39 --> Session: Class initialized using 'CodeIgniter\Session\Handlers\FileHandler' driver.
INFO - 2025-12-22 13:01:39 --> getSightName(0) returned: 0 rows
INFO - 2025-12-22 13:01:39 --> getSightName(0) returned: 0 rows
INFO - 2025-12-22 13:01:39 --> getSightName(0) returned: 0 rows
DEBUG - 2025-12-22 13:02:15 --> Session: Class initialized using 'CodeIgniter\Session\Handlers\FileHandler' driver.
DEBUG - 2025-12-22 13:02:15 --> Session: Class initialized using 'CodeIgniter\Session\Handlers\FileHandler' driver.
DEBUG - 2025-12-22 13:02:16 --> Session: Class initialized using 'CodeIgniter\Session\Handlers\FileHandler' driver.
INFO - 2025-12-22 13:02:16 --> getSightName(0) returned: 0 rows
INFO - 2025-12-22 13:02:16 --> getSightName(0) returned: 0 rows
INFO - 2025-12-22 13:02:16 --> getSightName(0) returned: 0 rows
DEBUG - 2025-12-22 13:03:19 --> Session: Class initialized using 'CodeIgniter\Session\Handlers\FileHandler' driver.
DEBUG - 2025-12-22 13:03:19 --> Session: Class initialized using 'CodeIgniter\Session\Handlers\FileHandler' driver.
DEBUG - 2025-12-22 13:03:21 --> Session: Class initialized using 'CodeIgniter\Session\Handlers\FileHandler' driver.
INFO - 2025-12-22 13:03:21 --> getSightName(0) returned: 0 rows
INFO - 2025-12-22 13:03:21 --> getSightName(0) returned: 0 rows
INFO - 2025-12-22 13:03:21 --> getSightName(0) returned: 0 rows
DEBUG - 2025-12-22 13:24:41 --> Session: Class initialized using 'CodeIgniter\Session\Handlers\FileHandler' driver.
DEBUG - 2025-12-22 13:24:41 --> Session: Class initialized using 'CodeIgniter\Session\Handlers\FileHandler' driver.
DEBUG - 2025-12-22 13:24:43 --> Session: Class initialized using 'CodeIgniter\Session\Handlers\FileHandler' driver.
DEBUG - 2025-12-22 13:24:44 --> Session: Class initialized using 'CodeIgniter\Session\Handlers\FileHandler' driver.
DEBUG - 2025-12-22 13:24:46 --> Session: Class initialized using 'CodeIgniter\Session\Handlers\FileHandler' driver.
DEBUG - 2025-12-22 13:24:46 --> Session: Class initialized using 'CodeIgniter\Session\Handlers\FileHandler' driver.
DEBUG - 2025-12-22 13:24:47 --> Session: Class initialized using 'CodeIgniter\Session\Handlers\FileHandler' driver.
DEBUG - 2025-12-22 13:24:48 --> Session: Class initialized using 'CodeIgniter\Session\Handlers\FileHandler' driver.
DEBUG - 2025-12-22 13:24:49 --> Session: Class initialized using 'CodeIgniter\Session\Handlers\FileHandler' driver.
DEBUG - 2025-12-22 13:24:49 --> Session: Class initialized using 'CodeIgniter\Session\Handlers\FileHandler' driver.
DEBUG - 2025-12-22 13:24:50 --> Session: Class initialized using 'CodeIgniter\Session\Handlers\FileHandler' driver.
DEBUG - 2025-12-22 13:24:51 --> Session: Class initialized using 'CodeIgniter\Session\Handlers\FileHandler' driver.
