DEBUG - 2026-01-08 06:18:10 --> Session: Class initialized using 'CodeIgniter\Session\Handlers\FileHandler' driver.
DEBUG - 2026-01-08 06:18:20 --> Session: Class initialized using 'CodeIgniter\Session\Handlers\FileHandler' driver.
DEBUG - 2026-01-08 06:18:21 --> Session: Class initialized using 'CodeIgniter\Session\Handlers\FileHandler' driver.
WARNING - 2026-01-08 06:18:21 --> [DEPRECATED] round(): Passing null to parameter #1 ($num) of type int|float is deprecated in APPPATH\Controllers\Dashboard.php on line 241.
 1 APPPATH\Controllers\Dashboard.php(241): round(null, 2)
 2 SYSTEMPATH\CodeIgniter.php(933): App\Controllers\Dashboard->index()
 3 SYSTEMPATH\CodeIgniter.php(509): CodeIgniter\CodeIgniter->runController(Object(App\Controllers\Dashboard))
 4 SYSTEMPATH\CodeIgniter.php(355): CodeIgniter\CodeIgniter->handleRequest(null, Object(Config\Cache), false)
 5 SYSTEMPATH\Boot.php(334): CodeIgniter\CodeIgniter->run()
 6 SYSTEMPATH\Boot.php(67): CodeIgniter\Boot::runCodeIgniter(Object(CodeIgniter\CodeIgniter))
 7 FCPATH\index.php(56): CodeIgniter\Boot::bootWeb(Object(Config\Paths))
WARNING - 2026-01-08 06:18:21 --> [DEPRECATED] round(): Passing null to parameter #1 ($num) of type int|float is deprecated in APPPATH\Controllers\Dashboard.php on line 247.
 1 APPPATH\Controllers\Dashboard.php(247): round(null, 2)
 2 SYSTEMPATH\CodeIgniter.php(933): App\Controllers\Dashboard->index()
 3 SYSTEMPATH\CodeIgniter.php(509): CodeIgniter\CodeIgniter->runController(Object(App\Controllers\Dashboard))
 4 SYSTEMPATH\CodeIgniter.php(355): CodeIgniter\CodeIgniter->handleRequest(null, Object(Config\Cache), false)
 5 SYSTEMPATH\Boot.php(334): CodeIgniter\CodeIgniter->run()
 6 SYSTEMPATH\Boot.php(67): CodeIgniter\Boot::runCodeIgniter(Object(CodeIgniter\CodeIgniter))
 7 FCPATH\index.php(56): CodeIgniter\Boot::bootWeb(Object(Config\Paths))
DEBUG - 2026-01-08 06:18:26 --> Session: Class initialized using 'CodeIgniter\Session\Handlers\FileHandler' driver.
WARNING - 2026-01-08 06:18:26 --> [DEPRECATED] Optional parameter $enquiry_header_id declared before required parameter $current_extension_ref_id is implicitly treated as a required parameter in APPPATH\Models\Enquiry_m.php on line 2218.
 1 SYSTEMPATH\Autoloader\Autoloader.php(316): include_once('C:\\laragon\\www\\khm\\system\\Debug\\Exceptions.php')
 2 SYSTEMPATH\Autoloader\Autoloader.php(295): CodeIgniter\Autoloader\Autoloader->includeFile('C:\\laragon\\www\\khm\\app\\Models\\Enquiry_m.php')
 3 SYSTEMPATH\Autoloader\Autoloader.php(271): CodeIgniter\Autoloader\Autoloader->loadInNamespace('App\\Models\\Enquiry_m')
 4 APPPATH\Controllers\Enquiry.php(18): CodeIgniter\Autoloader\Autoloader->loadClass('App\\Models\\Enquiry_m')
 5 SYSTEMPATH\CodeIgniter.php(933): App\Controllers\Enquiry->enquiry_list_view('10')
 6 SYSTEMPATH\CodeIgniter.php(509): CodeIgniter\CodeIgniter->runController(Object(App\Controllers\Enquiry))
 7 SYSTEMPATH\CodeIgniter.php(355): CodeIgniter\CodeIgniter->handleRequest(null, Object(Config\Cache), false)
 8 SYSTEMPATH\Boot.php(334): CodeIgniter\CodeIgniter->run()
 9 SYSTEMPATH\Boot.php(67): CodeIgniter\Boot::runCodeIgniter(Object(CodeIgniter\CodeIgniter))
10 FCPATH\index.php(56): CodeIgniter\Boot::bootWeb(Object(Config\Paths))
WARNING - 2026-01-08 06:18:26 --> [DEPRECATED] Optional parameter $enquiry_details_id declared before required parameter $current_extension_ref_id is implicitly treated as a required parameter in APPPATH\Models\Enquiry_m.php on line 2218.
 1 SYSTEMPATH\Autoloader\Autoloader.php(316): include_once('C:\\laragon\\www\\khm\\system\\Debug\\Exceptions.php')
 2 SYSTEMPATH\Autoloader\Autoloader.php(295): CodeIgniter\Autoloader\Autoloader->includeFile('C:\\laragon\\www\\khm\\app\\Models\\Enquiry_m.php')
 3 SYSTEMPATH\Autoloader\Autoloader.php(271): CodeIgniter\Autoloader\Autoloader->loadInNamespace('App\\Models\\Enquiry_m')
 4 APPPATH\Controllers\Enquiry.php(18): CodeIgniter\Autoloader\Autoloader->loadClass('App\\Models\\Enquiry_m')
 5 SYSTEMPATH\CodeIgniter.php(933): App\Controllers\Enquiry->enquiry_list_view('10')
 6 SYSTEMPATH\CodeIgniter.php(509): CodeIgniter\CodeIgniter->runController(Object(App\Controllers\Enquiry))
 7 SYSTEMPATH\CodeIgniter.php(355): CodeIgniter\CodeIgniter->handleRequest(null, Object(Config\Cache), false)
 8 SYSTEMPATH\Boot.php(334): CodeIgniter\CodeIgniter->run()
 9 SYSTEMPATH\Boot.php(67): CodeIgniter\Boot::runCodeIgniter(Object(CodeIgniter\CodeIgniter))
10 FCPATH\index.php(56): CodeIgniter\Boot::bootWeb(Object(Config\Paths))
DEBUG - 2026-01-08 06:18:28 --> Session: Class initialized using 'CodeIgniter\Session\Handlers\FileHandler' driver.
WARNING - 2026-01-08 06:18:28 --> [DEPRECATED] Optional parameter $enquiry_header_id declared before required parameter $current_extension_ref_id is implicitly treated as a required parameter in APPPATH\Models\Enquiry_m.php on line 2218.
 1 SYSTEMPATH\Autoloader\Autoloader.php(316): include_once('C:\\laragon\\www\\khm\\system\\Debug\\Exceptions.php')
 2 SYSTEMPATH\Autoloader\Autoloader.php(295): CodeIgniter\Autoloader\Autoloader->includeFile('C:\\laragon\\www\\khm\\app\\Models\\Enquiry_m.php')
 3 SYSTEMPATH\Autoloader\Autoloader.php(271): CodeIgniter\Autoloader\Autoloader->loadInNamespace('App\\Models\\Enquiry_m')
 4 APPPATH\Controllers\Enquiry.php(18): CodeIgniter\Autoloader\Autoloader->loadClass('App\\Models\\Enquiry_m')
 5 SYSTEMPATH\CodeIgniter.php(933): App\Controllers\Enquiry->enquiry_list_view('10')
 6 SYSTEMPATH\CodeIgniter.php(509): CodeIgniter\CodeIgniter->runController(Object(App\Controllers\Enquiry))
 7 SYSTEMPATH\CodeIgniter.php(355): CodeIgniter\CodeIgniter->handleRequest(null, Object(Config\Cache), false)
 8 SYSTEMPATH\Boot.php(334): CodeIgniter\CodeIgniter->run()
 9 SYSTEMPATH\Boot.php(67): CodeIgniter\Boot::runCodeIgniter(Object(CodeIgniter\CodeIgniter))
10 FCPATH\index.php(56): CodeIgniter\Boot::bootWeb(Object(Config\Paths))
WARNING - 2026-01-08 06:18:28 --> [DEPRECATED] Optional parameter $enquiry_details_id declared before required parameter $current_extension_ref_id is implicitly treated as a required parameter in APPPATH\Models\Enquiry_m.php on line 2218.
 1 SYSTEMPATH\Autoloader\Autoloader.php(316): include_once('C:\\laragon\\www\\khm\\system\\Debug\\Exceptions.php')
 2 SYSTEMPATH\Autoloader\Autoloader.php(295): CodeIgniter\Autoloader\Autoloader->includeFile('C:\\laragon\\www\\khm\\app\\Models\\Enquiry_m.php')
 3 SYSTEMPATH\Autoloader\Autoloader.php(271): CodeIgniter\Autoloader\Autoloader->loadInNamespace('App\\Models\\Enquiry_m')
 4 APPPATH\Controllers\Enquiry.php(18): CodeIgniter\Autoloader\Autoloader->loadClass('App\\Models\\Enquiry_m')
 5 SYSTEMPATH\CodeIgniter.php(933): App\Controllers\Enquiry->enquiry_list_view('10')
 6 SYSTEMPATH\CodeIgniter.php(509): CodeIgniter\CodeIgniter->runController(Object(App\Controllers\Enquiry))
 7 SYSTEMPATH\CodeIgniter.php(355): CodeIgniter\CodeIgniter->handleRequest(null, Object(Config\Cache), false)
 8 SYSTEMPATH\Boot.php(334): CodeIgniter\CodeIgniter->run()
 9 SYSTEMPATH\Boot.php(67): CodeIgniter\Boot::runCodeIgniter(Object(CodeIgniter\CodeIgniter))
10 FCPATH\index.php(56): CodeIgniter\Boot::bootWeb(Object(Config\Paths))
DEBUG - 2026-01-08 06:18:28 --> Session: Class initialized using 'CodeIgniter\Session\Handlers\FileHandler' driver.
WARNING - 2026-01-08 06:18:28 --> [DEPRECATED] Optional parameter $enquiry_header_id declared before required parameter $current_extension_ref_id is implicitly treated as a required parameter in APPPATH\Models\Enquiry_m.php on line 2218.
 1 SYSTEMPATH\Autoloader\Autoloader.php(316): include_once('C:\\laragon\\www\\khm\\system\\Debug\\Exceptions.php')
 2 SYSTEMPATH\Autoloader\Autoloader.php(295): CodeIgniter\Autoloader\Autoloader->includeFile('C:\\laragon\\www\\khm\\app\\Models\\Enquiry_m.php')
 3 SYSTEMPATH\Autoloader\Autoloader.php(271): CodeIgniter\Autoloader\Autoloader->loadInNamespace('App\\Models\\Enquiry_m')
 4 APPPATH\Controllers\Enquiry.php(670): CodeIgniter\Autoloader\Autoloader->loadClass('App\\Models\\Enquiry_m')
 5 SYSTEMPATH\CodeIgniter.php(933): App\Controllers\Enquiry->enquiry_list_data()
 6 SYSTEMPATH\CodeIgniter.php(509): CodeIgniter\CodeIgniter->runController(Object(App\Controllers\Enquiry))
 7 SYSTEMPATH\CodeIgniter.php(355): CodeIgniter\CodeIgniter->handleRequest(null, Object(Config\Cache), false)
 8 SYSTEMPATH\Boot.php(334): CodeIgniter\CodeIgniter->run()
 9 SYSTEMPATH\Boot.php(67): CodeIgniter\Boot::runCodeIgniter(Object(CodeIgniter\CodeIgniter))
10 FCPATH\index.php(56): CodeIgniter\Boot::bootWeb(Object(Config\Paths))
WARNING - 2026-01-08 06:18:28 --> [DEPRECATED] Optional parameter $enquiry_details_id declared before required parameter $current_extension_ref_id is implicitly treated as a required parameter in APPPATH\Models\Enquiry_m.php on line 2218.
 1 SYSTEMPATH\Autoloader\Autoloader.php(316): include_once('C:\\laragon\\www\\khm\\system\\Debug\\Exceptions.php')
 2 SYSTEMPATH\Autoloader\Autoloader.php(295): CodeIgniter\Autoloader\Autoloader->includeFile('C:\\laragon\\www\\khm\\app\\Models\\Enquiry_m.php')
 3 SYSTEMPATH\Autoloader\Autoloader.php(271): CodeIgniter\Autoloader\Autoloader->loadInNamespace('App\\Models\\Enquiry_m')
 4 APPPATH\Controllers\Enquiry.php(670): CodeIgniter\Autoloader\Autoloader->loadClass('App\\Models\\Enquiry_m')
 5 SYSTEMPATH\CodeIgniter.php(933): App\Controllers\Enquiry->enquiry_list_data()
 6 SYSTEMPATH\CodeIgniter.php(509): CodeIgniter\CodeIgniter->runController(Object(App\Controllers\Enquiry))
 7 SYSTEMPATH\CodeIgniter.php(355): CodeIgniter\CodeIgniter->handleRequest(null, Object(Config\Cache), false)
 8 SYSTEMPATH\Boot.php(334): CodeIgniter\CodeIgniter->run()
 9 SYSTEMPATH\Boot.php(67): CodeIgniter\Boot::runCodeIgniter(Object(CodeIgniter\CodeIgniter))
10 FCPATH\index.php(56): CodeIgniter\Boot::bootWeb(Object(Config\Paths))
DEBUG - 2026-01-08 06:18:30 --> Session: Class initialized using 'CodeIgniter\Session\Handlers\FileHandler' driver.
WARNING - 2026-01-08 06:18:30 --> [DEPRECATED] Optional parameter $enquiry_header_id declared before required parameter $current_extension_ref_id is implicitly treated as a required parameter in APPPATH\Models\Enquiry_m.php on line 2218.
 1 SYSTEMPATH\Autoloader\Autoloader.php(316): include_once('C:\\laragon\\www\\khm\\system\\Debug\\Exceptions.php')
 2 SYSTEMPATH\Autoloader\Autoloader.php(295): CodeIgniter\Autoloader\Autoloader->includeFile('C:\\laragon\\www\\khm\\app\\Models\\Enquiry_m.php')
 3 SYSTEMPATH\Autoloader\Autoloader.php(271): CodeIgniter\Autoloader\Autoloader->loadInNamespace('App\\Models\\Enquiry_m')
 4 APPPATH\Controllers\Enquiry.php(581): CodeIgniter\Autoloader\Autoloader->loadClass('App\\Models\\Enquiry_m')
 5 SYSTEMPATH\CodeIgniter.php(933): App\Controllers\Enquiry->followup_form('281', '654')
 6 SYSTEMPATH\CodeIgniter.php(509): CodeIgniter\CodeIgniter->runController(Object(App\Controllers\Enquiry))
 7 SYSTEMPATH\CodeIgniter.php(355): CodeIgniter\CodeIgniter->handleRequest(null, Object(Config\Cache), false)
 8 SYSTEMPATH\Boot.php(334): CodeIgniter\CodeIgniter->run()
 9 SYSTEMPATH\Boot.php(67): CodeIgniter\Boot::runCodeIgniter(Object(CodeIgniter\CodeIgniter))
10 FCPATH\index.php(56): CodeIgniter\Boot::bootWeb(Object(Config\Paths))
WARNING - 2026-01-08 06:18:30 --> [DEPRECATED] Optional parameter $enquiry_details_id declared before required parameter $current_extension_ref_id is implicitly treated as a required parameter in APPPATH\Models\Enquiry_m.php on line 2218.
 1 SYSTEMPATH\Autoloader\Autoloader.php(316): include_once('C:\\laragon\\www\\khm\\system\\Debug\\Exceptions.php')
 2 SYSTEMPATH\Autoloader\Autoloader.php(295): CodeIgniter\Autoloader\Autoloader->includeFile('C:\\laragon\\www\\khm\\app\\Models\\Enquiry_m.php')
 3 SYSTEMPATH\Autoloader\Autoloader.php(271): CodeIgniter\Autoloader\Autoloader->loadInNamespace('App\\Models\\Enquiry_m')
 4 APPPATH\Controllers\Enquiry.php(581): CodeIgniter\Autoloader\Autoloader->loadClass('App\\Models\\Enquiry_m')
 5 SYSTEMPATH\CodeIgniter.php(933): App\Controllers\Enquiry->followup_form('281', '654')
 6 SYSTEMPATH\CodeIgniter.php(509): CodeIgniter\CodeIgniter->runController(Object(App\Controllers\Enquiry))
 7 SYSTEMPATH\CodeIgniter.php(355): CodeIgniter\CodeIgniter->handleRequest(null, Object(Config\Cache), false)
 8 SYSTEMPATH\Boot.php(334): CodeIgniter\CodeIgniter->run()
 9 SYSTEMPATH\Boot.php(67): CodeIgniter\Boot::runCodeIgniter(Object(CodeIgniter\CodeIgniter))
10 FCPATH\index.php(56): CodeIgniter\Boot::bootWeb(Object(Config\Paths))
DEBUG - 2026-01-08 06:18:31 --> Session: Class initialized using 'CodeIgniter\Session\Handlers\FileHandler' driver.
WARNING - 2026-01-08 06:18:31 --> [DEPRECATED] Optional parameter $enquiry_header_id declared before required parameter $current_extension_ref_id is implicitly treated as a required parameter in APPPATH\Models\Enquiry_m.php on line 2218.
 1 SYSTEMPATH\Autoloader\Autoloader.php(316): include_once('C:\\laragon\\www\\khm\\system\\Debug\\Exceptions.php')
 2 SYSTEMPATH\Autoloader\Autoloader.php(295): CodeIgniter\Autoloader\Autoloader->includeFile('C:\\laragon\\www\\khm\\app\\Models\\Enquiry_m.php')
 3 SYSTEMPATH\Autoloader\Autoloader.php(271): CodeIgniter\Autoloader\Autoloader->loadInNamespace('App\\Models\\Enquiry_m')
 4 APPPATH\Controllers\Enquiry.php(1941): CodeIgniter\Autoloader\Autoloader->loadClass('App\\Models\\Enquiry_m')
 5 SYSTEMPATH\CodeIgniter.php(933): App\Controllers\Enquiry->getSavedEventVendors()
 6 SYSTEMPATH\CodeIgniter.php(509): CodeIgniter\CodeIgniter->runController(Object(App\Controllers\Enquiry))
 7 SYSTEMPATH\CodeIgniter.php(355): CodeIgniter\CodeIgniter->handleRequest(null, Object(Config\Cache), false)
 8 SYSTEMPATH\Boot.php(334): CodeIgniter\CodeIgniter->run()
 9 SYSTEMPATH\Boot.php(67): CodeIgniter\Boot::runCodeIgniter(Object(CodeIgniter\CodeIgniter))
10 FCPATH\index.php(56): CodeIgniter\Boot::bootWeb(Object(Config\Paths))
WARNING - 2026-01-08 06:18:31 --> [DEPRECATED] Optional parameter $enquiry_details_id declared before required parameter $current_extension_ref_id is implicitly treated as a required parameter in APPPATH\Models\Enquiry_m.php on line 2218.
 1 SYSTEMPATH\Autoloader\Autoloader.php(316): include_once('C:\\laragon\\www\\khm\\system\\Debug\\Exceptions.php')
 2 SYSTEMPATH\Autoloader\Autoloader.php(295): CodeIgniter\Autoloader\Autoloader->includeFile('C:\\laragon\\www\\khm\\app\\Models\\Enquiry_m.php')
 3 SYSTEMPATH\Autoloader\Autoloader.php(271): CodeIgniter\Autoloader\Autoloader->loadInNamespace('App\\Models\\Enquiry_m')
 4 APPPATH\Controllers\Enquiry.php(1941): CodeIgniter\Autoloader\Autoloader->loadClass('App\\Models\\Enquiry_m')
 5 SYSTEMPATH\CodeIgniter.php(933): App\Controllers\Enquiry->getSavedEventVendors()
 6 SYSTEMPATH\CodeIgniter.php(509): CodeIgniter\CodeIgniter->runController(Object(App\Controllers\Enquiry))
 7 SYSTEMPATH\CodeIgniter.php(355): CodeIgniter\CodeIgniter->handleRequest(null, Object(Config\Cache), false)
 8 SYSTEMPATH\Boot.php(334): CodeIgniter\CodeIgniter->run()
 9 SYSTEMPATH\Boot.php(67): CodeIgniter\Boot::runCodeIgniter(Object(CodeIgniter\CodeIgniter))
10 FCPATH\index.php(56): CodeIgniter\Boot::bootWeb(Object(Config\Paths))
DEBUG - 2026-01-08 06:18:32 --> Session: Class initialized using 'CodeIgniter\Session\Handlers\FileHandler' driver.
WARNING - 2026-01-08 06:18:32 --> [DEPRECATED] Optional parameter $enquiry_header_id declared before required parameter $current_extension_ref_id is implicitly treated as a required parameter in APPPATH\Models\Enquiry_m.php on line 2218.
 1 SYSTEMPATH\Autoloader\Autoloader.php(316): include_once('C:\\laragon\\www\\khm\\system\\Debug\\Exceptions.php')
 2 SYSTEMPATH\Autoloader\Autoloader.php(295): CodeIgniter\Autoloader\Autoloader->includeFile('C:\\laragon\\www\\khm\\app\\Models\\Enquiry_m.php')
 3 SYSTEMPATH\Autoloader\Autoloader.php(271): CodeIgniter\Autoloader\Autoloader->loadInNamespace('App\\Models\\Enquiry_m')
 4 APPPATH\Controllers\Enquiry.php(1934): CodeIgniter\Autoloader\Autoloader->loadClass('App\\Models\\Enquiry_m')
 5 SYSTEMPATH\CodeIgniter.php(933): App\Controllers\Enquiry->getVendors()
 6 SYSTEMPATH\CodeIgniter.php(509): CodeIgniter\CodeIgniter->runController(Object(App\Controllers\Enquiry))
 7 SYSTEMPATH\CodeIgniter.php(355): CodeIgniter\CodeIgniter->handleRequest(null, Object(Config\Cache), false)
 8 SYSTEMPATH\Boot.php(334): CodeIgniter\CodeIgniter->run()
 9 SYSTEMPATH\Boot.php(67): CodeIgniter\Boot::runCodeIgniter(Object(CodeIgniter\CodeIgniter))
10 FCPATH\index.php(56): CodeIgniter\Boot::bootWeb(Object(Config\Paths))
WARNING - 2026-01-08 06:18:32 --> [DEPRECATED] Optional parameter $enquiry_details_id declared before required parameter $current_extension_ref_id is implicitly treated as a required parameter in APPPATH\Models\Enquiry_m.php on line 2218.
 1 SYSTEMPATH\Autoloader\Autoloader.php(316): include_once('C:\\laragon\\www\\khm\\system\\Debug\\Exceptions.php')
 2 SYSTEMPATH\Autoloader\Autoloader.php(295): CodeIgniter\Autoloader\Autoloader->includeFile('C:\\laragon\\www\\khm\\app\\Models\\Enquiry_m.php')
 3 SYSTEMPATH\Autoloader\Autoloader.php(271): CodeIgniter\Autoloader\Autoloader->loadInNamespace('App\\Models\\Enquiry_m')
 4 APPPATH\Controllers\Enquiry.php(1934): CodeIgniter\Autoloader\Autoloader->loadClass('App\\Models\\Enquiry_m')
 5 SYSTEMPATH\CodeIgniter.php(933): App\Controllers\Enquiry->getVendors()
 6 SYSTEMPATH\CodeIgniter.php(509): CodeIgniter\CodeIgniter->runController(Object(App\Controllers\Enquiry))
 7 SYSTEMPATH\CodeIgniter.php(355): CodeIgniter\CodeIgniter->handleRequest(null, Object(Config\Cache), false)
 8 SYSTEMPATH\Boot.php(334): CodeIgniter\CodeIgniter->run()
 9 SYSTEMPATH\Boot.php(67): CodeIgniter\Boot::runCodeIgniter(Object(CodeIgniter\CodeIgniter))
10 FCPATH\index.php(56): CodeIgniter\Boot::bootWeb(Object(Config\Paths))
DEBUG - 2026-01-08 06:18:32 --> Session: Class initialized using 'CodeIgniter\Session\Handlers\FileHandler' driver.
WARNING - 2026-01-08 06:18:32 --> [DEPRECATED] Optional parameter $enquiry_header_id declared before required parameter $current_extension_ref_id is implicitly treated as a required parameter in APPPATH\Models\Enquiry_m.php on line 2218.
 1 SYSTEMPATH\Autoloader\Autoloader.php(316): include_once('C:\\laragon\\www\\khm\\system\\Debug\\Exceptions.php')
 2 SYSTEMPATH\Autoloader\Autoloader.php(295): CodeIgniter\Autoloader\Autoloader->includeFile('C:\\laragon\\www\\khm\\app\\Models\\Enquiry_m.php')
 3 SYSTEMPATH\Autoloader\Autoloader.php(271): CodeIgniter\Autoloader\Autoloader->loadInNamespace('App\\Models\\Enquiry_m')
 4 APPPATH\Controllers\Enquiry.php(1926): CodeIgniter\Autoloader\Autoloader->loadClass('App\\Models\\Enquiry_m')
 5 SYSTEMPATH\CodeIgniter.php(933): App\Controllers\Enquiry->getSpecialEvents()
 6 SYSTEMPATH\CodeIgniter.php(509): CodeIgniter\CodeIgniter->runController(Object(App\Controllers\Enquiry))
 7 SYSTEMPATH\CodeIgniter.php(355): CodeIgniter\CodeIgniter->handleRequest(null, Object(Config\Cache), false)
 8 SYSTEMPATH\Boot.php(334): CodeIgniter\CodeIgniter->run()
 9 SYSTEMPATH\Boot.php(67): CodeIgniter\Boot::runCodeIgniter(Object(CodeIgniter\CodeIgniter))
10 FCPATH\index.php(56): CodeIgniter\Boot::bootWeb(Object(Config\Paths))
WARNING - 2026-01-08 06:18:32 --> [DEPRECATED] Optional parameter $enquiry_details_id declared before required parameter $current_extension_ref_id is implicitly treated as a required parameter in APPPATH\Models\Enquiry_m.php on line 2218.
 1 SYSTEMPATH\Autoloader\Autoloader.php(316): include_once('C:\\laragon\\www\\khm\\system\\Debug\\Exceptions.php')
 2 SYSTEMPATH\Autoloader\Autoloader.php(295): CodeIgniter\Autoloader\Autoloader->includeFile('C:\\laragon\\www\\khm\\app\\Models\\Enquiry_m.php')
 3 SYSTEMPATH\Autoloader\Autoloader.php(271): CodeIgniter\Autoloader\Autoloader->loadInNamespace('App\\Models\\Enquiry_m')
 4 APPPATH\Controllers\Enquiry.php(1926): CodeIgniter\Autoloader\Autoloader->loadClass('App\\Models\\Enquiry_m')
 5 SYSTEMPATH\CodeIgniter.php(933): App\Controllers\Enquiry->getSpecialEvents()
 6 SYSTEMPATH\CodeIgniter.php(509): CodeIgniter\CodeIgniter->runController(Object(App\Controllers\Enquiry))
 7 SYSTEMPATH\CodeIgniter.php(355): CodeIgniter\CodeIgniter->handleRequest(null, Object(Config\Cache), false)
 8 SYSTEMPATH\Boot.php(334): CodeIgniter\CodeIgniter->run()
 9 SYSTEMPATH\Boot.php(67): CodeIgniter\Boot::runCodeIgniter(Object(CodeIgniter\CodeIgniter))
10 FCPATH\index.php(56): CodeIgniter\Boot::bootWeb(Object(Config\Paths))
DEBUG - 2026-01-08 06:18:32 --> Session: Class initialized using 'CodeIgniter\Session\Handlers\FileHandler' driver.
WARNING - 2026-01-08 06:18:32 --> [DEPRECATED] Optional parameter $enquiry_header_id declared before required parameter $current_extension_ref_id is implicitly treated as a required parameter in APPPATH\Models\Enquiry_m.php on line 2218.
 1 SYSTEMPATH\Autoloader\Autoloader.php(316): include_once('C:\\laragon\\www\\khm\\system\\Debug\\Exceptions.php')
 2 SYSTEMPATH\Autoloader\Autoloader.php(295): CodeIgniter\Autoloader\Autoloader->includeFile('C:\\laragon\\www\\khm\\app\\Models\\Enquiry_m.php')
 3 SYSTEMPATH\Autoloader\Autoloader.php(271): CodeIgniter\Autoloader\Autoloader->loadInNamespace('App\\Models\\Enquiry_m')
 4 APPPATH\Controllers\Enquiry.php(2270): CodeIgniter\Autoloader\Autoloader->loadClass('App\\Models\\Enquiry_m')
 5 SYSTEMPATH\CodeIgniter.php(933): App\Controllers\Enquiry->proformaofficeform()
 6 SYSTEMPATH\CodeIgniter.php(509): CodeIgniter\CodeIgniter->runController(Object(App\Controllers\Enquiry))
 7 SYSTEMPATH\CodeIgniter.php(355): CodeIgniter\CodeIgniter->handleRequest(null, Object(Config\Cache), false)
 8 SYSTEMPATH\Boot.php(334): CodeIgniter\CodeIgniter->run()
 9 SYSTEMPATH\Boot.php(67): CodeIgniter\Boot::runCodeIgniter(Object(CodeIgniter\CodeIgniter))
10 FCPATH\index.php(56): CodeIgniter\Boot::bootWeb(Object(Config\Paths))
WARNING - 2026-01-08 06:18:32 --> [DEPRECATED] Optional parameter $enquiry_details_id declared before required parameter $current_extension_ref_id is implicitly treated as a required parameter in APPPATH\Models\Enquiry_m.php on line 2218.
 1 SYSTEMPATH\Autoloader\Autoloader.php(316): include_once('C:\\laragon\\www\\khm\\system\\Debug\\Exceptions.php')
 2 SYSTEMPATH\Autoloader\Autoloader.php(295): CodeIgniter\Autoloader\Autoloader->includeFile('C:\\laragon\\www\\khm\\app\\Models\\Enquiry_m.php')
 3 SYSTEMPATH\Autoloader\Autoloader.php(271): CodeIgniter\Autoloader\Autoloader->loadInNamespace('App\\Models\\Enquiry_m')
 4 APPPATH\Controllers\Enquiry.php(2270): CodeIgniter\Autoloader\Autoloader->loadClass('App\\Models\\Enquiry_m')
 5 SYSTEMPATH\CodeIgniter.php(933): App\Controllers\Enquiry->proformaofficeform()
 6 SYSTEMPATH\CodeIgniter.php(509): CodeIgniter\CodeIgniter->runController(Object(App\Controllers\Enquiry))
 7 SYSTEMPATH\CodeIgniter.php(355): CodeIgniter\CodeIgniter->handleRequest(null, Object(Config\Cache), false)
 8 SYSTEMPATH\Boot.php(334): CodeIgniter\CodeIgniter->run()
 9 SYSTEMPATH\Boot.php(67): CodeIgniter\Boot::runCodeIgniter(Object(CodeIgniter\CodeIgniter))
10 FCPATH\index.php(56): CodeIgniter\Boot::bootWeb(Object(Config\Paths))
DEBUG - 2026-01-08 06:18:34 --> Session: Class initialized using 'CodeIgniter\Session\Handlers\FileHandler' driver.
WARNING - 2026-01-08 06:18:34 --> [DEPRECATED] Optional parameter $enquiry_header_id declared before required parameter $current_extension_ref_id is implicitly treated as a required parameter in APPPATH\Models\Enquiry_m.php on line 2218.
 1 SYSTEMPATH\Autoloader\Autoloader.php(316): include_once('C:\\laragon\\www\\khm\\system\\Debug\\Exceptions.php')
 2 SYSTEMPATH\Autoloader\Autoloader.php(295): CodeIgniter\Autoloader\Autoloader->includeFile('C:\\laragon\\www\\khm\\app\\Models\\Enquiry_m.php')
 3 SYSTEMPATH\Autoloader\Autoloader.php(271): CodeIgniter\Autoloader\Autoloader->loadInNamespace('App\\Models\\Enquiry_m')
 4 APPPATH\Controllers\Enquiry.php(2076): CodeIgniter\Autoloader\Autoloader->loadClass('App\\Models\\Enquiry_m')
 5 SYSTEMPATH\CodeIgniter.php(933): App\Controllers\Enquiry->getProformaOfficeData()
 6 SYSTEMPATH\CodeIgniter.php(509): CodeIgniter\CodeIgniter->runController(Object(App\Controllers\Enquiry))
 7 SYSTEMPATH\CodeIgniter.php(355): CodeIgniter\CodeIgniter->handleRequest(null, Object(Config\Cache), false)
 8 SYSTEMPATH\Boot.php(334): CodeIgniter\CodeIgniter->run()
 9 SYSTEMPATH\Boot.php(67): CodeIgniter\Boot::runCodeIgniter(Object(CodeIgniter\CodeIgniter))
10 FCPATH\index.php(56): CodeIgniter\Boot::bootWeb(Object(Config\Paths))
WARNING - 2026-01-08 06:18:34 --> [DEPRECATED] Optional parameter $enquiry_details_id declared before required parameter $current_extension_ref_id is implicitly treated as a required parameter in APPPATH\Models\Enquiry_m.php on line 2218.
 1 SYSTEMPATH\Autoloader\Autoloader.php(316): include_once('C:\\laragon\\www\\khm\\system\\Debug\\Exceptions.php')
 2 SYSTEMPATH\Autoloader\Autoloader.php(295): CodeIgniter\Autoloader\Autoloader->includeFile('C:\\laragon\\www\\khm\\app\\Models\\Enquiry_m.php')
 3 SYSTEMPATH\Autoloader\Autoloader.php(271): CodeIgniter\Autoloader\Autoloader->loadInNamespace('App\\Models\\Enquiry_m')
 4 APPPATH\Controllers\Enquiry.php(2076): CodeIgniter\Autoloader\Autoloader->loadClass('App\\Models\\Enquiry_m')
 5 SYSTEMPATH\CodeIgniter.php(933): App\Controllers\Enquiry->getProformaOfficeData()
 6 SYSTEMPATH\CodeIgniter.php(509): CodeIgniter\CodeIgniter->runController(Object(App\Controllers\Enquiry))
 7 SYSTEMPATH\CodeIgniter.php(355): CodeIgniter\CodeIgniter->handleRequest(null, Object(Config\Cache), false)
 8 SYSTEMPATH\Boot.php(334): CodeIgniter\CodeIgniter->run()
 9 SYSTEMPATH\Boot.php(67): CodeIgniter\Boot::runCodeIgniter(Object(CodeIgniter\CodeIgniter))
10 FCPATH\index.php(56): CodeIgniter\Boot::bootWeb(Object(Config\Paths))
ERROR - 2026-01-08 06:18:34 --> SPECIAL EVENTS FINAL => Array
(
    [0] => Array
        (
            [tour_date] => 2026-01-17
            [event_name] => B'day
            [tariff] => 2000
            [vendor_id] => 5735
        )

    [1] => Array
        (
            [tour_date] => 2026-01-19
            [event_name] => Anniversary celeb
            [tariff] => 2000
            [vendor_id] => 5737
        )

)

ERROR - 2026-01-08 06:18:34 --> VENDOR MAP => Array
(
    [5732] => vendor test updated
    [5733] => vendor new
    [5734] => v one
    [5735] => v one
    [5736] => v one
    [5737] => v one ttt
    [5738] => v test new
    [5739] => Ven dor updated
)

DEBUG - 2026-01-08 06:18:35 --> Session: Class initialized using 'CodeIgniter\Session\Handlers\FileHandler' driver.
WARNING - 2026-01-08 06:18:35 --> [DEPRECATED] Optional parameter $enquiry_header_id declared before required parameter $current_extension_ref_id is implicitly treated as a required parameter in APPPATH\Models\Enquiry_m.php on line 2218.
 1 SYSTEMPATH\Autoloader\Autoloader.php(316): include_once('C:\\laragon\\www\\khm\\system\\Debug\\Exceptions.php')
 2 SYSTEMPATH\Autoloader\Autoloader.php(295): CodeIgniter\Autoloader\Autoloader->includeFile('C:\\laragon\\www\\khm\\app\\Models\\Enquiry_m.php')
 3 SYSTEMPATH\Autoloader\Autoloader.php(271): CodeIgniter\Autoloader\Autoloader->loadInNamespace('App\\Models\\Enquiry_m')
 4 APPPATH\Controllers\Enquiry.php(2076): CodeIgniter\Autoloader\Autoloader->loadClass('App\\Models\\Enquiry_m')
 5 SYSTEMPATH\CodeIgniter.php(933): App\Controllers\Enquiry->getProformaOfficeData()
 6 SYSTEMPATH\CodeIgniter.php(509): CodeIgniter\CodeIgniter->runController(Object(App\Controllers\Enquiry))
 7 SYSTEMPATH\CodeIgniter.php(355): CodeIgniter\CodeIgniter->handleRequest(null, Object(Config\Cache), false)
 8 SYSTEMPATH\Boot.php(334): CodeIgniter\CodeIgniter->run()
 9 SYSTEMPATH\Boot.php(67): CodeIgniter\Boot::runCodeIgniter(Object(CodeIgniter\CodeIgniter))
10 FCPATH\index.php(56): CodeIgniter\Boot::bootWeb(Object(Config\Paths))
WARNING - 2026-01-08 06:18:35 --> [DEPRECATED] Optional parameter $enquiry_details_id declared before required parameter $current_extension_ref_id is implicitly treated as a required parameter in APPPATH\Models\Enquiry_m.php on line 2218.
 1 SYSTEMPATH\Autoloader\Autoloader.php(316): include_once('C:\\laragon\\www\\khm\\system\\Debug\\Exceptions.php')
 2 SYSTEMPATH\Autoloader\Autoloader.php(295): CodeIgniter\Autoloader\Autoloader->includeFile('C:\\laragon\\www\\khm\\app\\Models\\Enquiry_m.php')
 3 SYSTEMPATH\Autoloader\Autoloader.php(271): CodeIgniter\Autoloader\Autoloader->loadInNamespace('App\\Models\\Enquiry_m')
 4 APPPATH\Controllers\Enquiry.php(2076): CodeIgniter\Autoloader\Autoloader->loadClass('App\\Models\\Enquiry_m')
 5 SYSTEMPATH\CodeIgniter.php(933): App\Controllers\Enquiry->getProformaOfficeData()
 6 SYSTEMPATH\CodeIgniter.php(509): CodeIgniter\CodeIgniter->runController(Object(App\Controllers\Enquiry))
 7 SYSTEMPATH\CodeIgniter.php(355): CodeIgniter\CodeIgniter->handleRequest(null, Object(Config\Cache), false)
 8 SYSTEMPATH\Boot.php(334): CodeIgniter\CodeIgniter->run()
 9 SYSTEMPATH\Boot.php(67): CodeIgniter\Boot::runCodeIgniter(Object(CodeIgniter\CodeIgniter))
10 FCPATH\index.php(56): CodeIgniter\Boot::bootWeb(Object(Config\Paths))
ERROR - 2026-01-08 06:18:35 --> SPECIAL EVENTS FINAL => Array
(
    [0] => Array
        (
            [tour_date] => 2026-01-17
            [event_name] => B'day
            [tariff] => 2000
            [vendor_id] => 5735
        )

    [1] => Array
        (
            [tour_date] => 2026-01-19
            [event_name] => Anniversary celeb
            [tariff] => 2000
            [vendor_id] => 5737
        )

)

ERROR - 2026-01-08 06:18:35 --> VENDOR MAP => Array
(
    [5732] => vendor test updated
    [5733] => vendor new
    [5734] => v one
    [5735] => v one
    [5736] => v one
    [5737] => v one ttt
    [5738] => v test new
    [5739] => Ven dor updated
)

DEBUG - 2026-01-08 06:18:35 --> Session: Class initialized using 'CodeIgniter\Session\Handlers\FileHandler' driver.
WARNING - 2026-01-08 06:18:35 --> [DEPRECATED] Optional parameter $enquiry_header_id declared before required parameter $current_extension_ref_id is implicitly treated as a required parameter in APPPATH\Models\Enquiry_m.php on line 2218.
 1 SYSTEMPATH\Autoloader\Autoloader.php(316): include_once('C:\\laragon\\www\\khm\\system\\Debug\\Exceptions.php')
 2 SYSTEMPATH\Autoloader\Autoloader.php(295): CodeIgniter\Autoloader\Autoloader->includeFile('C:\\laragon\\www\\khm\\app\\Models\\Enquiry_m.php')
 3 SYSTEMPATH\Autoloader\Autoloader.php(271): CodeIgniter\Autoloader\Autoloader->loadInNamespace('App\\Models\\Enquiry_m')
 4 APPPATH\Controllers\Enquiry.php(2076): CodeIgniter\Autoloader\Autoloader->loadClass('App\\Models\\Enquiry_m')
 5 SYSTEMPATH\CodeIgniter.php(933): App\Controllers\Enquiry->getProformaOfficeData()
 6 SYSTEMPATH\CodeIgniter.php(509): CodeIgniter\CodeIgniter->runController(Object(App\Controllers\Enquiry))
 7 SYSTEMPATH\CodeIgniter.php(355): CodeIgniter\CodeIgniter->handleRequest(null, Object(Config\Cache), false)
 8 SYSTEMPATH\Boot.php(334): CodeIgniter\CodeIgniter->run()
 9 SYSTEMPATH\Boot.php(67): CodeIgniter\Boot::runCodeIgniter(Object(CodeIgniter\CodeIgniter))
10 FCPATH\index.php(56): CodeIgniter\Boot::bootWeb(Object(Config\Paths))
WARNING - 2026-01-08 06:18:35 --> [DEPRECATED] Optional parameter $enquiry_details_id declared before required parameter $current_extension_ref_id is implicitly treated as a required parameter in APPPATH\Models\Enquiry_m.php on line 2218.
 1 SYSTEMPATH\Autoloader\Autoloader.php(316): include_once('C:\\laragon\\www\\khm\\system\\Debug\\Exceptions.php')
 2 SYSTEMPATH\Autoloader\Autoloader.php(295): CodeIgniter\Autoloader\Autoloader->includeFile('C:\\laragon\\www\\khm\\app\\Models\\Enquiry_m.php')
 3 SYSTEMPATH\Autoloader\Autoloader.php(271): CodeIgniter\Autoloader\Autoloader->loadInNamespace('App\\Models\\Enquiry_m')
 4 APPPATH\Controllers\Enquiry.php(2076): CodeIgniter\Autoloader\Autoloader->loadClass('App\\Models\\Enquiry_m')
 5 SYSTEMPATH\CodeIgniter.php(933): App\Controllers\Enquiry->getProformaOfficeData()
 6 SYSTEMPATH\CodeIgniter.php(509): CodeIgniter\CodeIgniter->runController(Object(App\Controllers\Enquiry))
 7 SYSTEMPATH\CodeIgniter.php(355): CodeIgniter\CodeIgniter->handleRequest(null, Object(Config\Cache), false)
 8 SYSTEMPATH\Boot.php(334): CodeIgniter\CodeIgniter->run()
 9 SYSTEMPATH\Boot.php(67): CodeIgniter\Boot::runCodeIgniter(Object(CodeIgniter\CodeIgniter))
10 FCPATH\index.php(56): CodeIgniter\Boot::bootWeb(Object(Config\Paths))
ERROR - 2026-01-08 06:18:35 --> SPECIAL EVENTS FINAL => Array
(
    [0] => Array
        (
            [tour_date] => 2026-01-17
            [event_name] => B'day
            [tariff] => 2000
            [vendor_id] => 5735
        )

    [1] => Array
        (
            [tour_date] => 2026-01-19
            [event_name] => Anniversary celeb
            [tariff] => 2000
            [vendor_id] => 5737
        )

)

ERROR - 2026-01-08 06:18:35 --> VENDOR MAP => Array
(
    [5732] => vendor test updated
    [5733] => vendor new
    [5734] => v one
    [5735] => v one
    [5736] => v one
    [5737] => v one ttt
    [5738] => v test new
    [5739] => Ven dor updated
)

DEBUG - 2026-01-08 06:18:38 --> Session: Class initialized using 'CodeIgniter\Session\Handlers\FileHandler' driver.
WARNING - 2026-01-08 06:18:38 --> [DEPRECATED] Optional parameter $enquiry_header_id declared before required parameter $current_extension_ref_id is implicitly treated as a required parameter in APPPATH\Models\Enquiry_m.php on line 2218.
 1 SYSTEMPATH\Autoloader\Autoloader.php(316): include_once('C:\\laragon\\www\\khm\\system\\Debug\\Exceptions.php')
 2 SYSTEMPATH\Autoloader\Autoloader.php(295): CodeIgniter\Autoloader\Autoloader->includeFile('C:\\laragon\\www\\khm\\app\\Models\\Enquiry_m.php')
 3 SYSTEMPATH\Autoloader\Autoloader.php(271): CodeIgniter\Autoloader\Autoloader->loadInNamespace('App\\Models\\Enquiry_m')
 4 APPPATH\Controllers\Enquiry.php(2076): CodeIgniter\Autoloader\Autoloader->loadClass('App\\Models\\Enquiry_m')
 5 SYSTEMPATH\CodeIgniter.php(933): App\Controllers\Enquiry->getProformaOfficeData()
 6 SYSTEMPATH\CodeIgniter.php(509): CodeIgniter\CodeIgniter->runController(Object(App\Controllers\Enquiry))
 7 SYSTEMPATH\CodeIgniter.php(355): CodeIgniter\CodeIgniter->handleRequest(null, Object(Config\Cache), false)
 8 SYSTEMPATH\Boot.php(334): CodeIgniter\CodeIgniter->run()
 9 SYSTEMPATH\Boot.php(67): CodeIgniter\Boot::runCodeIgniter(Object(CodeIgniter\CodeIgniter))
10 FCPATH\index.php(56): CodeIgniter\Boot::bootWeb(Object(Config\Paths))
WARNING - 2026-01-08 06:18:38 --> [DEPRECATED] Optional parameter $enquiry_details_id declared before required parameter $current_extension_ref_id is implicitly treated as a required parameter in APPPATH\Models\Enquiry_m.php on line 2218.
 1 SYSTEMPATH\Autoloader\Autoloader.php(316): include_once('C:\\laragon\\www\\khm\\system\\Debug\\Exceptions.php')
 2 SYSTEMPATH\Autoloader\Autoloader.php(295): CodeIgniter\Autoloader\Autoloader->includeFile('C:\\laragon\\www\\khm\\app\\Models\\Enquiry_m.php')
 3 SYSTEMPATH\Autoloader\Autoloader.php(271): CodeIgniter\Autoloader\Autoloader->loadInNamespace('App\\Models\\Enquiry_m')
 4 APPPATH\Controllers\Enquiry.php(2076): CodeIgniter\Autoloader\Autoloader->loadClass('App\\Models\\Enquiry_m')
 5 SYSTEMPATH\CodeIgniter.php(933): App\Controllers\Enquiry->getProformaOfficeData()
 6 SYSTEMPATH\CodeIgniter.php(509): CodeIgniter\CodeIgniter->runController(Object(App\Controllers\Enquiry))
 7 SYSTEMPATH\CodeIgniter.php(355): CodeIgniter\CodeIgniter->handleRequest(null, Object(Config\Cache), false)
 8 SYSTEMPATH\Boot.php(334): CodeIgniter\CodeIgniter->run()
 9 SYSTEMPATH\Boot.php(67): CodeIgniter\Boot::runCodeIgniter(Object(CodeIgniter\CodeIgniter))
10 FCPATH\index.php(56): CodeIgniter\Boot::bootWeb(Object(Config\Paths))
ERROR - 2026-01-08 06:18:38 --> SPECIAL EVENTS FINAL => Array
(
    [0] => Array
        (
            [tour_date] => 2026-01-17
            [event_name] => B'day
            [tariff] => 2000
            [vendor_id] => 5735
        )

    [1] => Array
        (
            [tour_date] => 2026-01-19
            [event_name] => Anniversary celeb
            [tariff] => 2000
            [vendor_id] => 5737
        )

)

ERROR - 2026-01-08 06:18:38 --> VENDOR MAP => Array
(
    [5732] => vendor test updated
    [5733] => vendor new
    [5734] => v one
    [5735] => v one
    [5736] => v one
    [5737] => v one ttt
    [5738] => v test new
    [5739] => Ven dor updated
)

DEBUG - 2026-01-08 06:18:43 --> Session: Class initialized using 'CodeIgniter\Session\Handlers\FileHandler' driver.
WARNING - 2026-01-08 06:18:43 --> [DEPRECATED] Optional parameter $enquiry_header_id declared before required parameter $current_extension_ref_id is implicitly treated as a required parameter in APPPATH\Models\Enquiry_m.php on line 2218.
 1 SYSTEMPATH\Autoloader\Autoloader.php(316): include_once('C:\\laragon\\www\\khm\\system\\Debug\\Exceptions.php')
 2 SYSTEMPATH\Autoloader\Autoloader.php(295): CodeIgniter\Autoloader\Autoloader->includeFile('C:\\laragon\\www\\khm\\app\\Models\\Enquiry_m.php')
 3 SYSTEMPATH\Autoloader\Autoloader.php(271): CodeIgniter\Autoloader\Autoloader->loadInNamespace('App\\Models\\Enquiry_m')
 4 APPPATH\Controllers\Enquiry.php(2076): CodeIgniter\Autoloader\Autoloader->loadClass('App\\Models\\Enquiry_m')
 5 SYSTEMPATH\CodeIgniter.php(933): App\Controllers\Enquiry->getProformaOfficeData()
 6 SYSTEMPATH\CodeIgniter.php(509): CodeIgniter\CodeIgniter->runController(Object(App\Controllers\Enquiry))
 7 SYSTEMPATH\CodeIgniter.php(355): CodeIgniter\CodeIgniter->handleRequest(null, Object(Config\Cache), false)
 8 SYSTEMPATH\Boot.php(334): CodeIgniter\CodeIgniter->run()
 9 SYSTEMPATH\Boot.php(67): CodeIgniter\Boot::runCodeIgniter(Object(CodeIgniter\CodeIgniter))
10 FCPATH\index.php(56): CodeIgniter\Boot::bootWeb(Object(Config\Paths))
WARNING - 2026-01-08 06:18:43 --> [DEPRECATED] Optional parameter $enquiry_details_id declared before required parameter $current_extension_ref_id is implicitly treated as a required parameter in APPPATH\Models\Enquiry_m.php on line 2218.
 1 SYSTEMPATH\Autoloader\Autoloader.php(316): include_once('C:\\laragon\\www\\khm\\system\\Debug\\Exceptions.php')
 2 SYSTEMPATH\Autoloader\Autoloader.php(295): CodeIgniter\Autoloader\Autoloader->includeFile('C:\\laragon\\www\\khm\\app\\Models\\Enquiry_m.php')
 3 SYSTEMPATH\Autoloader\Autoloader.php(271): CodeIgniter\Autoloader\Autoloader->loadInNamespace('App\\Models\\Enquiry_m')
 4 APPPATH\Controllers\Enquiry.php(2076): CodeIgniter\Autoloader\Autoloader->loadClass('App\\Models\\Enquiry_m')
 5 SYSTEMPATH\CodeIgniter.php(933): App\Controllers\Enquiry->getProformaOfficeData()
 6 SYSTEMPATH\CodeIgniter.php(509): CodeIgniter\CodeIgniter->runController(Object(App\Controllers\Enquiry))
 7 SYSTEMPATH\CodeIgniter.php(355): CodeIgniter\CodeIgniter->handleRequest(null, Object(Config\Cache), false)
 8 SYSTEMPATH\Boot.php(334): CodeIgniter\CodeIgniter->run()
 9 SYSTEMPATH\Boot.php(67): CodeIgniter\Boot::runCodeIgniter(Object(CodeIgniter\CodeIgniter))
10 FCPATH\index.php(56): CodeIgniter\Boot::bootWeb(Object(Config\Paths))
ERROR - 2026-01-08 06:18:43 --> SPECIAL EVENTS FINAL => Array
(
    [0] => Array
        (
            [tour_date] => 2026-01-17
            [event_name] => B'day
            [tariff] => 2000
            [vendor_id] => 5735
        )

    [1] => Array
        (
            [tour_date] => 2026-01-19
            [event_name] => Anniversary celeb
            [tariff] => 2000
            [vendor_id] => 5737
        )

)

ERROR - 2026-01-08 06:18:43 --> VENDOR MAP => Array
(
    [5732] => vendor test updated
    [5733] => vendor new
    [5734] => v one
    [5735] => v one
    [5736] => v one
    [5737] => v one ttt
    [5738] => v test new
    [5739] => Ven dor updated
)

DEBUG - 2026-01-08 07:34:48 --> Session: Class initialized using 'CodeIgniter\Session\Handlers\FileHandler' driver.
WARNING - 2026-01-08 07:34:48 --> [DEPRECATED] Optional parameter $enquiry_header_id declared before required parameter $current_extension_ref_id is implicitly treated as a required parameter in APPPATH\Models\Enquiry_m.php on line 2218.
 1 SYSTEMPATH\Autoloader\Autoloader.php(316): include_once('C:\\laragon\\www\\khm\\system\\Debug\\Exceptions.php')
 2 SYSTEMPATH\Autoloader\Autoloader.php(295): CodeIgniter\Autoloader\Autoloader->includeFile('C:\\laragon\\www\\khm\\app\\Models\\Enquiry_m.php')
 3 SYSTEMPATH\Autoloader\Autoloader.php(271): CodeIgniter\Autoloader\Autoloader->loadInNamespace('App\\Models\\Enquiry_m')
 4 APPPATH\Controllers\Enquiry.php(2076): CodeIgniter\Autoloader\Autoloader->loadClass('App\\Models\\Enquiry_m')
 5 SYSTEMPATH\CodeIgniter.php(933): App\Controllers\Enquiry->getProformaOfficeData()
 6 SYSTEMPATH\CodeIgniter.php(509): CodeIgniter\CodeIgniter->runController(Object(App\Controllers\Enquiry))
 7 SYSTEMPATH\CodeIgniter.php(355): CodeIgniter\CodeIgniter->handleRequest(null, Object(Config\Cache), false)
 8 SYSTEMPATH\Boot.php(334): CodeIgniter\CodeIgniter->run()
 9 SYSTEMPATH\Boot.php(67): CodeIgniter\Boot::runCodeIgniter(Object(CodeIgniter\CodeIgniter))
10 FCPATH\index.php(56): CodeIgniter\Boot::bootWeb(Object(Config\Paths))
WARNING - 2026-01-08 07:34:48 --> [DEPRECATED] Optional parameter $enquiry_details_id declared before required parameter $current_extension_ref_id is implicitly treated as a required parameter in APPPATH\Models\Enquiry_m.php on line 2218.
 1 SYSTEMPATH\Autoloader\Autoloader.php(316): include_once('C:\\laragon\\www\\khm\\system\\Debug\\Exceptions.php')
 2 SYSTEMPATH\Autoloader\Autoloader.php(295): CodeIgniter\Autoloader\Autoloader->includeFile('C:\\laragon\\www\\khm\\app\\Models\\Enquiry_m.php')
 3 SYSTEMPATH\Autoloader\Autoloader.php(271): CodeIgniter\Autoloader\Autoloader->loadInNamespace('App\\Models\\Enquiry_m')
 4 APPPATH\Controllers\Enquiry.php(2076): CodeIgniter\Autoloader\Autoloader->loadClass('App\\Models\\Enquiry_m')
 5 SYSTEMPATH\CodeIgniter.php(933): App\Controllers\Enquiry->getProformaOfficeData()
 6 SYSTEMPATH\CodeIgniter.php(509): CodeIgniter\CodeIgniter->runController(Object(App\Controllers\Enquiry))
 7 SYSTEMPATH\CodeIgniter.php(355): CodeIgniter\CodeIgniter->handleRequest(null, Object(Config\Cache), false)
 8 SYSTEMPATH\Boot.php(334): CodeIgniter\CodeIgniter->run()
 9 SYSTEMPATH\Boot.php(67): CodeIgniter\Boot::runCodeIgniter(Object(CodeIgniter\CodeIgniter))
10 FCPATH\index.php(56): CodeIgniter\Boot::bootWeb(Object(Config\Paths))
ERROR - 2026-01-08 07:34:48 --> SPECIAL EVENTS FINAL => Array
(
    [0] => Array
        (
            [tour_date] => 2026-01-17
            [event_name] => B'day
            [tariff] => 2000
            [vendor_id] => 5735
        )

    [1] => Array
        (
            [tour_date] => 2026-01-19
            [event_name] => Anniversary celeb
            [tariff] => 2000
            [vendor_id] => 5737
        )

)

ERROR - 2026-01-08 07:34:48 --> VENDOR MAP => Array
(
    [5732] => vendor test updated
    [5733] => vendor new
    [5734] => v one
    [5735] => v one
    [5736] => v one
    [5737] => v one ttt
    [5738] => v test new
    [5739] => Ven dor updated
)

DEBUG - 2026-01-08 07:34:53 --> Session: Class initialized using 'CodeIgniter\Session\Handlers\FileHandler' driver.
WARNING - 2026-01-08 07:34:53 --> [DEPRECATED] Optional parameter $enquiry_header_id declared before required parameter $current_extension_ref_id is implicitly treated as a required parameter in APPPATH\Models\Enquiry_m.php on line 2218.
 1 SYSTEMPATH\Autoloader\Autoloader.php(316): include_once('C:\\laragon\\www\\khm\\system\\Debug\\Exceptions.php')
 2 SYSTEMPATH\Autoloader\Autoloader.php(295): CodeIgniter\Autoloader\Autoloader->includeFile('C:\\laragon\\www\\khm\\app\\Models\\Enquiry_m.php')
 3 SYSTEMPATH\Autoloader\Autoloader.php(271): CodeIgniter\Autoloader\Autoloader->loadInNamespace('App\\Models\\Enquiry_m')
 4 APPPATH\Controllers\Enquiry.php(1596): CodeIgniter\Autoloader\Autoloader->loadClass('App\\Models\\Enquiry_m')
 5 SYSTEMPATH\CodeIgniter.php(933): App\Controllers\Enquiry->save_final_proforma_sheet()
 6 SYSTEMPATH\CodeIgniter.php(509): CodeIgniter\CodeIgniter->runController(Object(App\Controllers\Enquiry))
 7 SYSTEMPATH\CodeIgniter.php(355): CodeIgniter\CodeIgniter->handleRequest(null, Object(Config\Cache), false)
 8 SYSTEMPATH\Boot.php(334): CodeIgniter\CodeIgniter->run()
 9 SYSTEMPATH\Boot.php(67): CodeIgniter\Boot::runCodeIgniter(Object(CodeIgniter\CodeIgniter))
10 FCPATH\index.php(56): CodeIgniter\Boot::bootWeb(Object(Config\Paths))
WARNING - 2026-01-08 07:34:53 --> [DEPRECATED] Optional parameter $enquiry_details_id declared before required parameter $current_extension_ref_id is implicitly treated as a required parameter in APPPATH\Models\Enquiry_m.php on line 2218.
 1 SYSTEMPATH\Autoloader\Autoloader.php(316): include_once('C:\\laragon\\www\\khm\\system\\Debug\\Exceptions.php')
 2 SYSTEMPATH\Autoloader\Autoloader.php(295): CodeIgniter\Autoloader\Autoloader->includeFile('C:\\laragon\\www\\khm\\app\\Models\\Enquiry_m.php')
 3 SYSTEMPATH\Autoloader\Autoloader.php(271): CodeIgniter\Autoloader\Autoloader->loadInNamespace('App\\Models\\Enquiry_m')
 4 APPPATH\Controllers\Enquiry.php(1596): CodeIgniter\Autoloader\Autoloader->loadClass('App\\Models\\Enquiry_m')
 5 SYSTEMPATH\CodeIgniter.php(933): App\Controllers\Enquiry->save_final_proforma_sheet()
 6 SYSTEMPATH\CodeIgniter.php(509): CodeIgniter\CodeIgniter->runController(Object(App\Controllers\Enquiry))
 7 SYSTEMPATH\CodeIgniter.php(355): CodeIgniter\CodeIgniter->handleRequest(null, Object(Config\Cache), false)
 8 SYSTEMPATH\Boot.php(334): CodeIgniter\CodeIgniter->run()
 9 SYSTEMPATH\Boot.php(67): CodeIgniter\Boot::runCodeIgniter(Object(CodeIgniter\CodeIgniter))
10 FCPATH\index.php(56): CodeIgniter\Boot::bootWeb(Object(Config\Paths))
DEBUG - 2026-01-08 07:34:55 --> Session: Class initialized using 'CodeIgniter\Session\Handlers\FileHandler' driver.
DEBUG - 2026-01-08 07:34:55 --> Session: Class initialized using 'CodeIgniter\Session\Handlers\FileHandler' driver.
DEBUG - 2026-01-08 07:35:00 --> Session: Class initialized using 'CodeIgniter\Session\Handlers\FileHandler' driver.
WARNING - 2026-01-08 07:35:00 --> [DEPRECATED] Optional parameter $enquiry_header_id declared before required parameter $current_extension_ref_id is implicitly treated as a required parameter in APPPATH\Models\Enquiry_m.php on line 2218.
 1 SYSTEMPATH\Autoloader\Autoloader.php(316): include_once('C:\\laragon\\www\\khm\\system\\Debug\\Exceptions.php')
 2 SYSTEMPATH\Autoloader\Autoloader.php(295): CodeIgniter\Autoloader\Autoloader->includeFile('C:\\laragon\\www\\khm\\app\\Models\\Enquiry_m.php')
 3 SYSTEMPATH\Autoloader\Autoloader.php(271): CodeIgniter\Autoloader\Autoloader->loadInNamespace('App\\Models\\Enquiry_m')
 4 APPPATH\Controllers\Enquiry.php(581): CodeIgniter\Autoloader\Autoloader->loadClass('App\\Models\\Enquiry_m')
 5 SYSTEMPATH\CodeIgniter.php(933): App\Controllers\Enquiry->followup_form('281', '654')
 6 SYSTEMPATH\CodeIgniter.php(509): CodeIgniter\CodeIgniter->runController(Object(App\Controllers\Enquiry))
 7 SYSTEMPATH\CodeIgniter.php(355): CodeIgniter\CodeIgniter->handleRequest(null, Object(Config\Cache), false)
 8 SYSTEMPATH\Boot.php(334): CodeIgniter\CodeIgniter->run()
 9 SYSTEMPATH\Boot.php(67): CodeIgniter\Boot::runCodeIgniter(Object(CodeIgniter\CodeIgniter))
10 FCPATH\index.php(56): CodeIgniter\Boot::bootWeb(Object(Config\Paths))
WARNING - 2026-01-08 07:35:00 --> [DEPRECATED] Optional parameter $enquiry_details_id declared before required parameter $current_extension_ref_id is implicitly treated as a required parameter in APPPATH\Models\Enquiry_m.php on line 2218.
 1 SYSTEMPATH\Autoloader\Autoloader.php(316): include_once('C:\\laragon\\www\\khm\\system\\Debug\\Exceptions.php')
 2 SYSTEMPATH\Autoloader\Autoloader.php(295): CodeIgniter\Autoloader\Autoloader->includeFile('C:\\laragon\\www\\khm\\app\\Models\\Enquiry_m.php')
 3 SYSTEMPATH\Autoloader\Autoloader.php(271): CodeIgniter\Autoloader\Autoloader->loadInNamespace('App\\Models\\Enquiry_m')
 4 APPPATH\Controllers\Enquiry.php(581): CodeIgniter\Autoloader\Autoloader->loadClass('App\\Models\\Enquiry_m')
 5 SYSTEMPATH\CodeIgniter.php(933): App\Controllers\Enquiry->followup_form('281', '654')
 6 SYSTEMPATH\CodeIgniter.php(509): CodeIgniter\CodeIgniter->runController(Object(App\Controllers\Enquiry))
 7 SYSTEMPATH\CodeIgniter.php(355): CodeIgniter\CodeIgniter->handleRequest(null, Object(Config\Cache), false)
 8 SYSTEMPATH\Boot.php(334): CodeIgniter\CodeIgniter->run()
 9 SYSTEMPATH\Boot.php(67): CodeIgniter\Boot::runCodeIgniter(Object(CodeIgniter\CodeIgniter))
10 FCPATH\index.php(56): CodeIgniter\Boot::bootWeb(Object(Config\Paths))
DEBUG - 2026-01-08 07:35:00 --> Session: Class initialized using 'CodeIgniter\Session\Handlers\FileHandler' driver.
DEBUG - 2026-01-08 07:35:00 --> Session: Class initialized using 'CodeIgniter\Session\Handlers\FileHandler' driver.
DEBUG - 2026-01-08 07:35:00 --> Session: Class initialized using 'CodeIgniter\Session\Handlers\FileHandler' driver.
WARNING - 2026-01-08 07:35:00 --> [DEPRECATED] Optional parameter $enquiry_header_id declared before required parameter $current_extension_ref_id is implicitly treated as a required parameter in APPPATH\Models\Enquiry_m.php on line 2218.
 1 SYSTEMPATH\Autoloader\Autoloader.php(316): include_once('C:\\laragon\\www\\khm\\system\\Debug\\Exceptions.php')
 2 SYSTEMPATH\Autoloader\Autoloader.php(295): CodeIgniter\Autoloader\Autoloader->includeFile('C:\\laragon\\www\\khm\\app\\Models\\Enquiry_m.php')
 3 SYSTEMPATH\Autoloader\Autoloader.php(271): CodeIgniter\Autoloader\Autoloader->loadInNamespace('App\\Models\\Enquiry_m')
 4 APPPATH\Controllers\Enquiry.php(1934): CodeIgniter\Autoloader\Autoloader->loadClass('App\\Models\\Enquiry_m')
 5 SYSTEMPATH\CodeIgniter.php(933): App\Controllers\Enquiry->getVendors()
 6 SYSTEMPATH\CodeIgniter.php(509): CodeIgniter\CodeIgniter->runController(Object(App\Controllers\Enquiry))
 7 SYSTEMPATH\CodeIgniter.php(355): CodeIgniter\CodeIgniter->handleRequest(null, Object(Config\Cache), false)
 8 SYSTEMPATH\Boot.php(334): CodeIgniter\CodeIgniter->run()
 9 SYSTEMPATH\Boot.php(67): CodeIgniter\Boot::runCodeIgniter(Object(CodeIgniter\CodeIgniter))
10 FCPATH\index.php(56): CodeIgniter\Boot::bootWeb(Object(Config\Paths))
WARNING - 2026-01-08 07:35:00 --> [DEPRECATED] Optional parameter $enquiry_details_id declared before required parameter $current_extension_ref_id is implicitly treated as a required parameter in APPPATH\Models\Enquiry_m.php on line 2218.
 1 SYSTEMPATH\Autoloader\Autoloader.php(316): include_once('C:\\laragon\\www\\khm\\system\\Debug\\Exceptions.php')
 2 SYSTEMPATH\Autoloader\Autoloader.php(295): CodeIgniter\Autoloader\Autoloader->includeFile('C:\\laragon\\www\\khm\\app\\Models\\Enquiry_m.php')
 3 SYSTEMPATH\Autoloader\Autoloader.php(271): CodeIgniter\Autoloader\Autoloader->loadInNamespace('App\\Models\\Enquiry_m')
 4 APPPATH\Controllers\Enquiry.php(1934): CodeIgniter\Autoloader\Autoloader->loadClass('App\\Models\\Enquiry_m')
 5 SYSTEMPATH\CodeIgniter.php(933): App\Controllers\Enquiry->getVendors()
 6 SYSTEMPATH\CodeIgniter.php(509): CodeIgniter\CodeIgniter->runController(Object(App\Controllers\Enquiry))
 7 SYSTEMPATH\CodeIgniter.php(355): CodeIgniter\CodeIgniter->handleRequest(null, Object(Config\Cache), false)
 8 SYSTEMPATH\Boot.php(334): CodeIgniter\CodeIgniter->run()
 9 SYSTEMPATH\Boot.php(67): CodeIgniter\Boot::runCodeIgniter(Object(CodeIgniter\CodeIgniter))
10 FCPATH\index.php(56): CodeIgniter\Boot::bootWeb(Object(Config\Paths))
DEBUG - 2026-01-08 07:35:00 --> Session: Class initialized using 'CodeIgniter\Session\Handlers\FileHandler' driver.
WARNING - 2026-01-08 07:35:00 --> [DEPRECATED] Optional parameter $enquiry_header_id declared before required parameter $current_extension_ref_id is implicitly treated as a required parameter in APPPATH\Models\Enquiry_m.php on line 2218.
 1 SYSTEMPATH\Autoloader\Autoloader.php(316): include_once('C:\\laragon\\www\\khm\\system\\Debug\\Exceptions.php')
 2 SYSTEMPATH\Autoloader\Autoloader.php(295): CodeIgniter\Autoloader\Autoloader->includeFile('C:\\laragon\\www\\khm\\app\\Models\\Enquiry_m.php')
 3 SYSTEMPATH\Autoloader\Autoloader.php(271): CodeIgniter\Autoloader\Autoloader->loadInNamespace('App\\Models\\Enquiry_m')
 4 APPPATH\Controllers\Enquiry.php(1941): CodeIgniter\Autoloader\Autoloader->loadClass('App\\Models\\Enquiry_m')
 5 SYSTEMPATH\CodeIgniter.php(933): App\Controllers\Enquiry->getSavedEventVendors()
 6 SYSTEMPATH\CodeIgniter.php(509): CodeIgniter\CodeIgniter->runController(Object(App\Controllers\Enquiry))
 7 SYSTEMPATH\CodeIgniter.php(355): CodeIgniter\CodeIgniter->handleRequest(null, Object(Config\Cache), false)
 8 SYSTEMPATH\Boot.php(334): CodeIgniter\CodeIgniter->run()
 9 SYSTEMPATH\Boot.php(67): CodeIgniter\Boot::runCodeIgniter(Object(CodeIgniter\CodeIgniter))
10 FCPATH\index.php(56): CodeIgniter\Boot::bootWeb(Object(Config\Paths))
WARNING - 2026-01-08 07:35:00 --> [DEPRECATED] Optional parameter $enquiry_details_id declared before required parameter $current_extension_ref_id is implicitly treated as a required parameter in APPPATH\Models\Enquiry_m.php on line 2218.
 1 SYSTEMPATH\Autoloader\Autoloader.php(316): include_once('C:\\laragon\\www\\khm\\system\\Debug\\Exceptions.php')
 2 SYSTEMPATH\Autoloader\Autoloader.php(295): CodeIgniter\Autoloader\Autoloader->includeFile('C:\\laragon\\www\\khm\\app\\Models\\Enquiry_m.php')
 3 SYSTEMPATH\Autoloader\Autoloader.php(271): CodeIgniter\Autoloader\Autoloader->loadInNamespace('App\\Models\\Enquiry_m')
 4 APPPATH\Controllers\Enquiry.php(1941): CodeIgniter\Autoloader\Autoloader->loadClass('App\\Models\\Enquiry_m')
 5 SYSTEMPATH\CodeIgniter.php(933): App\Controllers\Enquiry->getSavedEventVendors()
 6 SYSTEMPATH\CodeIgniter.php(509): CodeIgniter\CodeIgniter->runController(Object(App\Controllers\Enquiry))
 7 SYSTEMPATH\CodeIgniter.php(355): CodeIgniter\CodeIgniter->handleRequest(null, Object(Config\Cache), false)
 8 SYSTEMPATH\Boot.php(334): CodeIgniter\CodeIgniter->run()
 9 SYSTEMPATH\Boot.php(67): CodeIgniter\Boot::runCodeIgniter(Object(CodeIgniter\CodeIgniter))
10 FCPATH\index.php(56): CodeIgniter\Boot::bootWeb(Object(Config\Paths))
DEBUG - 2026-01-08 07:35:00 --> Session: Class initialized using 'CodeIgniter\Session\Handlers\FileHandler' driver.
WARNING - 2026-01-08 07:35:00 --> [DEPRECATED] Optional parameter $enquiry_header_id declared before required parameter $current_extension_ref_id is implicitly treated as a required parameter in APPPATH\Models\Enquiry_m.php on line 2218.
 1 SYSTEMPATH\Autoloader\Autoloader.php(316): include_once('C:\\laragon\\www\\khm\\system\\Debug\\Exceptions.php')
 2 SYSTEMPATH\Autoloader\Autoloader.php(295): CodeIgniter\Autoloader\Autoloader->includeFile('C:\\laragon\\www\\khm\\app\\Models\\Enquiry_m.php')
 3 SYSTEMPATH\Autoloader\Autoloader.php(271): CodeIgniter\Autoloader\Autoloader->loadInNamespace('App\\Models\\Enquiry_m')
 4 APPPATH\Controllers\Enquiry.php(1926): CodeIgniter\Autoloader\Autoloader->loadClass('App\\Models\\Enquiry_m')
 5 SYSTEMPATH\CodeIgniter.php(933): App\Controllers\Enquiry->getSpecialEvents()
 6 SYSTEMPATH\CodeIgniter.php(509): CodeIgniter\CodeIgniter->runController(Object(App\Controllers\Enquiry))
 7 SYSTEMPATH\CodeIgniter.php(355): CodeIgniter\CodeIgniter->handleRequest(null, Object(Config\Cache), false)
 8 SYSTEMPATH\Boot.php(334): CodeIgniter\CodeIgniter->run()
 9 SYSTEMPATH\Boot.php(67): CodeIgniter\Boot::runCodeIgniter(Object(CodeIgniter\CodeIgniter))
10 FCPATH\index.php(56): CodeIgniter\Boot::bootWeb(Object(Config\Paths))
WARNING - 2026-01-08 07:35:00 --> [DEPRECATED] Optional parameter $enquiry_details_id declared before required parameter $current_extension_ref_id is implicitly treated as a required parameter in APPPATH\Models\Enquiry_m.php on line 2218.
 1 SYSTEMPATH\Autoloader\Autoloader.php(316): include_once('C:\\laragon\\www\\khm\\system\\Debug\\Exceptions.php')
 2 SYSTEMPATH\Autoloader\Autoloader.php(295): CodeIgniter\Autoloader\Autoloader->includeFile('C:\\laragon\\www\\khm\\app\\Models\\Enquiry_m.php')
 3 SYSTEMPATH\Autoloader\Autoloader.php(271): CodeIgniter\Autoloader\Autoloader->loadInNamespace('App\\Models\\Enquiry_m')
 4 APPPATH\Controllers\Enquiry.php(1926): CodeIgniter\Autoloader\Autoloader->loadClass('App\\Models\\Enquiry_m')
 5 SYSTEMPATH\CodeIgniter.php(933): App\Controllers\Enquiry->getSpecialEvents()
 6 SYSTEMPATH\CodeIgniter.php(509): CodeIgniter\CodeIgniter->runController(Object(App\Controllers\Enquiry))
 7 SYSTEMPATH\CodeIgniter.php(355): CodeIgniter\CodeIgniter->handleRequest(null, Object(Config\Cache), false)
 8 SYSTEMPATH\Boot.php(334): CodeIgniter\CodeIgniter->run()
 9 SYSTEMPATH\Boot.php(67): CodeIgniter\Boot::runCodeIgniter(Object(CodeIgniter\CodeIgniter))
10 FCPATH\index.php(56): CodeIgniter\Boot::bootWeb(Object(Config\Paths))
DEBUG - 2026-01-08 07:35:05 --> Session: Class initialized using 'CodeIgniter\Session\Handlers\FileHandler' driver.
WARNING - 2026-01-08 07:35:05 --> [DEPRECATED] Optional parameter $enquiry_header_id declared before required parameter $current_extension_ref_id is implicitly treated as a required parameter in APPPATH\Models\Enquiry_m.php on line 2218.
 1 SYSTEMPATH\Autoloader\Autoloader.php(316): include_once('C:\\laragon\\www\\khm\\system\\Debug\\Exceptions.php')
 2 SYSTEMPATH\Autoloader\Autoloader.php(295): CodeIgniter\Autoloader\Autoloader->includeFile('C:\\laragon\\www\\khm\\app\\Models\\Enquiry_m.php')
 3 SYSTEMPATH\Autoloader\Autoloader.php(271): CodeIgniter\Autoloader\Autoloader->loadInNamespace('App\\Models\\Enquiry_m')
 4 APPPATH\Controllers\Enquiry.php(2270): CodeIgniter\Autoloader\Autoloader->loadClass('App\\Models\\Enquiry_m')
 5 SYSTEMPATH\CodeIgniter.php(933): App\Controllers\Enquiry->proformaofficeform()
 6 SYSTEMPATH\CodeIgniter.php(509): CodeIgniter\CodeIgniter->runController(Object(App\Controllers\Enquiry))
 7 SYSTEMPATH\CodeIgniter.php(355): CodeIgniter\CodeIgniter->handleRequest(null, Object(Config\Cache), false)
 8 SYSTEMPATH\Boot.php(334): CodeIgniter\CodeIgniter->run()
 9 SYSTEMPATH\Boot.php(67): CodeIgniter\Boot::runCodeIgniter(Object(CodeIgniter\CodeIgniter))
10 FCPATH\index.php(56): CodeIgniter\Boot::bootWeb(Object(Config\Paths))
WARNING - 2026-01-08 07:35:05 --> [DEPRECATED] Optional parameter $enquiry_details_id declared before required parameter $current_extension_ref_id is implicitly treated as a required parameter in APPPATH\Models\Enquiry_m.php on line 2218.
 1 SYSTEMPATH\Autoloader\Autoloader.php(316): include_once('C:\\laragon\\www\\khm\\system\\Debug\\Exceptions.php')
 2 SYSTEMPATH\Autoloader\Autoloader.php(295): CodeIgniter\Autoloader\Autoloader->includeFile('C:\\laragon\\www\\khm\\app\\Models\\Enquiry_m.php')
 3 SYSTEMPATH\Autoloader\Autoloader.php(271): CodeIgniter\Autoloader\Autoloader->loadInNamespace('App\\Models\\Enquiry_m')
 4 APPPATH\Controllers\Enquiry.php(2270): CodeIgniter\Autoloader\Autoloader->loadClass('App\\Models\\Enquiry_m')
 5 SYSTEMPATH\CodeIgniter.php(933): App\Controllers\Enquiry->proformaofficeform()
 6 SYSTEMPATH\CodeIgniter.php(509): CodeIgniter\CodeIgniter->runController(Object(App\Controllers\Enquiry))
 7 SYSTEMPATH\CodeIgniter.php(355): CodeIgniter\CodeIgniter->handleRequest(null, Object(Config\Cache), false)
 8 SYSTEMPATH\Boot.php(334): CodeIgniter\CodeIgniter->run()
 9 SYSTEMPATH\Boot.php(67): CodeIgniter\Boot::runCodeIgniter(Object(CodeIgniter\CodeIgniter))
10 FCPATH\index.php(56): CodeIgniter\Boot::bootWeb(Object(Config\Paths))
DEBUG - 2026-01-08 07:35:24 --> Session: Class initialized using 'CodeIgniter\Session\Handlers\FileHandler' driver.
WARNING - 2026-01-08 07:35:24 --> [DEPRECATED] Optional parameter $enquiry_header_id declared before required parameter $current_extension_ref_id is implicitly treated as a required parameter in APPPATH\Models\Enquiry_m.php on line 2218.
 1 SYSTEMPATH\Autoloader\Autoloader.php(316): include_once('C:\\laragon\\www\\khm\\system\\Debug\\Exceptions.php')
 2 SYSTEMPATH\Autoloader\Autoloader.php(295): CodeIgniter\Autoloader\Autoloader->includeFile('C:\\laragon\\www\\khm\\app\\Models\\Enquiry_m.php')
 3 SYSTEMPATH\Autoloader\Autoloader.php(271): CodeIgniter\Autoloader\Autoloader->loadInNamespace('App\\Models\\Enquiry_m')
 4 APPPATH\Controllers\Enquiry.php(2076): CodeIgniter\Autoloader\Autoloader->loadClass('App\\Models\\Enquiry_m')
 5 SYSTEMPATH\CodeIgniter.php(933): App\Controllers\Enquiry->getProformaOfficeData()
 6 SYSTEMPATH\CodeIgniter.php(509): CodeIgniter\CodeIgniter->runController(Object(App\Controllers\Enquiry))
 7 SYSTEMPATH\CodeIgniter.php(355): CodeIgniter\CodeIgniter->handleRequest(null, Object(Config\Cache), false)
 8 SYSTEMPATH\Boot.php(334): CodeIgniter\CodeIgniter->run()
 9 SYSTEMPATH\Boot.php(67): CodeIgniter\Boot::runCodeIgniter(Object(CodeIgniter\CodeIgniter))
10 FCPATH\index.php(56): CodeIgniter\Boot::bootWeb(Object(Config\Paths))
WARNING - 2026-01-08 07:35:24 --> [DEPRECATED] Optional parameter $enquiry_details_id declared before required parameter $current_extension_ref_id is implicitly treated as a required parameter in APPPATH\Models\Enquiry_m.php on line 2218.
 1 SYSTEMPATH\Autoloader\Autoloader.php(316): include_once('C:\\laragon\\www\\khm\\system\\Debug\\Exceptions.php')
 2 SYSTEMPATH\Autoloader\Autoloader.php(295): CodeIgniter\Autoloader\Autoloader->includeFile('C:\\laragon\\www\\khm\\app\\Models\\Enquiry_m.php')
 3 SYSTEMPATH\Autoloader\Autoloader.php(271): CodeIgniter\Autoloader\Autoloader->loadInNamespace('App\\Models\\Enquiry_m')
 4 APPPATH\Controllers\Enquiry.php(2076): CodeIgniter\Autoloader\Autoloader->loadClass('App\\Models\\Enquiry_m')
 5 SYSTEMPATH\CodeIgniter.php(933): App\Controllers\Enquiry->getProformaOfficeData()
 6 SYSTEMPATH\CodeIgniter.php(509): CodeIgniter\CodeIgniter->runController(Object(App\Controllers\Enquiry))
 7 SYSTEMPATH\CodeIgniter.php(355): CodeIgniter\CodeIgniter->handleRequest(null, Object(Config\Cache), false)
 8 SYSTEMPATH\Boot.php(334): CodeIgniter\CodeIgniter->run()
 9 SYSTEMPATH\Boot.php(67): CodeIgniter\Boot::runCodeIgniter(Object(CodeIgniter\CodeIgniter))
10 FCPATH\index.php(56): CodeIgniter\Boot::bootWeb(Object(Config\Paths))
ERROR - 2026-01-08 07:35:24 --> SPECIAL EVENTS FINAL => Array
(
    [0] => Array
        (
            [tour_date] => 2026-01-17
            [event_name] => B'day
            [tariff] => 2000
            [vendor_id] => 5735
        )

    [1] => Array
        (
            [tour_date] => 2026-01-19
            [event_name] => Anniversary celeb
            [tariff] => 2000
            [vendor_id] => 5737
        )

)

ERROR - 2026-01-08 07:35:24 --> VENDOR MAP => Array
(
    [5732] => vendor test updated
    [5733] => vendor new
    [5734] => v one
    [5735] => v one
    [5736] => v one
    [5737] => v one ttt
    [5738] => v test new
    [5739] => Ven dor updated
)

CRITICAL - 2026-01-08 07:35:24 --> ErrorException: Undefined property: CodeIgniter\View\View::$db
[Method: POST, Route: Enquiry/getProformaOfficeData]
in APPPATH\Views\enquiry\proforma_office_view.php on line 18.
 1 APPPATH\Views\enquiry\proforma_office_view.php(18): CodeIgniter\Debug\Exceptions->errorHandler(2, 'Undefined property: CodeIgniter\\View\\View::$db', 'C:\\laragon\\www\\khm\\app\\Views\\enquiry\\proforma_office_view.php', 18)
 2 SYSTEMPATH\View\View.php(234): include('C:\\laragon\\www\\khm\\app\\Views\\enquiry\\proforma_office_view.php')
 3 SYSTEMPATH\View\View.php(237): CodeIgniter\View\View->CodeIgniter\View\{closure}()
 4 SYSTEMPATH\Common.php(1171): CodeIgniter\View\View->render('enquiry/proforma_office_view', [], true)
 5 APPPATH\Controllers\Enquiry.php(2185): view('enquiry/proforma_office_view', [...])
 6 SYSTEMPATH\CodeIgniter.php(933): App\Controllers\Enquiry->getProformaOfficeData()
 7 SYSTEMPATH\CodeIgniter.php(509): CodeIgniter\CodeIgniter->runController(Object(App\Controllers\Enquiry))
 8 SYSTEMPATH\CodeIgniter.php(355): CodeIgniter\CodeIgniter->handleRequest(null, Object(Config\Cache), false)
 9 SYSTEMPATH\Boot.php(334): CodeIgniter\CodeIgniter->run()
10 SYSTEMPATH\Boot.php(67): CodeIgniter\Boot::runCodeIgniter(Object(CodeIgniter\CodeIgniter))
11 FCPATH\index.php(56): CodeIgniter\Boot::bootWeb(Object(Config\Paths))
DEBUG - 2026-01-08 07:38:53 --> Session: Class initialized using 'CodeIgniter\Session\Handlers\FileHandler' driver.
WARNING - 2026-01-08 07:38:54 --> [DEPRECATED] Optional parameter $enquiry_header_id declared before required parameter $current_extension_ref_id is implicitly treated as a required parameter in APPPATH\Models\Enquiry_m.php on line 2218.
 1 SYSTEMPATH\Autoloader\Autoloader.php(316): include_once('C:\\laragon\\www\\khm\\system\\Debug\\Exceptions.php')
 2 SYSTEMPATH\Autoloader\Autoloader.php(295): CodeIgniter\Autoloader\Autoloader->includeFile('C:\\laragon\\www\\khm\\app\\Models\\Enquiry_m.php')
 3 SYSTEMPATH\Autoloader\Autoloader.php(271): CodeIgniter\Autoloader\Autoloader->loadInNamespace('App\\Models\\Enquiry_m')
 4 APPPATH\Controllers\Enquiry.php(581): CodeIgniter\Autoloader\Autoloader->loadClass('App\\Models\\Enquiry_m')
 5 SYSTEMPATH\CodeIgniter.php(933): App\Controllers\Enquiry->followup_form('281', '654')
 6 SYSTEMPATH\CodeIgniter.php(509): CodeIgniter\CodeIgniter->runController(Object(App\Controllers\Enquiry))
 7 SYSTEMPATH\CodeIgniter.php(355): CodeIgniter\CodeIgniter->handleRequest(null, Object(Config\Cache), false)
 8 SYSTEMPATH\Boot.php(334): CodeIgniter\CodeIgniter->run()
 9 SYSTEMPATH\Boot.php(67): CodeIgniter\Boot::runCodeIgniter(Object(CodeIgniter\CodeIgniter))
10 FCPATH\index.php(56): CodeIgniter\Boot::bootWeb(Object(Config\Paths))
WARNING - 2026-01-08 07:38:54 --> [DEPRECATED] Optional parameter $enquiry_details_id declared before required parameter $current_extension_ref_id is implicitly treated as a required parameter in APPPATH\Models\Enquiry_m.php on line 2218.
 1 SYSTEMPATH\Autoloader\Autoloader.php(316): include_once('C:\\laragon\\www\\khm\\system\\Debug\\Exceptions.php')
 2 SYSTEMPATH\Autoloader\Autoloader.php(295): CodeIgniter\Autoloader\Autoloader->includeFile('C:\\laragon\\www\\khm\\app\\Models\\Enquiry_m.php')
 3 SYSTEMPATH\Autoloader\Autoloader.php(271): CodeIgniter\Autoloader\Autoloader->loadInNamespace('App\\Models\\Enquiry_m')
 4 APPPATH\Controllers\Enquiry.php(581): CodeIgniter\Autoloader\Autoloader->loadClass('App\\Models\\Enquiry_m')
 5 SYSTEMPATH\CodeIgniter.php(933): App\Controllers\Enquiry->followup_form('281', '654')
 6 SYSTEMPATH\CodeIgniter.php(509): CodeIgniter\CodeIgniter->runController(Object(App\Controllers\Enquiry))
 7 SYSTEMPATH\CodeIgniter.php(355): CodeIgniter\CodeIgniter->handleRequest(null, Object(Config\Cache), false)
 8 SYSTEMPATH\Boot.php(334): CodeIgniter\CodeIgniter->run()
 9 SYSTEMPATH\Boot.php(67): CodeIgniter\Boot::runCodeIgniter(Object(CodeIgniter\CodeIgniter))
10 FCPATH\index.php(56): CodeIgniter\Boot::bootWeb(Object(Config\Paths))
DEBUG - 2026-01-08 07:38:54 --> Session: Class initialized using 'CodeIgniter\Session\Handlers\FileHandler' driver.
DEBUG - 2026-01-08 07:38:54 --> Session: Class initialized using 'CodeIgniter\Session\Handlers\FileHandler' driver.
DEBUG - 2026-01-08 07:38:54 --> Session: Class initialized using 'CodeIgniter\Session\Handlers\FileHandler' driver.
WARNING - 2026-01-08 07:38:54 --> [DEPRECATED] Optional parameter $enquiry_header_id declared before required parameter $current_extension_ref_id is implicitly treated as a required parameter in APPPATH\Models\Enquiry_m.php on line 2218.
 1 SYSTEMPATH\Autoloader\Autoloader.php(316): include_once('C:\\laragon\\www\\khm\\system\\Debug\\Exceptions.php')
 2 SYSTEMPATH\Autoloader\Autoloader.php(295): CodeIgniter\Autoloader\Autoloader->includeFile('C:\\laragon\\www\\khm\\app\\Models\\Enquiry_m.php')
 3 SYSTEMPATH\Autoloader\Autoloader.php(271): CodeIgniter\Autoloader\Autoloader->loadInNamespace('App\\Models\\Enquiry_m')
 4 APPPATH\Controllers\Enquiry.php(1941): CodeIgniter\Autoloader\Autoloader->loadClass('App\\Models\\Enquiry_m')
 5 SYSTEMPATH\CodeIgniter.php(933): App\Controllers\Enquiry->getSavedEventVendors()
 6 SYSTEMPATH\CodeIgniter.php(509): CodeIgniter\CodeIgniter->runController(Object(App\Controllers\Enquiry))
 7 SYSTEMPATH\CodeIgniter.php(355): CodeIgniter\CodeIgniter->handleRequest(null, Object(Config\Cache), false)
 8 SYSTEMPATH\Boot.php(334): CodeIgniter\CodeIgniter->run()
 9 SYSTEMPATH\Boot.php(67): CodeIgniter\Boot::runCodeIgniter(Object(CodeIgniter\CodeIgniter))
10 FCPATH\index.php(56): CodeIgniter\Boot::bootWeb(Object(Config\Paths))
WARNING - 2026-01-08 07:38:54 --> [DEPRECATED] Optional parameter $enquiry_details_id declared before required parameter $current_extension_ref_id is implicitly treated as a required parameter in APPPATH\Models\Enquiry_m.php on line 2218.
 1 SYSTEMPATH\Autoloader\Autoloader.php(316): include_once('C:\\laragon\\www\\khm\\system\\Debug\\Exceptions.php')
 2 SYSTEMPATH\Autoloader\Autoloader.php(295): CodeIgniter\Autoloader\Autoloader->includeFile('C:\\laragon\\www\\khm\\app\\Models\\Enquiry_m.php')
 3 SYSTEMPATH\Autoloader\Autoloader.php(271): CodeIgniter\Autoloader\Autoloader->loadInNamespace('App\\Models\\Enquiry_m')
 4 APPPATH\Controllers\Enquiry.php(1941): CodeIgniter\Autoloader\Autoloader->loadClass('App\\Models\\Enquiry_m')
 5 SYSTEMPATH\CodeIgniter.php(933): App\Controllers\Enquiry->getSavedEventVendors()
 6 SYSTEMPATH\CodeIgniter.php(509): CodeIgniter\CodeIgniter->runController(Object(App\Controllers\Enquiry))
 7 SYSTEMPATH\CodeIgniter.php(355): CodeIgniter\CodeIgniter->handleRequest(null, Object(Config\Cache), false)
 8 SYSTEMPATH\Boot.php(334): CodeIgniter\CodeIgniter->run()
 9 SYSTEMPATH\Boot.php(67): CodeIgniter\Boot::runCodeIgniter(Object(CodeIgniter\CodeIgniter))
10 FCPATH\index.php(56): CodeIgniter\Boot::bootWeb(Object(Config\Paths))
DEBUG - 2026-01-08 07:38:54 --> Session: Class initialized using 'CodeIgniter\Session\Handlers\FileHandler' driver.
WARNING - 2026-01-08 07:38:54 --> [DEPRECATED] Optional parameter $enquiry_header_id declared before required parameter $current_extension_ref_id is implicitly treated as a required parameter in APPPATH\Models\Enquiry_m.php on line 2218.
 1 SYSTEMPATH\Autoloader\Autoloader.php(316): include_once('C:\\laragon\\www\\khm\\system\\Debug\\Exceptions.php')
 2 SYSTEMPATH\Autoloader\Autoloader.php(295): CodeIgniter\Autoloader\Autoloader->includeFile('C:\\laragon\\www\\khm\\app\\Models\\Enquiry_m.php')
 3 SYSTEMPATH\Autoloader\Autoloader.php(271): CodeIgniter\Autoloader\Autoloader->loadInNamespace('App\\Models\\Enquiry_m')
 4 APPPATH\Controllers\Enquiry.php(1934): CodeIgniter\Autoloader\Autoloader->loadClass('App\\Models\\Enquiry_m')
 5 SYSTEMPATH\CodeIgniter.php(933): App\Controllers\Enquiry->getVendors()
 6 SYSTEMPATH\CodeIgniter.php(509): CodeIgniter\CodeIgniter->runController(Object(App\Controllers\Enquiry))
 7 SYSTEMPATH\CodeIgniter.php(355): CodeIgniter\CodeIgniter->handleRequest(null, Object(Config\Cache), false)
 8 SYSTEMPATH\Boot.php(334): CodeIgniter\CodeIgniter->run()
 9 SYSTEMPATH\Boot.php(67): CodeIgniter\Boot::runCodeIgniter(Object(CodeIgniter\CodeIgniter))
10 FCPATH\index.php(56): CodeIgniter\Boot::bootWeb(Object(Config\Paths))
WARNING - 2026-01-08 07:38:54 --> [DEPRECATED] Optional parameter $enquiry_details_id declared before required parameter $current_extension_ref_id is implicitly treated as a required parameter in APPPATH\Models\Enquiry_m.php on line 2218.
 1 SYSTEMPATH\Autoloader\Autoloader.php(316): include_once('C:\\laragon\\www\\khm\\system\\Debug\\Exceptions.php')
 2 SYSTEMPATH\Autoloader\Autoloader.php(295): CodeIgniter\Autoloader\Autoloader->includeFile('C:\\laragon\\www\\khm\\app\\Models\\Enquiry_m.php')
 3 SYSTEMPATH\Autoloader\Autoloader.php(271): CodeIgniter\Autoloader\Autoloader->loadInNamespace('App\\Models\\Enquiry_m')
 4 APPPATH\Controllers\Enquiry.php(1934): CodeIgniter\Autoloader\Autoloader->loadClass('App\\Models\\Enquiry_m')
 5 SYSTEMPATH\CodeIgniter.php(933): App\Controllers\Enquiry->getVendors()
 6 SYSTEMPATH\CodeIgniter.php(509): CodeIgniter\CodeIgniter->runController(Object(App\Controllers\Enquiry))
 7 SYSTEMPATH\CodeIgniter.php(355): CodeIgniter\CodeIgniter->handleRequest(null, Object(Config\Cache), false)
 8 SYSTEMPATH\Boot.php(334): CodeIgniter\CodeIgniter->run()
 9 SYSTEMPATH\Boot.php(67): CodeIgniter\Boot::runCodeIgniter(Object(CodeIgniter\CodeIgniter))
10 FCPATH\index.php(56): CodeIgniter\Boot::bootWeb(Object(Config\Paths))
DEBUG - 2026-01-08 07:38:54 --> Session: Class initialized using 'CodeIgniter\Session\Handlers\FileHandler' driver.
WARNING - 2026-01-08 07:38:54 --> [DEPRECATED] Optional parameter $enquiry_header_id declared before required parameter $current_extension_ref_id is implicitly treated as a required parameter in APPPATH\Models\Enquiry_m.php on line 2218.
 1 SYSTEMPATH\Autoloader\Autoloader.php(316): include_once('C:\\laragon\\www\\khm\\system\\Debug\\Exceptions.php')
 2 SYSTEMPATH\Autoloader\Autoloader.php(295): CodeIgniter\Autoloader\Autoloader->includeFile('C:\\laragon\\www\\khm\\app\\Models\\Enquiry_m.php')
 3 SYSTEMPATH\Autoloader\Autoloader.php(271): CodeIgniter\Autoloader\Autoloader->loadInNamespace('App\\Models\\Enquiry_m')
 4 APPPATH\Controllers\Enquiry.php(1926): CodeIgniter\Autoloader\Autoloader->loadClass('App\\Models\\Enquiry_m')
 5 SYSTEMPATH\CodeIgniter.php(933): App\Controllers\Enquiry->getSpecialEvents()
 6 SYSTEMPATH\CodeIgniter.php(509): CodeIgniter\CodeIgniter->runController(Object(App\Controllers\Enquiry))
 7 SYSTEMPATH\CodeIgniter.php(355): CodeIgniter\CodeIgniter->handleRequest(null, Object(Config\Cache), false)
 8 SYSTEMPATH\Boot.php(334): CodeIgniter\CodeIgniter->run()
 9 SYSTEMPATH\Boot.php(67): CodeIgniter\Boot::runCodeIgniter(Object(CodeIgniter\CodeIgniter))
10 FCPATH\index.php(56): CodeIgniter\Boot::bootWeb(Object(Config\Paths))
WARNING - 2026-01-08 07:38:54 --> [DEPRECATED] Optional parameter $enquiry_details_id declared before required parameter $current_extension_ref_id is implicitly treated as a required parameter in APPPATH\Models\Enquiry_m.php on line 2218.
 1 SYSTEMPATH\Autoloader\Autoloader.php(316): include_once('C:\\laragon\\www\\khm\\system\\Debug\\Exceptions.php')
 2 SYSTEMPATH\Autoloader\Autoloader.php(295): CodeIgniter\Autoloader\Autoloader->includeFile('C:\\laragon\\www\\khm\\app\\Models\\Enquiry_m.php')
 3 SYSTEMPATH\Autoloader\Autoloader.php(271): CodeIgniter\Autoloader\Autoloader->loadInNamespace('App\\Models\\Enquiry_m')
 4 APPPATH\Controllers\Enquiry.php(1926): CodeIgniter\Autoloader\Autoloader->loadClass('App\\Models\\Enquiry_m')
 5 SYSTEMPATH\CodeIgniter.php(933): App\Controllers\Enquiry->getSpecialEvents()
 6 SYSTEMPATH\CodeIgniter.php(509): CodeIgniter\CodeIgniter->runController(Object(App\Controllers\Enquiry))
 7 SYSTEMPATH\CodeIgniter.php(355): CodeIgniter\CodeIgniter->handleRequest(null, Object(Config\Cache), false)
 8 SYSTEMPATH\Boot.php(334): CodeIgniter\CodeIgniter->run()
 9 SYSTEMPATH\Boot.php(67): CodeIgniter\Boot::runCodeIgniter(Object(CodeIgniter\CodeIgniter))
10 FCPATH\index.php(56): CodeIgniter\Boot::bootWeb(Object(Config\Paths))
DEBUG - 2026-01-08 07:38:55 --> Session: Class initialized using 'CodeIgniter\Session\Handlers\FileHandler' driver.
WARNING - 2026-01-08 07:38:55 --> [DEPRECATED] Optional parameter $enquiry_header_id declared before required parameter $current_extension_ref_id is implicitly treated as a required parameter in APPPATH\Models\Enquiry_m.php on line 2218.
 1 SYSTEMPATH\Autoloader\Autoloader.php(316): include_once('C:\\laragon\\www\\khm\\system\\Debug\\Exceptions.php')
 2 SYSTEMPATH\Autoloader\Autoloader.php(295): CodeIgniter\Autoloader\Autoloader->includeFile('C:\\laragon\\www\\khm\\app\\Models\\Enquiry_m.php')
 3 SYSTEMPATH\Autoloader\Autoloader.php(271): CodeIgniter\Autoloader\Autoloader->loadInNamespace('App\\Models\\Enquiry_m')
 4 APPPATH\Controllers\Enquiry.php(2270): CodeIgniter\Autoloader\Autoloader->loadClass('App\\Models\\Enquiry_m')
 5 SYSTEMPATH\CodeIgniter.php(933): App\Controllers\Enquiry->proformaofficeform()
 6 SYSTEMPATH\CodeIgniter.php(509): CodeIgniter\CodeIgniter->runController(Object(App\Controllers\Enquiry))
 7 SYSTEMPATH\CodeIgniter.php(355): CodeIgniter\CodeIgniter->handleRequest(null, Object(Config\Cache), false)
 8 SYSTEMPATH\Boot.php(334): CodeIgniter\CodeIgniter->run()
 9 SYSTEMPATH\Boot.php(67): CodeIgniter\Boot::runCodeIgniter(Object(CodeIgniter\CodeIgniter))
10 FCPATH\index.php(56): CodeIgniter\Boot::bootWeb(Object(Config\Paths))
WARNING - 2026-01-08 07:38:55 --> [DEPRECATED] Optional parameter $enquiry_details_id declared before required parameter $current_extension_ref_id is implicitly treated as a required parameter in APPPATH\Models\Enquiry_m.php on line 2218.
 1 SYSTEMPATH\Autoloader\Autoloader.php(316): include_once('C:\\laragon\\www\\khm\\system\\Debug\\Exceptions.php')
 2 SYSTEMPATH\Autoloader\Autoloader.php(295): CodeIgniter\Autoloader\Autoloader->includeFile('C:\\laragon\\www\\khm\\app\\Models\\Enquiry_m.php')
 3 SYSTEMPATH\Autoloader\Autoloader.php(271): CodeIgniter\Autoloader\Autoloader->loadInNamespace('App\\Models\\Enquiry_m')
 4 APPPATH\Controllers\Enquiry.php(2270): CodeIgniter\Autoloader\Autoloader->loadClass('App\\Models\\Enquiry_m')
 5 SYSTEMPATH\CodeIgniter.php(933): App\Controllers\Enquiry->proformaofficeform()
 6 SYSTEMPATH\CodeIgniter.php(509): CodeIgniter\CodeIgniter->runController(Object(App\Controllers\Enquiry))
 7 SYSTEMPATH\CodeIgniter.php(355): CodeIgniter\CodeIgniter->handleRequest(null, Object(Config\Cache), false)
 8 SYSTEMPATH\Boot.php(334): CodeIgniter\CodeIgniter->run()
 9 SYSTEMPATH\Boot.php(67): CodeIgniter\Boot::runCodeIgniter(Object(CodeIgniter\CodeIgniter))
10 FCPATH\index.php(56): CodeIgniter\Boot::bootWeb(Object(Config\Paths))
DEBUG - 2026-01-08 07:38:57 --> Session: Class initialized using 'CodeIgniter\Session\Handlers\FileHandler' driver.
WARNING - 2026-01-08 07:38:57 --> [DEPRECATED] Optional parameter $enquiry_header_id declared before required parameter $current_extension_ref_id is implicitly treated as a required parameter in APPPATH\Models\Enquiry_m.php on line 2218.
 1 SYSTEMPATH\Autoloader\Autoloader.php(316): include_once('C:\\laragon\\www\\khm\\system\\Debug\\Exceptions.php')
 2 SYSTEMPATH\Autoloader\Autoloader.php(295): CodeIgniter\Autoloader\Autoloader->includeFile('C:\\laragon\\www\\khm\\app\\Models\\Enquiry_m.php')
 3 SYSTEMPATH\Autoloader\Autoloader.php(271): CodeIgniter\Autoloader\Autoloader->loadInNamespace('App\\Models\\Enquiry_m')
 4 APPPATH\Controllers\Enquiry.php(2076): CodeIgniter\Autoloader\Autoloader->loadClass('App\\Models\\Enquiry_m')
 5 SYSTEMPATH\CodeIgniter.php(933): App\Controllers\Enquiry->getProformaOfficeData()
 6 SYSTEMPATH\CodeIgniter.php(509): CodeIgniter\CodeIgniter->runController(Object(App\Controllers\Enquiry))
 7 SYSTEMPATH\CodeIgniter.php(355): CodeIgniter\CodeIgniter->handleRequest(null, Object(Config\Cache), false)
 8 SYSTEMPATH\Boot.php(334): CodeIgniter\CodeIgniter->run()
 9 SYSTEMPATH\Boot.php(67): CodeIgniter\Boot::runCodeIgniter(Object(CodeIgniter\CodeIgniter))
10 FCPATH\index.php(56): CodeIgniter\Boot::bootWeb(Object(Config\Paths))
WARNING - 2026-01-08 07:38:57 --> [DEPRECATED] Optional parameter $enquiry_details_id declared before required parameter $current_extension_ref_id is implicitly treated as a required parameter in APPPATH\Models\Enquiry_m.php on line 2218.
 1 SYSTEMPATH\Autoloader\Autoloader.php(316): include_once('C:\\laragon\\www\\khm\\system\\Debug\\Exceptions.php')
 2 SYSTEMPATH\Autoloader\Autoloader.php(295): CodeIgniter\Autoloader\Autoloader->includeFile('C:\\laragon\\www\\khm\\app\\Models\\Enquiry_m.php')
 3 SYSTEMPATH\Autoloader\Autoloader.php(271): CodeIgniter\Autoloader\Autoloader->loadInNamespace('App\\Models\\Enquiry_m')
 4 APPPATH\Controllers\Enquiry.php(2076): CodeIgniter\Autoloader\Autoloader->loadClass('App\\Models\\Enquiry_m')
 5 SYSTEMPATH\CodeIgniter.php(933): App\Controllers\Enquiry->getProformaOfficeData()
 6 SYSTEMPATH\CodeIgniter.php(509): CodeIgniter\CodeIgniter->runController(Object(App\Controllers\Enquiry))
 7 SYSTEMPATH\CodeIgniter.php(355): CodeIgniter\CodeIgniter->handleRequest(null, Object(Config\Cache), false)
 8 SYSTEMPATH\Boot.php(334): CodeIgniter\CodeIgniter->run()
 9 SYSTEMPATH\Boot.php(67): CodeIgniter\Boot::runCodeIgniter(Object(CodeIgniter\CodeIgniter))
10 FCPATH\index.php(56): CodeIgniter\Boot::bootWeb(Object(Config\Paths))
ERROR - 2026-01-08 07:38:57 --> SPECIAL EVENTS FINAL => Array
(
    [0] => Array
        (
            [tour_date] => 2026-01-17
            [event_name] => B'day
            [tariff] => 2000
            [vendor_id] => 5735
        )

    [1] => Array
        (
            [tour_date] => 2026-01-19
            [event_name] => Anniversary celeb
            [tariff] => 2000
            [vendor_id] => 5737
        )

)

ERROR - 2026-01-08 07:38:57 --> VENDOR MAP => Array
(
    [5732] => vendor test updated
    [5733] => vendor new
    [5734] => v one
    [5735] => v one
    [5736] => v one
    [5737] => v one ttt
    [5738] => v test new
    [5739] => Ven dor updated
)

DEBUG - 2026-01-08 07:39:05 --> Session: Class initialized using 'CodeIgniter\Session\Handlers\FileHandler' driver.
WARNING - 2026-01-08 07:39:05 --> [DEPRECATED] Optional parameter $enquiry_header_id declared before required parameter $current_extension_ref_id is implicitly treated as a required parameter in APPPATH\Models\Enquiry_m.php on line 2218.
 1 SYSTEMPATH\Autoloader\Autoloader.php(316): include_once('C:\\laragon\\www\\khm\\system\\Debug\\Exceptions.php')
 2 SYSTEMPATH\Autoloader\Autoloader.php(295): CodeIgniter\Autoloader\Autoloader->includeFile('C:\\laragon\\www\\khm\\app\\Models\\Enquiry_m.php')
 3 SYSTEMPATH\Autoloader\Autoloader.php(271): CodeIgniter\Autoloader\Autoloader->loadInNamespace('App\\Models\\Enquiry_m')
 4 APPPATH\Controllers\Enquiry.php(1596): CodeIgniter\Autoloader\Autoloader->loadClass('App\\Models\\Enquiry_m')
 5 SYSTEMPATH\CodeIgniter.php(933): App\Controllers\Enquiry->save_final_proforma_sheet()
 6 SYSTEMPATH\CodeIgniter.php(509): CodeIgniter\CodeIgniter->runController(Object(App\Controllers\Enquiry))
 7 SYSTEMPATH\CodeIgniter.php(355): CodeIgniter\CodeIgniter->handleRequest(null, Object(Config\Cache), false)
 8 SYSTEMPATH\Boot.php(334): CodeIgniter\CodeIgniter->run()
 9 SYSTEMPATH\Boot.php(67): CodeIgniter\Boot::runCodeIgniter(Object(CodeIgniter\CodeIgniter))
10 FCPATH\index.php(56): CodeIgniter\Boot::bootWeb(Object(Config\Paths))
WARNING - 2026-01-08 07:39:05 --> [DEPRECATED] Optional parameter $enquiry_details_id declared before required parameter $current_extension_ref_id is implicitly treated as a required parameter in APPPATH\Models\Enquiry_m.php on line 2218.
 1 SYSTEMPATH\Autoloader\Autoloader.php(316): include_once('C:\\laragon\\www\\khm\\system\\Debug\\Exceptions.php')
 2 SYSTEMPATH\Autoloader\Autoloader.php(295): CodeIgniter\Autoloader\Autoloader->includeFile('C:\\laragon\\www\\khm\\app\\Models\\Enquiry_m.php')
 3 SYSTEMPATH\Autoloader\Autoloader.php(271): CodeIgniter\Autoloader\Autoloader->loadInNamespace('App\\Models\\Enquiry_m')
 4 APPPATH\Controllers\Enquiry.php(1596): CodeIgniter\Autoloader\Autoloader->loadClass('App\\Models\\Enquiry_m')
 5 SYSTEMPATH\CodeIgniter.php(933): App\Controllers\Enquiry->save_final_proforma_sheet()
 6 SYSTEMPATH\CodeIgniter.php(509): CodeIgniter\CodeIgniter->runController(Object(App\Controllers\Enquiry))
 7 SYSTEMPATH\CodeIgniter.php(355): CodeIgniter\CodeIgniter->handleRequest(null, Object(Config\Cache), false)
 8 SYSTEMPATH\Boot.php(334): CodeIgniter\CodeIgniter->run()
 9 SYSTEMPATH\Boot.php(67): CodeIgniter\Boot::runCodeIgniter(Object(CodeIgniter\CodeIgniter))
10 FCPATH\index.php(56): CodeIgniter\Boot::bootWeb(Object(Config\Paths))
DEBUG - 2026-01-08 07:39:13 --> Session: Class initialized using 'CodeIgniter\Session\Handlers\FileHandler' driver.
WARNING - 2026-01-08 07:39:13 --> [DEPRECATED] Optional parameter $enquiry_header_id declared before required parameter $current_extension_ref_id is implicitly treated as a required parameter in APPPATH\Models\Enquiry_m.php on line 2218.
 1 SYSTEMPATH\Autoloader\Autoloader.php(316): include_once('C:\\laragon\\www\\khm\\system\\Debug\\Exceptions.php')
 2 SYSTEMPATH\Autoloader\Autoloader.php(295): CodeIgniter\Autoloader\Autoloader->includeFile('C:\\laragon\\www\\khm\\app\\Models\\Enquiry_m.php')
 3 SYSTEMPATH\Autoloader\Autoloader.php(271): CodeIgniter\Autoloader\Autoloader->loadInNamespace('App\\Models\\Enquiry_m')
 4 APPPATH\Controllers\Enquiry.php(2076): CodeIgniter\Autoloader\Autoloader->loadClass('App\\Models\\Enquiry_m')
 5 SYSTEMPATH\CodeIgniter.php(933): App\Controllers\Enquiry->getProformaOfficeData()
 6 SYSTEMPATH\CodeIgniter.php(509): CodeIgniter\CodeIgniter->runController(Object(App\Controllers\Enquiry))
 7 SYSTEMPATH\CodeIgniter.php(355): CodeIgniter\CodeIgniter->handleRequest(null, Object(Config\Cache), false)
 8 SYSTEMPATH\Boot.php(334): CodeIgniter\CodeIgniter->run()
 9 SYSTEMPATH\Boot.php(67): CodeIgniter\Boot::runCodeIgniter(Object(CodeIgniter\CodeIgniter))
10 FCPATH\index.php(56): CodeIgniter\Boot::bootWeb(Object(Config\Paths))
WARNING - 2026-01-08 07:39:13 --> [DEPRECATED] Optional parameter $enquiry_details_id declared before required parameter $current_extension_ref_id is implicitly treated as a required parameter in APPPATH\Models\Enquiry_m.php on line 2218.
 1 SYSTEMPATH\Autoloader\Autoloader.php(316): include_once('C:\\laragon\\www\\khm\\system\\Debug\\Exceptions.php')
 2 SYSTEMPATH\Autoloader\Autoloader.php(295): CodeIgniter\Autoloader\Autoloader->includeFile('C:\\laragon\\www\\khm\\app\\Models\\Enquiry_m.php')
 3 SYSTEMPATH\Autoloader\Autoloader.php(271): CodeIgniter\Autoloader\Autoloader->loadInNamespace('App\\Models\\Enquiry_m')
 4 APPPATH\Controllers\Enquiry.php(2076): CodeIgniter\Autoloader\Autoloader->loadClass('App\\Models\\Enquiry_m')
 5 SYSTEMPATH\CodeIgniter.php(933): App\Controllers\Enquiry->getProformaOfficeData()
 6 SYSTEMPATH\CodeIgniter.php(509): CodeIgniter\CodeIgniter->runController(Object(App\Controllers\Enquiry))
 7 SYSTEMPATH\CodeIgniter.php(355): CodeIgniter\CodeIgniter->handleRequest(null, Object(Config\Cache), false)
 8 SYSTEMPATH\Boot.php(334): CodeIgniter\CodeIgniter->run()
 9 SYSTEMPATH\Boot.php(67): CodeIgniter\Boot::runCodeIgniter(Object(CodeIgniter\CodeIgniter))
10 FCPATH\index.php(56): CodeIgniter\Boot::bootWeb(Object(Config\Paths))
ERROR - 2026-01-08 07:39:13 --> SPECIAL EVENTS FINAL => Array
(
    [0] => Array
        (
            [tour_date] => 2026-01-17
            [event_name] => B'day
            [tariff] => 2000
            [vendor_id] => 5735
        )

    [1] => Array
        (
            [tour_date] => 2026-01-19
            [event_name] => Anniversary celeb
            [tariff] => 2000
            [vendor_id] => 5737
        )

)

ERROR - 2026-01-08 07:39:13 --> VENDOR MAP => Array
(
    [5732] => vendor test updated
    [5733] => vendor new
    [5734] => v one
    [5735] => v one
    [5736] => v one
    [5737] => v one ttt
    [5738] => v test new
    [5739] => Ven dor updated
)

DEBUG - 2026-01-08 07:39:18 --> Session: Class initialized using 'CodeIgniter\Session\Handlers\FileHandler' driver.
WARNING - 2026-01-08 07:39:18 --> [DEPRECATED] Optional parameter $enquiry_header_id declared before required parameter $current_extension_ref_id is implicitly treated as a required parameter in APPPATH\Models\Enquiry_m.php on line 2218.
 1 SYSTEMPATH\Autoloader\Autoloader.php(316): include_once('C:\\laragon\\www\\khm\\system\\Debug\\Exceptions.php')
 2 SYSTEMPATH\Autoloader\Autoloader.php(295): CodeIgniter\Autoloader\Autoloader->includeFile('C:\\laragon\\www\\khm\\app\\Models\\Enquiry_m.php')
 3 SYSTEMPATH\Autoloader\Autoloader.php(271): CodeIgniter\Autoloader\Autoloader->loadInNamespace('App\\Models\\Enquiry_m')
 4 APPPATH\Controllers\Enquiry.php(1596): CodeIgniter\Autoloader\Autoloader->loadClass('App\\Models\\Enquiry_m')
 5 SYSTEMPATH\CodeIgniter.php(933): App\Controllers\Enquiry->save_final_proforma_sheet()
 6 SYSTEMPATH\CodeIgniter.php(509): CodeIgniter\CodeIgniter->runController(Object(App\Controllers\Enquiry))
 7 SYSTEMPATH\CodeIgniter.php(355): CodeIgniter\CodeIgniter->handleRequest(null, Object(Config\Cache), false)
 8 SYSTEMPATH\Boot.php(334): CodeIgniter\CodeIgniter->run()
 9 SYSTEMPATH\Boot.php(67): CodeIgniter\Boot::runCodeIgniter(Object(CodeIgniter\CodeIgniter))
10 FCPATH\index.php(56): CodeIgniter\Boot::bootWeb(Object(Config\Paths))
WARNING - 2026-01-08 07:39:18 --> [DEPRECATED] Optional parameter $enquiry_details_id declared before required parameter $current_extension_ref_id is implicitly treated as a required parameter in APPPATH\Models\Enquiry_m.php on line 2218.
 1 SYSTEMPATH\Autoloader\Autoloader.php(316): include_once('C:\\laragon\\www\\khm\\system\\Debug\\Exceptions.php')
 2 SYSTEMPATH\Autoloader\Autoloader.php(295): CodeIgniter\Autoloader\Autoloader->includeFile('C:\\laragon\\www\\khm\\app\\Models\\Enquiry_m.php')
 3 SYSTEMPATH\Autoloader\Autoloader.php(271): CodeIgniter\Autoloader\Autoloader->loadInNamespace('App\\Models\\Enquiry_m')
 4 APPPATH\Controllers\Enquiry.php(1596): CodeIgniter\Autoloader\Autoloader->loadClass('App\\Models\\Enquiry_m')
 5 SYSTEMPATH\CodeIgniter.php(933): App\Controllers\Enquiry->save_final_proforma_sheet()
 6 SYSTEMPATH\CodeIgniter.php(509): CodeIgniter\CodeIgniter->runController(Object(App\Controllers\Enquiry))
 7 SYSTEMPATH\CodeIgniter.php(355): CodeIgniter\CodeIgniter->handleRequest(null, Object(Config\Cache), false)
 8 SYSTEMPATH\Boot.php(334): CodeIgniter\CodeIgniter->run()
 9 SYSTEMPATH\Boot.php(67): CodeIgniter\Boot::runCodeIgniter(Object(CodeIgniter\CodeIgniter))
10 FCPATH\index.php(56): CodeIgniter\Boot::bootWeb(Object(Config\Paths))
DEBUG - 2026-01-08 07:39:25 --> Session: Class initialized using 'CodeIgniter\Session\Handlers\FileHandler' driver.
WARNING - 2026-01-08 07:39:25 --> [DEPRECATED] Optional parameter $enquiry_header_id declared before required parameter $current_extension_ref_id is implicitly treated as a required parameter in APPPATH\Models\Enquiry_m.php on line 2218.
 1 SYSTEMPATH\Autoloader\Autoloader.php(316): include_once('C:\\laragon\\www\\khm\\system\\Debug\\Exceptions.php')
 2 SYSTEMPATH\Autoloader\Autoloader.php(295): CodeIgniter\Autoloader\Autoloader->includeFile('C:\\laragon\\www\\khm\\app\\Models\\Enquiry_m.php')
 3 SYSTEMPATH\Autoloader\Autoloader.php(271): CodeIgniter\Autoloader\Autoloader->loadInNamespace('App\\Models\\Enquiry_m')
 4 APPPATH\Controllers\Enquiry.php(2076): CodeIgniter\Autoloader\Autoloader->loadClass('App\\Models\\Enquiry_m')
 5 SYSTEMPATH\CodeIgniter.php(933): App\Controllers\Enquiry->getProformaOfficeData()
 6 SYSTEMPATH\CodeIgniter.php(509): CodeIgniter\CodeIgniter->runController(Object(App\Controllers\Enquiry))
 7 SYSTEMPATH\CodeIgniter.php(355): CodeIgniter\CodeIgniter->handleRequest(null, Object(Config\Cache), false)
 8 SYSTEMPATH\Boot.php(334): CodeIgniter\CodeIgniter->run()
 9 SYSTEMPATH\Boot.php(67): CodeIgniter\Boot::runCodeIgniter(Object(CodeIgniter\CodeIgniter))
10 FCPATH\index.php(56): CodeIgniter\Boot::bootWeb(Object(Config\Paths))
WARNING - 2026-01-08 07:39:25 --> [DEPRECATED] Optional parameter $enquiry_details_id declared before required parameter $current_extension_ref_id is implicitly treated as a required parameter in APPPATH\Models\Enquiry_m.php on line 2218.
 1 SYSTEMPATH\Autoloader\Autoloader.php(316): include_once('C:\\laragon\\www\\khm\\system\\Debug\\Exceptions.php')
 2 SYSTEMPATH\Autoloader\Autoloader.php(295): CodeIgniter\Autoloader\Autoloader->includeFile('C:\\laragon\\www\\khm\\app\\Models\\Enquiry_m.php')
 3 SYSTEMPATH\Autoloader\Autoloader.php(271): CodeIgniter\Autoloader\Autoloader->loadInNamespace('App\\Models\\Enquiry_m')
 4 APPPATH\Controllers\Enquiry.php(2076): CodeIgniter\Autoloader\Autoloader->loadClass('App\\Models\\Enquiry_m')
 5 SYSTEMPATH\CodeIgniter.php(933): App\Controllers\Enquiry->getProformaOfficeData()
 6 SYSTEMPATH\CodeIgniter.php(509): CodeIgniter\CodeIgniter->runController(Object(App\Controllers\Enquiry))
 7 SYSTEMPATH\CodeIgniter.php(355): CodeIgniter\CodeIgniter->handleRequest(null, Object(Config\Cache), false)
 8 SYSTEMPATH\Boot.php(334): CodeIgniter\CodeIgniter->run()
 9 SYSTEMPATH\Boot.php(67): CodeIgniter\Boot::runCodeIgniter(Object(CodeIgniter\CodeIgniter))
10 FCPATH\index.php(56): CodeIgniter\Boot::bootWeb(Object(Config\Paths))
ERROR - 2026-01-08 07:39:25 --> SPECIAL EVENTS FINAL => Array
(
    [0] => Array
        (
            [tour_date] => 2026-01-17
            [event_name] => B'day
            [tariff] => 2000
            [vendor_id] => 5735
        )

    [1] => Array
        (
            [tour_date] => 2026-01-19
            [event_name] => Anniversary celeb
            [tariff] => 2000
            [vendor_id] => 5737
        )

)

ERROR - 2026-01-08 07:39:25 --> VENDOR MAP => Array
(
    [5732] => vendor test updated
    [5733] => vendor new
    [5734] => v one
    [5735] => v one
    [5736] => v one
    [5737] => v one ttt
    [5738] => v test new
    [5739] => Ven dor updated
)

DEBUG - 2026-01-08 07:40:31 --> Session: Class initialized using 'CodeIgniter\Session\Handlers\FileHandler' driver.
WARNING - 2026-01-08 07:40:31 --> [DEPRECATED] Optional parameter $enquiry_header_id declared before required parameter $current_extension_ref_id is implicitly treated as a required parameter in APPPATH\Models\Enquiry_m.php on line 2218.
 1 SYSTEMPATH\Autoloader\Autoloader.php(316): include_once('C:\\laragon\\www\\khm\\system\\Debug\\Exceptions.php')
 2 SYSTEMPATH\Autoloader\Autoloader.php(295): CodeIgniter\Autoloader\Autoloader->includeFile('C:\\laragon\\www\\khm\\app\\Models\\Enquiry_m.php')
 3 SYSTEMPATH\Autoloader\Autoloader.php(271): CodeIgniter\Autoloader\Autoloader->loadInNamespace('App\\Models\\Enquiry_m')
 4 APPPATH\Controllers\Enquiry.php(2076): CodeIgniter\Autoloader\Autoloader->loadClass('App\\Models\\Enquiry_m')
 5 SYSTEMPATH\CodeIgniter.php(933): App\Controllers\Enquiry->getProformaOfficeData()
 6 SYSTEMPATH\CodeIgniter.php(509): CodeIgniter\CodeIgniter->runController(Object(App\Controllers\Enquiry))
 7 SYSTEMPATH\CodeIgniter.php(355): CodeIgniter\CodeIgniter->handleRequest(null, Object(Config\Cache), false)
 8 SYSTEMPATH\Boot.php(334): CodeIgniter\CodeIgniter->run()
 9 SYSTEMPATH\Boot.php(67): CodeIgniter\Boot::runCodeIgniter(Object(CodeIgniter\CodeIgniter))
10 FCPATH\index.php(56): CodeIgniter\Boot::bootWeb(Object(Config\Paths))
WARNING - 2026-01-08 07:40:31 --> [DEPRECATED] Optional parameter $enquiry_details_id declared before required parameter $current_extension_ref_id is implicitly treated as a required parameter in APPPATH\Models\Enquiry_m.php on line 2218.
 1 SYSTEMPATH\Autoloader\Autoloader.php(316): include_once('C:\\laragon\\www\\khm\\system\\Debug\\Exceptions.php')
 2 SYSTEMPATH\Autoloader\Autoloader.php(295): CodeIgniter\Autoloader\Autoloader->includeFile('C:\\laragon\\www\\khm\\app\\Models\\Enquiry_m.php')
 3 SYSTEMPATH\Autoloader\Autoloader.php(271): CodeIgniter\Autoloader\Autoloader->loadInNamespace('App\\Models\\Enquiry_m')
 4 APPPATH\Controllers\Enquiry.php(2076): CodeIgniter\Autoloader\Autoloader->loadClass('App\\Models\\Enquiry_m')
 5 SYSTEMPATH\CodeIgniter.php(933): App\Controllers\Enquiry->getProformaOfficeData()
 6 SYSTEMPATH\CodeIgniter.php(509): CodeIgniter\CodeIgniter->runController(Object(App\Controllers\Enquiry))
 7 SYSTEMPATH\CodeIgniter.php(355): CodeIgniter\CodeIgniter->handleRequest(null, Object(Config\Cache), false)
 8 SYSTEMPATH\Boot.php(334): CodeIgniter\CodeIgniter->run()
 9 SYSTEMPATH\Boot.php(67): CodeIgniter\Boot::runCodeIgniter(Object(CodeIgniter\CodeIgniter))
10 FCPATH\index.php(56): CodeIgniter\Boot::bootWeb(Object(Config\Paths))
ERROR - 2026-01-08 07:40:31 --> SPECIAL EVENTS FINAL => Array
(
    [0] => Array
        (
            [tour_date] => 2026-01-17
            [event_name] => B'day
            [tariff] => 2000
            [vendor_id] => 5735
        )

    [1] => Array
        (
            [tour_date] => 2026-01-19
            [event_name] => Anniversary celeb
            [tariff] => 2000
            [vendor_id] => 5737
        )

)

ERROR - 2026-01-08 07:40:31 --> VENDOR MAP => Array
(
    [5732] => vendor test updated
    [5733] => vendor new
    [5734] => v one
    [5735] => v one
    [5736] => v one
    [5737] => v one ttt
    [5738] => v test new
    [5739] => Ven dor updated
)

DEBUG - 2026-01-08 09:15:36 --> Session: Class initialized using 'CodeIgniter\Session\Handlers\FileHandler' driver.
WARNING - 2026-01-08 09:15:36 --> [DEPRECATED] Optional parameter $enquiry_header_id declared before required parameter $current_extension_ref_id is implicitly treated as a required parameter in APPPATH\Models\Enquiry_m.php on line 2218.
 1 SYSTEMPATH\Autoloader\Autoloader.php(316): include_once('C:\\laragon\\www\\khm\\system\\Debug\\Exceptions.php')
 2 SYSTEMPATH\Autoloader\Autoloader.php(295): CodeIgniter\Autoloader\Autoloader->includeFile('C:\\laragon\\www\\khm\\app\\Models\\Enquiry_m.php')
 3 SYSTEMPATH\Autoloader\Autoloader.php(271): CodeIgniter\Autoloader\Autoloader->loadInNamespace('App\\Models\\Enquiry_m')
 4 APPPATH\Controllers\Enquiry.php(2260): CodeIgniter\Autoloader\Autoloader->loadClass('App\\Models\\Enquiry_m')
 5 SYSTEMPATH\CodeIgniter.php(933): App\Controllers\Enquiry->proformaguestform()
 6 SYSTEMPATH\CodeIgniter.php(509): CodeIgniter\CodeIgniter->runController(Object(App\Controllers\Enquiry))
 7 SYSTEMPATH\CodeIgniter.php(355): CodeIgniter\CodeIgniter->handleRequest(null, Object(Config\Cache), false)
 8 SYSTEMPATH\Boot.php(334): CodeIgniter\CodeIgniter->run()
 9 SYSTEMPATH\Boot.php(67): CodeIgniter\Boot::runCodeIgniter(Object(CodeIgniter\CodeIgniter))
10 FCPATH\index.php(56): CodeIgniter\Boot::bootWeb(Object(Config\Paths))
WARNING - 2026-01-08 09:15:36 --> [DEPRECATED] Optional parameter $enquiry_details_id declared before required parameter $current_extension_ref_id is implicitly treated as a required parameter in APPPATH\Models\Enquiry_m.php on line 2218.
 1 SYSTEMPATH\Autoloader\Autoloader.php(316): include_once('C:\\laragon\\www\\khm\\system\\Debug\\Exceptions.php')
 2 SYSTEMPATH\Autoloader\Autoloader.php(295): CodeIgniter\Autoloader\Autoloader->includeFile('C:\\laragon\\www\\khm\\app\\Models\\Enquiry_m.php')
 3 SYSTEMPATH\Autoloader\Autoloader.php(271): CodeIgniter\Autoloader\Autoloader->loadInNamespace('App\\Models\\Enquiry_m')
 4 APPPATH\Controllers\Enquiry.php(2260): CodeIgniter\Autoloader\Autoloader->loadClass('App\\Models\\Enquiry_m')
 5 SYSTEMPATH\CodeIgniter.php(933): App\Controllers\Enquiry->proformaguestform()
 6 SYSTEMPATH\CodeIgniter.php(509): CodeIgniter\CodeIgniter->runController(Object(App\Controllers\Enquiry))
 7 SYSTEMPATH\CodeIgniter.php(355): CodeIgniter\CodeIgniter->handleRequest(null, Object(Config\Cache), false)
 8 SYSTEMPATH\Boot.php(334): CodeIgniter\CodeIgniter->run()
 9 SYSTEMPATH\Boot.php(67): CodeIgniter\Boot::runCodeIgniter(Object(CodeIgniter\CodeIgniter))
10 FCPATH\index.php(56): CodeIgniter\Boot::bootWeb(Object(Config\Paths))
DEBUG - 2026-01-08 09:15:38 --> Session: Class initialized using 'CodeIgniter\Session\Handlers\FileHandler' driver.
DEBUG - 2026-01-08 09:15:38 --> Session: Class initialized using 'CodeIgniter\Session\Handlers\FileHandler' driver.
WARNING - 2026-01-08 09:15:38 --> [DEPRECATED] Optional parameter $enquiry_header_id declared before required parameter $current_extension_ref_id is implicitly treated as a required parameter in APPPATH\Models\Enquiry_m.php on line 2218.
 1 SYSTEMPATH\Autoloader\Autoloader.php(316): include_once('C:\\laragon\\www\\khm\\system\\Debug\\Exceptions.php')
 2 SYSTEMPATH\Autoloader\Autoloader.php(295): CodeIgniter\Autoloader\Autoloader->includeFile('C:\\laragon\\www\\khm\\app\\Models\\Enquiry_m.php')
 3 SYSTEMPATH\Autoloader\Autoloader.php(271): CodeIgniter\Autoloader\Autoloader->loadInNamespace('App\\Models\\Enquiry_m')
 4 APPPATH\Controllers\Enquiry.php(2260): CodeIgniter\Autoloader\Autoloader->loadClass('App\\Models\\Enquiry_m')
 5 SYSTEMPATH\CodeIgniter.php(933): App\Controllers\Enquiry->proformaguestform()
 6 SYSTEMPATH\CodeIgniter.php(509): CodeIgniter\CodeIgniter->runController(Object(App\Controllers\Enquiry))
 7 SYSTEMPATH\CodeIgniter.php(355): CodeIgniter\CodeIgniter->handleRequest(null, Object(Config\Cache), false)
 8 SYSTEMPATH\Boot.php(334): CodeIgniter\CodeIgniter->run()
 9 SYSTEMPATH\Boot.php(67): CodeIgniter\Boot::runCodeIgniter(Object(CodeIgniter\CodeIgniter))
10 FCPATH\index.php(56): CodeIgniter\Boot::bootWeb(Object(Config\Paths))
WARNING - 2026-01-08 09:15:38 --> [DEPRECATED] Optional parameter $enquiry_details_id declared before required parameter $current_extension_ref_id is implicitly treated as a required parameter in APPPATH\Models\Enquiry_m.php on line 2218.
 1 SYSTEMPATH\Autoloader\Autoloader.php(316): include_once('C:\\laragon\\www\\khm\\system\\Debug\\Exceptions.php')
 2 SYSTEMPATH\Autoloader\Autoloader.php(295): CodeIgniter\Autoloader\Autoloader->includeFile('C:\\laragon\\www\\khm\\app\\Models\\Enquiry_m.php')
 3 SYSTEMPATH\Autoloader\Autoloader.php(271): CodeIgniter\Autoloader\Autoloader->loadInNamespace('App\\Models\\Enquiry_m')
 4 APPPATH\Controllers\Enquiry.php(2260): CodeIgniter\Autoloader\Autoloader->loadClass('App\\Models\\Enquiry_m')
 5 SYSTEMPATH\CodeIgniter.php(933): App\Controllers\Enquiry->proformaguestform()
 6 SYSTEMPATH\CodeIgniter.php(509): CodeIgniter\CodeIgniter->runController(Object(App\Controllers\Enquiry))
 7 SYSTEMPATH\CodeIgniter.php(355): CodeIgniter\CodeIgniter->handleRequest(null, Object(Config\Cache), false)
 8 SYSTEMPATH\Boot.php(334): CodeIgniter\CodeIgniter->run()
 9 SYSTEMPATH\Boot.php(67): CodeIgniter\Boot::runCodeIgniter(Object(CodeIgniter\CodeIgniter))
10 FCPATH\index.php(56): CodeIgniter\Boot::bootWeb(Object(Config\Paths))
DEBUG - 2026-01-08 09:15:38 --> Session: Class initialized using 'CodeIgniter\Session\Handlers\FileHandler' driver.
WARNING - 2026-01-08 09:15:38 --> [DEPRECATED] Optional parameter $enquiry_header_id declared before required parameter $current_extension_ref_id is implicitly treated as a required parameter in APPPATH\Models\Enquiry_m.php on line 2218.
 1 SYSTEMPATH\Autoloader\Autoloader.php(316): include_once('C:\\laragon\\www\\khm\\system\\Debug\\Exceptions.php')
 2 SYSTEMPATH\Autoloader\Autoloader.php(295): CodeIgniter\Autoloader\Autoloader->includeFile('C:\\laragon\\www\\khm\\app\\Models\\Enquiry_m.php')
 3 SYSTEMPATH\Autoloader\Autoloader.php(271): CodeIgniter\Autoloader\Autoloader->loadInNamespace('App\\Models\\Enquiry_m')
 4 APPPATH\Controllers\Enquiry.php(581): CodeIgniter\Autoloader\Autoloader->loadClass('App\\Models\\Enquiry_m')
 5 SYSTEMPATH\CodeIgniter.php(933): App\Controllers\Enquiry->followup_form('281', '654')
 6 SYSTEMPATH\CodeIgniter.php(509): CodeIgniter\CodeIgniter->runController(Object(App\Controllers\Enquiry))
 7 SYSTEMPATH\CodeIgniter.php(355): CodeIgniter\CodeIgniter->handleRequest(null, Object(Config\Cache), false)
 8 SYSTEMPATH\Boot.php(334): CodeIgniter\CodeIgniter->run()
 9 SYSTEMPATH\Boot.php(67): CodeIgniter\Boot::runCodeIgniter(Object(CodeIgniter\CodeIgniter))
10 FCPATH\index.php(56): CodeIgniter\Boot::bootWeb(Object(Config\Paths))
WARNING - 2026-01-08 09:15:38 --> [DEPRECATED] Optional parameter $enquiry_details_id declared before required parameter $current_extension_ref_id is implicitly treated as a required parameter in APPPATH\Models\Enquiry_m.php on line 2218.
 1 SYSTEMPATH\Autoloader\Autoloader.php(316): include_once('C:\\laragon\\www\\khm\\system\\Debug\\Exceptions.php')
 2 SYSTEMPATH\Autoloader\Autoloader.php(295): CodeIgniter\Autoloader\Autoloader->includeFile('C:\\laragon\\www\\khm\\app\\Models\\Enquiry_m.php')
 3 SYSTEMPATH\Autoloader\Autoloader.php(271): CodeIgniter\Autoloader\Autoloader->loadInNamespace('App\\Models\\Enquiry_m')
 4 APPPATH\Controllers\Enquiry.php(581): CodeIgniter\Autoloader\Autoloader->loadClass('App\\Models\\Enquiry_m')
 5 SYSTEMPATH\CodeIgniter.php(933): App\Controllers\Enquiry->followup_form('281', '654')
 6 SYSTEMPATH\CodeIgniter.php(509): CodeIgniter\CodeIgniter->runController(Object(App\Controllers\Enquiry))
 7 SYSTEMPATH\CodeIgniter.php(355): CodeIgniter\CodeIgniter->handleRequest(null, Object(Config\Cache), false)
 8 SYSTEMPATH\Boot.php(334): CodeIgniter\CodeIgniter->run()
 9 SYSTEMPATH\Boot.php(67): CodeIgniter\Boot::runCodeIgniter(Object(CodeIgniter\CodeIgniter))
10 FCPATH\index.php(56): CodeIgniter\Boot::bootWeb(Object(Config\Paths))
WARNING - 2026-01-08 09:15:38 --> [DEPRECATED] Optional parameter $enquiry_header_id declared before required parameter $current_extension_ref_id is implicitly treated as a required parameter in APPPATH\Models\Enquiry_m.php on line 2218.
 1 SYSTEMPATH\Autoloader\Autoloader.php(316): include_once('C:\\laragon\\www\\khm\\system\\Debug\\Exceptions.php')
 2 SYSTEMPATH\Autoloader\Autoloader.php(295): CodeIgniter\Autoloader\Autoloader->includeFile('C:\\laragon\\www\\khm\\app\\Models\\Enquiry_m.php')
 3 SYSTEMPATH\Autoloader\Autoloader.php(271): CodeIgniter\Autoloader\Autoloader->loadInNamespace('App\\Models\\Enquiry_m')
 4 APPPATH\Controllers\Enquiry.php(581): CodeIgniter\Autoloader\Autoloader->loadClass('App\\Models\\Enquiry_m')
 5 SYSTEMPATH\CodeIgniter.php(933): App\Controllers\Enquiry->followup_form('281', '654')
 6 SYSTEMPATH\CodeIgniter.php(509): CodeIgniter\CodeIgniter->runController(Object(App\Controllers\Enquiry))
 7 SYSTEMPATH\CodeIgniter.php(355): CodeIgniter\CodeIgniter->handleRequest(null, Object(Config\Cache), false)
 8 SYSTEMPATH\Boot.php(334): CodeIgniter\CodeIgniter->run()
 9 SYSTEMPATH\Boot.php(67): CodeIgniter\Boot::runCodeIgniter(Object(CodeIgniter\CodeIgniter))
10 FCPATH\index.php(56): CodeIgniter\Boot::bootWeb(Object(Config\Paths))
WARNING - 2026-01-08 09:15:38 --> [DEPRECATED] Optional parameter $enquiry_details_id declared before required parameter $current_extension_ref_id is implicitly treated as a required parameter in APPPATH\Models\Enquiry_m.php on line 2218.
 1 SYSTEMPATH\Autoloader\Autoloader.php(316): include_once('C:\\laragon\\www\\khm\\system\\Debug\\Exceptions.php')
 2 SYSTEMPATH\Autoloader\Autoloader.php(295): CodeIgniter\Autoloader\Autoloader->includeFile('C:\\laragon\\www\\khm\\app\\Models\\Enquiry_m.php')
 3 SYSTEMPATH\Autoloader\Autoloader.php(271): CodeIgniter\Autoloader\Autoloader->loadInNamespace('App\\Models\\Enquiry_m')
 4 APPPATH\Controllers\Enquiry.php(581): CodeIgniter\Autoloader\Autoloader->loadClass('App\\Models\\Enquiry_m')
 5 SYSTEMPATH\CodeIgniter.php(933): App\Controllers\Enquiry->followup_form('281', '654')
 6 SYSTEMPATH\CodeIgniter.php(509): CodeIgniter\CodeIgniter->runController(Object(App\Controllers\Enquiry))
 7 SYSTEMPATH\CodeIgniter.php(355): CodeIgniter\CodeIgniter->handleRequest(null, Object(Config\Cache), false)
 8 SYSTEMPATH\Boot.php(334): CodeIgniter\CodeIgniter->run()
 9 SYSTEMPATH\Boot.php(67): CodeIgniter\Boot::runCodeIgniter(Object(CodeIgniter\CodeIgniter))
10 FCPATH\index.php(56): CodeIgniter\Boot::bootWeb(Object(Config\Paths))
DEBUG - 2026-01-08 09:15:40 --> Session: Class initialized using 'CodeIgniter\Session\Handlers\FileHandler' driver.
WARNING - 2026-01-08 09:15:40 --> [DEPRECATED] Optional parameter $enquiry_header_id declared before required parameter $current_extension_ref_id is implicitly treated as a required parameter in APPPATH\Models\Enquiry_m.php on line 2218.
 1 SYSTEMPATH\Autoloader\Autoloader.php(316): include_once('C:\\laragon\\www\\khm\\system\\Debug\\Exceptions.php')
 2 SYSTEMPATH\Autoloader\Autoloader.php(295): CodeIgniter\Autoloader\Autoloader->includeFile('C:\\laragon\\www\\khm\\app\\Models\\Enquiry_m.php')
 3 SYSTEMPATH\Autoloader\Autoloader.php(271): CodeIgniter\Autoloader\Autoloader->loadInNamespace('App\\Models\\Enquiry_m')
 4 APPPATH\Controllers\Enquiry.php(1941): CodeIgniter\Autoloader\Autoloader->loadClass('App\\Models\\Enquiry_m')
 5 SYSTEMPATH\CodeIgniter.php(933): App\Controllers\Enquiry->getSavedEventVendors()
 6 SYSTEMPATH\CodeIgniter.php(509): CodeIgniter\CodeIgniter->runController(Object(App\Controllers\Enquiry))
 7 SYSTEMPATH\CodeIgniter.php(355): CodeIgniter\CodeIgniter->handleRequest(null, Object(Config\Cache), false)
 8 SYSTEMPATH\Boot.php(334): CodeIgniter\CodeIgniter->run()
 9 SYSTEMPATH\Boot.php(67): CodeIgniter\Boot::runCodeIgniter(Object(CodeIgniter\CodeIgniter))
10 FCPATH\index.php(56): CodeIgniter\Boot::bootWeb(Object(Config\Paths))
WARNING - 2026-01-08 09:15:40 --> [DEPRECATED] Optional parameter $enquiry_details_id declared before required parameter $current_extension_ref_id is implicitly treated as a required parameter in APPPATH\Models\Enquiry_m.php on line 2218.
 1 SYSTEMPATH\Autoloader\Autoloader.php(316): include_once('C:\\laragon\\www\\khm\\system\\Debug\\Exceptions.php')
 2 SYSTEMPATH\Autoloader\Autoloader.php(295): CodeIgniter\Autoloader\Autoloader->includeFile('C:\\laragon\\www\\khm\\app\\Models\\Enquiry_m.php')
 3 SYSTEMPATH\Autoloader\Autoloader.php(271): CodeIgniter\Autoloader\Autoloader->loadInNamespace('App\\Models\\Enquiry_m')
 4 APPPATH\Controllers\Enquiry.php(1941): CodeIgniter\Autoloader\Autoloader->loadClass('App\\Models\\Enquiry_m')
 5 SYSTEMPATH\CodeIgniter.php(933): App\Controllers\Enquiry->getSavedEventVendors()
 6 SYSTEMPATH\CodeIgniter.php(509): CodeIgniter\CodeIgniter->runController(Object(App\Controllers\Enquiry))
 7 SYSTEMPATH\CodeIgniter.php(355): CodeIgniter\CodeIgniter->handleRequest(null, Object(Config\Cache), false)
 8 SYSTEMPATH\Boot.php(334): CodeIgniter\CodeIgniter->run()
 9 SYSTEMPATH\Boot.php(67): CodeIgniter\Boot::runCodeIgniter(Object(CodeIgniter\CodeIgniter))
10 FCPATH\index.php(56): CodeIgniter\Boot::bootWeb(Object(Config\Paths))
DEBUG - 2026-01-08 09:15:40 --> Session: Class initialized using 'CodeIgniter\Session\Handlers\FileHandler' driver.
WARNING - 2026-01-08 09:15:40 --> [DEPRECATED] Optional parameter $enquiry_header_id declared before required parameter $current_extension_ref_id is implicitly treated as a required parameter in APPPATH\Models\Enquiry_m.php on line 2218.
 1 SYSTEMPATH\Autoloader\Autoloader.php(316): include_once('C:\\laragon\\www\\khm\\system\\Debug\\Exceptions.php')
 2 SYSTEMPATH\Autoloader\Autoloader.php(295): CodeIgniter\Autoloader\Autoloader->includeFile('C:\\laragon\\www\\khm\\app\\Models\\Enquiry_m.php')
 3 SYSTEMPATH\Autoloader\Autoloader.php(271): CodeIgniter\Autoloader\Autoloader->loadInNamespace('App\\Models\\Enquiry_m')
 4 APPPATH\Controllers\Enquiry.php(1934): CodeIgniter\Autoloader\Autoloader->loadClass('App\\Models\\Enquiry_m')
 5 SYSTEMPATH\CodeIgniter.php(933): App\Controllers\Enquiry->getVendors()
 6 SYSTEMPATH\CodeIgniter.php(509): CodeIgniter\CodeIgniter->runController(Object(App\Controllers\Enquiry))
 7 SYSTEMPATH\CodeIgniter.php(355): CodeIgniter\CodeIgniter->handleRequest(null, Object(Config\Cache), false)
 8 SYSTEMPATH\Boot.php(334): CodeIgniter\CodeIgniter->run()
 9 SYSTEMPATH\Boot.php(67): CodeIgniter\Boot::runCodeIgniter(Object(CodeIgniter\CodeIgniter))
10 FCPATH\index.php(56): CodeIgniter\Boot::bootWeb(Object(Config\Paths))
WARNING - 2026-01-08 09:15:40 --> [DEPRECATED] Optional parameter $enquiry_details_id declared before required parameter $current_extension_ref_id is implicitly treated as a required parameter in APPPATH\Models\Enquiry_m.php on line 2218.
 1 SYSTEMPATH\Autoloader\Autoloader.php(316): include_once('C:\\laragon\\www\\khm\\system\\Debug\\Exceptions.php')
 2 SYSTEMPATH\Autoloader\Autoloader.php(295): CodeIgniter\Autoloader\Autoloader->includeFile('C:\\laragon\\www\\khm\\app\\Models\\Enquiry_m.php')
 3 SYSTEMPATH\Autoloader\Autoloader.php(271): CodeIgniter\Autoloader\Autoloader->loadInNamespace('App\\Models\\Enquiry_m')
 4 APPPATH\Controllers\Enquiry.php(1934): CodeIgniter\Autoloader\Autoloader->loadClass('App\\Models\\Enquiry_m')
 5 SYSTEMPATH\CodeIgniter.php(933): App\Controllers\Enquiry->getVendors()
 6 SYSTEMPATH\CodeIgniter.php(509): CodeIgniter\CodeIgniter->runController(Object(App\Controllers\Enquiry))
 7 SYSTEMPATH\CodeIgniter.php(355): CodeIgniter\CodeIgniter->handleRequest(null, Object(Config\Cache), false)
 8 SYSTEMPATH\Boot.php(334): CodeIgniter\CodeIgniter->run()
 9 SYSTEMPATH\Boot.php(67): CodeIgniter\Boot::runCodeIgniter(Object(CodeIgniter\CodeIgniter))
10 FCPATH\index.php(56): CodeIgniter\Boot::bootWeb(Object(Config\Paths))
DEBUG - 2026-01-08 09:15:40 --> Session: Class initialized using 'CodeIgniter\Session\Handlers\FileHandler' driver.
WARNING - 2026-01-08 09:15:40 --> [DEPRECATED] Optional parameter $enquiry_header_id declared before required parameter $current_extension_ref_id is implicitly treated as a required parameter in APPPATH\Models\Enquiry_m.php on line 2218.
 1 SYSTEMPATH\Autoloader\Autoloader.php(316): include_once('C:\\laragon\\www\\khm\\system\\Debug\\Exceptions.php')
 2 SYSTEMPATH\Autoloader\Autoloader.php(295): CodeIgniter\Autoloader\Autoloader->includeFile('C:\\laragon\\www\\khm\\app\\Models\\Enquiry_m.php')
 3 SYSTEMPATH\Autoloader\Autoloader.php(271): CodeIgniter\Autoloader\Autoloader->loadInNamespace('App\\Models\\Enquiry_m')
 4 APPPATH\Controllers\Enquiry.php(1926): CodeIgniter\Autoloader\Autoloader->loadClass('App\\Models\\Enquiry_m')
 5 SYSTEMPATH\CodeIgniter.php(933): App\Controllers\Enquiry->getSpecialEvents()
 6 SYSTEMPATH\CodeIgniter.php(509): CodeIgniter\CodeIgniter->runController(Object(App\Controllers\Enquiry))
 7 SYSTEMPATH\CodeIgniter.php(355): CodeIgniter\CodeIgniter->handleRequest(null, Object(Config\Cache), false)
 8 SYSTEMPATH\Boot.php(334): CodeIgniter\CodeIgniter->run()
 9 SYSTEMPATH\Boot.php(67): CodeIgniter\Boot::runCodeIgniter(Object(CodeIgniter\CodeIgniter))
10 FCPATH\index.php(56): CodeIgniter\Boot::bootWeb(Object(Config\Paths))
WARNING - 2026-01-08 09:15:40 --> [DEPRECATED] Optional parameter $enquiry_details_id declared before required parameter $current_extension_ref_id is implicitly treated as a required parameter in APPPATH\Models\Enquiry_m.php on line 2218.
 1 SYSTEMPATH\Autoloader\Autoloader.php(316): include_once('C:\\laragon\\www\\khm\\system\\Debug\\Exceptions.php')
 2 SYSTEMPATH\Autoloader\Autoloader.php(295): CodeIgniter\Autoloader\Autoloader->includeFile('C:\\laragon\\www\\khm\\app\\Models\\Enquiry_m.php')
 3 SYSTEMPATH\Autoloader\Autoloader.php(271): CodeIgniter\Autoloader\Autoloader->loadInNamespace('App\\Models\\Enquiry_m')
 4 APPPATH\Controllers\Enquiry.php(1926): CodeIgniter\Autoloader\Autoloader->loadClass('App\\Models\\Enquiry_m')
 5 SYSTEMPATH\CodeIgniter.php(933): App\Controllers\Enquiry->getSpecialEvents()
 6 SYSTEMPATH\CodeIgniter.php(509): CodeIgniter\CodeIgniter->runController(Object(App\Controllers\Enquiry))
 7 SYSTEMPATH\CodeIgniter.php(355): CodeIgniter\CodeIgniter->handleRequest(null, Object(Config\Cache), false)
 8 SYSTEMPATH\Boot.php(334): CodeIgniter\CodeIgniter->run()
 9 SYSTEMPATH\Boot.php(67): CodeIgniter\Boot::runCodeIgniter(Object(CodeIgniter\CodeIgniter))
10 FCPATH\index.php(56): CodeIgniter\Boot::bootWeb(Object(Config\Paths))
DEBUG - 2026-01-08 09:15:41 --> Session: Class initialized using 'CodeIgniter\Session\Handlers\FileHandler' driver.
WARNING - 2026-01-08 09:15:41 --> [DEPRECATED] Optional parameter $enquiry_header_id declared before required parameter $current_extension_ref_id is implicitly treated as a required parameter in APPPATH\Models\Enquiry_m.php on line 2218.
 1 SYSTEMPATH\Autoloader\Autoloader.php(316): include_once('C:\\laragon\\www\\khm\\system\\Debug\\Exceptions.php')
 2 SYSTEMPATH\Autoloader\Autoloader.php(295): CodeIgniter\Autoloader\Autoloader->includeFile('C:\\laragon\\www\\khm\\app\\Models\\Enquiry_m.php')
 3 SYSTEMPATH\Autoloader\Autoloader.php(271): CodeIgniter\Autoloader\Autoloader->loadInNamespace('App\\Models\\Enquiry_m')
 4 APPPATH\Controllers\Enquiry.php(2260): CodeIgniter\Autoloader\Autoloader->loadClass('App\\Models\\Enquiry_m')
 5 SYSTEMPATH\CodeIgniter.php(933): App\Controllers\Enquiry->proformaguestform()
 6 SYSTEMPATH\CodeIgniter.php(509): CodeIgniter\CodeIgniter->runController(Object(App\Controllers\Enquiry))
 7 SYSTEMPATH\CodeIgniter.php(355): CodeIgniter\CodeIgniter->handleRequest(null, Object(Config\Cache), false)
 8 SYSTEMPATH\Boot.php(334): CodeIgniter\CodeIgniter->run()
 9 SYSTEMPATH\Boot.php(67): CodeIgniter\Boot::runCodeIgniter(Object(CodeIgniter\CodeIgniter))
10 FCPATH\index.php(56): CodeIgniter\Boot::bootWeb(Object(Config\Paths))
WARNING - 2026-01-08 09:15:41 --> [DEPRECATED] Optional parameter $enquiry_details_id declared before required parameter $current_extension_ref_id is implicitly treated as a required parameter in APPPATH\Models\Enquiry_m.php on line 2218.
 1 SYSTEMPATH\Autoloader\Autoloader.php(316): include_once('C:\\laragon\\www\\khm\\system\\Debug\\Exceptions.php')
 2 SYSTEMPATH\Autoloader\Autoloader.php(295): CodeIgniter\Autoloader\Autoloader->includeFile('C:\\laragon\\www\\khm\\app\\Models\\Enquiry_m.php')
 3 SYSTEMPATH\Autoloader\Autoloader.php(271): CodeIgniter\Autoloader\Autoloader->loadInNamespace('App\\Models\\Enquiry_m')
 4 APPPATH\Controllers\Enquiry.php(2260): CodeIgniter\Autoloader\Autoloader->loadClass('App\\Models\\Enquiry_m')
 5 SYSTEMPATH\CodeIgniter.php(933): App\Controllers\Enquiry->proformaguestform()
 6 SYSTEMPATH\CodeIgniter.php(509): CodeIgniter\CodeIgniter->runController(Object(App\Controllers\Enquiry))
 7 SYSTEMPATH\CodeIgniter.php(355): CodeIgniter\CodeIgniter->handleRequest(null, Object(Config\Cache), false)
 8 SYSTEMPATH\Boot.php(334): CodeIgniter\CodeIgniter->run()
 9 SYSTEMPATH\Boot.php(67): CodeIgniter\Boot::runCodeIgniter(Object(CodeIgniter\CodeIgniter))
10 FCPATH\index.php(56): CodeIgniter\Boot::bootWeb(Object(Config\Paths))
DEBUG - 2026-01-08 09:15:43 --> Session: Class initialized using 'CodeIgniter\Session\Handlers\FileHandler' driver.
WARNING - 2026-01-08 09:15:43 --> [DEPRECATED] Optional parameter $enquiry_header_id declared before required parameter $current_extension_ref_id is implicitly treated as a required parameter in APPPATH\Models\Enquiry_m.php on line 2218.
 1 SYSTEMPATH\Autoloader\Autoloader.php(316): include_once('C:\\laragon\\www\\khm\\system\\Debug\\Exceptions.php')
 2 SYSTEMPATH\Autoloader\Autoloader.php(295): CodeIgniter\Autoloader\Autoloader->includeFile('C:\\laragon\\www\\khm\\app\\Models\\Enquiry_m.php')
 3 SYSTEMPATH\Autoloader\Autoloader.php(271): CodeIgniter\Autoloader\Autoloader->loadInNamespace('App\\Models\\Enquiry_m')
 4 APPPATH\Controllers\Enquiry.php(1979): CodeIgniter\Autoloader\Autoloader->loadClass('App\\Models\\Enquiry_m')
 5 SYSTEMPATH\CodeIgniter.php(933): App\Controllers\Enquiry->getProformaGuestData()
 6 SYSTEMPATH\CodeIgniter.php(509): CodeIgniter\CodeIgniter->runController(Object(App\Controllers\Enquiry))
 7 SYSTEMPATH\CodeIgniter.php(355): CodeIgniter\CodeIgniter->handleRequest(null, Object(Config\Cache), false)
 8 SYSTEMPATH\Boot.php(334): CodeIgniter\CodeIgniter->run()
 9 SYSTEMPATH\Boot.php(67): CodeIgniter\Boot::runCodeIgniter(Object(CodeIgniter\CodeIgniter))
10 FCPATH\index.php(56): CodeIgniter\Boot::bootWeb(Object(Config\Paths))
WARNING - 2026-01-08 09:15:43 --> [DEPRECATED] Optional parameter $enquiry_details_id declared before required parameter $current_extension_ref_id is implicitly treated as a required parameter in APPPATH\Models\Enquiry_m.php on line 2218.
 1 SYSTEMPATH\Autoloader\Autoloader.php(316): include_once('C:\\laragon\\www\\khm\\system\\Debug\\Exceptions.php')
 2 SYSTEMPATH\Autoloader\Autoloader.php(295): CodeIgniter\Autoloader\Autoloader->includeFile('C:\\laragon\\www\\khm\\app\\Models\\Enquiry_m.php')
 3 SYSTEMPATH\Autoloader\Autoloader.php(271): CodeIgniter\Autoloader\Autoloader->loadInNamespace('App\\Models\\Enquiry_m')
 4 APPPATH\Controllers\Enquiry.php(1979): CodeIgniter\Autoloader\Autoloader->loadClass('App\\Models\\Enquiry_m')
 5 SYSTEMPATH\CodeIgniter.php(933): App\Controllers\Enquiry->getProformaGuestData()
 6 SYSTEMPATH\CodeIgniter.php(509): CodeIgniter\CodeIgniter->runController(Object(App\Controllers\Enquiry))
 7 SYSTEMPATH\CodeIgniter.php(355): CodeIgniter\CodeIgniter->handleRequest(null, Object(Config\Cache), false)
 8 SYSTEMPATH\Boot.php(334): CodeIgniter\CodeIgniter->run()
 9 SYSTEMPATH\Boot.php(67): CodeIgniter\Boot::runCodeIgniter(Object(CodeIgniter\CodeIgniter))
10 FCPATH\index.php(56): CodeIgniter\Boot::bootWeb(Object(Config\Paths))
CRITICAL - 2026-01-08 09:15:43 --> ErrorException: Undefined property: App\Controllers\Enquiry::$db
[Method: POST, Route: Enquiry/getProformaGuestData]
in APPPATH\Controllers\Enquiry.php on line 2009.
 1 APPPATH\Controllers\Enquiry.php(2009): CodeIgniter\Debug\Exceptions->errorHandler(2, 'Undefined property: App\\Controllers\\Enquiry::$db', 'C:\\laragon\\www\\khm\\app\\Controllers\\Enquiry.php', 2009)
 2 SYSTEMPATH\CodeIgniter.php(933): App\Controllers\Enquiry->getProformaGuestData()
 3 SYSTEMPATH\CodeIgniter.php(509): CodeIgniter\CodeIgniter->runController(Object(App\Controllers\Enquiry))
 4 SYSTEMPATH\CodeIgniter.php(355): CodeIgniter\CodeIgniter->handleRequest(null, Object(Config\Cache), false)
 5 SYSTEMPATH\Boot.php(334): CodeIgniter\CodeIgniter->run()
 6 SYSTEMPATH\Boot.php(67): CodeIgniter\Boot::runCodeIgniter(Object(CodeIgniter\CodeIgniter))
 7 FCPATH\index.php(56): CodeIgniter\Boot::bootWeb(Object(Config\Paths))
DEBUG - 2026-01-08 09:15:44 --> Session: Class initialized using 'CodeIgniter\Session\Handlers\FileHandler' driver.
WARNING - 2026-01-08 09:15:44 --> [DEPRECATED] Optional parameter $enquiry_header_id declared before required parameter $current_extension_ref_id is implicitly treated as a required parameter in APPPATH\Models\Enquiry_m.php on line 2218.
 1 SYSTEMPATH\Autoloader\Autoloader.php(316): include_once('C:\\laragon\\www\\khm\\system\\Debug\\Exceptions.php')
 2 SYSTEMPATH\Autoloader\Autoloader.php(295): CodeIgniter\Autoloader\Autoloader->includeFile('C:\\laragon\\www\\khm\\app\\Models\\Enquiry_m.php')
 3 SYSTEMPATH\Autoloader\Autoloader.php(271): CodeIgniter\Autoloader\Autoloader->loadInNamespace('App\\Models\\Enquiry_m')
 4 APPPATH\Controllers\Enquiry.php(1979): CodeIgniter\Autoloader\Autoloader->loadClass('App\\Models\\Enquiry_m')
 5 SYSTEMPATH\CodeIgniter.php(933): App\Controllers\Enquiry->getProformaGuestData()
 6 SYSTEMPATH\CodeIgniter.php(509): CodeIgniter\CodeIgniter->runController(Object(App\Controllers\Enquiry))
 7 SYSTEMPATH\CodeIgniter.php(355): CodeIgniter\CodeIgniter->handleRequest(null, Object(Config\Cache), false)
 8 SYSTEMPATH\Boot.php(334): CodeIgniter\CodeIgniter->run()
 9 SYSTEMPATH\Boot.php(67): CodeIgniter\Boot::runCodeIgniter(Object(CodeIgniter\CodeIgniter))
10 FCPATH\index.php(56): CodeIgniter\Boot::bootWeb(Object(Config\Paths))
WARNING - 2026-01-08 09:15:44 --> [DEPRECATED] Optional parameter $enquiry_details_id declared before required parameter $current_extension_ref_id is implicitly treated as a required parameter in APPPATH\Models\Enquiry_m.php on line 2218.
 1 SYSTEMPATH\Autoloader\Autoloader.php(316): include_once('C:\\laragon\\www\\khm\\system\\Debug\\Exceptions.php')
 2 SYSTEMPATH\Autoloader\Autoloader.php(295): CodeIgniter\Autoloader\Autoloader->includeFile('C:\\laragon\\www\\khm\\app\\Models\\Enquiry_m.php')
 3 SYSTEMPATH\Autoloader\Autoloader.php(271): CodeIgniter\Autoloader\Autoloader->loadInNamespace('App\\Models\\Enquiry_m')
 4 APPPATH\Controllers\Enquiry.php(1979): CodeIgniter\Autoloader\Autoloader->loadClass('App\\Models\\Enquiry_m')
 5 SYSTEMPATH\CodeIgniter.php(933): App\Controllers\Enquiry->getProformaGuestData()
 6 SYSTEMPATH\CodeIgniter.php(509): CodeIgniter\CodeIgniter->runController(Object(App\Controllers\Enquiry))
 7 SYSTEMPATH\CodeIgniter.php(355): CodeIgniter\CodeIgniter->handleRequest(null, Object(Config\Cache), false)
 8 SYSTEMPATH\Boot.php(334): CodeIgniter\CodeIgniter->run()
 9 SYSTEMPATH\Boot.php(67): CodeIgniter\Boot::runCodeIgniter(Object(CodeIgniter\CodeIgniter))
10 FCPATH\index.php(56): CodeIgniter\Boot::bootWeb(Object(Config\Paths))
CRITICAL - 2026-01-08 09:15:44 --> ErrorException: Undefined property: App\Controllers\Enquiry::$db
[Method: POST, Route: Enquiry/getProformaGuestData]
in APPPATH\Controllers\Enquiry.php on line 2009.
 1 APPPATH\Controllers\Enquiry.php(2009): CodeIgniter\Debug\Exceptions->errorHandler(2, 'Undefined property: App\\Controllers\\Enquiry::$db', 'C:\\laragon\\www\\khm\\app\\Controllers\\Enquiry.php', 2009)
 2 SYSTEMPATH\CodeIgniter.php(933): App\Controllers\Enquiry->getProformaGuestData()
 3 SYSTEMPATH\CodeIgniter.php(509): CodeIgniter\CodeIgniter->runController(Object(App\Controllers\Enquiry))
 4 SYSTEMPATH\CodeIgniter.php(355): CodeIgniter\CodeIgniter->handleRequest(null, Object(Config\Cache), false)
 5 SYSTEMPATH\Boot.php(334): CodeIgniter\CodeIgniter->run()
 6 SYSTEMPATH\Boot.php(67): CodeIgniter\Boot::runCodeIgniter(Object(CodeIgniter\CodeIgniter))
 7 FCPATH\index.php(56): CodeIgniter\Boot::bootWeb(Object(Config\Paths))
DEBUG - 2026-01-08 09:15:46 --> Session: Class initialized using 'CodeIgniter\Session\Handlers\FileHandler' driver.
DEBUG - 2026-01-08 09:15:46 --> Session: Class initialized using 'CodeIgniter\Session\Handlers\FileHandler' driver.
DEBUG - 2026-01-08 09:15:48 --> Session: Class initialized using 'CodeIgniter\Session\Handlers\FileHandler' driver.
WARNING - 2026-01-08 09:15:48 --> [DEPRECATED] Optional parameter $enquiry_header_id declared before required parameter $current_extension_ref_id is implicitly treated as a required parameter in APPPATH\Models\Enquiry_m.php on line 2218.
 1 SYSTEMPATH\Autoloader\Autoloader.php(316): include_once('C:\\laragon\\www\\khm\\system\\Debug\\Exceptions.php')
 2 SYSTEMPATH\Autoloader\Autoloader.php(295): CodeIgniter\Autoloader\Autoloader->includeFile('C:\\laragon\\www\\khm\\app\\Models\\Enquiry_m.php')
 3 SYSTEMPATH\Autoloader\Autoloader.php(271): CodeIgniter\Autoloader\Autoloader->loadInNamespace('App\\Models\\Enquiry_m')
 4 APPPATH\Controllers\Enquiry.php(1979): CodeIgniter\Autoloader\Autoloader->loadClass('App\\Models\\Enquiry_m')
 5 SYSTEMPATH\CodeIgniter.php(933): App\Controllers\Enquiry->getProformaGuestData()
 6 SYSTEMPATH\CodeIgniter.php(509): CodeIgniter\CodeIgniter->runController(Object(App\Controllers\Enquiry))
 7 SYSTEMPATH\CodeIgniter.php(355): CodeIgniter\CodeIgniter->handleRequest(null, Object(Config\Cache), false)
 8 SYSTEMPATH\Boot.php(334): CodeIgniter\CodeIgniter->run()
 9 SYSTEMPATH\Boot.php(67): CodeIgniter\Boot::runCodeIgniter(Object(CodeIgniter\CodeIgniter))
10 FCPATH\index.php(56): CodeIgniter\Boot::bootWeb(Object(Config\Paths))
WARNING - 2026-01-08 09:15:48 --> [DEPRECATED] Optional parameter $enquiry_details_id declared before required parameter $current_extension_ref_id is implicitly treated as a required parameter in APPPATH\Models\Enquiry_m.php on line 2218.
 1 SYSTEMPATH\Autoloader\Autoloader.php(316): include_once('C:\\laragon\\www\\khm\\system\\Debug\\Exceptions.php')
 2 SYSTEMPATH\Autoloader\Autoloader.php(295): CodeIgniter\Autoloader\Autoloader->includeFile('C:\\laragon\\www\\khm\\app\\Models\\Enquiry_m.php')
 3 SYSTEMPATH\Autoloader\Autoloader.php(271): CodeIgniter\Autoloader\Autoloader->loadInNamespace('App\\Models\\Enquiry_m')
 4 APPPATH\Controllers\Enquiry.php(1979): CodeIgniter\Autoloader\Autoloader->loadClass('App\\Models\\Enquiry_m')
 5 SYSTEMPATH\CodeIgniter.php(933): App\Controllers\Enquiry->getProformaGuestData()
 6 SYSTEMPATH\CodeIgniter.php(509): CodeIgniter\CodeIgniter->runController(Object(App\Controllers\Enquiry))
 7 SYSTEMPATH\CodeIgniter.php(355): CodeIgniter\CodeIgniter->handleRequest(null, Object(Config\Cache), false)
 8 SYSTEMPATH\Boot.php(334): CodeIgniter\CodeIgniter->run()
 9 SYSTEMPATH\Boot.php(67): CodeIgniter\Boot::runCodeIgniter(Object(CodeIgniter\CodeIgniter))
10 FCPATH\index.php(56): CodeIgniter\Boot::bootWeb(Object(Config\Paths))
CRITICAL - 2026-01-08 09:15:48 --> ErrorException: Undefined property: App\Controllers\Enquiry::$db
[Method: POST, Route: Enquiry/getProformaGuestData]
in APPPATH\Controllers\Enquiry.php on line 2009.
 1 APPPATH\Controllers\Enquiry.php(2009): CodeIgniter\Debug\Exceptions->errorHandler(2, 'Undefined property: App\\Controllers\\Enquiry::$db', 'C:\\laragon\\www\\khm\\app\\Controllers\\Enquiry.php', 2009)
 2 SYSTEMPATH\CodeIgniter.php(933): App\Controllers\Enquiry->getProformaGuestData()
 3 SYSTEMPATH\CodeIgniter.php(509): CodeIgniter\CodeIgniter->runController(Object(App\Controllers\Enquiry))
 4 SYSTEMPATH\CodeIgniter.php(355): CodeIgniter\CodeIgniter->handleRequest(null, Object(Config\Cache), false)
 5 SYSTEMPATH\Boot.php(334): CodeIgniter\CodeIgniter->run()
 6 SYSTEMPATH\Boot.php(67): CodeIgniter\Boot::runCodeIgniter(Object(CodeIgniter\CodeIgniter))
 7 FCPATH\index.php(56): CodeIgniter\Boot::bootWeb(Object(Config\Paths))
DEBUG - 2026-01-08 09:21:08 --> Session: Class initialized using 'CodeIgniter\Session\Handlers\FileHandler' driver.
WARNING - 2026-01-08 09:21:08 --> [DEPRECATED] Optional parameter $enquiry_header_id declared before required parameter $current_extension_ref_id is implicitly treated as a required parameter in APPPATH\Models\Enquiry_m.php on line 2218.
 1 SYSTEMPATH\Autoloader\Autoloader.php(316): include_once('C:\\laragon\\www\\khm\\system\\Debug\\Exceptions.php')
 2 SYSTEMPATH\Autoloader\Autoloader.php(295): CodeIgniter\Autoloader\Autoloader->includeFile('C:\\laragon\\www\\khm\\app\\Models\\Enquiry_m.php')
 3 SYSTEMPATH\Autoloader\Autoloader.php(271): CodeIgniter\Autoloader\Autoloader->loadInNamespace('App\\Models\\Enquiry_m')
 4 APPPATH\Controllers\Enquiry.php(581): CodeIgniter\Autoloader\Autoloader->loadClass('App\\Models\\Enquiry_m')
 5 SYSTEMPATH\CodeIgniter.php(933): App\Controllers\Enquiry->followup_form('281', '654')
 6 SYSTEMPATH\CodeIgniter.php(509): CodeIgniter\CodeIgniter->runController(Object(App\Controllers\Enquiry))
 7 SYSTEMPATH\CodeIgniter.php(355): CodeIgniter\CodeIgniter->handleRequest(null, Object(Config\Cache), false)
 8 SYSTEMPATH\Boot.php(334): CodeIgniter\CodeIgniter->run()
 9 SYSTEMPATH\Boot.php(67): CodeIgniter\Boot::runCodeIgniter(Object(CodeIgniter\CodeIgniter))
10 FCPATH\index.php(56): CodeIgniter\Boot::bootWeb(Object(Config\Paths))
WARNING - 2026-01-08 09:21:08 --> [DEPRECATED] Optional parameter $enquiry_details_id declared before required parameter $current_extension_ref_id is implicitly treated as a required parameter in APPPATH\Models\Enquiry_m.php on line 2218.
 1 SYSTEMPATH\Autoloader\Autoloader.php(316): include_once('C:\\laragon\\www\\khm\\system\\Debug\\Exceptions.php')
 2 SYSTEMPATH\Autoloader\Autoloader.php(295): CodeIgniter\Autoloader\Autoloader->includeFile('C:\\laragon\\www\\khm\\app\\Models\\Enquiry_m.php')
 3 SYSTEMPATH\Autoloader\Autoloader.php(271): CodeIgniter\Autoloader\Autoloader->loadInNamespace('App\\Models\\Enquiry_m')
 4 APPPATH\Controllers\Enquiry.php(581): CodeIgniter\Autoloader\Autoloader->loadClass('App\\Models\\Enquiry_m')
 5 SYSTEMPATH\CodeIgniter.php(933): App\Controllers\Enquiry->followup_form('281', '654')
 6 SYSTEMPATH\CodeIgniter.php(509): CodeIgniter\CodeIgniter->runController(Object(App\Controllers\Enquiry))
 7 SYSTEMPATH\CodeIgniter.php(355): CodeIgniter\CodeIgniter->handleRequest(null, Object(Config\Cache), false)
 8 SYSTEMPATH\Boot.php(334): CodeIgniter\CodeIgniter->run()
 9 SYSTEMPATH\Boot.php(67): CodeIgniter\Boot::runCodeIgniter(Object(CodeIgniter\CodeIgniter))
10 FCPATH\index.php(56): CodeIgniter\Boot::bootWeb(Object(Config\Paths))
DEBUG - 2026-01-08 09:21:08 --> Session: Class initialized using 'CodeIgniter\Session\Handlers\FileHandler' driver.
DEBUG - 2026-01-08 09:21:08 --> Session: Class initialized using 'CodeIgniter\Session\Handlers\FileHandler' driver.
DEBUG - 2026-01-08 09:21:08 --> Session: Class initialized using 'CodeIgniter\Session\Handlers\FileHandler' driver.
WARNING - 2026-01-08 09:21:08 --> [DEPRECATED] Optional parameter $enquiry_header_id declared before required parameter $current_extension_ref_id is implicitly treated as a required parameter in APPPATH\Models\Enquiry_m.php on line 2218.
 1 SYSTEMPATH\Autoloader\Autoloader.php(316): include_once('C:\\laragon\\www\\khm\\system\\Debug\\Exceptions.php')
 2 SYSTEMPATH\Autoloader\Autoloader.php(295): CodeIgniter\Autoloader\Autoloader->includeFile('C:\\laragon\\www\\khm\\app\\Models\\Enquiry_m.php')
 3 SYSTEMPATH\Autoloader\Autoloader.php(271): CodeIgniter\Autoloader\Autoloader->loadInNamespace('App\\Models\\Enquiry_m')
 4 APPPATH\Controllers\Enquiry.php(1934): CodeIgniter\Autoloader\Autoloader->loadClass('App\\Models\\Enquiry_m')
 5 SYSTEMPATH\CodeIgniter.php(933): App\Controllers\Enquiry->getVendors()
 6 SYSTEMPATH\CodeIgniter.php(509): CodeIgniter\CodeIgniter->runController(Object(App\Controllers\Enquiry))
 7 SYSTEMPATH\CodeIgniter.php(355): CodeIgniter\CodeIgniter->handleRequest(null, Object(Config\Cache), false)
 8 SYSTEMPATH\Boot.php(334): CodeIgniter\CodeIgniter->run()
 9 SYSTEMPATH\Boot.php(67): CodeIgniter\Boot::runCodeIgniter(Object(CodeIgniter\CodeIgniter))
10 FCPATH\index.php(56): CodeIgniter\Boot::bootWeb(Object(Config\Paths))
WARNING - 2026-01-08 09:21:08 --> [DEPRECATED] Optional parameter $enquiry_details_id declared before required parameter $current_extension_ref_id is implicitly treated as a required parameter in APPPATH\Models\Enquiry_m.php on line 2218.
 1 SYSTEMPATH\Autoloader\Autoloader.php(316): include_once('C:\\laragon\\www\\khm\\system\\Debug\\Exceptions.php')
 2 SYSTEMPATH\Autoloader\Autoloader.php(295): CodeIgniter\Autoloader\Autoloader->includeFile('C:\\laragon\\www\\khm\\app\\Models\\Enquiry_m.php')
 3 SYSTEMPATH\Autoloader\Autoloader.php(271): CodeIgniter\Autoloader\Autoloader->loadInNamespace('App\\Models\\Enquiry_m')
 4 APPPATH\Controllers\Enquiry.php(1934): CodeIgniter\Autoloader\Autoloader->loadClass('App\\Models\\Enquiry_m')
 5 SYSTEMPATH\CodeIgniter.php(933): App\Controllers\Enquiry->getVendors()
 6 SYSTEMPATH\CodeIgniter.php(509): CodeIgniter\CodeIgniter->runController(Object(App\Controllers\Enquiry))
 7 SYSTEMPATH\CodeIgniter.php(355): CodeIgniter\CodeIgniter->handleRequest(null, Object(Config\Cache), false)
 8 SYSTEMPATH\Boot.php(334): CodeIgniter\CodeIgniter->run()
 9 SYSTEMPATH\Boot.php(67): CodeIgniter\Boot::runCodeIgniter(Object(CodeIgniter\CodeIgniter))
10 FCPATH\index.php(56): CodeIgniter\Boot::bootWeb(Object(Config\Paths))
DEBUG - 2026-01-08 09:21:08 --> Session: Class initialized using 'CodeIgniter\Session\Handlers\FileHandler' driver.
WARNING - 2026-01-08 09:21:09 --> [DEPRECATED] Optional parameter $enquiry_header_id declared before required parameter $current_extension_ref_id is implicitly treated as a required parameter in APPPATH\Models\Enquiry_m.php on line 2218.
 1 SYSTEMPATH\Autoloader\Autoloader.php(316): include_once('C:\\laragon\\www\\khm\\system\\Debug\\Exceptions.php')
 2 SYSTEMPATH\Autoloader\Autoloader.php(295): CodeIgniter\Autoloader\Autoloader->includeFile('C:\\laragon\\www\\khm\\app\\Models\\Enquiry_m.php')
 3 SYSTEMPATH\Autoloader\Autoloader.php(271): CodeIgniter\Autoloader\Autoloader->loadInNamespace('App\\Models\\Enquiry_m')
 4 APPPATH\Controllers\Enquiry.php(1941): CodeIgniter\Autoloader\Autoloader->loadClass('App\\Models\\Enquiry_m')
 5 SYSTEMPATH\CodeIgniter.php(933): App\Controllers\Enquiry->getSavedEventVendors()
 6 SYSTEMPATH\CodeIgniter.php(509): CodeIgniter\CodeIgniter->runController(Object(App\Controllers\Enquiry))
 7 SYSTEMPATH\CodeIgniter.php(355): CodeIgniter\CodeIgniter->handleRequest(null, Object(Config\Cache), false)
 8 SYSTEMPATH\Boot.php(334): CodeIgniter\CodeIgniter->run()
 9 SYSTEMPATH\Boot.php(67): CodeIgniter\Boot::runCodeIgniter(Object(CodeIgniter\CodeIgniter))
10 FCPATH\index.php(56): CodeIgniter\Boot::bootWeb(Object(Config\Paths))
WARNING - 2026-01-08 09:21:09 --> [DEPRECATED] Optional parameter $enquiry_details_id declared before required parameter $current_extension_ref_id is implicitly treated as a required parameter in APPPATH\Models\Enquiry_m.php on line 2218.
 1 SYSTEMPATH\Autoloader\Autoloader.php(316): include_once('C:\\laragon\\www\\khm\\system\\Debug\\Exceptions.php')
 2 SYSTEMPATH\Autoloader\Autoloader.php(295): CodeIgniter\Autoloader\Autoloader->includeFile('C:\\laragon\\www\\khm\\app\\Models\\Enquiry_m.php')
 3 SYSTEMPATH\Autoloader\Autoloader.php(271): CodeIgniter\Autoloader\Autoloader->loadInNamespace('App\\Models\\Enquiry_m')
 4 APPPATH\Controllers\Enquiry.php(1941): CodeIgniter\Autoloader\Autoloader->loadClass('App\\Models\\Enquiry_m')
 5 SYSTEMPATH\CodeIgniter.php(933): App\Controllers\Enquiry->getSavedEventVendors()
 6 SYSTEMPATH\CodeIgniter.php(509): CodeIgniter\CodeIgniter->runController(Object(App\Controllers\Enquiry))
 7 SYSTEMPATH\CodeIgniter.php(355): CodeIgniter\CodeIgniter->handleRequest(null, Object(Config\Cache), false)
 8 SYSTEMPATH\Boot.php(334): CodeIgniter\CodeIgniter->run()
 9 SYSTEMPATH\Boot.php(67): CodeIgniter\Boot::runCodeIgniter(Object(CodeIgniter\CodeIgniter))
10 FCPATH\index.php(56): CodeIgniter\Boot::bootWeb(Object(Config\Paths))
DEBUG - 2026-01-08 09:21:09 --> Session: Class initialized using 'CodeIgniter\Session\Handlers\FileHandler' driver.
WARNING - 2026-01-08 09:21:09 --> [DEPRECATED] Optional parameter $enquiry_header_id declared before required parameter $current_extension_ref_id is implicitly treated as a required parameter in APPPATH\Models\Enquiry_m.php on line 2218.
 1 SYSTEMPATH\Autoloader\Autoloader.php(316): include_once('C:\\laragon\\www\\khm\\system\\Debug\\Exceptions.php')
 2 SYSTEMPATH\Autoloader\Autoloader.php(295): CodeIgniter\Autoloader\Autoloader->includeFile('C:\\laragon\\www\\khm\\app\\Models\\Enquiry_m.php')
 3 SYSTEMPATH\Autoloader\Autoloader.php(271): CodeIgniter\Autoloader\Autoloader->loadInNamespace('App\\Models\\Enquiry_m')
 4 APPPATH\Controllers\Enquiry.php(1926): CodeIgniter\Autoloader\Autoloader->loadClass('App\\Models\\Enquiry_m')
 5 SYSTEMPATH\CodeIgniter.php(933): App\Controllers\Enquiry->getSpecialEvents()
 6 SYSTEMPATH\CodeIgniter.php(509): CodeIgniter\CodeIgniter->runController(Object(App\Controllers\Enquiry))
 7 SYSTEMPATH\CodeIgniter.php(355): CodeIgniter\CodeIgniter->handleRequest(null, Object(Config\Cache), false)
 8 SYSTEMPATH\Boot.php(334): CodeIgniter\CodeIgniter->run()
 9 SYSTEMPATH\Boot.php(67): CodeIgniter\Boot::runCodeIgniter(Object(CodeIgniter\CodeIgniter))
10 FCPATH\index.php(56): CodeIgniter\Boot::bootWeb(Object(Config\Paths))
WARNING - 2026-01-08 09:21:09 --> [DEPRECATED] Optional parameter $enquiry_details_id declared before required parameter $current_extension_ref_id is implicitly treated as a required parameter in APPPATH\Models\Enquiry_m.php on line 2218.
 1 SYSTEMPATH\Autoloader\Autoloader.php(316): include_once('C:\\laragon\\www\\khm\\system\\Debug\\Exceptions.php')
 2 SYSTEMPATH\Autoloader\Autoloader.php(295): CodeIgniter\Autoloader\Autoloader->includeFile('C:\\laragon\\www\\khm\\app\\Models\\Enquiry_m.php')
 3 SYSTEMPATH\Autoloader\Autoloader.php(271): CodeIgniter\Autoloader\Autoloader->loadInNamespace('App\\Models\\Enquiry_m')
 4 APPPATH\Controllers\Enquiry.php(1926): CodeIgniter\Autoloader\Autoloader->loadClass('App\\Models\\Enquiry_m')
 5 SYSTEMPATH\CodeIgniter.php(933): App\Controllers\Enquiry->getSpecialEvents()
 6 SYSTEMPATH\CodeIgniter.php(509): CodeIgniter\CodeIgniter->runController(Object(App\Controllers\Enquiry))
 7 SYSTEMPATH\CodeIgniter.php(355): CodeIgniter\CodeIgniter->handleRequest(null, Object(Config\Cache), false)
 8 SYSTEMPATH\Boot.php(334): CodeIgniter\CodeIgniter->run()
 9 SYSTEMPATH\Boot.php(67): CodeIgniter\Boot::runCodeIgniter(Object(CodeIgniter\CodeIgniter))
10 FCPATH\index.php(56): CodeIgniter\Boot::bootWeb(Object(Config\Paths))
DEBUG - 2026-01-08 09:21:10 --> Session: Class initialized using 'CodeIgniter\Session\Handlers\FileHandler' driver.
WARNING - 2026-01-08 09:21:10 --> [DEPRECATED] Optional parameter $enquiry_header_id declared before required parameter $current_extension_ref_id is implicitly treated as a required parameter in APPPATH\Models\Enquiry_m.php on line 2218.
 1 SYSTEMPATH\Autoloader\Autoloader.php(316): include_once('C:\\laragon\\www\\khm\\system\\Debug\\Exceptions.php')
 2 SYSTEMPATH\Autoloader\Autoloader.php(295): CodeIgniter\Autoloader\Autoloader->includeFile('C:\\laragon\\www\\khm\\app\\Models\\Enquiry_m.php')
 3 SYSTEMPATH\Autoloader\Autoloader.php(271): CodeIgniter\Autoloader\Autoloader->loadInNamespace('App\\Models\\Enquiry_m')
 4 APPPATH\Controllers\Enquiry.php(2184): CodeIgniter\Autoloader\Autoloader->loadClass('App\\Models\\Enquiry_m')
 5 SYSTEMPATH\CodeIgniter.php(933): App\Controllers\Enquiry->proformaguestform()
 6 SYSTEMPATH\CodeIgniter.php(509): CodeIgniter\CodeIgniter->runController(Object(App\Controllers\Enquiry))
 7 SYSTEMPATH\CodeIgniter.php(355): CodeIgniter\CodeIgniter->handleRequest(null, Object(Config\Cache), false)
 8 SYSTEMPATH\Boot.php(334): CodeIgniter\CodeIgniter->run()
 9 SYSTEMPATH\Boot.php(67): CodeIgniter\Boot::runCodeIgniter(Object(CodeIgniter\CodeIgniter))
10 FCPATH\index.php(56): CodeIgniter\Boot::bootWeb(Object(Config\Paths))
WARNING - 2026-01-08 09:21:10 --> [DEPRECATED] Optional parameter $enquiry_details_id declared before required parameter $current_extension_ref_id is implicitly treated as a required parameter in APPPATH\Models\Enquiry_m.php on line 2218.
 1 SYSTEMPATH\Autoloader\Autoloader.php(316): include_once('C:\\laragon\\www\\khm\\system\\Debug\\Exceptions.php')
 2 SYSTEMPATH\Autoloader\Autoloader.php(295): CodeIgniter\Autoloader\Autoloader->includeFile('C:\\laragon\\www\\khm\\app\\Models\\Enquiry_m.php')
 3 SYSTEMPATH\Autoloader\Autoloader.php(271): CodeIgniter\Autoloader\Autoloader->loadInNamespace('App\\Models\\Enquiry_m')
 4 APPPATH\Controllers\Enquiry.php(2184): CodeIgniter\Autoloader\Autoloader->loadClass('App\\Models\\Enquiry_m')
 5 SYSTEMPATH\CodeIgniter.php(933): App\Controllers\Enquiry->proformaguestform()
 6 SYSTEMPATH\CodeIgniter.php(509): CodeIgniter\CodeIgniter->runController(Object(App\Controllers\Enquiry))
 7 SYSTEMPATH\CodeIgniter.php(355): CodeIgniter\CodeIgniter->handleRequest(null, Object(Config\Cache), false)
 8 SYSTEMPATH\Boot.php(334): CodeIgniter\CodeIgniter->run()
 9 SYSTEMPATH\Boot.php(67): CodeIgniter\Boot::runCodeIgniter(Object(CodeIgniter\CodeIgniter))
10 FCPATH\index.php(56): CodeIgniter\Boot::bootWeb(Object(Config\Paths))
DEBUG - 2026-01-08 09:21:12 --> Session: Class initialized using 'CodeIgniter\Session\Handlers\FileHandler' driver.
WARNING - 2026-01-08 09:21:12 --> [DEPRECATED] Optional parameter $enquiry_header_id declared before required parameter $current_extension_ref_id is implicitly treated as a required parameter in APPPATH\Models\Enquiry_m.php on line 2218.
 1 SYSTEMPATH\Autoloader\Autoloader.php(316): include_once('C:\\laragon\\www\\khm\\system\\Debug\\Exceptions.php')
 2 SYSTEMPATH\Autoloader\Autoloader.php(295): CodeIgniter\Autoloader\Autoloader->includeFile('C:\\laragon\\www\\khm\\app\\Models\\Enquiry_m.php')
 3 SYSTEMPATH\Autoloader\Autoloader.php(271): CodeIgniter\Autoloader\Autoloader->loadInNamespace('App\\Models\\Enquiry_m')
 4 APPPATH\Controllers\Enquiry.php(1979): CodeIgniter\Autoloader\Autoloader->loadClass('App\\Models\\Enquiry_m')
 5 SYSTEMPATH\CodeIgniter.php(933): App\Controllers\Enquiry->getProformaGuestData()
 6 SYSTEMPATH\CodeIgniter.php(509): CodeIgniter\CodeIgniter->runController(Object(App\Controllers\Enquiry))
 7 SYSTEMPATH\CodeIgniter.php(355): CodeIgniter\CodeIgniter->handleRequest(null, Object(Config\Cache), false)
 8 SYSTEMPATH\Boot.php(334): CodeIgniter\CodeIgniter->run()
 9 SYSTEMPATH\Boot.php(67): CodeIgniter\Boot::runCodeIgniter(Object(CodeIgniter\CodeIgniter))
10 FCPATH\index.php(56): CodeIgniter\Boot::bootWeb(Object(Config\Paths))
WARNING - 2026-01-08 09:21:12 --> [DEPRECATED] Optional parameter $enquiry_details_id declared before required parameter $current_extension_ref_id is implicitly treated as a required parameter in APPPATH\Models\Enquiry_m.php on line 2218.
 1 SYSTEMPATH\Autoloader\Autoloader.php(316): include_once('C:\\laragon\\www\\khm\\system\\Debug\\Exceptions.php')
 2 SYSTEMPATH\Autoloader\Autoloader.php(295): CodeIgniter\Autoloader\Autoloader->includeFile('C:\\laragon\\www\\khm\\app\\Models\\Enquiry_m.php')
 3 SYSTEMPATH\Autoloader\Autoloader.php(271): CodeIgniter\Autoloader\Autoloader->loadInNamespace('App\\Models\\Enquiry_m')
 4 APPPATH\Controllers\Enquiry.php(1979): CodeIgniter\Autoloader\Autoloader->loadClass('App\\Models\\Enquiry_m')
 5 SYSTEMPATH\CodeIgniter.php(933): App\Controllers\Enquiry->getProformaGuestData()
 6 SYSTEMPATH\CodeIgniter.php(509): CodeIgniter\CodeIgniter->runController(Object(App\Controllers\Enquiry))
 7 SYSTEMPATH\CodeIgniter.php(355): CodeIgniter\CodeIgniter->handleRequest(null, Object(Config\Cache), false)
 8 SYSTEMPATH\Boot.php(334): CodeIgniter\CodeIgniter->run()
 9 SYSTEMPATH\Boot.php(67): CodeIgniter\Boot::runCodeIgniter(Object(CodeIgniter\CodeIgniter))
10 FCPATH\index.php(56): CodeIgniter\Boot::bootWeb(Object(Config\Paths))
