ERROR - 2025-11-16 01:52:39 --> Email: Unable to send email using SMTP. Your server might not be configured to send mail using this method.
ERROR - 2025-11-16 01:52:39 --> 220 smtp.gmail.com ESMTP d9443c01a7336-2985c2b0d17sm93604915ad.72 - gsmtp

hello: 250-smtp.gmail.com at your service, [2402:3a80:4229:732e:b1a9:2793:2a99:5114]
250-SIZE 35882577
250-8BITMIME
250-AUTH LOGIN PLAIN XOAUTH2 PLAIN-CLIENTTOKEN OAUTHBEARER XOAUTH
250-ENHANCEDSTATUSCODES
250-PIPELINING
250-CHUNKING
250 SMTPUTF8

Failed to authenticate password. Error: 535-5.7.8 Username and Password not accepted. For more information, go to
535 5.7.8  https://support.google.com/mail/?p=BadCredentials d9443c01a7336-2985c2b0d17sm93604915ad.72 - gsmtp

ERROR - 2025-11-16 02:44:23 --> mysqli_sql_exception: Operand should contain 1 column(s) in C:\wamp64\www\khm\system\Database\MySQLi\Connection.php:312
Stack trace:
#0 C:\wamp64\www\khm\system\Database\MySQLi\Connection.php(312): mysqli->query('INSERT INTO `kh...', 0)
#1 C:\wamp64\www\khm\system\Database\BaseConnection.php(734): CodeIgniter\Database\MySQLi\Connection->execute('INSERT INTO `kh...')
#2 C:\wamp64\www\khm\system\Database\BaseConnection.php(648): CodeIgniter\Database\BaseConnection->simpleQuery('INSERT INTO `kh...')
#3 C:\wamp64\www\khm\system\Database\BaseBuilder.php(2340): CodeIgniter\Database\BaseConnection->query('INSERT INTO `kh...', Array, false)
#4 C:\wamp64\www\khm\app\Models\Enquiry_m.php(1476): CodeIgniter\Database\BaseBuilder->insert(Array)
#5 C:\wamp64\www\khm\app\Controllers\Enquiry.php(6573): App\Models\Enquiry_m->insert_iti_details(Array)
#6 C:\wamp64\www\khm\system\CodeIgniter.php(933): App\Controllers\Enquiry->saveItinerary()
#7 C:\wamp64\www\khm\system\CodeIgniter.php(509): CodeIgniter\CodeIgniter->runController(Object(App\Controllers\Enquiry))
#8 C:\wamp64\www\khm\system\CodeIgniter.php(355): CodeIgniter\CodeIgniter->handleRequest(NULL, Object(Config\Cache), false)
#9 C:\wamp64\www\khm\system\Boot.php(334): CodeIgniter\CodeIgniter->run()
#10 C:\wamp64\www\khm\system\Boot.php(67): CodeIgniter\Boot::runCodeIgniter(Object(CodeIgniter\CodeIgniter))
#11 C:\wamp64\www\khm\public\index.php(56): CodeIgniter\Boot::bootWeb(Object(Config\Paths))
#12 {main}
CRITICAL - 2025-11-16 02:44:23 --> CodeIgniter\Database\Exceptions\DatabaseException: Operand should contain 1 column(s)
[Method: POST, Route: Enquiry/saveItinerary]
in SYSTEMPATH\Database\BaseConnection.php on line 688.
 1 SYSTEMPATH\Database\BaseBuilder.php(2340): CodeIgniter\Database\BaseConnection->query('INSERT INTO `khm_obj_enquiry_itinerary_details` (`enquiry_header_id`, `enquiry_details_id`, `tour_date`, `tour_details_id`, `hotel_id`, `room_category_id`, `child_with_bed`, `child_without_bed`, `extra_bed`, `double_room`, `single_room`, `vehicle_details`, `hotel_details`, `special_event_name`, `json_addons`, `json_special_event`, `remarks`, `is_active`, `is_draft`, `updated_time`, `edit_version`, `tour_plan_ref_id`, `extension_ref_id`, `permit`, `transport_remarks`, `hotel_facility_ids`, `tax_status`, `tac_eighteen_double`, `tac_eighteen_single`, `tac_eighteen_total`, `adult_eighteen_double`, `child_eighteen_double`, `child_wb_eighteen_double`, `extra_eighteen_double`, `adult_eighteen_single`, `enterprise_id`) VALUES (:enquiry_header_id:, :enquiry_details_id:, :tour_date:, :tour_details_id:, :hotel_id:, :room_category_id:, :child_with_bed:, :child_without_bed:, :extra_bed:, :double_room:, :single_room:, :vehicle_details:, :hotel_details:, :special_event_name:, :json_addons:, :json_special_event:, :remarks:, :is_active:, :is_draft:, :updated_time:, :edit_version:, :tour_plan_ref_id:, :extension_ref_id:, :permit:, :transport_remarks:, :hotel_facility_ids:, :tax_status:, :tac_eighteen_double:, :tac_eighteen_single:, :tac_eighteen_total:, :adult_eighteen_double:, :child_eighteen_double:, :child_wb_eighteen_double:, :extra_eighteen_double:, :adult_eighteen_single:, :enterprise_id:)', [...], false)
 2 APPPATH\Models\Enquiry_m.php(1476): CodeIgniter\Database\BaseBuilder->insert([...])
 3 APPPATH\Controllers\Enquiry.php(6573): App\Models\Enquiry_m->insert_iti_details([...])
 4 SYSTEMPATH\CodeIgniter.php(933): App\Controllers\Enquiry->saveItinerary()
 5 SYSTEMPATH\CodeIgniter.php(509): CodeIgniter\CodeIgniter->runController(Object(App\Controllers\Enquiry))
 6 SYSTEMPATH\CodeIgniter.php(355): CodeIgniter\CodeIgniter->handleRequest(null, Object(Config\Cache), false)
 7 SYSTEMPATH\Boot.php(334): CodeIgniter\CodeIgniter->run()
 8 SYSTEMPATH\Boot.php(67): CodeIgniter\Boot::runCodeIgniter(Object(CodeIgniter\CodeIgniter))
 9 FCPATH\index.php(56): CodeIgniter\Boot::bootWeb(Object(Config\Paths))
CRITICAL - 2025-11-16 02:44:23 --> [Caused by] CodeIgniter\Database\Exceptions\DatabaseException: Operand should contain 1 column(s)
in SYSTEMPATH\Database\MySQLi\Connection.php on line 317.
 1 SYSTEMPATH\Database\BaseConnection.php(734): CodeIgniter\Database\MySQLi\Connection->execute('INSERT INTO `khm_obj_enquiry_itinerary_details` (`enquiry_header_id`, `enquiry_details_id`, `tour_date`, `tour_details_id`, `hotel_id`, `room_category_id`, `child_with_bed`, `child_without_bed`, `extra_bed`, `double_room`, `single_room`, `vehicle_details`, `hotel_details`, `special_event_name`, `json_addons`, `json_special_event`, `remarks`, `is_active`, `is_draft`, `updated_time`, `edit_version`, `tour_plan_ref_id`, `extension_ref_id`, `permit`, `transport_remarks`, `hotel_facility_ids`, `tax_status`, `tac_eighteen_double`, `tac_eighteen_single`, `tac_eighteen_total`, `adult_eighteen_double`, `child_eighteen_double`, `child_wb_eighteen_double`, `extra_eighteen_double`, `adult_eighteen_single`, `enterprise_id`) VALUES (\'221\', \'407\', \'2026-03-07\', \'1502\', \'401\', \'1722\', \'1\', \'1\', \'1\', (\'1\',\'1\',\'1\'), (\'1\',\'1\',\'1\'), \'[\\n    {\\n        \\"vehicle_model\\": \\"Innova Crysta A\\\\/c ( Bench Seat 7+1)\\",\\n        \\"veh_type_id\\": \\"127\\",\\n        \\"tour_date\\": \\"2026-03-07\\",\\n        \\"day_rent\\": \\"3000\\",\\n        \\"max_km_day\\": \\"100\\",\\n        \\"extra_km_rate\\": \\"22\\",\\n        \\"travel_distance\\": \\"36\\",\\n        \\"extra_kilometer\\": \\"0\\",\\n        \\"veh_total\\": \\"3000.00\\",\\n        \\"veh_header\\": \\" - (Hub to Arrival - 1 KM, Arrival to Location - 35 KM)\\",\\n        \\"chk_vehicle\\": \\"1502_07-03-2026127_0\\",\\n        \\"chk_vehicle_status\\": \\"1\\",\\n        \\"total_max_km_day\\": 100,\\n        \\"total_travel_distance\\": 36,\\n        \\"total_extra_kilometer\\": 0,\\n        \\"total_extra_cost\\": 0\\n    }\\n]\', \'[]\', \'\', \'[]\', \'[]\', \'\', 1, 1, \'2025-11-16 02:44:23\', 1, \'1502\', 0, \'0\', \'\', \'\', \'0\', \'0\', \'0\', \'0\', \'0\', \'0\', \'0\', \'0\', \'0\', 1)')
 2 SYSTEMPATH\Database\BaseConnection.php(648): CodeIgniter\Database\BaseConnection->simpleQuery('INSERT INTO `khm_obj_enquiry_itinerary_details` (`enquiry_header_id`, `enquiry_details_id`, `tour_date`, `tour_details_id`, `hotel_id`, `room_category_id`, `child_with_bed`, `child_without_bed`, `extra_bed`, `double_room`, `single_room`, `vehicle_details`, `hotel_details`, `special_event_name`, `json_addons`, `json_special_event`, `remarks`, `is_active`, `is_draft`, `updated_time`, `edit_version`, `tour_plan_ref_id`, `extension_ref_id`, `permit`, `transport_remarks`, `hotel_facility_ids`, `tax_status`, `tac_eighteen_double`, `tac_eighteen_single`, `tac_eighteen_total`, `adult_eighteen_double`, `child_eighteen_double`, `child_wb_eighteen_double`, `extra_eighteen_double`, `adult_eighteen_single`, `enterprise_id`) VALUES (\'221\', \'407\', \'2026-03-07\', \'1502\', \'401\', \'1722\', \'1\', \'1\', \'1\', (\'1\',\'1\',\'1\'), (\'1\',\'1\',\'1\'), \'[\\n    {\\n        \\"vehicle_model\\": \\"Innova Crysta A\\\\/c ( Bench Seat 7+1)\\",\\n        \\"veh_type_id\\": \\"127\\",\\n        \\"tour_date\\": \\"2026-03-07\\",\\n        \\"day_rent\\": \\"3000\\",\\n        \\"max_km_day\\": \\"100\\",\\n        \\"extra_km_rate\\": \\"22\\",\\n        \\"travel_distance\\": \\"36\\",\\n        \\"extra_kilometer\\": \\"0\\",\\n        \\"veh_total\\": \\"3000.00\\",\\n        \\"veh_header\\": \\" - (Hub to Arrival - 1 KM, Arrival to Location - 35 KM)\\",\\n        \\"chk_vehicle\\": \\"1502_07-03-2026127_0\\",\\n        \\"chk_vehicle_status\\": \\"1\\",\\n        \\"total_max_km_day\\": 100,\\n        \\"total_travel_distance\\": 36,\\n        \\"total_extra_kilometer\\": 0,\\n        \\"total_extra_cost\\": 0\\n    }\\n]\', \'[]\', \'\', \'[]\', \'[]\', \'\', 1, 1, \'2025-11-16 02:44:23\', 1, \'1502\', 0, \'0\', \'\', \'\', \'0\', \'0\', \'0\', \'0\', \'0\', \'0\', \'0\', \'0\', \'0\', 1)')
 3 SYSTEMPATH\Database\BaseBuilder.php(2340): CodeIgniter\Database\BaseConnection->query('INSERT INTO `khm_obj_enquiry_itinerary_details` (`enquiry_header_id`, `enquiry_details_id`, `tour_date`, `tour_details_id`, `hotel_id`, `room_category_id`, `child_with_bed`, `child_without_bed`, `extra_bed`, `double_room`, `single_room`, `vehicle_details`, `hotel_details`, `special_event_name`, `json_addons`, `json_special_event`, `remarks`, `is_active`, `is_draft`, `updated_time`, `edit_version`, `tour_plan_ref_id`, `extension_ref_id`, `permit`, `transport_remarks`, `hotel_facility_ids`, `tax_status`, `tac_eighteen_double`, `tac_eighteen_single`, `tac_eighteen_total`, `adult_eighteen_double`, `child_eighteen_double`, `child_wb_eighteen_double`, `extra_eighteen_double`, `adult_eighteen_single`, `enterprise_id`) VALUES (:enquiry_header_id:, :enquiry_details_id:, :tour_date:, :tour_details_id:, :hotel_id:, :room_category_id:, :child_with_bed:, :child_without_bed:, :extra_bed:, :double_room:, :single_room:, :vehicle_details:, :hotel_details:, :special_event_name:, :json_addons:, :json_special_event:, :remarks:, :is_active:, :is_draft:, :updated_time:, :edit_version:, :tour_plan_ref_id:, :extension_ref_id:, :permit:, :transport_remarks:, :hotel_facility_ids:, :tax_status:, :tac_eighteen_double:, :tac_eighteen_single:, :tac_eighteen_total:, :adult_eighteen_double:, :child_eighteen_double:, :child_wb_eighteen_double:, :extra_eighteen_double:, :adult_eighteen_single:, :enterprise_id:)', [...], false)
 4 APPPATH\Models\Enquiry_m.php(1476): CodeIgniter\Database\BaseBuilder->insert([...])
 5 APPPATH\Controllers\Enquiry.php(6573): App\Models\Enquiry_m->insert_iti_details([...])
 6 SYSTEMPATH\CodeIgniter.php(933): App\Controllers\Enquiry->saveItinerary()
 7 SYSTEMPATH\CodeIgniter.php(509): CodeIgniter\CodeIgniter->runController(Object(App\Controllers\Enquiry))
 8 SYSTEMPATH\CodeIgniter.php(355): CodeIgniter\CodeIgniter->handleRequest(null, Object(Config\Cache), false)
 9 SYSTEMPATH\Boot.php(334): CodeIgniter\CodeIgniter->run()
10 SYSTEMPATH\Boot.php(67): CodeIgniter\Boot::runCodeIgniter(Object(CodeIgniter\CodeIgniter))
11 FCPATH\index.php(56): CodeIgniter\Boot::bootWeb(Object(Config\Paths))
CRITICAL - 2025-11-16 02:44:23 --> [Caused by] mysqli_sql_exception: Operand should contain 1 column(s)
in SYSTEMPATH\Database\MySQLi\Connection.php on line 312.
 1 SYSTEMPATH\Database\MySQLi\Connection.php(312): mysqli->query('INSERT INTO `khm_obj_enquiry_itinerary_details` (`enquiry_header_id`, `enquiry_details_id`, `tour_date`, `tour_details_id`, `hotel_id`, `room_category_id`, `child_with_bed`, `child_without_bed`, `extra_bed`, `double_room`, `single_room`, `vehicle_details`, `hotel_details`, `special_event_name`, `json_addons`, `json_special_event`, `remarks`, `is_active`, `is_draft`, `updated_time`, `edit_version`, `tour_plan_ref_id`, `extension_ref_id`, `permit`, `transport_remarks`, `hotel_facility_ids`, `tax_status`, `tac_eighteen_double`, `tac_eighteen_single`, `tac_eighteen_total`, `adult_eighteen_double`, `child_eighteen_double`, `child_wb_eighteen_double`, `extra_eighteen_double`, `adult_eighteen_single`, `enterprise_id`) VALUES (\'221\', \'407\', \'2026-03-07\', \'1502\', \'401\', \'1722\', \'1\', \'1\', \'1\', (\'1\',\'1\',\'1\'), (\'1\',\'1\',\'1\'), \'[\\n    {\\n        \\"vehicle_model\\": \\"Innova Crysta A\\\\/c ( Bench Seat 7+1)\\",\\n        \\"veh_type_id\\": \\"127\\",\\n        \\"tour_date\\": \\"2026-03-07\\",\\n        \\"day_rent\\": \\"3000\\",\\n        \\"max_km_day\\": \\"100\\",\\n        \\"extra_km_rate\\": \\"22\\",\\n        \\"travel_distance\\": \\"36\\",\\n        \\"extra_kilometer\\": \\"0\\",\\n        \\"veh_total\\": \\"3000.00\\",\\n        \\"veh_header\\": \\" - (Hub to Arrival - 1 KM, Arrival to Location - 35 KM)\\",\\n        \\"chk_vehicle\\": \\"1502_07-03-2026127_0\\",\\n        \\"chk_vehicle_status\\": \\"1\\",\\n        \\"total_max_km_day\\": 100,\\n        \\"total_travel_distance\\": 36,\\n        \\"total_extra_kilometer\\": 0,\\n        \\"total_extra_cost\\": 0\\n    }\\n]\', \'[]\', \'\', \'[]\', \'[]\', \'\', 1, 1, \'2025-11-16 02:44:23\', 1, \'1502\', 0, \'0\', \'\', \'\', \'0\', \'0\', \'0\', \'0\', \'0\', \'0\', \'0\', \'0\', \'0\', 1)', 0)
 2 SYSTEMPATH\Database\BaseConnection.php(734): CodeIgniter\Database\MySQLi\Connection->execute('INSERT INTO `khm_obj_enquiry_itinerary_details` (`enquiry_header_id`, `enquiry_details_id`, `tour_date`, `tour_details_id`, `hotel_id`, `room_category_id`, `child_with_bed`, `child_without_bed`, `extra_bed`, `double_room`, `single_room`, `vehicle_details`, `hotel_details`, `special_event_name`, `json_addons`, `json_special_event`, `remarks`, `is_active`, `is_draft`, `updated_time`, `edit_version`, `tour_plan_ref_id`, `extension_ref_id`, `permit`, `transport_remarks`, `hotel_facility_ids`, `tax_status`, `tac_eighteen_double`, `tac_eighteen_single`, `tac_eighteen_total`, `adult_eighteen_double`, `child_eighteen_double`, `child_wb_eighteen_double`, `extra_eighteen_double`, `adult_eighteen_single`, `enterprise_id`) VALUES (\'221\', \'407\', \'2026-03-07\', \'1502\', \'401\', \'1722\', \'1\', \'1\', \'1\', (\'1\',\'1\',\'1\'), (\'1\',\'1\',\'1\'), \'[\\n    {\\n        \\"vehicle_model\\": \\"Innova Crysta A\\\\/c ( Bench Seat 7+1)\\",\\n        \\"veh_type_id\\": \\"127\\",\\n        \\"tour_date\\": \\"2026-03-07\\",\\n        \\"day_rent\\": \\"3000\\",\\n        \\"max_km_day\\": \\"100\\",\\n        \\"extra_km_rate\\": \\"22\\",\\n        \\"travel_distance\\": \\"36\\",\\n        \\"extra_kilometer\\": \\"0\\",\\n        \\"veh_total\\": \\"3000.00\\",\\n        \\"veh_header\\": \\" - (Hub to Arrival - 1 KM, Arrival to Location - 35 KM)\\",\\n        \\"chk_vehicle\\": \\"1502_07-03-2026127_0\\",\\n        \\"chk_vehicle_status\\": \\"1\\",\\n        \\"total_max_km_day\\": 100,\\n        \\"total_travel_distance\\": 36,\\n        \\"total_extra_kilometer\\": 0,\\n        \\"total_extra_cost\\": 0\\n    }\\n]\', \'[]\', \'\', \'[]\', \'[]\', \'\', 1, 1, \'2025-11-16 02:44:23\', 1, \'1502\', 0, \'0\', \'\', \'\', \'0\', \'0\', \'0\', \'0\', \'0\', \'0\', \'0\', \'0\', \'0\', 1)')
 3 SYSTEMPATH\Database\BaseConnection.php(648): CodeIgniter\Database\BaseConnection->simpleQuery('INSERT INTO `khm_obj_enquiry_itinerary_details` (`enquiry_header_id`, `enquiry_details_id`, `tour_date`, `tour_details_id`, `hotel_id`, `room_category_id`, `child_with_bed`, `child_without_bed`, `extra_bed`, `double_room`, `single_room`, `vehicle_details`, `hotel_details`, `special_event_name`, `json_addons`, `json_special_event`, `remarks`, `is_active`, `is_draft`, `updated_time`, `edit_version`, `tour_plan_ref_id`, `extension_ref_id`, `permit`, `transport_remarks`, `hotel_facility_ids`, `tax_status`, `tac_eighteen_double`, `tac_eighteen_single`, `tac_eighteen_total`, `adult_eighteen_double`, `child_eighteen_double`, `child_wb_eighteen_double`, `extra_eighteen_double`, `adult_eighteen_single`, `enterprise_id`) VALUES (\'221\', \'407\', \'2026-03-07\', \'1502\', \'401\', \'1722\', \'1\', \'1\', \'1\', (\'1\',\'1\',\'1\'), (\'1\',\'1\',\'1\'), \'[\\n    {\\n        \\"vehicle_model\\": \\"Innova Crysta A\\\\/c ( Bench Seat 7+1)\\",\\n        \\"veh_type_id\\": \\"127\\",\\n        \\"tour_date\\": \\"2026-03-07\\",\\n        \\"day_rent\\": \\"3000\\",\\n        \\"max_km_day\\": \\"100\\",\\n        \\"extra_km_rate\\": \\"22\\",\\n        \\"travel_distance\\": \\"36\\",\\n        \\"extra_kilometer\\": \\"0\\",\\n        \\"veh_total\\": \\"3000.00\\",\\n        \\"veh_header\\": \\" - (Hub to Arrival - 1 KM, Arrival to Location - 35 KM)\\",\\n        \\"chk_vehicle\\": \\"1502_07-03-2026127_0\\",\\n        \\"chk_vehicle_status\\": \\"1\\",\\n        \\"total_max_km_day\\": 100,\\n        \\"total_travel_distance\\": 36,\\n        \\"total_extra_kilometer\\": 0,\\n        \\"total_extra_cost\\": 0\\n    }\\n]\', \'[]\', \'\', \'[]\', \'[]\', \'\', 1, 1, \'2025-11-16 02:44:23\', 1, \'1502\', 0, \'0\', \'\', \'\', \'0\', \'0\', \'0\', \'0\', \'0\', \'0\', \'0\', \'0\', \'0\', 1)')
 4 SYSTEMPATH\Database\BaseBuilder.php(2340): CodeIgniter\Database\BaseConnection->query('INSERT INTO `khm_obj_enquiry_itinerary_details` (`enquiry_header_id`, `enquiry_details_id`, `tour_date`, `tour_details_id`, `hotel_id`, `room_category_id`, `child_with_bed`, `child_without_bed`, `extra_bed`, `double_room`, `single_room`, `vehicle_details`, `hotel_details`, `special_event_name`, `json_addons`, `json_special_event`, `remarks`, `is_active`, `is_draft`, `updated_time`, `edit_version`, `tour_plan_ref_id`, `extension_ref_id`, `permit`, `transport_remarks`, `hotel_facility_ids`, `tax_status`, `tac_eighteen_double`, `tac_eighteen_single`, `tac_eighteen_total`, `adult_eighteen_double`, `child_eighteen_double`, `child_wb_eighteen_double`, `extra_eighteen_double`, `adult_eighteen_single`, `enterprise_id`) VALUES (:enquiry_header_id:, :enquiry_details_id:, :tour_date:, :tour_details_id:, :hotel_id:, :room_category_id:, :child_with_bed:, :child_without_bed:, :extra_bed:, :double_room:, :single_room:, :vehicle_details:, :hotel_details:, :special_event_name:, :json_addons:, :json_special_event:, :remarks:, :is_active:, :is_draft:, :updated_time:, :edit_version:, :tour_plan_ref_id:, :extension_ref_id:, :permit:, :transport_remarks:, :hotel_facility_ids:, :tax_status:, :tac_eighteen_double:, :tac_eighteen_single:, :tac_eighteen_total:, :adult_eighteen_double:, :child_eighteen_double:, :child_wb_eighteen_double:, :extra_eighteen_double:, :adult_eighteen_single:, :enterprise_id:)', [...], false)
 5 APPPATH\Models\Enquiry_m.php(1476): CodeIgniter\Database\BaseBuilder->insert([...])
 6 APPPATH\Controllers\Enquiry.php(6573): App\Models\Enquiry_m->insert_iti_details([...])
 7 SYSTEMPATH\CodeIgniter.php(933): App\Controllers\Enquiry->saveItinerary()
 8 SYSTEMPATH\CodeIgniter.php(509): CodeIgniter\CodeIgniter->runController(Object(App\Controllers\Enquiry))
 9 SYSTEMPATH\CodeIgniter.php(355): CodeIgniter\CodeIgniter->handleRequest(null, Object(Config\Cache), false)
10 SYSTEMPATH\Boot.php(334): CodeIgniter\CodeIgniter->run()
11 SYSTEMPATH\Boot.php(67): CodeIgniter\Boot::runCodeIgniter(Object(CodeIgniter\CodeIgniter))
12 FCPATH\index.php(56): CodeIgniter\Boot::bootWeb(Object(Config\Paths))
ERROR - 2025-11-16 10:59:45 --> mysqli_sql_exception: Operand should contain 1 column(s) in C:\wamp64\www\khm\system\Database\MySQLi\Connection.php:312
Stack trace:
#0 C:\wamp64\www\khm\system\Database\MySQLi\Connection.php(312): mysqli->query('INSERT INTO `kh...', 0)
#1 C:\wamp64\www\khm\system\Database\BaseConnection.php(734): CodeIgniter\Database\MySQLi\Connection->execute('INSERT INTO `kh...')
#2 C:\wamp64\www\khm\system\Database\BaseConnection.php(648): CodeIgniter\Database\BaseConnection->simpleQuery('INSERT INTO `kh...')
#3 C:\wamp64\www\khm\system\Database\BaseBuilder.php(2340): CodeIgniter\Database\BaseConnection->query('INSERT INTO `kh...', Array, false)
#4 C:\wamp64\www\khm\app\Models\Enquiry_m.php(1476): CodeIgniter\Database\BaseBuilder->insert(Array)
#5 C:\wamp64\www\khm\app\Controllers\Enquiry.php(6573): App\Models\Enquiry_m->insert_iti_details(Array)
#6 C:\wamp64\www\khm\system\CodeIgniter.php(933): App\Controllers\Enquiry->saveItinerary()
#7 C:\wamp64\www\khm\system\CodeIgniter.php(509): CodeIgniter\CodeIgniter->runController(Object(App\Controllers\Enquiry))
#8 C:\wamp64\www\khm\system\CodeIgniter.php(355): CodeIgniter\CodeIgniter->handleRequest(NULL, Object(Config\Cache), false)
#9 C:\wamp64\www\khm\system\Boot.php(334): CodeIgniter\CodeIgniter->run()
#10 C:\wamp64\www\khm\system\Boot.php(67): CodeIgniter\Boot::runCodeIgniter(Object(CodeIgniter\CodeIgniter))
#11 C:\wamp64\www\khm\public\index.php(56): CodeIgniter\Boot::bootWeb(Object(Config\Paths))
#12 {main}
CRITICAL - 2025-11-16 10:59:45 --> CodeIgniter\Database\Exceptions\DatabaseException: Operand should contain 1 column(s)
[Method: POST, Route: Enquiry/saveItinerary]
in SYSTEMPATH\Database\BaseConnection.php on line 688.
 1 SYSTEMPATH\Database\BaseBuilder.php(2340): CodeIgniter\Database\BaseConnection->query('INSERT INTO `khm_obj_enquiry_itinerary_details` (`enquiry_header_id`, `enquiry_details_id`, `tour_date`, `tour_details_id`, `hotel_id`, `room_category_id`, `child_with_bed`, `child_without_bed`, `extra_bed`, `double_room`, `single_room`, `vehicle_details`, `hotel_details`, `special_event_name`, `json_addons`, `json_special_event`, `remarks`, `is_active`, `is_draft`, `updated_time`, `edit_version`, `tour_plan_ref_id`, `extension_ref_id`, `permit`, `transport_remarks`, `hotel_facility_ids`, `tax_status`, `tac_eighteen_double`, `tac_eighteen_single`, `tac_eighteen_total`, `adult_eighteen_double`, `child_eighteen_double`, `child_wb_eighteen_double`, `extra_eighteen_double`, `adult_eighteen_single`, `enterprise_id`) VALUES (:enquiry_header_id:, :enquiry_details_id:, :tour_date:, :tour_details_id:, :hotel_id:, :room_category_id:, :child_with_bed:, :child_without_bed:, :extra_bed:, :double_room:, :single_room:, :vehicle_details:, :hotel_details:, :special_event_name:, :json_addons:, :json_special_event:, :remarks:, :is_active:, :is_draft:, :updated_time:, :edit_version:, :tour_plan_ref_id:, :extension_ref_id:, :permit:, :transport_remarks:, :hotel_facility_ids:, :tax_status:, :tac_eighteen_double:, :tac_eighteen_single:, :tac_eighteen_total:, :adult_eighteen_double:, :child_eighteen_double:, :child_wb_eighteen_double:, :extra_eighteen_double:, :adult_eighteen_single:, :enterprise_id:)', [...], false)
 2 APPPATH\Models\Enquiry_m.php(1476): CodeIgniter\Database\BaseBuilder->insert([...])
 3 APPPATH\Controllers\Enquiry.php(6573): App\Models\Enquiry_m->insert_iti_details([...])
 4 SYSTEMPATH\CodeIgniter.php(933): App\Controllers\Enquiry->saveItinerary()
 5 SYSTEMPATH\CodeIgniter.php(509): CodeIgniter\CodeIgniter->runController(Object(App\Controllers\Enquiry))
 6 SYSTEMPATH\CodeIgniter.php(355): CodeIgniter\CodeIgniter->handleRequest(null, Object(Config\Cache), false)
 7 SYSTEMPATH\Boot.php(334): CodeIgniter\CodeIgniter->run()
 8 SYSTEMPATH\Boot.php(67): CodeIgniter\Boot::runCodeIgniter(Object(CodeIgniter\CodeIgniter))
 9 FCPATH\index.php(56): CodeIgniter\Boot::bootWeb(Object(Config\Paths))
CRITICAL - 2025-11-16 10:59:45 --> [Caused by] CodeIgniter\Database\Exceptions\DatabaseException: Operand should contain 1 column(s)
in SYSTEMPATH\Database\MySQLi\Connection.php on line 317.
 1 SYSTEMPATH\Database\BaseConnection.php(734): CodeIgniter\Database\MySQLi\Connection->execute('INSERT INTO `khm_obj_enquiry_itinerary_details` (`enquiry_header_id`, `enquiry_details_id`, `tour_date`, `tour_details_id`, `hotel_id`, `room_category_id`, `child_with_bed`, `child_without_bed`, `extra_bed`, `double_room`, `single_room`, `vehicle_details`, `hotel_details`, `special_event_name`, `json_addons`, `json_special_event`, `remarks`, `is_active`, `is_draft`, `updated_time`, `edit_version`, `tour_plan_ref_id`, `extension_ref_id`, `permit`, `transport_remarks`, `hotel_facility_ids`, `tax_status`, `tac_eighteen_double`, `tac_eighteen_single`, `tac_eighteen_total`, `adult_eighteen_double`, `child_eighteen_double`, `child_wb_eighteen_double`, `extra_eighteen_double`, `adult_eighteen_single`, `enterprise_id`) VALUES (\'221\', \'407\', \'2026-03-07\', \'1502\', \'401\', \'1722\', \'1\', \'1\', \'1\', (\'1\',\'1\',\'1\'), (\'1\',\'1\',\'1\'), \'[\\n    {\\n        \\"vehicle_model\\": \\"Innova Crysta A\\\\/c ( Bench Seat 7+1)\\",\\n        \\"veh_type_id\\": \\"127\\",\\n        \\"tour_date\\": \\"2026-03-07\\",\\n        \\"day_rent\\": \\"3000\\",\\n        \\"max_km_day\\": \\"100\\",\\n        \\"extra_km_rate\\": \\"22\\",\\n        \\"travel_distance\\": \\"36\\",\\n        \\"extra_kilometer\\": \\"0\\",\\n        \\"veh_total\\": \\"3000.00\\",\\n        \\"veh_header\\": \\" - (Hub to Arrival - 1 KM, Arrival to Location - 35 KM)\\",\\n        \\"chk_vehicle\\": \\"1502_07-03-2026127_0\\",\\n        \\"chk_vehicle_status\\": \\"1\\",\\n        \\"total_max_km_day\\": 100,\\n        \\"total_travel_distance\\": 36,\\n        \\"total_extra_kilometer\\": 0,\\n        \\"total_extra_cost\\": 0\\n    }\\n]\', \'[]\', \'\', \'[]\', \'[]\', \'\', 1, 1, \'2025-11-16 10:59:45\', 1, \'1502\', 0, \'0\', \'\', \'\', \'0\', \'0\', \'0\', \'0\', \'0\', \'0\', \'0\', \'0\', \'0\', 1)')
 2 SYSTEMPATH\Database\BaseConnection.php(648): CodeIgniter\Database\BaseConnection->simpleQuery('INSERT INTO `khm_obj_enquiry_itinerary_details` (`enquiry_header_id`, `enquiry_details_id`, `tour_date`, `tour_details_id`, `hotel_id`, `room_category_id`, `child_with_bed`, `child_without_bed`, `extra_bed`, `double_room`, `single_room`, `vehicle_details`, `hotel_details`, `special_event_name`, `json_addons`, `json_special_event`, `remarks`, `is_active`, `is_draft`, `updated_time`, `edit_version`, `tour_plan_ref_id`, `extension_ref_id`, `permit`, `transport_remarks`, `hotel_facility_ids`, `tax_status`, `tac_eighteen_double`, `tac_eighteen_single`, `tac_eighteen_total`, `adult_eighteen_double`, `child_eighteen_double`, `child_wb_eighteen_double`, `extra_eighteen_double`, `adult_eighteen_single`, `enterprise_id`) VALUES (\'221\', \'407\', \'2026-03-07\', \'1502\', \'401\', \'1722\', \'1\', \'1\', \'1\', (\'1\',\'1\',\'1\'), (\'1\',\'1\',\'1\'), \'[\\n    {\\n        \\"vehicle_model\\": \\"Innova Crysta A\\\\/c ( Bench Seat 7+1)\\",\\n        \\"veh_type_id\\": \\"127\\",\\n        \\"tour_date\\": \\"2026-03-07\\",\\n        \\"day_rent\\": \\"3000\\",\\n        \\"max_km_day\\": \\"100\\",\\n        \\"extra_km_rate\\": \\"22\\",\\n        \\"travel_distance\\": \\"36\\",\\n        \\"extra_kilometer\\": \\"0\\",\\n        \\"veh_total\\": \\"3000.00\\",\\n        \\"veh_header\\": \\" - (Hub to Arrival - 1 KM, Arrival to Location - 35 KM)\\",\\n        \\"chk_vehicle\\": \\"1502_07-03-2026127_0\\",\\n        \\"chk_vehicle_status\\": \\"1\\",\\n        \\"total_max_km_day\\": 100,\\n        \\"total_travel_distance\\": 36,\\n        \\"total_extra_kilometer\\": 0,\\n        \\"total_extra_cost\\": 0\\n    }\\n]\', \'[]\', \'\', \'[]\', \'[]\', \'\', 1, 1, \'2025-11-16 10:59:45\', 1, \'1502\', 0, \'0\', \'\', \'\', \'0\', \'0\', \'0\', \'0\', \'0\', \'0\', \'0\', \'0\', \'0\', 1)')
 3 SYSTEMPATH\Database\BaseBuilder.php(2340): CodeIgniter\Database\BaseConnection->query('INSERT INTO `khm_obj_enquiry_itinerary_details` (`enquiry_header_id`, `enquiry_details_id`, `tour_date`, `tour_details_id`, `hotel_id`, `room_category_id`, `child_with_bed`, `child_without_bed`, `extra_bed`, `double_room`, `single_room`, `vehicle_details`, `hotel_details`, `special_event_name`, `json_addons`, `json_special_event`, `remarks`, `is_active`, `is_draft`, `updated_time`, `edit_version`, `tour_plan_ref_id`, `extension_ref_id`, `permit`, `transport_remarks`, `hotel_facility_ids`, `tax_status`, `tac_eighteen_double`, `tac_eighteen_single`, `tac_eighteen_total`, `adult_eighteen_double`, `child_eighteen_double`, `child_wb_eighteen_double`, `extra_eighteen_double`, `adult_eighteen_single`, `enterprise_id`) VALUES (:enquiry_header_id:, :enquiry_details_id:, :tour_date:, :tour_details_id:, :hotel_id:, :room_category_id:, :child_with_bed:, :child_without_bed:, :extra_bed:, :double_room:, :single_room:, :vehicle_details:, :hotel_details:, :special_event_name:, :json_addons:, :json_special_event:, :remarks:, :is_active:, :is_draft:, :updated_time:, :edit_version:, :tour_plan_ref_id:, :extension_ref_id:, :permit:, :transport_remarks:, :hotel_facility_ids:, :tax_status:, :tac_eighteen_double:, :tac_eighteen_single:, :tac_eighteen_total:, :adult_eighteen_double:, :child_eighteen_double:, :child_wb_eighteen_double:, :extra_eighteen_double:, :adult_eighteen_single:, :enterprise_id:)', [...], false)
 4 APPPATH\Models\Enquiry_m.php(1476): CodeIgniter\Database\BaseBuilder->insert([...])
 5 APPPATH\Controllers\Enquiry.php(6573): App\Models\Enquiry_m->insert_iti_details([...])
 6 SYSTEMPATH\CodeIgniter.php(933): App\Controllers\Enquiry->saveItinerary()
 7 SYSTEMPATH\CodeIgniter.php(509): CodeIgniter\CodeIgniter->runController(Object(App\Controllers\Enquiry))
 8 SYSTEMPATH\CodeIgniter.php(355): CodeIgniter\CodeIgniter->handleRequest(null, Object(Config\Cache), false)
 9 SYSTEMPATH\Boot.php(334): CodeIgniter\CodeIgniter->run()
10 SYSTEMPATH\Boot.php(67): CodeIgniter\Boot::runCodeIgniter(Object(CodeIgniter\CodeIgniter))
11 FCPATH\index.php(56): CodeIgniter\Boot::bootWeb(Object(Config\Paths))
CRITICAL - 2025-11-16 10:59:45 --> [Caused by] mysqli_sql_exception: Operand should contain 1 column(s)
in SYSTEMPATH\Database\MySQLi\Connection.php on line 312.
 1 SYSTEMPATH\Database\MySQLi\Connection.php(312): mysqli->query('INSERT INTO `khm_obj_enquiry_itinerary_details` (`enquiry_header_id`, `enquiry_details_id`, `tour_date`, `tour_details_id`, `hotel_id`, `room_category_id`, `child_with_bed`, `child_without_bed`, `extra_bed`, `double_room`, `single_room`, `vehicle_details`, `hotel_details`, `special_event_name`, `json_addons`, `json_special_event`, `remarks`, `is_active`, `is_draft`, `updated_time`, `edit_version`, `tour_plan_ref_id`, `extension_ref_id`, `permit`, `transport_remarks`, `hotel_facility_ids`, `tax_status`, `tac_eighteen_double`, `tac_eighteen_single`, `tac_eighteen_total`, `adult_eighteen_double`, `child_eighteen_double`, `child_wb_eighteen_double`, `extra_eighteen_double`, `adult_eighteen_single`, `enterprise_id`) VALUES (\'221\', \'407\', \'2026-03-07\', \'1502\', \'401\', \'1722\', \'1\', \'1\', \'1\', (\'1\',\'1\',\'1\'), (\'1\',\'1\',\'1\'), \'[\\n    {\\n        \\"vehicle_model\\": \\"Innova Crysta A\\\\/c ( Bench Seat 7+1)\\",\\n        \\"veh_type_id\\": \\"127\\",\\n        \\"tour_date\\": \\"2026-03-07\\",\\n        \\"day_rent\\": \\"3000\\",\\n        \\"max_km_day\\": \\"100\\",\\n        \\"extra_km_rate\\": \\"22\\",\\n        \\"travel_distance\\": \\"36\\",\\n        \\"extra_kilometer\\": \\"0\\",\\n        \\"veh_total\\": \\"3000.00\\",\\n        \\"veh_header\\": \\" - (Hub to Arrival - 1 KM, Arrival to Location - 35 KM)\\",\\n        \\"chk_vehicle\\": \\"1502_07-03-2026127_0\\",\\n        \\"chk_vehicle_status\\": \\"1\\",\\n        \\"total_max_km_day\\": 100,\\n        \\"total_travel_distance\\": 36,\\n        \\"total_extra_kilometer\\": 0,\\n        \\"total_extra_cost\\": 0\\n    }\\n]\', \'[]\', \'\', \'[]\', \'[]\', \'\', 1, 1, \'2025-11-16 10:59:45\', 1, \'1502\', 0, \'0\', \'\', \'\', \'0\', \'0\', \'0\', \'0\', \'0\', \'0\', \'0\', \'0\', \'0\', 1)', 0)
 2 SYSTEMPATH\Database\BaseConnection.php(734): CodeIgniter\Database\MySQLi\Connection->execute('INSERT INTO `khm_obj_enquiry_itinerary_details` (`enquiry_header_id`, `enquiry_details_id`, `tour_date`, `tour_details_id`, `hotel_id`, `room_category_id`, `child_with_bed`, `child_without_bed`, `extra_bed`, `double_room`, `single_room`, `vehicle_details`, `hotel_details`, `special_event_name`, `json_addons`, `json_special_event`, `remarks`, `is_active`, `is_draft`, `updated_time`, `edit_version`, `tour_plan_ref_id`, `extension_ref_id`, `permit`, `transport_remarks`, `hotel_facility_ids`, `tax_status`, `tac_eighteen_double`, `tac_eighteen_single`, `tac_eighteen_total`, `adult_eighteen_double`, `child_eighteen_double`, `child_wb_eighteen_double`, `extra_eighteen_double`, `adult_eighteen_single`, `enterprise_id`) VALUES (\'221\', \'407\', \'2026-03-07\', \'1502\', \'401\', \'1722\', \'1\', \'1\', \'1\', (\'1\',\'1\',\'1\'), (\'1\',\'1\',\'1\'), \'[\\n    {\\n        \\"vehicle_model\\": \\"Innova Crysta A\\\\/c ( Bench Seat 7+1)\\",\\n        \\"veh_type_id\\": \\"127\\",\\n        \\"tour_date\\": \\"2026-03-07\\",\\n        \\"day_rent\\": \\"3000\\",\\n        \\"max_km_day\\": \\"100\\",\\n        \\"extra_km_rate\\": \\"22\\",\\n        \\"travel_distance\\": \\"36\\",\\n        \\"extra_kilometer\\": \\"0\\",\\n        \\"veh_total\\": \\"3000.00\\",\\n        \\"veh_header\\": \\" - (Hub to Arrival - 1 KM, Arrival to Location - 35 KM)\\",\\n        \\"chk_vehicle\\": \\"1502_07-03-2026127_0\\",\\n        \\"chk_vehicle_status\\": \\"1\\",\\n        \\"total_max_km_day\\": 100,\\n        \\"total_travel_distance\\": 36,\\n        \\"total_extra_kilometer\\": 0,\\n        \\"total_extra_cost\\": 0\\n    }\\n]\', \'[]\', \'\', \'[]\', \'[]\', \'\', 1, 1, \'2025-11-16 10:59:45\', 1, \'1502\', 0, \'0\', \'\', \'\', \'0\', \'0\', \'0\', \'0\', \'0\', \'0\', \'0\', \'0\', \'0\', 1)')
 3 SYSTEMPATH\Database\BaseConnection.php(648): CodeIgniter\Database\BaseConnection->simpleQuery('INSERT INTO `khm_obj_enquiry_itinerary_details` (`enquiry_header_id`, `enquiry_details_id`, `tour_date`, `tour_details_id`, `hotel_id`, `room_category_id`, `child_with_bed`, `child_without_bed`, `extra_bed`, `double_room`, `single_room`, `vehicle_details`, `hotel_details`, `special_event_name`, `json_addons`, `json_special_event`, `remarks`, `is_active`, `is_draft`, `updated_time`, `edit_version`, `tour_plan_ref_id`, `extension_ref_id`, `permit`, `transport_remarks`, `hotel_facility_ids`, `tax_status`, `tac_eighteen_double`, `tac_eighteen_single`, `tac_eighteen_total`, `adult_eighteen_double`, `child_eighteen_double`, `child_wb_eighteen_double`, `extra_eighteen_double`, `adult_eighteen_single`, `enterprise_id`) VALUES (\'221\', \'407\', \'2026-03-07\', \'1502\', \'401\', \'1722\', \'1\', \'1\', \'1\', (\'1\',\'1\',\'1\'), (\'1\',\'1\',\'1\'), \'[\\n    {\\n        \\"vehicle_model\\": \\"Innova Crysta A\\\\/c ( Bench Seat 7+1)\\",\\n        \\"veh_type_id\\": \\"127\\",\\n        \\"tour_date\\": \\"2026-03-07\\",\\n        \\"day_rent\\": \\"3000\\",\\n        \\"max_km_day\\": \\"100\\",\\n        \\"extra_km_rate\\": \\"22\\",\\n        \\"travel_distance\\": \\"36\\",\\n        \\"extra_kilometer\\": \\"0\\",\\n        \\"veh_total\\": \\"3000.00\\",\\n        \\"veh_header\\": \\" - (Hub to Arrival - 1 KM, Arrival to Location - 35 KM)\\",\\n        \\"chk_vehicle\\": \\"1502_07-03-2026127_0\\",\\n        \\"chk_vehicle_status\\": \\"1\\",\\n        \\"total_max_km_day\\": 100,\\n        \\"total_travel_distance\\": 36,\\n        \\"total_extra_kilometer\\": 0,\\n        \\"total_extra_cost\\": 0\\n    }\\n]\', \'[]\', \'\', \'[]\', \'[]\', \'\', 1, 1, \'2025-11-16 10:59:45\', 1, \'1502\', 0, \'0\', \'\', \'\', \'0\', \'0\', \'0\', \'0\', \'0\', \'0\', \'0\', \'0\', \'0\', 1)')
 4 SYSTEMPATH\Database\BaseBuilder.php(2340): CodeIgniter\Database\BaseConnection->query('INSERT INTO `khm_obj_enquiry_itinerary_details` (`enquiry_header_id`, `enquiry_details_id`, `tour_date`, `tour_details_id`, `hotel_id`, `room_category_id`, `child_with_bed`, `child_without_bed`, `extra_bed`, `double_room`, `single_room`, `vehicle_details`, `hotel_details`, `special_event_name`, `json_addons`, `json_special_event`, `remarks`, `is_active`, `is_draft`, `updated_time`, `edit_version`, `tour_plan_ref_id`, `extension_ref_id`, `permit`, `transport_remarks`, `hotel_facility_ids`, `tax_status`, `tac_eighteen_double`, `tac_eighteen_single`, `tac_eighteen_total`, `adult_eighteen_double`, `child_eighteen_double`, `child_wb_eighteen_double`, `extra_eighteen_double`, `adult_eighteen_single`, `enterprise_id`) VALUES (:enquiry_header_id:, :enquiry_details_id:, :tour_date:, :tour_details_id:, :hotel_id:, :room_category_id:, :child_with_bed:, :child_without_bed:, :extra_bed:, :double_room:, :single_room:, :vehicle_details:, :hotel_details:, :special_event_name:, :json_addons:, :json_special_event:, :remarks:, :is_active:, :is_draft:, :updated_time:, :edit_version:, :tour_plan_ref_id:, :extension_ref_id:, :permit:, :transport_remarks:, :hotel_facility_ids:, :tax_status:, :tac_eighteen_double:, :tac_eighteen_single:, :tac_eighteen_total:, :adult_eighteen_double:, :child_eighteen_double:, :child_wb_eighteen_double:, :extra_eighteen_double:, :adult_eighteen_single:, :enterprise_id:)', [...], false)
 5 APPPATH\Models\Enquiry_m.php(1476): CodeIgniter\Database\BaseBuilder->insert([...])
 6 APPPATH\Controllers\Enquiry.php(6573): App\Models\Enquiry_m->insert_iti_details([...])
 7 SYSTEMPATH\CodeIgniter.php(933): App\Controllers\Enquiry->saveItinerary()
 8 SYSTEMPATH\CodeIgniter.php(509): CodeIgniter\CodeIgniter->runController(Object(App\Controllers\Enquiry))
 9 SYSTEMPATH\CodeIgniter.php(355): CodeIgniter\CodeIgniter->handleRequest(null, Object(Config\Cache), false)
10 SYSTEMPATH\Boot.php(334): CodeIgniter\CodeIgniter->run()
11 SYSTEMPATH\Boot.php(67): CodeIgniter\Boot::runCodeIgniter(Object(CodeIgniter\CodeIgniter))
12 FCPATH\index.php(56): CodeIgniter\Boot::bootWeb(Object(Config\Paths))
ERROR - 2025-11-16 11:17:27 --> mysqli_sql_exception: Operand should contain 1 column(s) in C:\wamp64\www\khm\system\Database\MySQLi\Connection.php:312
Stack trace:
#0 C:\wamp64\www\khm\system\Database\MySQLi\Connection.php(312): mysqli->query('INSERT INTO `kh...', 0)
#1 C:\wamp64\www\khm\system\Database\BaseConnection.php(734): CodeIgniter\Database\MySQLi\Connection->execute('INSERT INTO `kh...')
#2 C:\wamp64\www\khm\system\Database\BaseConnection.php(648): CodeIgniter\Database\BaseConnection->simpleQuery('INSERT INTO `kh...')
#3 C:\wamp64\www\khm\system\Database\BaseBuilder.php(2340): CodeIgniter\Database\BaseConnection->query('INSERT INTO `kh...', Array, false)
#4 C:\wamp64\www\khm\app\Models\Enquiry_m.php(1588): CodeIgniter\Database\BaseBuilder->insert(Array)
#5 C:\wamp64\www\khm\app\Controllers\Enquiry.php(7378): App\Models\Enquiry_m->insert_iti_details(Array)
#6 C:\wamp64\www\khm\system\CodeIgniter.php(933): App\Controllers\Enquiry->saveItinerary()
#7 C:\wamp64\www\khm\system\CodeIgniter.php(509): CodeIgniter\CodeIgniter->runController(Object(App\Controllers\Enquiry))
#8 C:\wamp64\www\khm\system\CodeIgniter.php(355): CodeIgniter\CodeIgniter->handleRequest(NULL, Object(Config\Cache), false)
#9 C:\wamp64\www\khm\system\Boot.php(334): CodeIgniter\CodeIgniter->run()
#10 C:\wamp64\www\khm\system\Boot.php(67): CodeIgniter\Boot::runCodeIgniter(Object(CodeIgniter\CodeIgniter))
#11 C:\wamp64\www\khm\public\index.php(56): CodeIgniter\Boot::bootWeb(Object(Config\Paths))
#12 {main}
CRITICAL - 2025-11-16 11:17:27 --> CodeIgniter\Database\Exceptions\DatabaseException: Operand should contain 1 column(s)
[Method: POST, Route: Enquiry/saveItinerary]
in SYSTEMPATH\Database\BaseConnection.php on line 688.
 1 SYSTEMPATH\Database\BaseBuilder.php(2340): CodeIgniter\Database\BaseConnection->query('INSERT INTO `khm_obj_enquiry_itinerary_details` (`enquiry_header_id`, `enquiry_details_id`, `tour_date`, `tour_details_id`, `hotel_id`, `room_category_id`, `child_with_bed`, `child_without_bed`, `extra_bed`, `double_room`, `single_room`, `vehicle_details`, `hotel_details`, `special_event_name`, `json_addons`, `json_special_event`, `remarks`, `is_active`, `is_draft`, `updated_time`, `edit_version`, `tour_plan_ref_id`, `extension_ref_id`, `permit`, `transport_remarks`, `hotel_facility_ids`, `tax_status`, `tac_eighteen_double`, `tac_eighteen_single`, `tac_eighteen_total`, `adult_eighteen_double`, `child_eighteen_double`, `child_wb_eighteen_double`, `extra_eighteen_double`, `adult_eighteen_single`, `enterprise_id`) VALUES (:enquiry_header_id:, :enquiry_details_id:, :tour_date:, :tour_details_id:, :hotel_id:, :room_category_id:, :child_with_bed:, :child_without_bed:, :extra_bed:, :double_room:, :single_room:, :vehicle_details:, :hotel_details:, :special_event_name:, :json_addons:, :json_special_event:, :remarks:, :is_active:, :is_draft:, :updated_time:, :edit_version:, :tour_plan_ref_id:, :extension_ref_id:, :permit:, :transport_remarks:, :hotel_facility_ids:, :tax_status:, :tac_eighteen_double:, :tac_eighteen_single:, :tac_eighteen_total:, :adult_eighteen_double:, :child_eighteen_double:, :child_wb_eighteen_double:, :extra_eighteen_double:, :adult_eighteen_single:, :enterprise_id:)', [...], false)
 2 APPPATH\Models\Enquiry_m.php(1588): CodeIgniter\Database\BaseBuilder->insert([...])
 3 APPPATH\Controllers\Enquiry.php(7378): App\Models\Enquiry_m->insert_iti_details([...])
 4 SYSTEMPATH\CodeIgniter.php(933): App\Controllers\Enquiry->saveItinerary()
 5 SYSTEMPATH\CodeIgniter.php(509): CodeIgniter\CodeIgniter->runController(Object(App\Controllers\Enquiry))
 6 SYSTEMPATH\CodeIgniter.php(355): CodeIgniter\CodeIgniter->handleRequest(null, Object(Config\Cache), false)
 7 SYSTEMPATH\Boot.php(334): CodeIgniter\CodeIgniter->run()
 8 SYSTEMPATH\Boot.php(67): CodeIgniter\Boot::runCodeIgniter(Object(CodeIgniter\CodeIgniter))
 9 FCPATH\index.php(56): CodeIgniter\Boot::bootWeb(Object(Config\Paths))
CRITICAL - 2025-11-16 11:17:27 --> [Caused by] CodeIgniter\Database\Exceptions\DatabaseException: Operand should contain 1 column(s)
in SYSTEMPATH\Database\MySQLi\Connection.php on line 317.
 1 SYSTEMPATH\Database\BaseConnection.php(734): CodeIgniter\Database\MySQLi\Connection->execute('INSERT INTO `khm_obj_enquiry_itinerary_details` (`enquiry_header_id`, `enquiry_details_id`, `tour_date`, `tour_details_id`, `hotel_id`, `room_category_id`, `child_with_bed`, `child_without_bed`, `extra_bed`, `double_room`, `single_room`, `vehicle_details`, `hotel_details`, `special_event_name`, `json_addons`, `json_special_event`, `remarks`, `is_active`, `is_draft`, `updated_time`, `edit_version`, `tour_plan_ref_id`, `extension_ref_id`, `permit`, `transport_remarks`, `hotel_facility_ids`, `tax_status`, `tac_eighteen_double`, `tac_eighteen_single`, `tac_eighteen_total`, `adult_eighteen_double`, `child_eighteen_double`, `child_wb_eighteen_double`, `extra_eighteen_double`, `adult_eighteen_single`, `enterprise_id`) VALUES (\'221\', \'407\', \'2026-03-07\', \'1502\', \'401\', \'1722\', \'1\', \'1\', \'1\', (\'1\',\'1\',\'1\'), (\'1\',\'1\',\'1\'), \'[\\n    {\\n        \\"vehicle_model\\": \\"Innova Crysta A\\\\/c ( Bench Seat 7+1)\\",\\n        \\"veh_type_id\\": \\"127\\",\\n        \\"tour_date\\": \\"2026-03-07\\",\\n        \\"day_rent\\": \\"3000\\",\\n        \\"max_km_day\\": \\"100\\",\\n        \\"extra_km_rate\\": \\"22\\",\\n        \\"travel_distance\\": \\"36\\",\\n        \\"extra_kilometer\\": \\"0\\",\\n        \\"veh_total\\": \\"3000.00\\",\\n        \\"veh_header\\": \\" - (Hub to Arrival - 1 KM, Arrival to Location - 35 KM)\\",\\n        \\"chk_vehicle\\": \\"1502_07-03-2026127_0\\",\\n        \\"chk_vehicle_status\\": \\"1\\",\\n        \\"total_max_km_day\\": 100,\\n        \\"total_travel_distance\\": 36,\\n        \\"total_extra_kilometer\\": 0,\\n        \\"total_extra_cost\\": 0\\n    }\\n]\', \'[]\', \'\', \'[]\', \'[]\', \'\', 1, 1, \'2025-11-16 11:17:27\', 1, \'1502\', 0, \'0\', \'\', \'\', \'0\', \'0\', \'0\', \'0\', \'0\', \'0\', \'0\', \'0\', \'0\', 1)')
 2 SYSTEMPATH\Database\BaseConnection.php(648): CodeIgniter\Database\BaseConnection->simpleQuery('INSERT INTO `khm_obj_enquiry_itinerary_details` (`enquiry_header_id`, `enquiry_details_id`, `tour_date`, `tour_details_id`, `hotel_id`, `room_category_id`, `child_with_bed`, `child_without_bed`, `extra_bed`, `double_room`, `single_room`, `vehicle_details`, `hotel_details`, `special_event_name`, `json_addons`, `json_special_event`, `remarks`, `is_active`, `is_draft`, `updated_time`, `edit_version`, `tour_plan_ref_id`, `extension_ref_id`, `permit`, `transport_remarks`, `hotel_facility_ids`, `tax_status`, `tac_eighteen_double`, `tac_eighteen_single`, `tac_eighteen_total`, `adult_eighteen_double`, `child_eighteen_double`, `child_wb_eighteen_double`, `extra_eighteen_double`, `adult_eighteen_single`, `enterprise_id`) VALUES (\'221\', \'407\', \'2026-03-07\', \'1502\', \'401\', \'1722\', \'1\', \'1\', \'1\', (\'1\',\'1\',\'1\'), (\'1\',\'1\',\'1\'), \'[\\n    {\\n        \\"vehicle_model\\": \\"Innova Crysta A\\\\/c ( Bench Seat 7+1)\\",\\n        \\"veh_type_id\\": \\"127\\",\\n        \\"tour_date\\": \\"2026-03-07\\",\\n        \\"day_rent\\": \\"3000\\",\\n        \\"max_km_day\\": \\"100\\",\\n        \\"extra_km_rate\\": \\"22\\",\\n        \\"travel_distance\\": \\"36\\",\\n        \\"extra_kilometer\\": \\"0\\",\\n        \\"veh_total\\": \\"3000.00\\",\\n        \\"veh_header\\": \\" - (Hub to Arrival - 1 KM, Arrival to Location - 35 KM)\\",\\n        \\"chk_vehicle\\": \\"1502_07-03-2026127_0\\",\\n        \\"chk_vehicle_status\\": \\"1\\",\\n        \\"total_max_km_day\\": 100,\\n        \\"total_travel_distance\\": 36,\\n        \\"total_extra_kilometer\\": 0,\\n        \\"total_extra_cost\\": 0\\n    }\\n]\', \'[]\', \'\', \'[]\', \'[]\', \'\', 1, 1, \'2025-11-16 11:17:27\', 1, \'1502\', 0, \'0\', \'\', \'\', \'0\', \'0\', \'0\', \'0\', \'0\', \'0\', \'0\', \'0\', \'0\', 1)')
 3 SYSTEMPATH\Database\BaseBuilder.php(2340): CodeIgniter\Database\BaseConnection->query('INSERT INTO `khm_obj_enquiry_itinerary_details` (`enquiry_header_id`, `enquiry_details_id`, `tour_date`, `tour_details_id`, `hotel_id`, `room_category_id`, `child_with_bed`, `child_without_bed`, `extra_bed`, `double_room`, `single_room`, `vehicle_details`, `hotel_details`, `special_event_name`, `json_addons`, `json_special_event`, `remarks`, `is_active`, `is_draft`, `updated_time`, `edit_version`, `tour_plan_ref_id`, `extension_ref_id`, `permit`, `transport_remarks`, `hotel_facility_ids`, `tax_status`, `tac_eighteen_double`, `tac_eighteen_single`, `tac_eighteen_total`, `adult_eighteen_double`, `child_eighteen_double`, `child_wb_eighteen_double`, `extra_eighteen_double`, `adult_eighteen_single`, `enterprise_id`) VALUES (:enquiry_header_id:, :enquiry_details_id:, :tour_date:, :tour_details_id:, :hotel_id:, :room_category_id:, :child_with_bed:, :child_without_bed:, :extra_bed:, :double_room:, :single_room:, :vehicle_details:, :hotel_details:, :special_event_name:, :json_addons:, :json_special_event:, :remarks:, :is_active:, :is_draft:, :updated_time:, :edit_version:, :tour_plan_ref_id:, :extension_ref_id:, :permit:, :transport_remarks:, :hotel_facility_ids:, :tax_status:, :tac_eighteen_double:, :tac_eighteen_single:, :tac_eighteen_total:, :adult_eighteen_double:, :child_eighteen_double:, :child_wb_eighteen_double:, :extra_eighteen_double:, :adult_eighteen_single:, :enterprise_id:)', [...], false)
 4 APPPATH\Models\Enquiry_m.php(1588): CodeIgniter\Database\BaseBuilder->insert([...])
 5 APPPATH\Controllers\Enquiry.php(7378): App\Models\Enquiry_m->insert_iti_details([...])
 6 SYSTEMPATH\CodeIgniter.php(933): App\Controllers\Enquiry->saveItinerary()
 7 SYSTEMPATH\CodeIgniter.php(509): CodeIgniter\CodeIgniter->runController(Object(App\Controllers\Enquiry))
 8 SYSTEMPATH\CodeIgniter.php(355): CodeIgniter\CodeIgniter->handleRequest(null, Object(Config\Cache), false)
 9 SYSTEMPATH\Boot.php(334): CodeIgniter\CodeIgniter->run()
10 SYSTEMPATH\Boot.php(67): CodeIgniter\Boot::runCodeIgniter(Object(CodeIgniter\CodeIgniter))
11 FCPATH\index.php(56): CodeIgniter\Boot::bootWeb(Object(Config\Paths))
CRITICAL - 2025-11-16 11:17:27 --> [Caused by] mysqli_sql_exception: Operand should contain 1 column(s)
in SYSTEMPATH\Database\MySQLi\Connection.php on line 312.
 1 SYSTEMPATH\Database\MySQLi\Connection.php(312): mysqli->query('INSERT INTO `khm_obj_enquiry_itinerary_details` (`enquiry_header_id`, `enquiry_details_id`, `tour_date`, `tour_details_id`, `hotel_id`, `room_category_id`, `child_with_bed`, `child_without_bed`, `extra_bed`, `double_room`, `single_room`, `vehicle_details`, `hotel_details`, `special_event_name`, `json_addons`, `json_special_event`, `remarks`, `is_active`, `is_draft`, `updated_time`, `edit_version`, `tour_plan_ref_id`, `extension_ref_id`, `permit`, `transport_remarks`, `hotel_facility_ids`, `tax_status`, `tac_eighteen_double`, `tac_eighteen_single`, `tac_eighteen_total`, `adult_eighteen_double`, `child_eighteen_double`, `child_wb_eighteen_double`, `extra_eighteen_double`, `adult_eighteen_single`, `enterprise_id`) VALUES (\'221\', \'407\', \'2026-03-07\', \'1502\', \'401\', \'1722\', \'1\', \'1\', \'1\', (\'1\',\'1\',\'1\'), (\'1\',\'1\',\'1\'), \'[\\n    {\\n        \\"vehicle_model\\": \\"Innova Crysta A\\\\/c ( Bench Seat 7+1)\\",\\n        \\"veh_type_id\\": \\"127\\",\\n        \\"tour_date\\": \\"2026-03-07\\",\\n        \\"day_rent\\": \\"3000\\",\\n        \\"max_km_day\\": \\"100\\",\\n        \\"extra_km_rate\\": \\"22\\",\\n        \\"travel_distance\\": \\"36\\",\\n        \\"extra_kilometer\\": \\"0\\",\\n        \\"veh_total\\": \\"3000.00\\",\\n        \\"veh_header\\": \\" - (Hub to Arrival - 1 KM, Arrival to Location - 35 KM)\\",\\n        \\"chk_vehicle\\": \\"1502_07-03-2026127_0\\",\\n        \\"chk_vehicle_status\\": \\"1\\",\\n        \\"total_max_km_day\\": 100,\\n        \\"total_travel_distance\\": 36,\\n        \\"total_extra_kilometer\\": 0,\\n        \\"total_extra_cost\\": 0\\n    }\\n]\', \'[]\', \'\', \'[]\', \'[]\', \'\', 1, 1, \'2025-11-16 11:17:27\', 1, \'1502\', 0, \'0\', \'\', \'\', \'0\', \'0\', \'0\', \'0\', \'0\', \'0\', \'0\', \'0\', \'0\', 1)', 0)
 2 SYSTEMPATH\Database\BaseConnection.php(734): CodeIgniter\Database\MySQLi\Connection->execute('INSERT INTO `khm_obj_enquiry_itinerary_details` (`enquiry_header_id`, `enquiry_details_id`, `tour_date`, `tour_details_id`, `hotel_id`, `room_category_id`, `child_with_bed`, `child_without_bed`, `extra_bed`, `double_room`, `single_room`, `vehicle_details`, `hotel_details`, `special_event_name`, `json_addons`, `json_special_event`, `remarks`, `is_active`, `is_draft`, `updated_time`, `edit_version`, `tour_plan_ref_id`, `extension_ref_id`, `permit`, `transport_remarks`, `hotel_facility_ids`, `tax_status`, `tac_eighteen_double`, `tac_eighteen_single`, `tac_eighteen_total`, `adult_eighteen_double`, `child_eighteen_double`, `child_wb_eighteen_double`, `extra_eighteen_double`, `adult_eighteen_single`, `enterprise_id`) VALUES (\'221\', \'407\', \'2026-03-07\', \'1502\', \'401\', \'1722\', \'1\', \'1\', \'1\', (\'1\',\'1\',\'1\'), (\'1\',\'1\',\'1\'), \'[\\n    {\\n        \\"vehicle_model\\": \\"Innova Crysta A\\\\/c ( Bench Seat 7+1)\\",\\n        \\"veh_type_id\\": \\"127\\",\\n        \\"tour_date\\": \\"2026-03-07\\",\\n        \\"day_rent\\": \\"3000\\",\\n        \\"max_km_day\\": \\"100\\",\\n        \\"extra_km_rate\\": \\"22\\",\\n        \\"travel_distance\\": \\"36\\",\\n        \\"extra_kilometer\\": \\"0\\",\\n        \\"veh_total\\": \\"3000.00\\",\\n        \\"veh_header\\": \\" - (Hub to Arrival - 1 KM, Arrival to Location - 35 KM)\\",\\n        \\"chk_vehicle\\": \\"1502_07-03-2026127_0\\",\\n        \\"chk_vehicle_status\\": \\"1\\",\\n        \\"total_max_km_day\\": 100,\\n        \\"total_travel_distance\\": 36,\\n        \\"total_extra_kilometer\\": 0,\\n        \\"total_extra_cost\\": 0\\n    }\\n]\', \'[]\', \'\', \'[]\', \'[]\', \'\', 1, 1, \'2025-11-16 11:17:27\', 1, \'1502\', 0, \'0\', \'\', \'\', \'0\', \'0\', \'0\', \'0\', \'0\', \'0\', \'0\', \'0\', \'0\', 1)')
 3 SYSTEMPATH\Database\BaseConnection.php(648): CodeIgniter\Database\BaseConnection->simpleQuery('INSERT INTO `khm_obj_enquiry_itinerary_details` (`enquiry_header_id`, `enquiry_details_id`, `tour_date`, `tour_details_id`, `hotel_id`, `room_category_id`, `child_with_bed`, `child_without_bed`, `extra_bed`, `double_room`, `single_room`, `vehicle_details`, `hotel_details`, `special_event_name`, `json_addons`, `json_special_event`, `remarks`, `is_active`, `is_draft`, `updated_time`, `edit_version`, `tour_plan_ref_id`, `extension_ref_id`, `permit`, `transport_remarks`, `hotel_facility_ids`, `tax_status`, `tac_eighteen_double`, `tac_eighteen_single`, `tac_eighteen_total`, `adult_eighteen_double`, `child_eighteen_double`, `child_wb_eighteen_double`, `extra_eighteen_double`, `adult_eighteen_single`, `enterprise_id`) VALUES (\'221\', \'407\', \'2026-03-07\', \'1502\', \'401\', \'1722\', \'1\', \'1\', \'1\', (\'1\',\'1\',\'1\'), (\'1\',\'1\',\'1\'), \'[\\n    {\\n        \\"vehicle_model\\": \\"Innova Crysta A\\\\/c ( Bench Seat 7+1)\\",\\n        \\"veh_type_id\\": \\"127\\",\\n        \\"tour_date\\": \\"2026-03-07\\",\\n        \\"day_rent\\": \\"3000\\",\\n        \\"max_km_day\\": \\"100\\",\\n        \\"extra_km_rate\\": \\"22\\",\\n        \\"travel_distance\\": \\"36\\",\\n        \\"extra_kilometer\\": \\"0\\",\\n        \\"veh_total\\": \\"3000.00\\",\\n        \\"veh_header\\": \\" - (Hub to Arrival - 1 KM, Arrival to Location - 35 KM)\\",\\n        \\"chk_vehicle\\": \\"1502_07-03-2026127_0\\",\\n        \\"chk_vehicle_status\\": \\"1\\",\\n        \\"total_max_km_day\\": 100,\\n        \\"total_travel_distance\\": 36,\\n        \\"total_extra_kilometer\\": 0,\\n        \\"total_extra_cost\\": 0\\n    }\\n]\', \'[]\', \'\', \'[]\', \'[]\', \'\', 1, 1, \'2025-11-16 11:17:27\', 1, \'1502\', 0, \'0\', \'\', \'\', \'0\', \'0\', \'0\', \'0\', \'0\', \'0\', \'0\', \'0\', \'0\', 1)')
 4 SYSTEMPATH\Database\BaseBuilder.php(2340): CodeIgniter\Database\BaseConnection->query('INSERT INTO `khm_obj_enquiry_itinerary_details` (`enquiry_header_id`, `enquiry_details_id`, `tour_date`, `tour_details_id`, `hotel_id`, `room_category_id`, `child_with_bed`, `child_without_bed`, `extra_bed`, `double_room`, `single_room`, `vehicle_details`, `hotel_details`, `special_event_name`, `json_addons`, `json_special_event`, `remarks`, `is_active`, `is_draft`, `updated_time`, `edit_version`, `tour_plan_ref_id`, `extension_ref_id`, `permit`, `transport_remarks`, `hotel_facility_ids`, `tax_status`, `tac_eighteen_double`, `tac_eighteen_single`, `tac_eighteen_total`, `adult_eighteen_double`, `child_eighteen_double`, `child_wb_eighteen_double`, `extra_eighteen_double`, `adult_eighteen_single`, `enterprise_id`) VALUES (:enquiry_header_id:, :enquiry_details_id:, :tour_date:, :tour_details_id:, :hotel_id:, :room_category_id:, :child_with_bed:, :child_without_bed:, :extra_bed:, :double_room:, :single_room:, :vehicle_details:, :hotel_details:, :special_event_name:, :json_addons:, :json_special_event:, :remarks:, :is_active:, :is_draft:, :updated_time:, :edit_version:, :tour_plan_ref_id:, :extension_ref_id:, :permit:, :transport_remarks:, :hotel_facility_ids:, :tax_status:, :tac_eighteen_double:, :tac_eighteen_single:, :tac_eighteen_total:, :adult_eighteen_double:, :child_eighteen_double:, :child_wb_eighteen_double:, :extra_eighteen_double:, :adult_eighteen_single:, :enterprise_id:)', [...], false)
 5 APPPATH\Models\Enquiry_m.php(1588): CodeIgniter\Database\BaseBuilder->insert([...])
 6 APPPATH\Controllers\Enquiry.php(7378): App\Models\Enquiry_m->insert_iti_details([...])
 7 SYSTEMPATH\CodeIgniter.php(933): App\Controllers\Enquiry->saveItinerary()
 8 SYSTEMPATH\CodeIgniter.php(509): CodeIgniter\CodeIgniter->runController(Object(App\Controllers\Enquiry))
 9 SYSTEMPATH\CodeIgniter.php(355): CodeIgniter\CodeIgniter->handleRequest(null, Object(Config\Cache), false)
10 SYSTEMPATH\Boot.php(334): CodeIgniter\CodeIgniter->run()
11 SYSTEMPATH\Boot.php(67): CodeIgniter\Boot::runCodeIgniter(Object(CodeIgniter\CodeIgniter))
12 FCPATH\index.php(56): CodeIgniter\Boot::bootWeb(Object(Config\Paths))
ERROR - 2025-11-16 11:17:34 --> mysqli_sql_exception: Operand should contain 1 column(s) in C:\wamp64\www\khm\system\Database\MySQLi\Connection.php:312
Stack trace:
#0 C:\wamp64\www\khm\system\Database\MySQLi\Connection.php(312): mysqli->query('INSERT INTO `kh...', 0)
#1 C:\wamp64\www\khm\system\Database\BaseConnection.php(734): CodeIgniter\Database\MySQLi\Connection->execute('INSERT INTO `kh...')
#2 C:\wamp64\www\khm\system\Database\BaseConnection.php(648): CodeIgniter\Database\BaseConnection->simpleQuery('INSERT INTO `kh...')
#3 C:\wamp64\www\khm\system\Database\BaseBuilder.php(2340): CodeIgniter\Database\BaseConnection->query('INSERT INTO `kh...', Array, false)
#4 C:\wamp64\www\khm\app\Models\Enquiry_m.php(1588): CodeIgniter\Database\BaseBuilder->insert(Array)
#5 C:\wamp64\www\khm\app\Controllers\Enquiry.php(7378): App\Models\Enquiry_m->insert_iti_details(Array)
#6 C:\wamp64\www\khm\system\CodeIgniter.php(933): App\Controllers\Enquiry->saveItinerary()
#7 C:\wamp64\www\khm\system\CodeIgniter.php(509): CodeIgniter\CodeIgniter->runController(Object(App\Controllers\Enquiry))
#8 C:\wamp64\www\khm\system\CodeIgniter.php(355): CodeIgniter\CodeIgniter->handleRequest(NULL, Object(Config\Cache), false)
#9 C:\wamp64\www\khm\system\Boot.php(334): CodeIgniter\CodeIgniter->run()
#10 C:\wamp64\www\khm\system\Boot.php(67): CodeIgniter\Boot::runCodeIgniter(Object(CodeIgniter\CodeIgniter))
#11 C:\wamp64\www\khm\public\index.php(56): CodeIgniter\Boot::bootWeb(Object(Config\Paths))
#12 {main}
CRITICAL - 2025-11-16 11:17:34 --> CodeIgniter\Database\Exceptions\DatabaseException: Operand should contain 1 column(s)
[Method: POST, Route: Enquiry/saveItinerary]
in SYSTEMPATH\Database\BaseConnection.php on line 688.
 1 SYSTEMPATH\Database\BaseBuilder.php(2340): CodeIgniter\Database\BaseConnection->query('INSERT INTO `khm_obj_enquiry_itinerary_details` (`enquiry_header_id`, `enquiry_details_id`, `tour_date`, `tour_details_id`, `hotel_id`, `room_category_id`, `child_with_bed`, `child_without_bed`, `extra_bed`, `double_room`, `single_room`, `vehicle_details`, `hotel_details`, `special_event_name`, `json_addons`, `json_special_event`, `remarks`, `is_active`, `is_draft`, `updated_time`, `edit_version`, `tour_plan_ref_id`, `extension_ref_id`, `permit`, `transport_remarks`, `hotel_facility_ids`, `tax_status`, `tac_eighteen_double`, `tac_eighteen_single`, `tac_eighteen_total`, `adult_eighteen_double`, `child_eighteen_double`, `child_wb_eighteen_double`, `extra_eighteen_double`, `adult_eighteen_single`, `enterprise_id`) VALUES (:enquiry_header_id:, :enquiry_details_id:, :tour_date:, :tour_details_id:, :hotel_id:, :room_category_id:, :child_with_bed:, :child_without_bed:, :extra_bed:, :double_room:, :single_room:, :vehicle_details:, :hotel_details:, :special_event_name:, :json_addons:, :json_special_event:, :remarks:, :is_active:, :is_draft:, :updated_time:, :edit_version:, :tour_plan_ref_id:, :extension_ref_id:, :permit:, :transport_remarks:, :hotel_facility_ids:, :tax_status:, :tac_eighteen_double:, :tac_eighteen_single:, :tac_eighteen_total:, :adult_eighteen_double:, :child_eighteen_double:, :child_wb_eighteen_double:, :extra_eighteen_double:, :adult_eighteen_single:, :enterprise_id:)', [...], false)
 2 APPPATH\Models\Enquiry_m.php(1588): CodeIgniter\Database\BaseBuilder->insert([...])
 3 APPPATH\Controllers\Enquiry.php(7378): App\Models\Enquiry_m->insert_iti_details([...])
 4 SYSTEMPATH\CodeIgniter.php(933): App\Controllers\Enquiry->saveItinerary()
 5 SYSTEMPATH\CodeIgniter.php(509): CodeIgniter\CodeIgniter->runController(Object(App\Controllers\Enquiry))
 6 SYSTEMPATH\CodeIgniter.php(355): CodeIgniter\CodeIgniter->handleRequest(null, Object(Config\Cache), false)
 7 SYSTEMPATH\Boot.php(334): CodeIgniter\CodeIgniter->run()
 8 SYSTEMPATH\Boot.php(67): CodeIgniter\Boot::runCodeIgniter(Object(CodeIgniter\CodeIgniter))
 9 FCPATH\index.php(56): CodeIgniter\Boot::bootWeb(Object(Config\Paths))
CRITICAL - 2025-11-16 11:17:34 --> [Caused by] CodeIgniter\Database\Exceptions\DatabaseException: Operand should contain 1 column(s)
in SYSTEMPATH\Database\MySQLi\Connection.php on line 317.
 1 SYSTEMPATH\Database\BaseConnection.php(734): CodeIgniter\Database\MySQLi\Connection->execute('INSERT INTO `khm_obj_enquiry_itinerary_details` (`enquiry_header_id`, `enquiry_details_id`, `tour_date`, `tour_details_id`, `hotel_id`, `room_category_id`, `child_with_bed`, `child_without_bed`, `extra_bed`, `double_room`, `single_room`, `vehicle_details`, `hotel_details`, `special_event_name`, `json_addons`, `json_special_event`, `remarks`, `is_active`, `is_draft`, `updated_time`, `edit_version`, `tour_plan_ref_id`, `extension_ref_id`, `permit`, `transport_remarks`, `hotel_facility_ids`, `tax_status`, `tac_eighteen_double`, `tac_eighteen_single`, `tac_eighteen_total`, `adult_eighteen_double`, `child_eighteen_double`, `child_wb_eighteen_double`, `extra_eighteen_double`, `adult_eighteen_single`, `enterprise_id`) VALUES (\'221\', \'407\', \'2026-03-07\', \'1502\', \'401\', \'1722\', \'1\', \'1\', \'1\', (\'1\',\'1\',\'1\'), (\'1\',\'1\',\'1\'), \'[\\n    {\\n        \\"vehicle_model\\": \\"Innova Crysta A\\\\/c ( Bench Seat 7+1)\\",\\n        \\"veh_type_id\\": \\"127\\",\\n        \\"tour_date\\": \\"2026-03-07\\",\\n        \\"day_rent\\": \\"3000\\",\\n        \\"max_km_day\\": \\"100\\",\\n        \\"extra_km_rate\\": \\"22\\",\\n        \\"travel_distance\\": \\"36\\",\\n        \\"extra_kilometer\\": \\"0\\",\\n        \\"veh_total\\": \\"3000\\",\\n        \\"veh_header\\": \\" - (Hub to Arrival - 1 KM, Arrival to Location - 35 KM)\\",\\n        \\"chk_vehicle\\": \\"1502_07-03-2026127_0\\",\\n        \\"chk_vehicle_status\\": \\"1\\",\\n        \\"total_max_km_day\\": 100,\\n        \\"total_travel_distance\\": 36,\\n        \\"total_extra_kilometer\\": 0,\\n        \\"total_extra_cost\\": 0\\n    }\\n]\', \'[]\', \'\', \'[]\', \'[]\', \'\', 1, 1, \'2025-11-16 11:17:34\', 1, \'1502\', 0, \'0\', \'\', \'\', \'0\', \'0\', \'0\', \'0\', \'0\', \'0\', \'0\', \'0\', \'0\', 1)')
 2 SYSTEMPATH\Database\BaseConnection.php(648): CodeIgniter\Database\BaseConnection->simpleQuery('INSERT INTO `khm_obj_enquiry_itinerary_details` (`enquiry_header_id`, `enquiry_details_id`, `tour_date`, `tour_details_id`, `hotel_id`, `room_category_id`, `child_with_bed`, `child_without_bed`, `extra_bed`, `double_room`, `single_room`, `vehicle_details`, `hotel_details`, `special_event_name`, `json_addons`, `json_special_event`, `remarks`, `is_active`, `is_draft`, `updated_time`, `edit_version`, `tour_plan_ref_id`, `extension_ref_id`, `permit`, `transport_remarks`, `hotel_facility_ids`, `tax_status`, `tac_eighteen_double`, `tac_eighteen_single`, `tac_eighteen_total`, `adult_eighteen_double`, `child_eighteen_double`, `child_wb_eighteen_double`, `extra_eighteen_double`, `adult_eighteen_single`, `enterprise_id`) VALUES (\'221\', \'407\', \'2026-03-07\', \'1502\', \'401\', \'1722\', \'1\', \'1\', \'1\', (\'1\',\'1\',\'1\'), (\'1\',\'1\',\'1\'), \'[\\n    {\\n        \\"vehicle_model\\": \\"Innova Crysta A\\\\/c ( Bench Seat 7+1)\\",\\n        \\"veh_type_id\\": \\"127\\",\\n        \\"tour_date\\": \\"2026-03-07\\",\\n        \\"day_rent\\": \\"3000\\",\\n        \\"max_km_day\\": \\"100\\",\\n        \\"extra_km_rate\\": \\"22\\",\\n        \\"travel_distance\\": \\"36\\",\\n        \\"extra_kilometer\\": \\"0\\",\\n        \\"veh_total\\": \\"3000\\",\\n        \\"veh_header\\": \\" - (Hub to Arrival - 1 KM, Arrival to Location - 35 KM)\\",\\n        \\"chk_vehicle\\": \\"1502_07-03-2026127_0\\",\\n        \\"chk_vehicle_status\\": \\"1\\",\\n        \\"total_max_km_day\\": 100,\\n        \\"total_travel_distance\\": 36,\\n        \\"total_extra_kilometer\\": 0,\\n        \\"total_extra_cost\\": 0\\n    }\\n]\', \'[]\', \'\', \'[]\', \'[]\', \'\', 1, 1, \'2025-11-16 11:17:34\', 1, \'1502\', 0, \'0\', \'\', \'\', \'0\', \'0\', \'0\', \'0\', \'0\', \'0\', \'0\', \'0\', \'0\', 1)')
 3 SYSTEMPATH\Database\BaseBuilder.php(2340): CodeIgniter\Database\BaseConnection->query('INSERT INTO `khm_obj_enquiry_itinerary_details` (`enquiry_header_id`, `enquiry_details_id`, `tour_date`, `tour_details_id`, `hotel_id`, `room_category_id`, `child_with_bed`, `child_without_bed`, `extra_bed`, `double_room`, `single_room`, `vehicle_details`, `hotel_details`, `special_event_name`, `json_addons`, `json_special_event`, `remarks`, `is_active`, `is_draft`, `updated_time`, `edit_version`, `tour_plan_ref_id`, `extension_ref_id`, `permit`, `transport_remarks`, `hotel_facility_ids`, `tax_status`, `tac_eighteen_double`, `tac_eighteen_single`, `tac_eighteen_total`, `adult_eighteen_double`, `child_eighteen_double`, `child_wb_eighteen_double`, `extra_eighteen_double`, `adult_eighteen_single`, `enterprise_id`) VALUES (:enquiry_header_id:, :enquiry_details_id:, :tour_date:, :tour_details_id:, :hotel_id:, :room_category_id:, :child_with_bed:, :child_without_bed:, :extra_bed:, :double_room:, :single_room:, :vehicle_details:, :hotel_details:, :special_event_name:, :json_addons:, :json_special_event:, :remarks:, :is_active:, :is_draft:, :updated_time:, :edit_version:, :tour_plan_ref_id:, :extension_ref_id:, :permit:, :transport_remarks:, :hotel_facility_ids:, :tax_status:, :tac_eighteen_double:, :tac_eighteen_single:, :tac_eighteen_total:, :adult_eighteen_double:, :child_eighteen_double:, :child_wb_eighteen_double:, :extra_eighteen_double:, :adult_eighteen_single:, :enterprise_id:)', [...], false)
 4 APPPATH\Models\Enquiry_m.php(1588): CodeIgniter\Database\BaseBuilder->insert([...])
 5 APPPATH\Controllers\Enquiry.php(7378): App\Models\Enquiry_m->insert_iti_details([...])
 6 SYSTEMPATH\CodeIgniter.php(933): App\Controllers\Enquiry->saveItinerary()
 7 SYSTEMPATH\CodeIgniter.php(509): CodeIgniter\CodeIgniter->runController(Object(App\Controllers\Enquiry))
 8 SYSTEMPATH\CodeIgniter.php(355): CodeIgniter\CodeIgniter->handleRequest(null, Object(Config\Cache), false)
 9 SYSTEMPATH\Boot.php(334): CodeIgniter\CodeIgniter->run()
10 SYSTEMPATH\Boot.php(67): CodeIgniter\Boot::runCodeIgniter(Object(CodeIgniter\CodeIgniter))
11 FCPATH\index.php(56): CodeIgniter\Boot::bootWeb(Object(Config\Paths))
CRITICAL - 2025-11-16 11:17:34 --> [Caused by] mysqli_sql_exception: Operand should contain 1 column(s)
in SYSTEMPATH\Database\MySQLi\Connection.php on line 312.
 1 SYSTEMPATH\Database\MySQLi\Connection.php(312): mysqli->query('INSERT INTO `khm_obj_enquiry_itinerary_details` (`enquiry_header_id`, `enquiry_details_id`, `tour_date`, `tour_details_id`, `hotel_id`, `room_category_id`, `child_with_bed`, `child_without_bed`, `extra_bed`, `double_room`, `single_room`, `vehicle_details`, `hotel_details`, `special_event_name`, `json_addons`, `json_special_event`, `remarks`, `is_active`, `is_draft`, `updated_time`, `edit_version`, `tour_plan_ref_id`, `extension_ref_id`, `permit`, `transport_remarks`, `hotel_facility_ids`, `tax_status`, `tac_eighteen_double`, `tac_eighteen_single`, `tac_eighteen_total`, `adult_eighteen_double`, `child_eighteen_double`, `child_wb_eighteen_double`, `extra_eighteen_double`, `adult_eighteen_single`, `enterprise_id`) VALUES (\'221\', \'407\', \'2026-03-07\', \'1502\', \'401\', \'1722\', \'1\', \'1\', \'1\', (\'1\',\'1\',\'1\'), (\'1\',\'1\',\'1\'), \'[\\n    {\\n        \\"vehicle_model\\": \\"Innova Crysta A\\\\/c ( Bench Seat 7+1)\\",\\n        \\"veh_type_id\\": \\"127\\",\\n        \\"tour_date\\": \\"2026-03-07\\",\\n        \\"day_rent\\": \\"3000\\",\\n        \\"max_km_day\\": \\"100\\",\\n        \\"extra_km_rate\\": \\"22\\",\\n        \\"travel_distance\\": \\"36\\",\\n        \\"extra_kilometer\\": \\"0\\",\\n        \\"veh_total\\": \\"3000\\",\\n        \\"veh_header\\": \\" - (Hub to Arrival - 1 KM, Arrival to Location - 35 KM)\\",\\n        \\"chk_vehicle\\": \\"1502_07-03-2026127_0\\",\\n        \\"chk_vehicle_status\\": \\"1\\",\\n        \\"total_max_km_day\\": 100,\\n        \\"total_travel_distance\\": 36,\\n        \\"total_extra_kilometer\\": 0,\\n        \\"total_extra_cost\\": 0\\n    }\\n]\', \'[]\', \'\', \'[]\', \'[]\', \'\', 1, 1, \'2025-11-16 11:17:34\', 1, \'1502\', 0, \'0\', \'\', \'\', \'0\', \'0\', \'0\', \'0\', \'0\', \'0\', \'0\', \'0\', \'0\', 1)', 0)
 2 SYSTEMPATH\Database\BaseConnection.php(734): CodeIgniter\Database\MySQLi\Connection->execute('INSERT INTO `khm_obj_enquiry_itinerary_details` (`enquiry_header_id`, `enquiry_details_id`, `tour_date`, `tour_details_id`, `hotel_id`, `room_category_id`, `child_with_bed`, `child_without_bed`, `extra_bed`, `double_room`, `single_room`, `vehicle_details`, `hotel_details`, `special_event_name`, `json_addons`, `json_special_event`, `remarks`, `is_active`, `is_draft`, `updated_time`, `edit_version`, `tour_plan_ref_id`, `extension_ref_id`, `permit`, `transport_remarks`, `hotel_facility_ids`, `tax_status`, `tac_eighteen_double`, `tac_eighteen_single`, `tac_eighteen_total`, `adult_eighteen_double`, `child_eighteen_double`, `child_wb_eighteen_double`, `extra_eighteen_double`, `adult_eighteen_single`, `enterprise_id`) VALUES (\'221\', \'407\', \'2026-03-07\', \'1502\', \'401\', \'1722\', \'1\', \'1\', \'1\', (\'1\',\'1\',\'1\'), (\'1\',\'1\',\'1\'), \'[\\n    {\\n        \\"vehicle_model\\": \\"Innova Crysta A\\\\/c ( Bench Seat 7+1)\\",\\n        \\"veh_type_id\\": \\"127\\",\\n        \\"tour_date\\": \\"2026-03-07\\",\\n        \\"day_rent\\": \\"3000\\",\\n        \\"max_km_day\\": \\"100\\",\\n        \\"extra_km_rate\\": \\"22\\",\\n        \\"travel_distance\\": \\"36\\",\\n        \\"extra_kilometer\\": \\"0\\",\\n        \\"veh_total\\": \\"3000\\",\\n        \\"veh_header\\": \\" - (Hub to Arrival - 1 KM, Arrival to Location - 35 KM)\\",\\n        \\"chk_vehicle\\": \\"1502_07-03-2026127_0\\",\\n        \\"chk_vehicle_status\\": \\"1\\",\\n        \\"total_max_km_day\\": 100,\\n        \\"total_travel_distance\\": 36,\\n        \\"total_extra_kilometer\\": 0,\\n        \\"total_extra_cost\\": 0\\n    }\\n]\', \'[]\', \'\', \'[]\', \'[]\', \'\', 1, 1, \'2025-11-16 11:17:34\', 1, \'1502\', 0, \'0\', \'\', \'\', \'0\', \'0\', \'0\', \'0\', \'0\', \'0\', \'0\', \'0\', \'0\', 1)')
 3 SYSTEMPATH\Database\BaseConnection.php(648): CodeIgniter\Database\BaseConnection->simpleQuery('INSERT INTO `khm_obj_enquiry_itinerary_details` (`enquiry_header_id`, `enquiry_details_id`, `tour_date`, `tour_details_id`, `hotel_id`, `room_category_id`, `child_with_bed`, `child_without_bed`, `extra_bed`, `double_room`, `single_room`, `vehicle_details`, `hotel_details`, `special_event_name`, `json_addons`, `json_special_event`, `remarks`, `is_active`, `is_draft`, `updated_time`, `edit_version`, `tour_plan_ref_id`, `extension_ref_id`, `permit`, `transport_remarks`, `hotel_facility_ids`, `tax_status`, `tac_eighteen_double`, `tac_eighteen_single`, `tac_eighteen_total`, `adult_eighteen_double`, `child_eighteen_double`, `child_wb_eighteen_double`, `extra_eighteen_double`, `adult_eighteen_single`, `enterprise_id`) VALUES (\'221\', \'407\', \'2026-03-07\', \'1502\', \'401\', \'1722\', \'1\', \'1\', \'1\', (\'1\',\'1\',\'1\'), (\'1\',\'1\',\'1\'), \'[\\n    {\\n        \\"vehicle_model\\": \\"Innova Crysta A\\\\/c ( Bench Seat 7+1)\\",\\n        \\"veh_type_id\\": \\"127\\",\\n        \\"tour_date\\": \\"2026-03-07\\",\\n        \\"day_rent\\": \\"3000\\",\\n        \\"max_km_day\\": \\"100\\",\\n        \\"extra_km_rate\\": \\"22\\",\\n        \\"travel_distance\\": \\"36\\",\\n        \\"extra_kilometer\\": \\"0\\",\\n        \\"veh_total\\": \\"3000\\",\\n        \\"veh_header\\": \\" - (Hub to Arrival - 1 KM, Arrival to Location - 35 KM)\\",\\n        \\"chk_vehicle\\": \\"1502_07-03-2026127_0\\",\\n        \\"chk_vehicle_status\\": \\"1\\",\\n        \\"total_max_km_day\\": 100,\\n        \\"total_travel_distance\\": 36,\\n        \\"total_extra_kilometer\\": 0,\\n        \\"total_extra_cost\\": 0\\n    }\\n]\', \'[]\', \'\', \'[]\', \'[]\', \'\', 1, 1, \'2025-11-16 11:17:34\', 1, \'1502\', 0, \'0\', \'\', \'\', \'0\', \'0\', \'0\', \'0\', \'0\', \'0\', \'0\', \'0\', \'0\', 1)')
 4 SYSTEMPATH\Database\BaseBuilder.php(2340): CodeIgniter\Database\BaseConnection->query('INSERT INTO `khm_obj_enquiry_itinerary_details` (`enquiry_header_id`, `enquiry_details_id`, `tour_date`, `tour_details_id`, `hotel_id`, `room_category_id`, `child_with_bed`, `child_without_bed`, `extra_bed`, `double_room`, `single_room`, `vehicle_details`, `hotel_details`, `special_event_name`, `json_addons`, `json_special_event`, `remarks`, `is_active`, `is_draft`, `updated_time`, `edit_version`, `tour_plan_ref_id`, `extension_ref_id`, `permit`, `transport_remarks`, `hotel_facility_ids`, `tax_status`, `tac_eighteen_double`, `tac_eighteen_single`, `tac_eighteen_total`, `adult_eighteen_double`, `child_eighteen_double`, `child_wb_eighteen_double`, `extra_eighteen_double`, `adult_eighteen_single`, `enterprise_id`) VALUES (:enquiry_header_id:, :enquiry_details_id:, :tour_date:, :tour_details_id:, :hotel_id:, :room_category_id:, :child_with_bed:, :child_without_bed:, :extra_bed:, :double_room:, :single_room:, :vehicle_details:, :hotel_details:, :special_event_name:, :json_addons:, :json_special_event:, :remarks:, :is_active:, :is_draft:, :updated_time:, :edit_version:, :tour_plan_ref_id:, :extension_ref_id:, :permit:, :transport_remarks:, :hotel_facility_ids:, :tax_status:, :tac_eighteen_double:, :tac_eighteen_single:, :tac_eighteen_total:, :adult_eighteen_double:, :child_eighteen_double:, :child_wb_eighteen_double:, :extra_eighteen_double:, :adult_eighteen_single:, :enterprise_id:)', [...], false)
 5 APPPATH\Models\Enquiry_m.php(1588): CodeIgniter\Database\BaseBuilder->insert([...])
 6 APPPATH\Controllers\Enquiry.php(7378): App\Models\Enquiry_m->insert_iti_details([...])
 7 SYSTEMPATH\CodeIgniter.php(933): App\Controllers\Enquiry->saveItinerary()
 8 SYSTEMPATH\CodeIgniter.php(509): CodeIgniter\CodeIgniter->runController(Object(App\Controllers\Enquiry))
 9 SYSTEMPATH\CodeIgniter.php(355): CodeIgniter\CodeIgniter->handleRequest(null, Object(Config\Cache), false)
10 SYSTEMPATH\Boot.php(334): CodeIgniter\CodeIgniter->run()
11 SYSTEMPATH\Boot.php(67): CodeIgniter\Boot::runCodeIgniter(Object(CodeIgniter\CodeIgniter))
12 FCPATH\index.php(56): CodeIgniter\Boot::bootWeb(Object(Config\Paths))
ERROR - 2025-11-16 11:17:40 --> mysqli_sql_exception: Operand should contain 1 column(s) in C:\wamp64\www\khm\system\Database\MySQLi\Connection.php:312
Stack trace:
#0 C:\wamp64\www\khm\system\Database\MySQLi\Connection.php(312): mysqli->query('INSERT INTO `kh...', 0)
#1 C:\wamp64\www\khm\system\Database\BaseConnection.php(734): CodeIgniter\Database\MySQLi\Connection->execute('INSERT INTO `kh...')
#2 C:\wamp64\www\khm\system\Database\BaseConnection.php(648): CodeIgniter\Database\BaseConnection->simpleQuery('INSERT INTO `kh...')
#3 C:\wamp64\www\khm\system\Database\BaseBuilder.php(2340): CodeIgniter\Database\BaseConnection->query('INSERT INTO `kh...', Array, false)
#4 C:\wamp64\www\khm\app\Models\Enquiry_m.php(1588): CodeIgniter\Database\BaseBuilder->insert(Array)
#5 C:\wamp64\www\khm\app\Controllers\Enquiry.php(7378): App\Models\Enquiry_m->insert_iti_details(Array)
#6 C:\wamp64\www\khm\system\CodeIgniter.php(933): App\Controllers\Enquiry->saveItinerary()
#7 C:\wamp64\www\khm\system\CodeIgniter.php(509): CodeIgniter\CodeIgniter->runController(Object(App\Controllers\Enquiry))
#8 C:\wamp64\www\khm\system\CodeIgniter.php(355): CodeIgniter\CodeIgniter->handleRequest(NULL, Object(Config\Cache), false)
#9 C:\wamp64\www\khm\system\Boot.php(334): CodeIgniter\CodeIgniter->run()
#10 C:\wamp64\www\khm\system\Boot.php(67): CodeIgniter\Boot::runCodeIgniter(Object(CodeIgniter\CodeIgniter))
#11 C:\wamp64\www\khm\public\index.php(56): CodeIgniter\Boot::bootWeb(Object(Config\Paths))
#12 {main}
CRITICAL - 2025-11-16 11:17:40 --> CodeIgniter\Database\Exceptions\DatabaseException: Operand should contain 1 column(s)
[Method: POST, Route: Enquiry/saveItinerary]
in SYSTEMPATH\Database\BaseConnection.php on line 688.
 1 SYSTEMPATH\Database\BaseBuilder.php(2340): CodeIgniter\Database\BaseConnection->query('INSERT INTO `khm_obj_enquiry_itinerary_details` (`enquiry_header_id`, `enquiry_details_id`, `tour_date`, `tour_details_id`, `hotel_id`, `room_category_id`, `child_with_bed`, `child_without_bed`, `extra_bed`, `double_room`, `single_room`, `vehicle_details`, `hotel_details`, `special_event_name`, `json_addons`, `json_special_event`, `remarks`, `is_active`, `is_draft`, `updated_time`, `edit_version`, `tour_plan_ref_id`, `extension_ref_id`, `permit`, `transport_remarks`, `hotel_facility_ids`, `tax_status`, `tac_eighteen_double`, `tac_eighteen_single`, `tac_eighteen_total`, `adult_eighteen_double`, `child_eighteen_double`, `child_wb_eighteen_double`, `extra_eighteen_double`, `adult_eighteen_single`, `enterprise_id`) VALUES (:enquiry_header_id:, :enquiry_details_id:, :tour_date:, :tour_details_id:, :hotel_id:, :room_category_id:, :child_with_bed:, :child_without_bed:, :extra_bed:, :double_room:, :single_room:, :vehicle_details:, :hotel_details:, :special_event_name:, :json_addons:, :json_special_event:, :remarks:, :is_active:, :is_draft:, :updated_time:, :edit_version:, :tour_plan_ref_id:, :extension_ref_id:, :permit:, :transport_remarks:, :hotel_facility_ids:, :tax_status:, :tac_eighteen_double:, :tac_eighteen_single:, :tac_eighteen_total:, :adult_eighteen_double:, :child_eighteen_double:, :child_wb_eighteen_double:, :extra_eighteen_double:, :adult_eighteen_single:, :enterprise_id:)', [...], false)
 2 APPPATH\Models\Enquiry_m.php(1588): CodeIgniter\Database\BaseBuilder->insert([...])
 3 APPPATH\Controllers\Enquiry.php(7378): App\Models\Enquiry_m->insert_iti_details([...])
 4 SYSTEMPATH\CodeIgniter.php(933): App\Controllers\Enquiry->saveItinerary()
 5 SYSTEMPATH\CodeIgniter.php(509): CodeIgniter\CodeIgniter->runController(Object(App\Controllers\Enquiry))
 6 SYSTEMPATH\CodeIgniter.php(355): CodeIgniter\CodeIgniter->handleRequest(null, Object(Config\Cache), false)
 7 SYSTEMPATH\Boot.php(334): CodeIgniter\CodeIgniter->run()
 8 SYSTEMPATH\Boot.php(67): CodeIgniter\Boot::runCodeIgniter(Object(CodeIgniter\CodeIgniter))
 9 FCPATH\index.php(56): CodeIgniter\Boot::bootWeb(Object(Config\Paths))
CRITICAL - 2025-11-16 11:17:40 --> [Caused by] CodeIgniter\Database\Exceptions\DatabaseException: Operand should contain 1 column(s)
in SYSTEMPATH\Database\MySQLi\Connection.php on line 317.
 1 SYSTEMPATH\Database\BaseConnection.php(734): CodeIgniter\Database\MySQLi\Connection->execute('INSERT INTO `khm_obj_enquiry_itinerary_details` (`enquiry_header_id`, `enquiry_details_id`, `tour_date`, `tour_details_id`, `hotel_id`, `room_category_id`, `child_with_bed`, `child_without_bed`, `extra_bed`, `double_room`, `single_room`, `vehicle_details`, `hotel_details`, `special_event_name`, `json_addons`, `json_special_event`, `remarks`, `is_active`, `is_draft`, `updated_time`, `edit_version`, `tour_plan_ref_id`, `extension_ref_id`, `permit`, `transport_remarks`, `hotel_facility_ids`, `tax_status`, `tac_eighteen_double`, `tac_eighteen_single`, `tac_eighteen_total`, `adult_eighteen_double`, `child_eighteen_double`, `child_wb_eighteen_double`, `extra_eighteen_double`, `adult_eighteen_single`, `enterprise_id`) VALUES (\'221\', \'407\', \'2026-03-07\', \'1502\', \'401\', \'1722\', \'1\', \'1\', \'1\', (\'1\',\'1\',\'1\'), (\'1\',\'1\',\'1\'), \'[\\n    {\\n        \\"vehicle_model\\": \\"Innova Crysta A\\\\/c ( Bench Seat 7+1)\\",\\n        \\"veh_type_id\\": \\"127\\",\\n        \\"tour_date\\": \\"2026-03-07\\",\\n        \\"day_rent\\": \\"3000\\",\\n        \\"max_km_day\\": \\"100\\",\\n        \\"extra_km_rate\\": \\"22\\",\\n        \\"travel_distance\\": \\"36\\",\\n        \\"extra_kilometer\\": \\"0\\",\\n        \\"veh_total\\": \\"3000\\",\\n        \\"veh_header\\": \\" - (Hub to Arrival - 1 KM, Arrival to Location - 35 KM)\\",\\n        \\"chk_vehicle\\": \\"1502_07-03-2026127_0\\",\\n        \\"chk_vehicle_status\\": \\"1\\",\\n        \\"total_max_km_day\\": 100,\\n        \\"total_travel_distance\\": 36,\\n        \\"total_extra_kilometer\\": 0,\\n        \\"total_extra_cost\\": 0\\n    }\\n]\', \'[]\', \'\', \'[]\', \'[]\', \'\', 1, 1, \'2025-11-16 11:17:40\', 1, \'1502\', 0, \'0\', \'\', \'\', \'0\', \'0\', \'0\', \'0\', \'0\', \'0\', \'0\', \'0\', \'0\', 1)')
 2 SYSTEMPATH\Database\BaseConnection.php(648): CodeIgniter\Database\BaseConnection->simpleQuery('INSERT INTO `khm_obj_enquiry_itinerary_details` (`enquiry_header_id`, `enquiry_details_id`, `tour_date`, `tour_details_id`, `hotel_id`, `room_category_id`, `child_with_bed`, `child_without_bed`, `extra_bed`, `double_room`, `single_room`, `vehicle_details`, `hotel_details`, `special_event_name`, `json_addons`, `json_special_event`, `remarks`, `is_active`, `is_draft`, `updated_time`, `edit_version`, `tour_plan_ref_id`, `extension_ref_id`, `permit`, `transport_remarks`, `hotel_facility_ids`, `tax_status`, `tac_eighteen_double`, `tac_eighteen_single`, `tac_eighteen_total`, `adult_eighteen_double`, `child_eighteen_double`, `child_wb_eighteen_double`, `extra_eighteen_double`, `adult_eighteen_single`, `enterprise_id`) VALUES (\'221\', \'407\', \'2026-03-07\', \'1502\', \'401\', \'1722\', \'1\', \'1\', \'1\', (\'1\',\'1\',\'1\'), (\'1\',\'1\',\'1\'), \'[\\n    {\\n        \\"vehicle_model\\": \\"Innova Crysta A\\\\/c ( Bench Seat 7+1)\\",\\n        \\"veh_type_id\\": \\"127\\",\\n        \\"tour_date\\": \\"2026-03-07\\",\\n        \\"day_rent\\": \\"3000\\",\\n        \\"max_km_day\\": \\"100\\",\\n        \\"extra_km_rate\\": \\"22\\",\\n        \\"travel_distance\\": \\"36\\",\\n        \\"extra_kilometer\\": \\"0\\",\\n        \\"veh_total\\": \\"3000\\",\\n        \\"veh_header\\": \\" - (Hub to Arrival - 1 KM, Arrival to Location - 35 KM)\\",\\n        \\"chk_vehicle\\": \\"1502_07-03-2026127_0\\",\\n        \\"chk_vehicle_status\\": \\"1\\",\\n        \\"total_max_km_day\\": 100,\\n        \\"total_travel_distance\\": 36,\\n        \\"total_extra_kilometer\\": 0,\\n        \\"total_extra_cost\\": 0\\n    }\\n]\', \'[]\', \'\', \'[]\', \'[]\', \'\', 1, 1, \'2025-11-16 11:17:40\', 1, \'1502\', 0, \'0\', \'\', \'\', \'0\', \'0\', \'0\', \'0\', \'0\', \'0\', \'0\', \'0\', \'0\', 1)')
 3 SYSTEMPATH\Database\BaseBuilder.php(2340): CodeIgniter\Database\BaseConnection->query('INSERT INTO `khm_obj_enquiry_itinerary_details` (`enquiry_header_id`, `enquiry_details_id`, `tour_date`, `tour_details_id`, `hotel_id`, `room_category_id`, `child_with_bed`, `child_without_bed`, `extra_bed`, `double_room`, `single_room`, `vehicle_details`, `hotel_details`, `special_event_name`, `json_addons`, `json_special_event`, `remarks`, `is_active`, `is_draft`, `updated_time`, `edit_version`, `tour_plan_ref_id`, `extension_ref_id`, `permit`, `transport_remarks`, `hotel_facility_ids`, `tax_status`, `tac_eighteen_double`, `tac_eighteen_single`, `tac_eighteen_total`, `adult_eighteen_double`, `child_eighteen_double`, `child_wb_eighteen_double`, `extra_eighteen_double`, `adult_eighteen_single`, `enterprise_id`) VALUES (:enquiry_header_id:, :enquiry_details_id:, :tour_date:, :tour_details_id:, :hotel_id:, :room_category_id:, :child_with_bed:, :child_without_bed:, :extra_bed:, :double_room:, :single_room:, :vehicle_details:, :hotel_details:, :special_event_name:, :json_addons:, :json_special_event:, :remarks:, :is_active:, :is_draft:, :updated_time:, :edit_version:, :tour_plan_ref_id:, :extension_ref_id:, :permit:, :transport_remarks:, :hotel_facility_ids:, :tax_status:, :tac_eighteen_double:, :tac_eighteen_single:, :tac_eighteen_total:, :adult_eighteen_double:, :child_eighteen_double:, :child_wb_eighteen_double:, :extra_eighteen_double:, :adult_eighteen_single:, :enterprise_id:)', [...], false)
 4 APPPATH\Models\Enquiry_m.php(1588): CodeIgniter\Database\BaseBuilder->insert([...])
 5 APPPATH\Controllers\Enquiry.php(7378): App\Models\Enquiry_m->insert_iti_details([...])
 6 SYSTEMPATH\CodeIgniter.php(933): App\Controllers\Enquiry->saveItinerary()
 7 SYSTEMPATH\CodeIgniter.php(509): CodeIgniter\CodeIgniter->runController(Object(App\Controllers\Enquiry))
 8 SYSTEMPATH\CodeIgniter.php(355): CodeIgniter\CodeIgniter->handleRequest(null, Object(Config\Cache), false)
 9 SYSTEMPATH\Boot.php(334): CodeIgniter\CodeIgniter->run()
10 SYSTEMPATH\Boot.php(67): CodeIgniter\Boot::runCodeIgniter(Object(CodeIgniter\CodeIgniter))
11 FCPATH\index.php(56): CodeIgniter\Boot::bootWeb(Object(Config\Paths))
CRITICAL - 2025-11-16 11:17:40 --> [Caused by] mysqli_sql_exception: Operand should contain 1 column(s)
in SYSTEMPATH\Database\MySQLi\Connection.php on line 312.
 1 SYSTEMPATH\Database\MySQLi\Connection.php(312): mysqli->query('INSERT INTO `khm_obj_enquiry_itinerary_details` (`enquiry_header_id`, `enquiry_details_id`, `tour_date`, `tour_details_id`, `hotel_id`, `room_category_id`, `child_with_bed`, `child_without_bed`, `extra_bed`, `double_room`, `single_room`, `vehicle_details`, `hotel_details`, `special_event_name`, `json_addons`, `json_special_event`, `remarks`, `is_active`, `is_draft`, `updated_time`, `edit_version`, `tour_plan_ref_id`, `extension_ref_id`, `permit`, `transport_remarks`, `hotel_facility_ids`, `tax_status`, `tac_eighteen_double`, `tac_eighteen_single`, `tac_eighteen_total`, `adult_eighteen_double`, `child_eighteen_double`, `child_wb_eighteen_double`, `extra_eighteen_double`, `adult_eighteen_single`, `enterprise_id`) VALUES (\'221\', \'407\', \'2026-03-07\', \'1502\', \'401\', \'1722\', \'1\', \'1\', \'1\', (\'1\',\'1\',\'1\'), (\'1\',\'1\',\'1\'), \'[\\n    {\\n        \\"vehicle_model\\": \\"Innova Crysta A\\\\/c ( Bench Seat 7+1)\\",\\n        \\"veh_type_id\\": \\"127\\",\\n        \\"tour_date\\": \\"2026-03-07\\",\\n        \\"day_rent\\": \\"3000\\",\\n        \\"max_km_day\\": \\"100\\",\\n        \\"extra_km_rate\\": \\"22\\",\\n        \\"travel_distance\\": \\"36\\",\\n        \\"extra_kilometer\\": \\"0\\",\\n        \\"veh_total\\": \\"3000\\",\\n        \\"veh_header\\": \\" - (Hub to Arrival - 1 KM, Arrival to Location - 35 KM)\\",\\n        \\"chk_vehicle\\": \\"1502_07-03-2026127_0\\",\\n        \\"chk_vehicle_status\\": \\"1\\",\\n        \\"total_max_km_day\\": 100,\\n        \\"total_travel_distance\\": 36,\\n        \\"total_extra_kilometer\\": 0,\\n        \\"total_extra_cost\\": 0\\n    }\\n]\', \'[]\', \'\', \'[]\', \'[]\', \'\', 1, 1, \'2025-11-16 11:17:40\', 1, \'1502\', 0, \'0\', \'\', \'\', \'0\', \'0\', \'0\', \'0\', \'0\', \'0\', \'0\', \'0\', \'0\', 1)', 0)
 2 SYSTEMPATH\Database\BaseConnection.php(734): CodeIgniter\Database\MySQLi\Connection->execute('INSERT INTO `khm_obj_enquiry_itinerary_details` (`enquiry_header_id`, `enquiry_details_id`, `tour_date`, `tour_details_id`, `hotel_id`, `room_category_id`, `child_with_bed`, `child_without_bed`, `extra_bed`, `double_room`, `single_room`, `vehicle_details`, `hotel_details`, `special_event_name`, `json_addons`, `json_special_event`, `remarks`, `is_active`, `is_draft`, `updated_time`, `edit_version`, `tour_plan_ref_id`, `extension_ref_id`, `permit`, `transport_remarks`, `hotel_facility_ids`, `tax_status`, `tac_eighteen_double`, `tac_eighteen_single`, `tac_eighteen_total`, `adult_eighteen_double`, `child_eighteen_double`, `child_wb_eighteen_double`, `extra_eighteen_double`, `adult_eighteen_single`, `enterprise_id`) VALUES (\'221\', \'407\', \'2026-03-07\', \'1502\', \'401\', \'1722\', \'1\', \'1\', \'1\', (\'1\',\'1\',\'1\'), (\'1\',\'1\',\'1\'), \'[\\n    {\\n        \\"vehicle_model\\": \\"Innova Crysta A\\\\/c ( Bench Seat 7+1)\\",\\n        \\"veh_type_id\\": \\"127\\",\\n        \\"tour_date\\": \\"2026-03-07\\",\\n        \\"day_rent\\": \\"3000\\",\\n        \\"max_km_day\\": \\"100\\",\\n        \\"extra_km_rate\\": \\"22\\",\\n        \\"travel_distance\\": \\"36\\",\\n        \\"extra_kilometer\\": \\"0\\",\\n        \\"veh_total\\": \\"3000\\",\\n        \\"veh_header\\": \\" - (Hub to Arrival - 1 KM, Arrival to Location - 35 KM)\\",\\n        \\"chk_vehicle\\": \\"1502_07-03-2026127_0\\",\\n        \\"chk_vehicle_status\\": \\"1\\",\\n        \\"total_max_km_day\\": 100,\\n        \\"total_travel_distance\\": 36,\\n        \\"total_extra_kilometer\\": 0,\\n        \\"total_extra_cost\\": 0\\n    }\\n]\', \'[]\', \'\', \'[]\', \'[]\', \'\', 1, 1, \'2025-11-16 11:17:40\', 1, \'1502\', 0, \'0\', \'\', \'\', \'0\', \'0\', \'0\', \'0\', \'0\', \'0\', \'0\', \'0\', \'0\', 1)')
 3 SYSTEMPATH\Database\BaseConnection.php(648): CodeIgniter\Database\BaseConnection->simpleQuery('INSERT INTO `khm_obj_enquiry_itinerary_details` (`enquiry_header_id`, `enquiry_details_id`, `tour_date`, `tour_details_id`, `hotel_id`, `room_category_id`, `child_with_bed`, `child_without_bed`, `extra_bed`, `double_room`, `single_room`, `vehicle_details`, `hotel_details`, `special_event_name`, `json_addons`, `json_special_event`, `remarks`, `is_active`, `is_draft`, `updated_time`, `edit_version`, `tour_plan_ref_id`, `extension_ref_id`, `permit`, `transport_remarks`, `hotel_facility_ids`, `tax_status`, `tac_eighteen_double`, `tac_eighteen_single`, `tac_eighteen_total`, `adult_eighteen_double`, `child_eighteen_double`, `child_wb_eighteen_double`, `extra_eighteen_double`, `adult_eighteen_single`, `enterprise_id`) VALUES (\'221\', \'407\', \'2026-03-07\', \'1502\', \'401\', \'1722\', \'1\', \'1\', \'1\', (\'1\',\'1\',\'1\'), (\'1\',\'1\',\'1\'), \'[\\n    {\\n        \\"vehicle_model\\": \\"Innova Crysta A\\\\/c ( Bench Seat 7+1)\\",\\n        \\"veh_type_id\\": \\"127\\",\\n        \\"tour_date\\": \\"2026-03-07\\",\\n        \\"day_rent\\": \\"3000\\",\\n        \\"max_km_day\\": \\"100\\",\\n        \\"extra_km_rate\\": \\"22\\",\\n        \\"travel_distance\\": \\"36\\",\\n        \\"extra_kilometer\\": \\"0\\",\\n        \\"veh_total\\": \\"3000\\",\\n        \\"veh_header\\": \\" - (Hub to Arrival - 1 KM, Arrival to Location - 35 KM)\\",\\n        \\"chk_vehicle\\": \\"1502_07-03-2026127_0\\",\\n        \\"chk_vehicle_status\\": \\"1\\",\\n        \\"total_max_km_day\\": 100,\\n        \\"total_travel_distance\\": 36,\\n        \\"total_extra_kilometer\\": 0,\\n        \\"total_extra_cost\\": 0\\n    }\\n]\', \'[]\', \'\', \'[]\', \'[]\', \'\', 1, 1, \'2025-11-16 11:17:40\', 1, \'1502\', 0, \'0\', \'\', \'\', \'0\', \'0\', \'0\', \'0\', \'0\', \'0\', \'0\', \'0\', \'0\', 1)')
 4 SYSTEMPATH\Database\BaseBuilder.php(2340): CodeIgniter\Database\BaseConnection->query('INSERT INTO `khm_obj_enquiry_itinerary_details` (`enquiry_header_id`, `enquiry_details_id`, `tour_date`, `tour_details_id`, `hotel_id`, `room_category_id`, `child_with_bed`, `child_without_bed`, `extra_bed`, `double_room`, `single_room`, `vehicle_details`, `hotel_details`, `special_event_name`, `json_addons`, `json_special_event`, `remarks`, `is_active`, `is_draft`, `updated_time`, `edit_version`, `tour_plan_ref_id`, `extension_ref_id`, `permit`, `transport_remarks`, `hotel_facility_ids`, `tax_status`, `tac_eighteen_double`, `tac_eighteen_single`, `tac_eighteen_total`, `adult_eighteen_double`, `child_eighteen_double`, `child_wb_eighteen_double`, `extra_eighteen_double`, `adult_eighteen_single`, `enterprise_id`) VALUES (:enquiry_header_id:, :enquiry_details_id:, :tour_date:, :tour_details_id:, :hotel_id:, :room_category_id:, :child_with_bed:, :child_without_bed:, :extra_bed:, :double_room:, :single_room:, :vehicle_details:, :hotel_details:, :special_event_name:, :json_addons:, :json_special_event:, :remarks:, :is_active:, :is_draft:, :updated_time:, :edit_version:, :tour_plan_ref_id:, :extension_ref_id:, :permit:, :transport_remarks:, :hotel_facility_ids:, :tax_status:, :tac_eighteen_double:, :tac_eighteen_single:, :tac_eighteen_total:, :adult_eighteen_double:, :child_eighteen_double:, :child_wb_eighteen_double:, :extra_eighteen_double:, :adult_eighteen_single:, :enterprise_id:)', [...], false)
 5 APPPATH\Models\Enquiry_m.php(1588): CodeIgniter\Database\BaseBuilder->insert([...])
 6 APPPATH\Controllers\Enquiry.php(7378): App\Models\Enquiry_m->insert_iti_details([...])
 7 SYSTEMPATH\CodeIgniter.php(933): App\Controllers\Enquiry->saveItinerary()
 8 SYSTEMPATH\CodeIgniter.php(509): CodeIgniter\CodeIgniter->runController(Object(App\Controllers\Enquiry))
 9 SYSTEMPATH\CodeIgniter.php(355): CodeIgniter\CodeIgniter->handleRequest(null, Object(Config\Cache), false)
10 SYSTEMPATH\Boot.php(334): CodeIgniter\CodeIgniter->run()
11 SYSTEMPATH\Boot.php(67): CodeIgniter\Boot::runCodeIgniter(Object(CodeIgniter\CodeIgniter))
12 FCPATH\index.php(56): CodeIgniter\Boot::bootWeb(Object(Config\Paths))
ERROR - 2025-11-16 11:17:50 --> mysqli_sql_exception: Operand should contain 1 column(s) in C:\wamp64\www\khm\system\Database\MySQLi\Connection.php:312
Stack trace:
#0 C:\wamp64\www\khm\system\Database\MySQLi\Connection.php(312): mysqli->query('INSERT INTO `kh...', 0)
#1 C:\wamp64\www\khm\system\Database\BaseConnection.php(734): CodeIgniter\Database\MySQLi\Connection->execute('INSERT INTO `kh...')
#2 C:\wamp64\www\khm\system\Database\BaseConnection.php(648): CodeIgniter\Database\BaseConnection->simpleQuery('INSERT INTO `kh...')
#3 C:\wamp64\www\khm\system\Database\BaseBuilder.php(2340): CodeIgniter\Database\BaseConnection->query('INSERT INTO `kh...', Array, false)
#4 C:\wamp64\www\khm\app\Models\Enquiry_m.php(1588): CodeIgniter\Database\BaseBuilder->insert(Array)
#5 C:\wamp64\www\khm\app\Controllers\Enquiry.php(7378): App\Models\Enquiry_m->insert_iti_details(Array)
#6 C:\wamp64\www\khm\system\CodeIgniter.php(933): App\Controllers\Enquiry->saveItinerary()
#7 C:\wamp64\www\khm\system\CodeIgniter.php(509): CodeIgniter\CodeIgniter->runController(Object(App\Controllers\Enquiry))
#8 C:\wamp64\www\khm\system\CodeIgniter.php(355): CodeIgniter\CodeIgniter->handleRequest(NULL, Object(Config\Cache), false)
#9 C:\wamp64\www\khm\system\Boot.php(334): CodeIgniter\CodeIgniter->run()
#10 C:\wamp64\www\khm\system\Boot.php(67): CodeIgniter\Boot::runCodeIgniter(Object(CodeIgniter\CodeIgniter))
#11 C:\wamp64\www\khm\public\index.php(56): CodeIgniter\Boot::bootWeb(Object(Config\Paths))
#12 {main}
CRITICAL - 2025-11-16 11:17:50 --> CodeIgniter\Database\Exceptions\DatabaseException: Operand should contain 1 column(s)
[Method: POST, Route: Enquiry/saveItinerary]
in SYSTEMPATH\Database\BaseConnection.php on line 688.
 1 SYSTEMPATH\Database\BaseBuilder.php(2340): CodeIgniter\Database\BaseConnection->query('INSERT INTO `khm_obj_enquiry_itinerary_details` (`enquiry_header_id`, `enquiry_details_id`, `tour_date`, `tour_details_id`, `hotel_id`, `room_category_id`, `child_with_bed`, `child_without_bed`, `extra_bed`, `double_room`, `single_room`, `vehicle_details`, `hotel_details`, `special_event_name`, `json_addons`, `json_special_event`, `remarks`, `is_active`, `is_draft`, `updated_time`, `edit_version`, `tour_plan_ref_id`, `extension_ref_id`, `permit`, `transport_remarks`, `hotel_facility_ids`, `tax_status`, `tac_eighteen_double`, `tac_eighteen_single`, `tac_eighteen_total`, `adult_eighteen_double`, `child_eighteen_double`, `child_wb_eighteen_double`, `extra_eighteen_double`, `adult_eighteen_single`, `enterprise_id`) VALUES (:enquiry_header_id:, :enquiry_details_id:, :tour_date:, :tour_details_id:, :hotel_id:, :room_category_id:, :child_with_bed:, :child_without_bed:, :extra_bed:, :double_room:, :single_room:, :vehicle_details:, :hotel_details:, :special_event_name:, :json_addons:, :json_special_event:, :remarks:, :is_active:, :is_draft:, :updated_time:, :edit_version:, :tour_plan_ref_id:, :extension_ref_id:, :permit:, :transport_remarks:, :hotel_facility_ids:, :tax_status:, :tac_eighteen_double:, :tac_eighteen_single:, :tac_eighteen_total:, :adult_eighteen_double:, :child_eighteen_double:, :child_wb_eighteen_double:, :extra_eighteen_double:, :adult_eighteen_single:, :enterprise_id:)', [...], false)
 2 APPPATH\Models\Enquiry_m.php(1588): CodeIgniter\Database\BaseBuilder->insert([...])
 3 APPPATH\Controllers\Enquiry.php(7378): App\Models\Enquiry_m->insert_iti_details([...])
 4 SYSTEMPATH\CodeIgniter.php(933): App\Controllers\Enquiry->saveItinerary()
 5 SYSTEMPATH\CodeIgniter.php(509): CodeIgniter\CodeIgniter->runController(Object(App\Controllers\Enquiry))
 6 SYSTEMPATH\CodeIgniter.php(355): CodeIgniter\CodeIgniter->handleRequest(null, Object(Config\Cache), false)
 7 SYSTEMPATH\Boot.php(334): CodeIgniter\CodeIgniter->run()
 8 SYSTEMPATH\Boot.php(67): CodeIgniter\Boot::runCodeIgniter(Object(CodeIgniter\CodeIgniter))
 9 FCPATH\index.php(56): CodeIgniter\Boot::bootWeb(Object(Config\Paths))
CRITICAL - 2025-11-16 11:17:50 --> [Caused by] CodeIgniter\Database\Exceptions\DatabaseException: Operand should contain 1 column(s)
in SYSTEMPATH\Database\MySQLi\Connection.php on line 317.
 1 SYSTEMPATH\Database\BaseConnection.php(734): CodeIgniter\Database\MySQLi\Connection->execute('INSERT INTO `khm_obj_enquiry_itinerary_details` (`enquiry_header_id`, `enquiry_details_id`, `tour_date`, `tour_details_id`, `hotel_id`, `room_category_id`, `child_with_bed`, `child_without_bed`, `extra_bed`, `double_room`, `single_room`, `vehicle_details`, `hotel_details`, `special_event_name`, `json_addons`, `json_special_event`, `remarks`, `is_active`, `is_draft`, `updated_time`, `edit_version`, `tour_plan_ref_id`, `extension_ref_id`, `permit`, `transport_remarks`, `hotel_facility_ids`, `tax_status`, `tac_eighteen_double`, `tac_eighteen_single`, `tac_eighteen_total`, `adult_eighteen_double`, `child_eighteen_double`, `child_wb_eighteen_double`, `extra_eighteen_double`, `adult_eighteen_single`, `enterprise_id`) VALUES (\'221\', \'407\', \'2026-03-07\', \'1502\', \'401\', \'1722\', \'1\', \'1\', \'1\', (\'1\',\'1\',\'1\'), (\'1\',\'1\',\'1\'), \'[\\n    {\\n        \\"vehicle_model\\": \\"Innova Crysta A\\\\/c ( Bench Seat 7+1)\\",\\n        \\"veh_type_id\\": \\"127\\",\\n        \\"tour_date\\": \\"2026-03-07\\",\\n        \\"day_rent\\": \\"3000\\",\\n        \\"max_km_day\\": \\"100\\",\\n        \\"extra_km_rate\\": \\"22\\",\\n        \\"travel_distance\\": \\"36\\",\\n        \\"extra_kilometer\\": \\"0\\",\\n        \\"veh_total\\": \\"3000.00\\",\\n        \\"veh_header\\": \\" - (Hub to Arrival - 1 KM, Arrival to Location - 35 KM)\\",\\n        \\"chk_vehicle\\": \\"1502_07-03-2026127_0\\",\\n        \\"chk_vehicle_status\\": \\"1\\",\\n        \\"total_max_km_day\\": 100,\\n        \\"total_travel_distance\\": 36,\\n        \\"total_extra_kilometer\\": 0,\\n        \\"total_extra_cost\\": 0\\n    }\\n]\', \'[]\', \'\', \'[]\', \'[]\', \'\', 1, 1, \'2025-11-16 11:17:50\', 1, \'1502\', 0, \'0\', \'\', \'\', \'0\', \'0\', \'0\', \'0\', \'0\', \'0\', \'0\', \'0\', \'0\', 1)')
 2 SYSTEMPATH\Database\BaseConnection.php(648): CodeIgniter\Database\BaseConnection->simpleQuery('INSERT INTO `khm_obj_enquiry_itinerary_details` (`enquiry_header_id`, `enquiry_details_id`, `tour_date`, `tour_details_id`, `hotel_id`, `room_category_id`, `child_with_bed`, `child_without_bed`, `extra_bed`, `double_room`, `single_room`, `vehicle_details`, `hotel_details`, `special_event_name`, `json_addons`, `json_special_event`, `remarks`, `is_active`, `is_draft`, `updated_time`, `edit_version`, `tour_plan_ref_id`, `extension_ref_id`, `permit`, `transport_remarks`, `hotel_facility_ids`, `tax_status`, `tac_eighteen_double`, `tac_eighteen_single`, `tac_eighteen_total`, `adult_eighteen_double`, `child_eighteen_double`, `child_wb_eighteen_double`, `extra_eighteen_double`, `adult_eighteen_single`, `enterprise_id`) VALUES (\'221\', \'407\', \'2026-03-07\', \'1502\', \'401\', \'1722\', \'1\', \'1\', \'1\', (\'1\',\'1\',\'1\'), (\'1\',\'1\',\'1\'), \'[\\n    {\\n        \\"vehicle_model\\": \\"Innova Crysta A\\\\/c ( Bench Seat 7+1)\\",\\n        \\"veh_type_id\\": \\"127\\",\\n        \\"tour_date\\": \\"2026-03-07\\",\\n        \\"day_rent\\": \\"3000\\",\\n        \\"max_km_day\\": \\"100\\",\\n        \\"extra_km_rate\\": \\"22\\",\\n        \\"travel_distance\\": \\"36\\",\\n        \\"extra_kilometer\\": \\"0\\",\\n        \\"veh_total\\": \\"3000.00\\",\\n        \\"veh_header\\": \\" - (Hub to Arrival - 1 KM, Arrival to Location - 35 KM)\\",\\n        \\"chk_vehicle\\": \\"1502_07-03-2026127_0\\",\\n        \\"chk_vehicle_status\\": \\"1\\",\\n        \\"total_max_km_day\\": 100,\\n        \\"total_travel_distance\\": 36,\\n        \\"total_extra_kilometer\\": 0,\\n        \\"total_extra_cost\\": 0\\n    }\\n]\', \'[]\', \'\', \'[]\', \'[]\', \'\', 1, 1, \'2025-11-16 11:17:50\', 1, \'1502\', 0, \'0\', \'\', \'\', \'0\', \'0\', \'0\', \'0\', \'0\', \'0\', \'0\', \'0\', \'0\', 1)')
 3 SYSTEMPATH\Database\BaseBuilder.php(2340): CodeIgniter\Database\BaseConnection->query('INSERT INTO `khm_obj_enquiry_itinerary_details` (`enquiry_header_id`, `enquiry_details_id`, `tour_date`, `tour_details_id`, `hotel_id`, `room_category_id`, `child_with_bed`, `child_without_bed`, `extra_bed`, `double_room`, `single_room`, `vehicle_details`, `hotel_details`, `special_event_name`, `json_addons`, `json_special_event`, `remarks`, `is_active`, `is_draft`, `updated_time`, `edit_version`, `tour_plan_ref_id`, `extension_ref_id`, `permit`, `transport_remarks`, `hotel_facility_ids`, `tax_status`, `tac_eighteen_double`, `tac_eighteen_single`, `tac_eighteen_total`, `adult_eighteen_double`, `child_eighteen_double`, `child_wb_eighteen_double`, `extra_eighteen_double`, `adult_eighteen_single`, `enterprise_id`) VALUES (:enquiry_header_id:, :enquiry_details_id:, :tour_date:, :tour_details_id:, :hotel_id:, :room_category_id:, :child_with_bed:, :child_without_bed:, :extra_bed:, :double_room:, :single_room:, :vehicle_details:, :hotel_details:, :special_event_name:, :json_addons:, :json_special_event:, :remarks:, :is_active:, :is_draft:, :updated_time:, :edit_version:, :tour_plan_ref_id:, :extension_ref_id:, :permit:, :transport_remarks:, :hotel_facility_ids:, :tax_status:, :tac_eighteen_double:, :tac_eighteen_single:, :tac_eighteen_total:, :adult_eighteen_double:, :child_eighteen_double:, :child_wb_eighteen_double:, :extra_eighteen_double:, :adult_eighteen_single:, :enterprise_id:)', [...], false)
 4 APPPATH\Models\Enquiry_m.php(1588): CodeIgniter\Database\BaseBuilder->insert([...])
 5 APPPATH\Controllers\Enquiry.php(7378): App\Models\Enquiry_m->insert_iti_details([...])
 6 SYSTEMPATH\CodeIgniter.php(933): App\Controllers\Enquiry->saveItinerary()
 7 SYSTEMPATH\CodeIgniter.php(509): CodeIgniter\CodeIgniter->runController(Object(App\Controllers\Enquiry))
 8 SYSTEMPATH\CodeIgniter.php(355): CodeIgniter\CodeIgniter->handleRequest(null, Object(Config\Cache), false)
 9 SYSTEMPATH\Boot.php(334): CodeIgniter\CodeIgniter->run()
10 SYSTEMPATH\Boot.php(67): CodeIgniter\Boot::runCodeIgniter(Object(CodeIgniter\CodeIgniter))
11 FCPATH\index.php(56): CodeIgniter\Boot::bootWeb(Object(Config\Paths))
CRITICAL - 2025-11-16 11:17:50 --> [Caused by] mysqli_sql_exception: Operand should contain 1 column(s)
in SYSTEMPATH\Database\MySQLi\Connection.php on line 312.
 1 SYSTEMPATH\Database\MySQLi\Connection.php(312): mysqli->query('INSERT INTO `khm_obj_enquiry_itinerary_details` (`enquiry_header_id`, `enquiry_details_id`, `tour_date`, `tour_details_id`, `hotel_id`, `room_category_id`, `child_with_bed`, `child_without_bed`, `extra_bed`, `double_room`, `single_room`, `vehicle_details`, `hotel_details`, `special_event_name`, `json_addons`, `json_special_event`, `remarks`, `is_active`, `is_draft`, `updated_time`, `edit_version`, `tour_plan_ref_id`, `extension_ref_id`, `permit`, `transport_remarks`, `hotel_facility_ids`, `tax_status`, `tac_eighteen_double`, `tac_eighteen_single`, `tac_eighteen_total`, `adult_eighteen_double`, `child_eighteen_double`, `child_wb_eighteen_double`, `extra_eighteen_double`, `adult_eighteen_single`, `enterprise_id`) VALUES (\'221\', \'407\', \'2026-03-07\', \'1502\', \'401\', \'1722\', \'1\', \'1\', \'1\', (\'1\',\'1\',\'1\'), (\'1\',\'1\',\'1\'), \'[\\n    {\\n        \\"vehicle_model\\": \\"Innova Crysta A\\\\/c ( Bench Seat 7+1)\\",\\n        \\"veh_type_id\\": \\"127\\",\\n        \\"tour_date\\": \\"2026-03-07\\",\\n        \\"day_rent\\": \\"3000\\",\\n        \\"max_km_day\\": \\"100\\",\\n        \\"extra_km_rate\\": \\"22\\",\\n        \\"travel_distance\\": \\"36\\",\\n        \\"extra_kilometer\\": \\"0\\",\\n        \\"veh_total\\": \\"3000.00\\",\\n        \\"veh_header\\": \\" - (Hub to Arrival - 1 KM, Arrival to Location - 35 KM)\\",\\n        \\"chk_vehicle\\": \\"1502_07-03-2026127_0\\",\\n        \\"chk_vehicle_status\\": \\"1\\",\\n        \\"total_max_km_day\\": 100,\\n        \\"total_travel_distance\\": 36,\\n        \\"total_extra_kilometer\\": 0,\\n        \\"total_extra_cost\\": 0\\n    }\\n]\', \'[]\', \'\', \'[]\', \'[]\', \'\', 1, 1, \'2025-11-16 11:17:50\', 1, \'1502\', 0, \'0\', \'\', \'\', \'0\', \'0\', \'0\', \'0\', \'0\', \'0\', \'0\', \'0\', \'0\', 1)', 0)
 2 SYSTEMPATH\Database\BaseConnection.php(734): CodeIgniter\Database\MySQLi\Connection->execute('INSERT INTO `khm_obj_enquiry_itinerary_details` (`enquiry_header_id`, `enquiry_details_id`, `tour_date`, `tour_details_id`, `hotel_id`, `room_category_id`, `child_with_bed`, `child_without_bed`, `extra_bed`, `double_room`, `single_room`, `vehicle_details`, `hotel_details`, `special_event_name`, `json_addons`, `json_special_event`, `remarks`, `is_active`, `is_draft`, `updated_time`, `edit_version`, `tour_plan_ref_id`, `extension_ref_id`, `permit`, `transport_remarks`, `hotel_facility_ids`, `tax_status`, `tac_eighteen_double`, `tac_eighteen_single`, `tac_eighteen_total`, `adult_eighteen_double`, `child_eighteen_double`, `child_wb_eighteen_double`, `extra_eighteen_double`, `adult_eighteen_single`, `enterprise_id`) VALUES (\'221\', \'407\', \'2026-03-07\', \'1502\', \'401\', \'1722\', \'1\', \'1\', \'1\', (\'1\',\'1\',\'1\'), (\'1\',\'1\',\'1\'), \'[\\n    {\\n        \\"vehicle_model\\": \\"Innova Crysta A\\\\/c ( Bench Seat 7+1)\\",\\n        \\"veh_type_id\\": \\"127\\",\\n        \\"tour_date\\": \\"2026-03-07\\",\\n        \\"day_rent\\": \\"3000\\",\\n        \\"max_km_day\\": \\"100\\",\\n        \\"extra_km_rate\\": \\"22\\",\\n        \\"travel_distance\\": \\"36\\",\\n        \\"extra_kilometer\\": \\"0\\",\\n        \\"veh_total\\": \\"3000.00\\",\\n        \\"veh_header\\": \\" - (Hub to Arrival - 1 KM, Arrival to Location - 35 KM)\\",\\n        \\"chk_vehicle\\": \\"1502_07-03-2026127_0\\",\\n        \\"chk_vehicle_status\\": \\"1\\",\\n        \\"total_max_km_day\\": 100,\\n        \\"total_travel_distance\\": 36,\\n        \\"total_extra_kilometer\\": 0,\\n        \\"total_extra_cost\\": 0\\n    }\\n]\', \'[]\', \'\', \'[]\', \'[]\', \'\', 1, 1, \'2025-11-16 11:17:50\', 1, \'1502\', 0, \'0\', \'\', \'\', \'0\', \'0\', \'0\', \'0\', \'0\', \'0\', \'0\', \'0\', \'0\', 1)')
 3 SYSTEMPATH\Database\BaseConnection.php(648): CodeIgniter\Database\BaseConnection->simpleQuery('INSERT INTO `khm_obj_enquiry_itinerary_details` (`enquiry_header_id`, `enquiry_details_id`, `tour_date`, `tour_details_id`, `hotel_id`, `room_category_id`, `child_with_bed`, `child_without_bed`, `extra_bed`, `double_room`, `single_room`, `vehicle_details`, `hotel_details`, `special_event_name`, `json_addons`, `json_special_event`, `remarks`, `is_active`, `is_draft`, `updated_time`, `edit_version`, `tour_plan_ref_id`, `extension_ref_id`, `permit`, `transport_remarks`, `hotel_facility_ids`, `tax_status`, `tac_eighteen_double`, `tac_eighteen_single`, `tac_eighteen_total`, `adult_eighteen_double`, `child_eighteen_double`, `child_wb_eighteen_double`, `extra_eighteen_double`, `adult_eighteen_single`, `enterprise_id`) VALUES (\'221\', \'407\', \'2026-03-07\', \'1502\', \'401\', \'1722\', \'1\', \'1\', \'1\', (\'1\',\'1\',\'1\'), (\'1\',\'1\',\'1\'), \'[\\n    {\\n        \\"vehicle_model\\": \\"Innova Crysta A\\\\/c ( Bench Seat 7+1)\\",\\n        \\"veh_type_id\\": \\"127\\",\\n        \\"tour_date\\": \\"2026-03-07\\",\\n        \\"day_rent\\": \\"3000\\",\\n        \\"max_km_day\\": \\"100\\",\\n        \\"extra_km_rate\\": \\"22\\",\\n        \\"travel_distance\\": \\"36\\",\\n        \\"extra_kilometer\\": \\"0\\",\\n        \\"veh_total\\": \\"3000.00\\",\\n        \\"veh_header\\": \\" - (Hub to Arrival - 1 KM, Arrival to Location - 35 KM)\\",\\n        \\"chk_vehicle\\": \\"1502_07-03-2026127_0\\",\\n        \\"chk_vehicle_status\\": \\"1\\",\\n        \\"total_max_km_day\\": 100,\\n        \\"total_travel_distance\\": 36,\\n        \\"total_extra_kilometer\\": 0,\\n        \\"total_extra_cost\\": 0\\n    }\\n]\', \'[]\', \'\', \'[]\', \'[]\', \'\', 1, 1, \'2025-11-16 11:17:50\', 1, \'1502\', 0, \'0\', \'\', \'\', \'0\', \'0\', \'0\', \'0\', \'0\', \'0\', \'0\', \'0\', \'0\', 1)')
 4 SYSTEMPATH\Database\BaseBuilder.php(2340): CodeIgniter\Database\BaseConnection->query('INSERT INTO `khm_obj_enquiry_itinerary_details` (`enquiry_header_id`, `enquiry_details_id`, `tour_date`, `tour_details_id`, `hotel_id`, `room_category_id`, `child_with_bed`, `child_without_bed`, `extra_bed`, `double_room`, `single_room`, `vehicle_details`, `hotel_details`, `special_event_name`, `json_addons`, `json_special_event`, `remarks`, `is_active`, `is_draft`, `updated_time`, `edit_version`, `tour_plan_ref_id`, `extension_ref_id`, `permit`, `transport_remarks`, `hotel_facility_ids`, `tax_status`, `tac_eighteen_double`, `tac_eighteen_single`, `tac_eighteen_total`, `adult_eighteen_double`, `child_eighteen_double`, `child_wb_eighteen_double`, `extra_eighteen_double`, `adult_eighteen_single`, `enterprise_id`) VALUES (:enquiry_header_id:, :enquiry_details_id:, :tour_date:, :tour_details_id:, :hotel_id:, :room_category_id:, :child_with_bed:, :child_without_bed:, :extra_bed:, :double_room:, :single_room:, :vehicle_details:, :hotel_details:, :special_event_name:, :json_addons:, :json_special_event:, :remarks:, :is_active:, :is_draft:, :updated_time:, :edit_version:, :tour_plan_ref_id:, :extension_ref_id:, :permit:, :transport_remarks:, :hotel_facility_ids:, :tax_status:, :tac_eighteen_double:, :tac_eighteen_single:, :tac_eighteen_total:, :adult_eighteen_double:, :child_eighteen_double:, :child_wb_eighteen_double:, :extra_eighteen_double:, :adult_eighteen_single:, :enterprise_id:)', [...], false)
 5 APPPATH\Models\Enquiry_m.php(1588): CodeIgniter\Database\BaseBuilder->insert([...])
 6 APPPATH\Controllers\Enquiry.php(7378): App\Models\Enquiry_m->insert_iti_details([...])
 7 SYSTEMPATH\CodeIgniter.php(933): App\Controllers\Enquiry->saveItinerary()
 8 SYSTEMPATH\CodeIgniter.php(509): CodeIgniter\CodeIgniter->runController(Object(App\Controllers\Enquiry))
 9 SYSTEMPATH\CodeIgniter.php(355): CodeIgniter\CodeIgniter->handleRequest(null, Object(Config\Cache), false)
10 SYSTEMPATH\Boot.php(334): CodeIgniter\CodeIgniter->run()
11 SYSTEMPATH\Boot.php(67): CodeIgniter\Boot::runCodeIgniter(Object(CodeIgniter\CodeIgniter))
12 FCPATH\index.php(56): CodeIgniter\Boot::bootWeb(Object(Config\Paths))
ERROR - 2025-11-16 11:56:18 --> mysqli_sql_exception: Operand should contain 1 column(s) in C:\wamp64\www\khm\system\Database\MySQLi\Connection.php:312
Stack trace:
#0 C:\wamp64\www\khm\system\Database\MySQLi\Connection.php(312): mysqli->query('INSERT INTO `kh...', 0)
#1 C:\wamp64\www\khm\system\Database\BaseConnection.php(734): CodeIgniter\Database\MySQLi\Connection->execute('INSERT INTO `kh...')
#2 C:\wamp64\www\khm\system\Database\BaseConnection.php(648): CodeIgniter\Database\BaseConnection->simpleQuery('INSERT INTO `kh...')
#3 C:\wamp64\www\khm\system\Database\BaseBuilder.php(2340): CodeIgniter\Database\BaseConnection->query('INSERT INTO `kh...', Array, false)
#4 C:\wamp64\www\khm\app\Models\Enquiry_m.php(1602): CodeIgniter\Database\BaseBuilder->insert(Array)
#5 C:\wamp64\www\khm\app\Controllers\Enquiry.php(7716): App\Models\Enquiry_m->insert_iti_cost_details(Array)
#6 C:\wamp64\www\khm\app\Controllers\Enquiry.php(7404): App\Controllers\Enquiry->insertCostDetailsFinal(Object(App\Models\Enquiry_m), 2317, Array)
#7 C:\wamp64\www\khm\system\CodeIgniter.php(933): App\Controllers\Enquiry->saveItinerary()
#8 C:\wamp64\www\khm\system\CodeIgniter.php(509): CodeIgniter\CodeIgniter->runController(Object(App\Controllers\Enquiry))
#9 C:\wamp64\www\khm\system\CodeIgniter.php(355): CodeIgniter\CodeIgniter->handleRequest(NULL, Object(Config\Cache), false)
#10 C:\wamp64\www\khm\system\Boot.php(334): CodeIgniter\CodeIgniter->run()
#11 C:\wamp64\www\khm\system\Boot.php(67): CodeIgniter\Boot::runCodeIgniter(Object(CodeIgniter\CodeIgniter))
#12 C:\wamp64\www\khm\public\index.php(56): CodeIgniter\Boot::bootWeb(Object(Config\Paths))
#13 {main}
CRITICAL - 2025-11-16 11:56:18 --> CodeIgniter\Database\Exceptions\DatabaseException: Operand should contain 1 column(s)
[Method: POST, Route: Enquiry/saveItinerary]
in SYSTEMPATH\Database\BaseConnection.php on line 688.
 1 SYSTEMPATH\Database\BaseBuilder.php(2340): CodeIgniter\Database\BaseConnection->query('INSERT INTO `khm_obj_itinerary_costing_details` (`itinerary_details_id`, `cost_component_id`, `room_type_id`, `tariff`, `is_active`, `is_draft`, `enterprise_id`) VALUES (:itinerary_details_id:, :cost_component_id:, :room_type_id:, :tariff:, :is_active:, :is_draft:, :enterprise_id:)', [...], false)
 2 APPPATH\Models\Enquiry_m.php(1602): CodeIgniter\Database\BaseBuilder->insert([...])
 3 APPPATH\Controllers\Enquiry.php(7716): App\Models\Enquiry_m->insert_iti_cost_details([...])
 4 APPPATH\Controllers\Enquiry.php(7404): App\Controllers\Enquiry->insertCostDetailsFinal(Object(App\Models\Enquiry_m), 2317, [...])
 5 SYSTEMPATH\CodeIgniter.php(933): App\Controllers\Enquiry->saveItinerary()
 6 SYSTEMPATH\CodeIgniter.php(509): CodeIgniter\CodeIgniter->runController(Object(App\Controllers\Enquiry))
 7 SYSTEMPATH\CodeIgniter.php(355): CodeIgniter\CodeIgniter->handleRequest(null, Object(Config\Cache), false)
 8 SYSTEMPATH\Boot.php(334): CodeIgniter\CodeIgniter->run()
 9 SYSTEMPATH\Boot.php(67): CodeIgniter\Boot::runCodeIgniter(Object(CodeIgniter\CodeIgniter))
10 FCPATH\index.php(56): CodeIgniter\Boot::bootWeb(Object(Config\Paths))
CRITICAL - 2025-11-16 11:56:18 --> [Caused by] CodeIgniter\Database\Exceptions\DatabaseException: Operand should contain 1 column(s)
in SYSTEMPATH\Database\MySQLi\Connection.php on line 317.
 1 SYSTEMPATH\Database\BaseConnection.php(734): CodeIgniter\Database\MySQLi\Connection->execute('INSERT INTO `khm_obj_itinerary_costing_details` (`itinerary_details_id`, `cost_component_id`, `room_type_id`, `tariff`, `is_active`, `is_draft`, `enterprise_id`) VALUES (2317, 6, 2, (\'4750\',\'4750\',\'4750\'), 1, 1, 1)')
 2 SYSTEMPATH\Database\BaseConnection.php(648): CodeIgniter\Database\BaseConnection->simpleQuery('INSERT INTO `khm_obj_itinerary_costing_details` (`itinerary_details_id`, `cost_component_id`, `room_type_id`, `tariff`, `is_active`, `is_draft`, `enterprise_id`) VALUES (2317, 6, 2, (\'4750\',\'4750\',\'4750\'), 1, 1, 1)')
 3 SYSTEMPATH\Database\BaseBuilder.php(2340): CodeIgniter\Database\BaseConnection->query('INSERT INTO `khm_obj_itinerary_costing_details` (`itinerary_details_id`, `cost_component_id`, `room_type_id`, `tariff`, `is_active`, `is_draft`, `enterprise_id`) VALUES (:itinerary_details_id:, :cost_component_id:, :room_type_id:, :tariff:, :is_active:, :is_draft:, :enterprise_id:)', [...], false)
 4 APPPATH\Models\Enquiry_m.php(1602): CodeIgniter\Database\BaseBuilder->insert([...])
 5 APPPATH\Controllers\Enquiry.php(7716): App\Models\Enquiry_m->insert_iti_cost_details([...])
 6 APPPATH\Controllers\Enquiry.php(7404): App\Controllers\Enquiry->insertCostDetailsFinal(Object(App\Models\Enquiry_m), 2317, [...])
 7 SYSTEMPATH\CodeIgniter.php(933): App\Controllers\Enquiry->saveItinerary()
 8 SYSTEMPATH\CodeIgniter.php(509): CodeIgniter\CodeIgniter->runController(Object(App\Controllers\Enquiry))
 9 SYSTEMPATH\CodeIgniter.php(355): CodeIgniter\CodeIgniter->handleRequest(null, Object(Config\Cache), false)
10 SYSTEMPATH\Boot.php(334): CodeIgniter\CodeIgniter->run()
11 SYSTEMPATH\Boot.php(67): CodeIgniter\Boot::runCodeIgniter(Object(CodeIgniter\CodeIgniter))
12 FCPATH\index.php(56): CodeIgniter\Boot::bootWeb(Object(Config\Paths))
CRITICAL - 2025-11-16 11:56:18 --> [Caused by] mysqli_sql_exception: Operand should contain 1 column(s)
in SYSTEMPATH\Database\MySQLi\Connection.php on line 312.
 1 SYSTEMPATH\Database\MySQLi\Connection.php(312): mysqli->query('INSERT INTO `khm_obj_itinerary_costing_details` (`itinerary_details_id`, `cost_component_id`, `room_type_id`, `tariff`, `is_active`, `is_draft`, `enterprise_id`) VALUES (2317, 6, 2, (\'4750\',\'4750\',\'4750\'), 1, 1, 1)', 0)
 2 SYSTEMPATH\Database\BaseConnection.php(734): CodeIgniter\Database\MySQLi\Connection->execute('INSERT INTO `khm_obj_itinerary_costing_details` (`itinerary_details_id`, `cost_component_id`, `room_type_id`, `tariff`, `is_active`, `is_draft`, `enterprise_id`) VALUES (2317, 6, 2, (\'4750\',\'4750\',\'4750\'), 1, 1, 1)')
 3 SYSTEMPATH\Database\BaseConnection.php(648): CodeIgniter\Database\BaseConnection->simpleQuery('INSERT INTO `khm_obj_itinerary_costing_details` (`itinerary_details_id`, `cost_component_id`, `room_type_id`, `tariff`, `is_active`, `is_draft`, `enterprise_id`) VALUES (2317, 6, 2, (\'4750\',\'4750\',\'4750\'), 1, 1, 1)')
 4 SYSTEMPATH\Database\BaseBuilder.php(2340): CodeIgniter\Database\BaseConnection->query('INSERT INTO `khm_obj_itinerary_costing_details` (`itinerary_details_id`, `cost_component_id`, `room_type_id`, `tariff`, `is_active`, `is_draft`, `enterprise_id`) VALUES (:itinerary_details_id:, :cost_component_id:, :room_type_id:, :tariff:, :is_active:, :is_draft:, :enterprise_id:)', [...], false)
 5 APPPATH\Models\Enquiry_m.php(1602): CodeIgniter\Database\BaseBuilder->insert([...])
 6 APPPATH\Controllers\Enquiry.php(7716): App\Models\Enquiry_m->insert_iti_cost_details([...])
 7 APPPATH\Controllers\Enquiry.php(7404): App\Controllers\Enquiry->insertCostDetailsFinal(Object(App\Models\Enquiry_m), 2317, [...])
 8 SYSTEMPATH\CodeIgniter.php(933): App\Controllers\Enquiry->saveItinerary()
 9 SYSTEMPATH\CodeIgniter.php(509): CodeIgniter\CodeIgniter->runController(Object(App\Controllers\Enquiry))
10 SYSTEMPATH\CodeIgniter.php(355): CodeIgniter\CodeIgniter->handleRequest(null, Object(Config\Cache), false)
11 SYSTEMPATH\Boot.php(334): CodeIgniter\CodeIgniter->run()
12 SYSTEMPATH\Boot.php(67): CodeIgniter\Boot::runCodeIgniter(Object(CodeIgniter\CodeIgniter))
13 FCPATH\index.php(56): CodeIgniter\Boot::bootWeb(Object(Config\Paths))
ERROR - 2025-11-16 11:58:36 --> mysqli_sql_exception: Operand should contain 1 column(s) in C:\wamp64\www\khm\system\Database\MySQLi\Connection.php:312
Stack trace:
#0 C:\wamp64\www\khm\system\Database\MySQLi\Connection.php(312): mysqli->query('UPDATE `khm_obj...', 0)
#1 C:\wamp64\www\khm\system\Database\BaseConnection.php(734): CodeIgniter\Database\MySQLi\Connection->execute('UPDATE `khm_obj...')
#2 C:\wamp64\www\khm\system\Database\BaseConnection.php(648): CodeIgniter\Database\BaseConnection->simpleQuery('UPDATE `khm_obj...')
#3 C:\wamp64\www\khm\system\Database\BaseBuilder.php(2516): CodeIgniter\Database\BaseConnection->query('UPDATE `khm_obj...', Array, false)
#4 C:\wamp64\www\khm\app\Models\Enquiry_m.php(1551): CodeIgniter\Database\BaseBuilder->update(Array, Array)
#5 C:\wamp64\www\khm\app\Controllers\Enquiry.php(7606): App\Models\Enquiry_m->update_iti_cost_details(Array, '2317', 6, 2)
#6 C:\wamp64\www\khm\app\Controllers\Enquiry.php(7278): App\Controllers\Enquiry->updateCostDetailsFinal(Object(App\Models\Enquiry_m), '2317', Array)
#7 C:\wamp64\www\khm\system\CodeIgniter.php(933): App\Controllers\Enquiry->saveItinerary()
#8 C:\wamp64\www\khm\system\CodeIgniter.php(509): CodeIgniter\CodeIgniter->runController(Object(App\Controllers\Enquiry))
#9 C:\wamp64\www\khm\system\CodeIgniter.php(355): CodeIgniter\CodeIgniter->handleRequest(NULL, Object(Config\Cache), false)
#10 C:\wamp64\www\khm\system\Boot.php(334): CodeIgniter\CodeIgniter->run()
#11 C:\wamp64\www\khm\system\Boot.php(67): CodeIgniter\Boot::runCodeIgniter(Object(CodeIgniter\CodeIgniter))
#12 C:\wamp64\www\khm\public\index.php(56): CodeIgniter\Boot::bootWeb(Object(Config\Paths))
#13 {main}
CRITICAL - 2025-11-16 11:58:36 --> CodeIgniter\Database\Exceptions\DatabaseException: Operand should contain 1 column(s)
[Method: POST, Route: Enquiry/saveItinerary]
in SYSTEMPATH\Database\BaseConnection.php on line 688.
 1 SYSTEMPATH\Database\BaseBuilder.php(2516): CodeIgniter\Database\BaseConnection->query('UPDATE `khm_obj_itinerary_costing_details` SET `tariff` = :tariff:, `is_draft` = :is_draft:
WHERE `itinerary_details_id` = :itinerary_details_id:
AND `cost_component_id` = :cost_component_id:
AND `room_type_id` = :room_type_id:', [...], false)
 2 APPPATH\Models\Enquiry_m.php(1551): CodeIgniter\Database\BaseBuilder->update([...], [...])
 3 APPPATH\Controllers\Enquiry.php(7606): App\Models\Enquiry_m->update_iti_cost_details([...], '2317', 6, 2)
 4 APPPATH\Controllers\Enquiry.php(7278): App\Controllers\Enquiry->updateCostDetailsFinal(Object(App\Models\Enquiry_m), '2317', [...])
 5 SYSTEMPATH\CodeIgniter.php(933): App\Controllers\Enquiry->saveItinerary()
 6 SYSTEMPATH\CodeIgniter.php(509): CodeIgniter\CodeIgniter->runController(Object(App\Controllers\Enquiry))
 7 SYSTEMPATH\CodeIgniter.php(355): CodeIgniter\CodeIgniter->handleRequest(null, Object(Config\Cache), false)
 8 SYSTEMPATH\Boot.php(334): CodeIgniter\CodeIgniter->run()
 9 SYSTEMPATH\Boot.php(67): CodeIgniter\Boot::runCodeIgniter(Object(CodeIgniter\CodeIgniter))
10 FCPATH\index.php(56): CodeIgniter\Boot::bootWeb(Object(Config\Paths))
CRITICAL - 2025-11-16 11:58:36 --> [Caused by] CodeIgniter\Database\Exceptions\DatabaseException: Operand should contain 1 column(s)
in SYSTEMPATH\Database\MySQLi\Connection.php on line 317.
 1 SYSTEMPATH\Database\BaseConnection.php(734): CodeIgniter\Database\MySQLi\Connection->execute('UPDATE `khm_obj_itinerary_costing_details` SET `tariff` = (\'4750\',\'4750\',\'4750\'), `is_draft` = 1
WHERE `itinerary_details_id` = \'2317\'
AND `cost_component_id` = 6
AND `room_type_id` = 2')
 2 SYSTEMPATH\Database\BaseConnection.php(648): CodeIgniter\Database\BaseConnection->simpleQuery('UPDATE `khm_obj_itinerary_costing_details` SET `tariff` = (\'4750\',\'4750\',\'4750\'), `is_draft` = 1
WHERE `itinerary_details_id` = \'2317\'
AND `cost_component_id` = 6
AND `room_type_id` = 2')
 3 SYSTEMPATH\Database\BaseBuilder.php(2516): CodeIgniter\Database\BaseConnection->query('UPDATE `khm_obj_itinerary_costing_details` SET `tariff` = :tariff:, `is_draft` = :is_draft:
WHERE `itinerary_details_id` = :itinerary_details_id:
AND `cost_component_id` = :cost_component_id:
AND `room_type_id` = :room_type_id:', [...], false)
 4 APPPATH\Models\Enquiry_m.php(1551): CodeIgniter\Database\BaseBuilder->update([...], [...])
 5 APPPATH\Controllers\Enquiry.php(7606): App\Models\Enquiry_m->update_iti_cost_details([...], '2317', 6, 2)
 6 APPPATH\Controllers\Enquiry.php(7278): App\Controllers\Enquiry->updateCostDetailsFinal(Object(App\Models\Enquiry_m), '2317', [...])
 7 SYSTEMPATH\CodeIgniter.php(933): App\Controllers\Enquiry->saveItinerary()
 8 SYSTEMPATH\CodeIgniter.php(509): CodeIgniter\CodeIgniter->runController(Object(App\Controllers\Enquiry))
 9 SYSTEMPATH\CodeIgniter.php(355): CodeIgniter\CodeIgniter->handleRequest(null, Object(Config\Cache), false)
10 SYSTEMPATH\Boot.php(334): CodeIgniter\CodeIgniter->run()
11 SYSTEMPATH\Boot.php(67): CodeIgniter\Boot::runCodeIgniter(Object(CodeIgniter\CodeIgniter))
12 FCPATH\index.php(56): CodeIgniter\Boot::bootWeb(Object(Config\Paths))
CRITICAL - 2025-11-16 11:58:36 --> [Caused by] mysqli_sql_exception: Operand should contain 1 column(s)
in SYSTEMPATH\Database\MySQLi\Connection.php on line 312.
 1 SYSTEMPATH\Database\MySQLi\Connection.php(312): mysqli->query('UPDATE `khm_obj_itinerary_costing_details` SET `tariff` = (\'4750\',\'4750\',\'4750\'), `is_draft` = 1
WHERE `itinerary_details_id` = \'2317\'
AND `cost_component_id` = 6
AND `room_type_id` = 2', 0)
 2 SYSTEMPATH\Database\BaseConnection.php(734): CodeIgniter\Database\MySQLi\Connection->execute('UPDATE `khm_obj_itinerary_costing_details` SET `tariff` = (\'4750\',\'4750\',\'4750\'), `is_draft` = 1
WHERE `itinerary_details_id` = \'2317\'
AND `cost_component_id` = 6
AND `room_type_id` = 2')
 3 SYSTEMPATH\Database\BaseConnection.php(648): CodeIgniter\Database\BaseConnection->simpleQuery('UPDATE `khm_obj_itinerary_costing_details` SET `tariff` = (\'4750\',\'4750\',\'4750\'), `is_draft` = 1
WHERE `itinerary_details_id` = \'2317\'
AND `cost_component_id` = 6
AND `room_type_id` = 2')
 4 SYSTEMPATH\Database\BaseBuilder.php(2516): CodeIgniter\Database\BaseConnection->query('UPDATE `khm_obj_itinerary_costing_details` SET `tariff` = :tariff:, `is_draft` = :is_draft:
WHERE `itinerary_details_id` = :itinerary_details_id:
AND `cost_component_id` = :cost_component_id:
AND `room_type_id` = :room_type_id:', [...], false)
 5 APPPATH\Models\Enquiry_m.php(1551): CodeIgniter\Database\BaseBuilder->update([...], [...])
 6 APPPATH\Controllers\Enquiry.php(7606): App\Models\Enquiry_m->update_iti_cost_details([...], '2317', 6, 2)
 7 APPPATH\Controllers\Enquiry.php(7278): App\Controllers\Enquiry->updateCostDetailsFinal(Object(App\Models\Enquiry_m), '2317', [...])
 8 SYSTEMPATH\CodeIgniter.php(933): App\Controllers\Enquiry->saveItinerary()
 9 SYSTEMPATH\CodeIgniter.php(509): CodeIgniter\CodeIgniter->runController(Object(App\Controllers\Enquiry))
10 SYSTEMPATH\CodeIgniter.php(355): CodeIgniter\CodeIgniter->handleRequest(null, Object(Config\Cache), false)
11 SYSTEMPATH\Boot.php(334): CodeIgniter\CodeIgniter->run()
12 SYSTEMPATH\Boot.php(67): CodeIgniter\Boot::runCodeIgniter(Object(CodeIgniter\CodeIgniter))
13 FCPATH\index.php(56): CodeIgniter\Boot::bootWeb(Object(Config\Paths))
CRITICAL - 2025-11-16 06:28:40 --> ErrorException: Undefined variable $ss_name_temp
[Method: GET, Route: Enquiry/itinerary/2800/0]
in APPPATH\Views\enquiry\itinerary_view.php on line 2842.
 1 APPPATH\Views\enquiry\itinerary_view.php(2842): CodeIgniter\Debug\Exceptions->errorHandler(2, 'Undefined variable $ss_name_temp', 'C:\\wamp64\\www\\khm\\app\\Views\\enquiry\\itinerary_view.php', 2842)
 2 SYSTEMPATH\View\View.php(234): include('C:\\wamp64\\www\\khm\\app\\Views\\enquiry\\itinerary_view.php')
 3 SYSTEMPATH\View\View.php(237): CodeIgniter\View\View->CodeIgniter\View\{closure}()
 4 SYSTEMPATH\Common.php(1171): CodeIgniter\View\View->render('enquiry/itinerary_view', [], true)
 5 APPPATH\Controllers\Enquiry.php(5600): view('enquiry/itinerary_view', [...])
 6 SYSTEMPATH\CodeIgniter.php(933): App\Controllers\Enquiry->itinerary('2800', '0')
 7 SYSTEMPATH\CodeIgniter.php(509): CodeIgniter\CodeIgniter->runController(Object(App\Controllers\Enquiry))
 8 SYSTEMPATH\CodeIgniter.php(355): CodeIgniter\CodeIgniter->handleRequest(null, Object(Config\Cache), false)
 9 SYSTEMPATH\Boot.php(334): CodeIgniter\CodeIgniter->run()
10 SYSTEMPATH\Boot.php(67): CodeIgniter\Boot::runCodeIgniter(Object(CodeIgniter\CodeIgniter))
11 FCPATH\index.php(56): CodeIgniter\Boot::bootWeb(Object(Config\Paths))
CRITICAL - 2025-11-16 06:28:44 --> ErrorException: Undefined variable $ss_name_temp
[Method: GET, Route: Enquiry/itinerary/2800/0]
in APPPATH\Views\enquiry\itinerary_view.php on line 2842.
 1 APPPATH\Views\enquiry\itinerary_view.php(2842): CodeIgniter\Debug\Exceptions->errorHandler(2, 'Undefined variable $ss_name_temp', 'C:\\wamp64\\www\\khm\\app\\Views\\enquiry\\itinerary_view.php', 2842)
 2 SYSTEMPATH\View\View.php(234): include('C:\\wamp64\\www\\khm\\app\\Views\\enquiry\\itinerary_view.php')
 3 SYSTEMPATH\View\View.php(237): CodeIgniter\View\View->CodeIgniter\View\{closure}()
 4 SYSTEMPATH\Common.php(1171): CodeIgniter\View\View->render('enquiry/itinerary_view', [], true)
 5 APPPATH\Controllers\Enquiry.php(5600): view('enquiry/itinerary_view', [...])
 6 SYSTEMPATH\CodeIgniter.php(933): App\Controllers\Enquiry->itinerary('2800', '0')
 7 SYSTEMPATH\CodeIgniter.php(509): CodeIgniter\CodeIgniter->runController(Object(App\Controllers\Enquiry))
 8 SYSTEMPATH\CodeIgniter.php(355): CodeIgniter\CodeIgniter->handleRequest(null, Object(Config\Cache), false)
 9 SYSTEMPATH\Boot.php(334): CodeIgniter\CodeIgniter->run()
10 SYSTEMPATH\Boot.php(67): CodeIgniter\Boot::runCodeIgniter(Object(CodeIgniter\CodeIgniter))
11 FCPATH\index.php(56): CodeIgniter\Boot::bootWeb(Object(Config\Paths))
CRITICAL - 2025-11-16 06:28:45 --> ErrorException: Undefined variable $ss_name_temp
[Method: GET, Route: Enquiry/itinerary/2800/0]
in APPPATH\Views\enquiry\itinerary_view.php on line 2842.
 1 APPPATH\Views\enquiry\itinerary_view.php(2842): CodeIgniter\Debug\Exceptions->errorHandler(2, 'Undefined variable $ss_name_temp', 'C:\\wamp64\\www\\khm\\app\\Views\\enquiry\\itinerary_view.php', 2842)
 2 SYSTEMPATH\View\View.php(234): include('C:\\wamp64\\www\\khm\\app\\Views\\enquiry\\itinerary_view.php')
 3 SYSTEMPATH\View\View.php(237): CodeIgniter\View\View->CodeIgniter\View\{closure}()
 4 SYSTEMPATH\Common.php(1171): CodeIgniter\View\View->render('enquiry/itinerary_view', [], true)
 5 APPPATH\Controllers\Enquiry.php(5600): view('enquiry/itinerary_view', [...])
 6 SYSTEMPATH\CodeIgniter.php(933): App\Controllers\Enquiry->itinerary('2800', '0')
 7 SYSTEMPATH\CodeIgniter.php(509): CodeIgniter\CodeIgniter->runController(Object(App\Controllers\Enquiry))
 8 SYSTEMPATH\CodeIgniter.php(355): CodeIgniter\CodeIgniter->handleRequest(null, Object(Config\Cache), false)
 9 SYSTEMPATH\Boot.php(334): CodeIgniter\CodeIgniter->run()
10 SYSTEMPATH\Boot.php(67): CodeIgniter\Boot::runCodeIgniter(Object(CodeIgniter\CodeIgniter))
11 FCPATH\index.php(56): CodeIgniter\Boot::bootWeb(Object(Config\Paths))
CRITICAL - 2025-11-16 06:28:52 --> ErrorException: Undefined variable $ss_name_temp
[Method: GET, Route: Enquiry/itinerary/2800/0]
in APPPATH\Views\enquiry\itinerary_view.php on line 2842.
 1 APPPATH\Views\enquiry\itinerary_view.php(2842): CodeIgniter\Debug\Exceptions->errorHandler(2, 'Undefined variable $ss_name_temp', 'C:\\wamp64\\www\\khm\\app\\Views\\enquiry\\itinerary_view.php', 2842)
 2 SYSTEMPATH\View\View.php(234): include('C:\\wamp64\\www\\khm\\app\\Views\\enquiry\\itinerary_view.php')
 3 SYSTEMPATH\View\View.php(237): CodeIgniter\View\View->CodeIgniter\View\{closure}()
 4 SYSTEMPATH\Common.php(1171): CodeIgniter\View\View->render('enquiry/itinerary_view', [], true)
 5 APPPATH\Controllers\Enquiry.php(5600): view('enquiry/itinerary_view', [...])
 6 SYSTEMPATH\CodeIgniter.php(933): App\Controllers\Enquiry->itinerary('2800', '0')
 7 SYSTEMPATH\CodeIgniter.php(509): CodeIgniter\CodeIgniter->runController(Object(App\Controllers\Enquiry))
 8 SYSTEMPATH\CodeIgniter.php(355): CodeIgniter\CodeIgniter->handleRequest(null, Object(Config\Cache), false)
 9 SYSTEMPATH\Boot.php(334): CodeIgniter\CodeIgniter->run()
10 SYSTEMPATH\Boot.php(67): CodeIgniter\Boot::runCodeIgniter(Object(CodeIgniter\CodeIgniter))
11 FCPATH\index.php(56): CodeIgniter\Boot::bootWeb(Object(Config\Paths))
CRITICAL - 2025-11-16 06:30:01 --> ErrorException: Undefined variable $ss_name_temp
[Method: GET, Route: Enquiry/itinerary/2800/0]
in APPPATH\Views\enquiry\itinerary_view.php on line 2842.
 1 APPPATH\Views\enquiry\itinerary_view.php(2842): CodeIgniter\Debug\Exceptions->errorHandler(2, 'Undefined variable $ss_name_temp', 'C:\\wamp64\\www\\khm\\app\\Views\\enquiry\\itinerary_view.php', 2842)
 2 SYSTEMPATH\View\View.php(234): include('C:\\wamp64\\www\\khm\\app\\Views\\enquiry\\itinerary_view.php')
 3 SYSTEMPATH\View\View.php(237): CodeIgniter\View\View->CodeIgniter\View\{closure}()
 4 SYSTEMPATH\Common.php(1171): CodeIgniter\View\View->render('enquiry/itinerary_view', [], true)
 5 APPPATH\Controllers\Enquiry.php(5600): view('enquiry/itinerary_view', [...])
 6 SYSTEMPATH\CodeIgniter.php(933): App\Controllers\Enquiry->itinerary('2800', '0')
 7 SYSTEMPATH\CodeIgniter.php(509): CodeIgniter\CodeIgniter->runController(Object(App\Controllers\Enquiry))
 8 SYSTEMPATH\CodeIgniter.php(355): CodeIgniter\CodeIgniter->handleRequest(null, Object(Config\Cache), false)
 9 SYSTEMPATH\Boot.php(334): CodeIgniter\CodeIgniter->run()
10 SYSTEMPATH\Boot.php(67): CodeIgniter\Boot::runCodeIgniter(Object(CodeIgniter\CodeIgniter))
11 FCPATH\index.php(56): CodeIgniter\Boot::bootWeb(Object(Config\Paths))
CRITICAL - 2025-11-16 06:30:04 --> ErrorException: Undefined variable $ss_name_temp
[Method: GET, Route: Enquiry/itinerary/2800/0]
in APPPATH\Views\enquiry\itinerary_view.php on line 2842.
 1 APPPATH\Views\enquiry\itinerary_view.php(2842): CodeIgniter\Debug\Exceptions->errorHandler(2, 'Undefined variable $ss_name_temp', 'C:\\wamp64\\www\\khm\\app\\Views\\enquiry\\itinerary_view.php', 2842)
 2 SYSTEMPATH\View\View.php(234): include('C:\\wamp64\\www\\khm\\app\\Views\\enquiry\\itinerary_view.php')
 3 SYSTEMPATH\View\View.php(237): CodeIgniter\View\View->CodeIgniter\View\{closure}()
 4 SYSTEMPATH\Common.php(1171): CodeIgniter\View\View->render('enquiry/itinerary_view', [], true)
 5 APPPATH\Controllers\Enquiry.php(5600): view('enquiry/itinerary_view', [...])
 6 SYSTEMPATH\CodeIgniter.php(933): App\Controllers\Enquiry->itinerary('2800', '0')
 7 SYSTEMPATH\CodeIgniter.php(509): CodeIgniter\CodeIgniter->runController(Object(App\Controllers\Enquiry))
 8 SYSTEMPATH\CodeIgniter.php(355): CodeIgniter\CodeIgniter->handleRequest(null, Object(Config\Cache), false)
 9 SYSTEMPATH\Boot.php(334): CodeIgniter\CodeIgniter->run()
10 SYSTEMPATH\Boot.php(67): CodeIgniter\Boot::runCodeIgniter(Object(CodeIgniter\CodeIgniter))
11 FCPATH\index.php(56): CodeIgniter\Boot::bootWeb(Object(Config\Paths))
CRITICAL - 2025-11-16 06:30:16 --> ErrorException: Undefined variable $ss_name_temp
[Method: GET, Route: Enquiry/itinerary/2800/0]
in APPPATH\Views\enquiry\itinerary_view.php on line 2842.
 1 APPPATH\Views\enquiry\itinerary_view.php(2842): CodeIgniter\Debug\Exceptions->errorHandler(2, 'Undefined variable $ss_name_temp', 'C:\\wamp64\\www\\khm\\app\\Views\\enquiry\\itinerary_view.php', 2842)
 2 SYSTEMPATH\View\View.php(234): include('C:\\wamp64\\www\\khm\\app\\Views\\enquiry\\itinerary_view.php')
 3 SYSTEMPATH\View\View.php(237): CodeIgniter\View\View->CodeIgniter\View\{closure}()
 4 SYSTEMPATH\Common.php(1171): CodeIgniter\View\View->render('enquiry/itinerary_view', [], true)
 5 APPPATH\Controllers\Enquiry.php(5600): view('enquiry/itinerary_view', [...])
 6 SYSTEMPATH\CodeIgniter.php(933): App\Controllers\Enquiry->itinerary('2800', '0')
 7 SYSTEMPATH\CodeIgniter.php(509): CodeIgniter\CodeIgniter->runController(Object(App\Controllers\Enquiry))
 8 SYSTEMPATH\CodeIgniter.php(355): CodeIgniter\CodeIgniter->handleRequest(null, Object(Config\Cache), false)
 9 SYSTEMPATH\Boot.php(334): CodeIgniter\CodeIgniter->run()
10 SYSTEMPATH\Boot.php(67): CodeIgniter\Boot::runCodeIgniter(Object(CodeIgniter\CodeIgniter))
11 FCPATH\index.php(56): CodeIgniter\Boot::bootWeb(Object(Config\Paths))
CRITICAL - 2025-11-16 06:30:17 --> ErrorException: Undefined variable $ss_name_temp
[Method: GET, Route: Enquiry/itinerary/2800/0]
in APPPATH\Views\enquiry\itinerary_view.php on line 2842.
 1 APPPATH\Views\enquiry\itinerary_view.php(2842): CodeIgniter\Debug\Exceptions->errorHandler(2, 'Undefined variable $ss_name_temp', 'C:\\wamp64\\www\\khm\\app\\Views\\enquiry\\itinerary_view.php', 2842)
 2 SYSTEMPATH\View\View.php(234): include('C:\\wamp64\\www\\khm\\app\\Views\\enquiry\\itinerary_view.php')
 3 SYSTEMPATH\View\View.php(237): CodeIgniter\View\View->CodeIgniter\View\{closure}()
 4 SYSTEMPATH\Common.php(1171): CodeIgniter\View\View->render('enquiry/itinerary_view', [], true)
 5 APPPATH\Controllers\Enquiry.php(5600): view('enquiry/itinerary_view', [...])
 6 SYSTEMPATH\CodeIgniter.php(933): App\Controllers\Enquiry->itinerary('2800', '0')
 7 SYSTEMPATH\CodeIgniter.php(509): CodeIgniter\CodeIgniter->runController(Object(App\Controllers\Enquiry))
 8 SYSTEMPATH\CodeIgniter.php(355): CodeIgniter\CodeIgniter->handleRequest(null, Object(Config\Cache), false)
 9 SYSTEMPATH\Boot.php(334): CodeIgniter\CodeIgniter->run()
10 SYSTEMPATH\Boot.php(67): CodeIgniter\Boot::runCodeIgniter(Object(CodeIgniter\CodeIgniter))
11 FCPATH\index.php(56): CodeIgniter\Boot::bootWeb(Object(Config\Paths))
CRITICAL - 2025-11-16 06:30:55 --> ErrorException: Undefined variable $ss_name_temp
[Method: GET, Route: Enquiry/itinerary/2800/0]
in APPPATH\Views\enquiry\itinerary_view.php on line 2842.
 1 APPPATH\Views\enquiry\itinerary_view.php(2842): CodeIgniter\Debug\Exceptions->errorHandler(2, 'Undefined variable $ss_name_temp', 'C:\\wamp64\\www\\khm\\app\\Views\\enquiry\\itinerary_view.php', 2842)
 2 SYSTEMPATH\View\View.php(234): include('C:\\wamp64\\www\\khm\\app\\Views\\enquiry\\itinerary_view.php')
 3 SYSTEMPATH\View\View.php(237): CodeIgniter\View\View->CodeIgniter\View\{closure}()
 4 SYSTEMPATH\Common.php(1171): CodeIgniter\View\View->render('enquiry/itinerary_view', [], true)
 5 APPPATH\Controllers\Enquiry.php(5600): view('enquiry/itinerary_view', [...])
 6 SYSTEMPATH\CodeIgniter.php(933): App\Controllers\Enquiry->itinerary('2800', '0')
 7 SYSTEMPATH\CodeIgniter.php(509): CodeIgniter\CodeIgniter->runController(Object(App\Controllers\Enquiry))
 8 SYSTEMPATH\CodeIgniter.php(355): CodeIgniter\CodeIgniter->handleRequest(null, Object(Config\Cache), false)
 9 SYSTEMPATH\Boot.php(334): CodeIgniter\CodeIgniter->run()
10 SYSTEMPATH\Boot.php(67): CodeIgniter\Boot::runCodeIgniter(Object(CodeIgniter\CodeIgniter))
11 FCPATH\index.php(56): CodeIgniter\Boot::bootWeb(Object(Config\Paths))
CRITICAL - 2025-11-16 06:31:01 --> ErrorException: Undefined variable $ss_name_temp
[Method: GET, Route: Enquiry/itinerary/2800/0]
in APPPATH\Views\enquiry\itinerary_view.php on line 2842.
 1 APPPATH\Views\enquiry\itinerary_view.php(2842): CodeIgniter\Debug\Exceptions->errorHandler(2, 'Undefined variable $ss_name_temp', 'C:\\wamp64\\www\\khm\\app\\Views\\enquiry\\itinerary_view.php', 2842)
 2 SYSTEMPATH\View\View.php(234): include('C:\\wamp64\\www\\khm\\app\\Views\\enquiry\\itinerary_view.php')
 3 SYSTEMPATH\View\View.php(237): CodeIgniter\View\View->CodeIgniter\View\{closure}()
 4 SYSTEMPATH\Common.php(1171): CodeIgniter\View\View->render('enquiry/itinerary_view', [], true)
 5 APPPATH\Controllers\Enquiry.php(5600): view('enquiry/itinerary_view', [...])
 6 SYSTEMPATH\CodeIgniter.php(933): App\Controllers\Enquiry->itinerary('2800', '0')
 7 SYSTEMPATH\CodeIgniter.php(509): CodeIgniter\CodeIgniter->runController(Object(App\Controllers\Enquiry))
 8 SYSTEMPATH\CodeIgniter.php(355): CodeIgniter\CodeIgniter->handleRequest(null, Object(Config\Cache), false)
 9 SYSTEMPATH\Boot.php(334): CodeIgniter\CodeIgniter->run()
10 SYSTEMPATH\Boot.php(67): CodeIgniter\Boot::runCodeIgniter(Object(CodeIgniter\CodeIgniter))
11 FCPATH\index.php(56): CodeIgniter\Boot::bootWeb(Object(Config\Paths))
CRITICAL - 2025-11-16 06:31:10 --> ErrorException: Undefined variable $ss_name_temp
[Method: GET, Route: Enquiry/itinerary/2800/0]
in APPPATH\Views\enquiry\itinerary_view.php on line 2842.
 1 APPPATH\Views\enquiry\itinerary_view.php(2842): CodeIgniter\Debug\Exceptions->errorHandler(2, 'Undefined variable $ss_name_temp', 'C:\\wamp64\\www\\khm\\app\\Views\\enquiry\\itinerary_view.php', 2842)
 2 SYSTEMPATH\View\View.php(234): include('C:\\wamp64\\www\\khm\\app\\Views\\enquiry\\itinerary_view.php')
 3 SYSTEMPATH\View\View.php(237): CodeIgniter\View\View->CodeIgniter\View\{closure}()
 4 SYSTEMPATH\Common.php(1171): CodeIgniter\View\View->render('enquiry/itinerary_view', [], true)
 5 APPPATH\Controllers\Enquiry.php(5600): view('enquiry/itinerary_view', [...])
 6 SYSTEMPATH\CodeIgniter.php(933): App\Controllers\Enquiry->itinerary('2800', '0')
 7 SYSTEMPATH\CodeIgniter.php(509): CodeIgniter\CodeIgniter->runController(Object(App\Controllers\Enquiry))
 8 SYSTEMPATH\CodeIgniter.php(355): CodeIgniter\CodeIgniter->handleRequest(null, Object(Config\Cache), false)
 9 SYSTEMPATH\Boot.php(334): CodeIgniter\CodeIgniter->run()
10 SYSTEMPATH\Boot.php(67): CodeIgniter\Boot::runCodeIgniter(Object(CodeIgniter\CodeIgniter))
11 FCPATH\index.php(56): CodeIgniter\Boot::bootWeb(Object(Config\Paths))
CRITICAL - 2025-11-16 06:31:20 --> ErrorException: Undefined array key 0
[Method: POST, Route: Enquiry/ajax_get_itineraries]
in APPPATH\Controllers\Enquiry.php on line 7959.
 1 APPPATH\Controllers\Enquiry.php(7959): CodeIgniter\Debug\Exceptions->errorHandler(2, 'Undefined array key 0', 'C:\\wamp64\\www\\khm\\app\\Controllers\\Enquiry.php', 7959)
 2 SYSTEMPATH\CodeIgniter.php(933): App\Controllers\Enquiry->ajax_get_itineraries()
 3 SYSTEMPATH\CodeIgniter.php(509): CodeIgniter\CodeIgniter->runController(Object(App\Controllers\Enquiry))
 4 SYSTEMPATH\CodeIgniter.php(355): CodeIgniter\CodeIgniter->handleRequest(null, Object(Config\Cache), false)
 5 SYSTEMPATH\Boot.php(334): CodeIgniter\CodeIgniter->run()
 6 SYSTEMPATH\Boot.php(67): CodeIgniter\Boot::runCodeIgniter(Object(CodeIgniter\CodeIgniter))
 7 FCPATH\index.php(56): CodeIgniter\Boot::bootWeb(Object(Config\Paths))
ERROR - 2025-11-16 12:02:09 --> mysqli_sql_exception: Operand should contain 1 column(s) in C:\wamp64\www\khm\system\Database\MySQLi\Connection.php:312
Stack trace:
#0 C:\wamp64\www\khm\system\Database\MySQLi\Connection.php(312): mysqli->query('INSERT INTO `kh...', 0)
#1 C:\wamp64\www\khm\system\Database\BaseConnection.php(734): CodeIgniter\Database\MySQLi\Connection->execute('INSERT INTO `kh...')
#2 C:\wamp64\www\khm\system\Database\BaseConnection.php(648): CodeIgniter\Database\BaseConnection->simpleQuery('INSERT INTO `kh...')
#3 C:\wamp64\www\khm\system\Database\BaseBuilder.php(2340): CodeIgniter\Database\BaseConnection->query('INSERT INTO `kh...', Array, false)
#4 C:\wamp64\www\khm\app\Models\Enquiry_m.php(1602): CodeIgniter\Database\BaseBuilder->insert(Array)
#5 C:\wamp64\www\khm\app\Controllers\Enquiry.php(7715): App\Models\Enquiry_m->insert_iti_cost_details(Array)
#6 C:\wamp64\www\khm\app\Controllers\Enquiry.php(7403): App\Controllers\Enquiry->insertCostDetailsFinal(Object(App\Models\Enquiry_m), 2318, Array)
#7 C:\wamp64\www\khm\system\CodeIgniter.php(933): App\Controllers\Enquiry->saveItinerary()
#8 C:\wamp64\www\khm\system\CodeIgniter.php(509): CodeIgniter\CodeIgniter->runController(Object(App\Controllers\Enquiry))
#9 C:\wamp64\www\khm\system\CodeIgniter.php(355): CodeIgniter\CodeIgniter->handleRequest(NULL, Object(Config\Cache), false)
#10 C:\wamp64\www\khm\system\Boot.php(334): CodeIgniter\CodeIgniter->run()
#11 C:\wamp64\www\khm\system\Boot.php(67): CodeIgniter\Boot::runCodeIgniter(Object(CodeIgniter\CodeIgniter))
#12 C:\wamp64\www\khm\public\index.php(56): CodeIgniter\Boot::bootWeb(Object(Config\Paths))
#13 {main}
CRITICAL - 2025-11-16 12:02:09 --> CodeIgniter\Database\Exceptions\DatabaseException: Operand should contain 1 column(s)
[Method: POST, Route: Enquiry/saveItinerary]
in SYSTEMPATH\Database\BaseConnection.php on line 688.
 1 SYSTEMPATH\Database\BaseBuilder.php(2340): CodeIgniter\Database\BaseConnection->query('INSERT INTO `khm_obj_itinerary_costing_details` (`itinerary_details_id`, `cost_component_id`, `room_type_id`, `tariff`, `is_active`, `is_draft`, `enterprise_id`) VALUES (:itinerary_details_id:, :cost_component_id:, :room_type_id:, :tariff:, :is_active:, :is_draft:, :enterprise_id:)', [...], false)
 2 APPPATH\Models\Enquiry_m.php(1602): CodeIgniter\Database\BaseBuilder->insert([...])
 3 APPPATH\Controllers\Enquiry.php(7715): App\Models\Enquiry_m->insert_iti_cost_details([...])
 4 APPPATH\Controllers\Enquiry.php(7403): App\Controllers\Enquiry->insertCostDetailsFinal(Object(App\Models\Enquiry_m), 2318, [...])
 5 SYSTEMPATH\CodeIgniter.php(933): App\Controllers\Enquiry->saveItinerary()
 6 SYSTEMPATH\CodeIgniter.php(509): CodeIgniter\CodeIgniter->runController(Object(App\Controllers\Enquiry))
 7 SYSTEMPATH\CodeIgniter.php(355): CodeIgniter\CodeIgniter->handleRequest(null, Object(Config\Cache), false)
 8 SYSTEMPATH\Boot.php(334): CodeIgniter\CodeIgniter->run()
 9 SYSTEMPATH\Boot.php(67): CodeIgniter\Boot::runCodeIgniter(Object(CodeIgniter\CodeIgniter))
10 FCPATH\index.php(56): CodeIgniter\Boot::bootWeb(Object(Config\Paths))
CRITICAL - 2025-11-16 12:02:09 --> [Caused by] CodeIgniter\Database\Exceptions\DatabaseException: Operand should contain 1 column(s)
in SYSTEMPATH\Database\MySQLi\Connection.php on line 317.
 1 SYSTEMPATH\Database\BaseConnection.php(734): CodeIgniter\Database\MySQLi\Connection->execute('INSERT INTO `khm_obj_itinerary_costing_details` (`itinerary_details_id`, `cost_component_id`, `room_type_id`, `tariff`, `is_active`, `is_draft`, `enterprise_id`) VALUES (2318, 6, 2, (\'4750\',\'4750\',\'4750\'), 1, 1, 1)')
 2 SYSTEMPATH\Database\BaseConnection.php(648): CodeIgniter\Database\BaseConnection->simpleQuery('INSERT INTO `khm_obj_itinerary_costing_details` (`itinerary_details_id`, `cost_component_id`, `room_type_id`, `tariff`, `is_active`, `is_draft`, `enterprise_id`) VALUES (2318, 6, 2, (\'4750\',\'4750\',\'4750\'), 1, 1, 1)')
 3 SYSTEMPATH\Database\BaseBuilder.php(2340): CodeIgniter\Database\BaseConnection->query('INSERT INTO `khm_obj_itinerary_costing_details` (`itinerary_details_id`, `cost_component_id`, `room_type_id`, `tariff`, `is_active`, `is_draft`, `enterprise_id`) VALUES (:itinerary_details_id:, :cost_component_id:, :room_type_id:, :tariff:, :is_active:, :is_draft:, :enterprise_id:)', [...], false)
 4 APPPATH\Models\Enquiry_m.php(1602): CodeIgniter\Database\BaseBuilder->insert([...])
 5 APPPATH\Controllers\Enquiry.php(7715): App\Models\Enquiry_m->insert_iti_cost_details([...])
 6 APPPATH\Controllers\Enquiry.php(7403): App\Controllers\Enquiry->insertCostDetailsFinal(Object(App\Models\Enquiry_m), 2318, [...])
 7 SYSTEMPATH\CodeIgniter.php(933): App\Controllers\Enquiry->saveItinerary()
 8 SYSTEMPATH\CodeIgniter.php(509): CodeIgniter\CodeIgniter->runController(Object(App\Controllers\Enquiry))
 9 SYSTEMPATH\CodeIgniter.php(355): CodeIgniter\CodeIgniter->handleRequest(null, Object(Config\Cache), false)
10 SYSTEMPATH\Boot.php(334): CodeIgniter\CodeIgniter->run()
11 SYSTEMPATH\Boot.php(67): CodeIgniter\Boot::runCodeIgniter(Object(CodeIgniter\CodeIgniter))
12 FCPATH\index.php(56): CodeIgniter\Boot::bootWeb(Object(Config\Paths))
CRITICAL - 2025-11-16 12:02:09 --> [Caused by] mysqli_sql_exception: Operand should contain 1 column(s)
in SYSTEMPATH\Database\MySQLi\Connection.php on line 312.
 1 SYSTEMPATH\Database\MySQLi\Connection.php(312): mysqli->query('INSERT INTO `khm_obj_itinerary_costing_details` (`itinerary_details_id`, `cost_component_id`, `room_type_id`, `tariff`, `is_active`, `is_draft`, `enterprise_id`) VALUES (2318, 6, 2, (\'4750\',\'4750\',\'4750\'), 1, 1, 1)', 0)
 2 SYSTEMPATH\Database\BaseConnection.php(734): CodeIgniter\Database\MySQLi\Connection->execute('INSERT INTO `khm_obj_itinerary_costing_details` (`itinerary_details_id`, `cost_component_id`, `room_type_id`, `tariff`, `is_active`, `is_draft`, `enterprise_id`) VALUES (2318, 6, 2, (\'4750\',\'4750\',\'4750\'), 1, 1, 1)')
 3 SYSTEMPATH\Database\BaseConnection.php(648): CodeIgniter\Database\BaseConnection->simpleQuery('INSERT INTO `khm_obj_itinerary_costing_details` (`itinerary_details_id`, `cost_component_id`, `room_type_id`, `tariff`, `is_active`, `is_draft`, `enterprise_id`) VALUES (2318, 6, 2, (\'4750\',\'4750\',\'4750\'), 1, 1, 1)')
 4 SYSTEMPATH\Database\BaseBuilder.php(2340): CodeIgniter\Database\BaseConnection->query('INSERT INTO `khm_obj_itinerary_costing_details` (`itinerary_details_id`, `cost_component_id`, `room_type_id`, `tariff`, `is_active`, `is_draft`, `enterprise_id`) VALUES (:itinerary_details_id:, :cost_component_id:, :room_type_id:, :tariff:, :is_active:, :is_draft:, :enterprise_id:)', [...], false)
 5 APPPATH\Models\Enquiry_m.php(1602): CodeIgniter\Database\BaseBuilder->insert([...])
 6 APPPATH\Controllers\Enquiry.php(7715): App\Models\Enquiry_m->insert_iti_cost_details([...])
 7 APPPATH\Controllers\Enquiry.php(7403): App\Controllers\Enquiry->insertCostDetailsFinal(Object(App\Models\Enquiry_m), 2318, [...])
 8 SYSTEMPATH\CodeIgniter.php(933): App\Controllers\Enquiry->saveItinerary()
 9 SYSTEMPATH\CodeIgniter.php(509): CodeIgniter\CodeIgniter->runController(Object(App\Controllers\Enquiry))
10 SYSTEMPATH\CodeIgniter.php(355): CodeIgniter\CodeIgniter->handleRequest(null, Object(Config\Cache), false)
11 SYSTEMPATH\Boot.php(334): CodeIgniter\CodeIgniter->run()
12 SYSTEMPATH\Boot.php(67): CodeIgniter\Boot::runCodeIgniter(Object(CodeIgniter\CodeIgniter))
13 FCPATH\index.php(56): CodeIgniter\Boot::bootWeb(Object(Config\Paths))
CRITICAL - 2025-11-16 06:32:18 --> ErrorException: Undefined variable $ss_name_temp
[Method: GET, Route: Enquiry/itinerary/2800/0]
in APPPATH\Views\enquiry\itinerary_view.php on line 2842.
 1 APPPATH\Views\enquiry\itinerary_view.php(2842): CodeIgniter\Debug\Exceptions->errorHandler(2, 'Undefined variable $ss_name_temp', 'C:\\wamp64\\www\\khm\\app\\Views\\enquiry\\itinerary_view.php', 2842)
 2 SYSTEMPATH\View\View.php(234): include('C:\\wamp64\\www\\khm\\app\\Views\\enquiry\\itinerary_view.php')
 3 SYSTEMPATH\View\View.php(237): CodeIgniter\View\View->CodeIgniter\View\{closure}()
 4 SYSTEMPATH\Common.php(1171): CodeIgniter\View\View->render('enquiry/itinerary_view', [], true)
 5 APPPATH\Controllers\Enquiry.php(5600): view('enquiry/itinerary_view', [...])
 6 SYSTEMPATH\CodeIgniter.php(933): App\Controllers\Enquiry->itinerary('2800', '0')
 7 SYSTEMPATH\CodeIgniter.php(509): CodeIgniter\CodeIgniter->runController(Object(App\Controllers\Enquiry))
 8 SYSTEMPATH\CodeIgniter.php(355): CodeIgniter\CodeIgniter->handleRequest(null, Object(Config\Cache), false)
 9 SYSTEMPATH\Boot.php(334): CodeIgniter\CodeIgniter->run()
10 SYSTEMPATH\Boot.php(67): CodeIgniter\Boot::runCodeIgniter(Object(CodeIgniter\CodeIgniter))
11 FCPATH\index.php(56): CodeIgniter\Boot::bootWeb(Object(Config\Paths))
CRITICAL - 2025-11-16 06:32:21 --> ErrorException: Undefined variable $ss_name_temp
[Method: GET, Route: Enquiry/itinerary/2800/0]
in APPPATH\Views\enquiry\itinerary_view.php on line 2842.
 1 APPPATH\Views\enquiry\itinerary_view.php(2842): CodeIgniter\Debug\Exceptions->errorHandler(2, 'Undefined variable $ss_name_temp', 'C:\\wamp64\\www\\khm\\app\\Views\\enquiry\\itinerary_view.php', 2842)
 2 SYSTEMPATH\View\View.php(234): include('C:\\wamp64\\www\\khm\\app\\Views\\enquiry\\itinerary_view.php')
 3 SYSTEMPATH\View\View.php(237): CodeIgniter\View\View->CodeIgniter\View\{closure}()
 4 SYSTEMPATH\Common.php(1171): CodeIgniter\View\View->render('enquiry/itinerary_view', [], true)
 5 APPPATH\Controllers\Enquiry.php(5600): view('enquiry/itinerary_view', [...])
 6 SYSTEMPATH\CodeIgniter.php(933): App\Controllers\Enquiry->itinerary('2800', '0')
 7 SYSTEMPATH\CodeIgniter.php(509): CodeIgniter\CodeIgniter->runController(Object(App\Controllers\Enquiry))
 8 SYSTEMPATH\CodeIgniter.php(355): CodeIgniter\CodeIgniter->handleRequest(null, Object(Config\Cache), false)
 9 SYSTEMPATH\Boot.php(334): CodeIgniter\CodeIgniter->run()
10 SYSTEMPATH\Boot.php(67): CodeIgniter\Boot::runCodeIgniter(Object(CodeIgniter\CodeIgniter))
11 FCPATH\index.php(56): CodeIgniter\Boot::bootWeb(Object(Config\Paths))
ERROR - 2025-11-16 08:44:54 --> mysqli_sql_exception: Table 'khm_touracle_db.khm_obj_room_category' doesn't exist in C:\wamp64\www\khm\system\Database\MySQLi\Connection.php:312
Stack trace:
#0 C:\wamp64\www\khm\system\Database\MySQLi\Connection.php(312): mysqli->query('SELECT `itie`.*...', 0)
#1 C:\wamp64\www\khm\system\Database\BaseConnection.php(734): CodeIgniter\Database\MySQLi\Connection->execute('SELECT `itie`.*...')
#2 C:\wamp64\www\khm\system\Database\BaseConnection.php(648): CodeIgniter\Database\BaseConnection->simpleQuery('SELECT `itie`.*...')
#3 C:\wamp64\www\khm\system\Database\BaseBuilder.php(1644): CodeIgniter\Database\BaseConnection->query('SELECT `itie`.*...', Array, false)
#4 C:\wamp64\www\khm\app\Models\Enquiry_m.php(1337): CodeIgniter\Database\BaseBuilder->get()
#5 C:\wamp64\www\khm\app\Controllers\Enquiry.php(5249): App\Models\Enquiry_m->get_itinerary_expansion_grouped('1504')
#6 C:\wamp64\www\khm\system\CodeIgniter.php(933): App\Controllers\Enquiry->itinerary('2800', '1')
#7 C:\wamp64\www\khm\system\CodeIgniter.php(509): CodeIgniter\CodeIgniter->runController(Object(App\Controllers\Enquiry))
#8 C:\wamp64\www\khm\system\CodeIgniter.php(355): CodeIgniter\CodeIgniter->handleRequest(NULL, Object(Config\Cache), false)
#9 C:\wamp64\www\khm\system\Boot.php(334): CodeIgniter\CodeIgniter->run()
#10 C:\wamp64\www\khm\system\Boot.php(67): CodeIgniter\Boot::runCodeIgniter(Object(CodeIgniter\CodeIgniter))
#11 C:\wamp64\www\khm\public\index.php(56): CodeIgniter\Boot::bootWeb(Object(Config\Paths))
#12 {main}
CRITICAL - 2025-11-16 08:44:54 --> CodeIgniter\Database\Exceptions\DatabaseException: Table 'khm_touracle_db.khm_obj_room_category' doesn't exist
[Method: GET, Route: Enquiry/itinerary/2800/1]
in SYSTEMPATH\Database\BaseConnection.php on line 688.
 1 SYSTEMPATH\Database\BaseBuilder.php(1644): CodeIgniter\Database\BaseConnection->query('SELECT `itie`.*, `rc`.`room_category_name`, `mp`.`meal_plan_name`
FROM `khm_obj_enquiry_tour_itinerary_expansion` as `itie`
LEFT JOIN `khm_obj_room_category` as `rc` ON `rc`.`room_category_id` = `itie`.`room_category_id`
LEFT JOIN `khm_obj_meal_plan` as `mp` ON `mp`.`meal_plan_id` = `itie`.`meal_plan_id`
WHERE `itie`.`tour_details_id` = :itie.tour_details_id:
ORDER BY `itie`.`tour_expansion_date` ASC', [...], false)
 2 APPPATH\Models\Enquiry_m.php(1337): CodeIgniter\Database\BaseBuilder->get()
 3 APPPATH\Controllers\Enquiry.php(5249): App\Models\Enquiry_m->get_itinerary_expansion_grouped('1504')
 4 SYSTEMPATH\CodeIgniter.php(933): App\Controllers\Enquiry->itinerary('2800', '1')
 5 SYSTEMPATH\CodeIgniter.php(509): CodeIgniter\CodeIgniter->runController(Object(App\Controllers\Enquiry))
 6 SYSTEMPATH\CodeIgniter.php(355): CodeIgniter\CodeIgniter->handleRequest(null, Object(Config\Cache), false)
 7 SYSTEMPATH\Boot.php(334): CodeIgniter\CodeIgniter->run()
 8 SYSTEMPATH\Boot.php(67): CodeIgniter\Boot::runCodeIgniter(Object(CodeIgniter\CodeIgniter))
 9 FCPATH\index.php(56): CodeIgniter\Boot::bootWeb(Object(Config\Paths))
CRITICAL - 2025-11-16 08:44:54 --> [Caused by] CodeIgniter\Database\Exceptions\DatabaseException: Table 'khm_touracle_db.khm_obj_room_category' doesn't exist
in SYSTEMPATH\Database\MySQLi\Connection.php on line 317.
 1 SYSTEMPATH\Database\BaseConnection.php(734): CodeIgniter\Database\MySQLi\Connection->execute('SELECT `itie`.*, `rc`.`room_category_name`, `mp`.`meal_plan_name`
FROM `khm_obj_enquiry_tour_itinerary_expansion` as `itie`
LEFT JOIN `khm_obj_room_category` as `rc` ON `rc`.`room_category_id` = `itie`.`room_category_id`
LEFT JOIN `khm_obj_meal_plan` as `mp` ON `mp`.`meal_plan_id` = `itie`.`meal_plan_id`
WHERE `itie`.`tour_details_id` = \'1504\'
ORDER BY `itie`.`tour_expansion_date` ASC')
 2 SYSTEMPATH\Database\BaseConnection.php(648): CodeIgniter\Database\BaseConnection->simpleQuery('SELECT `itie`.*, `rc`.`room_category_name`, `mp`.`meal_plan_name`
FROM `khm_obj_enquiry_tour_itinerary_expansion` as `itie`
LEFT JOIN `khm_obj_room_category` as `rc` ON `rc`.`room_category_id` = `itie`.`room_category_id`
LEFT JOIN `khm_obj_meal_plan` as `mp` ON `mp`.`meal_plan_id` = `itie`.`meal_plan_id`
WHERE `itie`.`tour_details_id` = \'1504\'
ORDER BY `itie`.`tour_expansion_date` ASC')
 3 SYSTEMPATH\Database\BaseBuilder.php(1644): CodeIgniter\Database\BaseConnection->query('SELECT `itie`.*, `rc`.`room_category_name`, `mp`.`meal_plan_name`
FROM `khm_obj_enquiry_tour_itinerary_expansion` as `itie`
LEFT JOIN `khm_obj_room_category` as `rc` ON `rc`.`room_category_id` = `itie`.`room_category_id`
LEFT JOIN `khm_obj_meal_plan` as `mp` ON `mp`.`meal_plan_id` = `itie`.`meal_plan_id`
WHERE `itie`.`tour_details_id` = :itie.tour_details_id:
ORDER BY `itie`.`tour_expansion_date` ASC', [...], false)
 4 APPPATH\Models\Enquiry_m.php(1337): CodeIgniter\Database\BaseBuilder->get()
 5 APPPATH\Controllers\Enquiry.php(5249): App\Models\Enquiry_m->get_itinerary_expansion_grouped('1504')
 6 SYSTEMPATH\CodeIgniter.php(933): App\Controllers\Enquiry->itinerary('2800', '1')
 7 SYSTEMPATH\CodeIgniter.php(509): CodeIgniter\CodeIgniter->runController(Object(App\Controllers\Enquiry))
 8 SYSTEMPATH\CodeIgniter.php(355): CodeIgniter\CodeIgniter->handleRequest(null, Object(Config\Cache), false)
 9 SYSTEMPATH\Boot.php(334): CodeIgniter\CodeIgniter->run()
10 SYSTEMPATH\Boot.php(67): CodeIgniter\Boot::runCodeIgniter(Object(CodeIgniter\CodeIgniter))
11 FCPATH\index.php(56): CodeIgniter\Boot::bootWeb(Object(Config\Paths))
CRITICAL - 2025-11-16 08:44:54 --> [Caused by] mysqli_sql_exception: Table 'khm_touracle_db.khm_obj_room_category' doesn't exist
in SYSTEMPATH\Database\MySQLi\Connection.php on line 312.
 1 SYSTEMPATH\Database\MySQLi\Connection.php(312): mysqli->query('SELECT `itie`.*, `rc`.`room_category_name`, `mp`.`meal_plan_name`
FROM `khm_obj_enquiry_tour_itinerary_expansion` as `itie`
LEFT JOIN `khm_obj_room_category` as `rc` ON `rc`.`room_category_id` = `itie`.`room_category_id`
LEFT JOIN `khm_obj_meal_plan` as `mp` ON `mp`.`meal_plan_id` = `itie`.`meal_plan_id`
WHERE `itie`.`tour_details_id` = \'1504\'
ORDER BY `itie`.`tour_expansion_date` ASC', 0)
 2 SYSTEMPATH\Database\BaseConnection.php(734): CodeIgniter\Database\MySQLi\Connection->execute('SELECT `itie`.*, `rc`.`room_category_name`, `mp`.`meal_plan_name`
FROM `khm_obj_enquiry_tour_itinerary_expansion` as `itie`
LEFT JOIN `khm_obj_room_category` as `rc` ON `rc`.`room_category_id` = `itie`.`room_category_id`
LEFT JOIN `khm_obj_meal_plan` as `mp` ON `mp`.`meal_plan_id` = `itie`.`meal_plan_id`
WHERE `itie`.`tour_details_id` = \'1504\'
ORDER BY `itie`.`tour_expansion_date` ASC')
 3 SYSTEMPATH\Database\BaseConnection.php(648): CodeIgniter\Database\BaseConnection->simpleQuery('SELECT `itie`.*, `rc`.`room_category_name`, `mp`.`meal_plan_name`
FROM `khm_obj_enquiry_tour_itinerary_expansion` as `itie`
LEFT JOIN `khm_obj_room_category` as `rc` ON `rc`.`room_category_id` = `itie`.`room_category_id`
LEFT JOIN `khm_obj_meal_plan` as `mp` ON `mp`.`meal_plan_id` = `itie`.`meal_plan_id`
WHERE `itie`.`tour_details_id` = \'1504\'
ORDER BY `itie`.`tour_expansion_date` ASC')
 4 SYSTEMPATH\Database\BaseBuilder.php(1644): CodeIgniter\Database\BaseConnection->query('SELECT `itie`.*, `rc`.`room_category_name`, `mp`.`meal_plan_name`
FROM `khm_obj_enquiry_tour_itinerary_expansion` as `itie`
LEFT JOIN `khm_obj_room_category` as `rc` ON `rc`.`room_category_id` = `itie`.`room_category_id`
LEFT JOIN `khm_obj_meal_plan` as `mp` ON `mp`.`meal_plan_id` = `itie`.`meal_plan_id`
WHERE `itie`.`tour_details_id` = :itie.tour_details_id:
ORDER BY `itie`.`tour_expansion_date` ASC', [...], false)
 5 APPPATH\Models\Enquiry_m.php(1337): CodeIgniter\Database\BaseBuilder->get()
 6 APPPATH\Controllers\Enquiry.php(5249): App\Models\Enquiry_m->get_itinerary_expansion_grouped('1504')
 7 SYSTEMPATH\CodeIgniter.php(933): App\Controllers\Enquiry->itinerary('2800', '1')
 8 SYSTEMPATH\CodeIgniter.php(509): CodeIgniter\CodeIgniter->runController(Object(App\Controllers\Enquiry))
 9 SYSTEMPATH\CodeIgniter.php(355): CodeIgniter\CodeIgniter->handleRequest(null, Object(Config\Cache), false)
10 SYSTEMPATH\Boot.php(334): CodeIgniter\CodeIgniter->run()
11 SYSTEMPATH\Boot.php(67): CodeIgniter\Boot::runCodeIgniter(Object(CodeIgniter\CodeIgniter))
12 FCPATH\index.php(56): CodeIgniter\Boot::bootWeb(Object(Config\Paths))
ERROR - 2025-11-16 08:44:56 --> mysqli_sql_exception: Table 'khm_touracle_db.khm_obj_room_category' doesn't exist in C:\wamp64\www\khm\system\Database\MySQLi\Connection.php:312
Stack trace:
#0 C:\wamp64\www\khm\system\Database\MySQLi\Connection.php(312): mysqli->query('SELECT `itie`.*...', 0)
#1 C:\wamp64\www\khm\system\Database\BaseConnection.php(734): CodeIgniter\Database\MySQLi\Connection->execute('SELECT `itie`.*...')
#2 C:\wamp64\www\khm\system\Database\BaseConnection.php(648): CodeIgniter\Database\BaseConnection->simpleQuery('SELECT `itie`.*...')
#3 C:\wamp64\www\khm\system\Database\BaseBuilder.php(1644): CodeIgniter\Database\BaseConnection->query('SELECT `itie`.*...', Array, false)
#4 C:\wamp64\www\khm\app\Models\Enquiry_m.php(1337): CodeIgniter\Database\BaseBuilder->get()
#5 C:\wamp64\www\khm\app\Controllers\Enquiry.php(5249): App\Models\Enquiry_m->get_itinerary_expansion_grouped('1504')
#6 C:\wamp64\www\khm\system\CodeIgniter.php(933): App\Controllers\Enquiry->itinerary('2800', '1')
#7 C:\wamp64\www\khm\system\CodeIgniter.php(509): CodeIgniter\CodeIgniter->runController(Object(App\Controllers\Enquiry))
#8 C:\wamp64\www\khm\system\CodeIgniter.php(355): CodeIgniter\CodeIgniter->handleRequest(NULL, Object(Config\Cache), false)
#9 C:\wamp64\www\khm\system\Boot.php(334): CodeIgniter\CodeIgniter->run()
#10 C:\wamp64\www\khm\system\Boot.php(67): CodeIgniter\Boot::runCodeIgniter(Object(CodeIgniter\CodeIgniter))
#11 C:\wamp64\www\khm\public\index.php(56): CodeIgniter\Boot::bootWeb(Object(Config\Paths))
#12 {main}
CRITICAL - 2025-11-16 08:44:56 --> CodeIgniter\Database\Exceptions\DatabaseException: Table 'khm_touracle_db.khm_obj_room_category' doesn't exist
[Method: GET, Route: Enquiry/itinerary/2800/1]
in SYSTEMPATH\Database\BaseConnection.php on line 688.
 1 SYSTEMPATH\Database\BaseBuilder.php(1644): CodeIgniter\Database\BaseConnection->query('SELECT `itie`.*, `rc`.`room_category_name`, `mp`.`meal_plan_name`
FROM `khm_obj_enquiry_tour_itinerary_expansion` as `itie`
LEFT JOIN `khm_obj_room_category` as `rc` ON `rc`.`room_category_id` = `itie`.`room_category_id`
LEFT JOIN `khm_obj_meal_plan` as `mp` ON `mp`.`meal_plan_id` = `itie`.`meal_plan_id`
WHERE `itie`.`tour_details_id` = :itie.tour_details_id:
ORDER BY `itie`.`tour_expansion_date` ASC', [...], false)
 2 APPPATH\Models\Enquiry_m.php(1337): CodeIgniter\Database\BaseBuilder->get()
 3 APPPATH\Controllers\Enquiry.php(5249): App\Models\Enquiry_m->get_itinerary_expansion_grouped('1504')
 4 SYSTEMPATH\CodeIgniter.php(933): App\Controllers\Enquiry->itinerary('2800', '1')
 5 SYSTEMPATH\CodeIgniter.php(509): CodeIgniter\CodeIgniter->runController(Object(App\Controllers\Enquiry))
 6 SYSTEMPATH\CodeIgniter.php(355): CodeIgniter\CodeIgniter->handleRequest(null, Object(Config\Cache), false)
 7 SYSTEMPATH\Boot.php(334): CodeIgniter\CodeIgniter->run()
 8 SYSTEMPATH\Boot.php(67): CodeIgniter\Boot::runCodeIgniter(Object(CodeIgniter\CodeIgniter))
 9 FCPATH\index.php(56): CodeIgniter\Boot::bootWeb(Object(Config\Paths))
CRITICAL - 2025-11-16 08:44:56 --> [Caused by] CodeIgniter\Database\Exceptions\DatabaseException: Table 'khm_touracle_db.khm_obj_room_category' doesn't exist
in SYSTEMPATH\Database\MySQLi\Connection.php on line 317.
 1 SYSTEMPATH\Database\BaseConnection.php(734): CodeIgniter\Database\MySQLi\Connection->execute('SELECT `itie`.*, `rc`.`room_category_name`, `mp`.`meal_plan_name`
FROM `khm_obj_enquiry_tour_itinerary_expansion` as `itie`
LEFT JOIN `khm_obj_room_category` as `rc` ON `rc`.`room_category_id` = `itie`.`room_category_id`
LEFT JOIN `khm_obj_meal_plan` as `mp` ON `mp`.`meal_plan_id` = `itie`.`meal_plan_id`
WHERE `itie`.`tour_details_id` = \'1504\'
ORDER BY `itie`.`tour_expansion_date` ASC')
 2 SYSTEMPATH\Database\BaseConnection.php(648): CodeIgniter\Database\BaseConnection->simpleQuery('SELECT `itie`.*, `rc`.`room_category_name`, `mp`.`meal_plan_name`
FROM `khm_obj_enquiry_tour_itinerary_expansion` as `itie`
LEFT JOIN `khm_obj_room_category` as `rc` ON `rc`.`room_category_id` = `itie`.`room_category_id`
LEFT JOIN `khm_obj_meal_plan` as `mp` ON `mp`.`meal_plan_id` = `itie`.`meal_plan_id`
WHERE `itie`.`tour_details_id` = \'1504\'
ORDER BY `itie`.`tour_expansion_date` ASC')
 3 SYSTEMPATH\Database\BaseBuilder.php(1644): CodeIgniter\Database\BaseConnection->query('SELECT `itie`.*, `rc`.`room_category_name`, `mp`.`meal_plan_name`
FROM `khm_obj_enquiry_tour_itinerary_expansion` as `itie`
LEFT JOIN `khm_obj_room_category` as `rc` ON `rc`.`room_category_id` = `itie`.`room_category_id`
LEFT JOIN `khm_obj_meal_plan` as `mp` ON `mp`.`meal_plan_id` = `itie`.`meal_plan_id`
WHERE `itie`.`tour_details_id` = :itie.tour_details_id:
ORDER BY `itie`.`tour_expansion_date` ASC', [...], false)
 4 APPPATH\Models\Enquiry_m.php(1337): CodeIgniter\Database\BaseBuilder->get()
 5 APPPATH\Controllers\Enquiry.php(5249): App\Models\Enquiry_m->get_itinerary_expansion_grouped('1504')
 6 SYSTEMPATH\CodeIgniter.php(933): App\Controllers\Enquiry->itinerary('2800', '1')
 7 SYSTEMPATH\CodeIgniter.php(509): CodeIgniter\CodeIgniter->runController(Object(App\Controllers\Enquiry))
 8 SYSTEMPATH\CodeIgniter.php(355): CodeIgniter\CodeIgniter->handleRequest(null, Object(Config\Cache), false)
 9 SYSTEMPATH\Boot.php(334): CodeIgniter\CodeIgniter->run()
10 SYSTEMPATH\Boot.php(67): CodeIgniter\Boot::runCodeIgniter(Object(CodeIgniter\CodeIgniter))
11 FCPATH\index.php(56): CodeIgniter\Boot::bootWeb(Object(Config\Paths))
CRITICAL - 2025-11-16 08:44:56 --> [Caused by] mysqli_sql_exception: Table 'khm_touracle_db.khm_obj_room_category' doesn't exist
in SYSTEMPATH\Database\MySQLi\Connection.php on line 312.
 1 SYSTEMPATH\Database\MySQLi\Connection.php(312): mysqli->query('SELECT `itie`.*, `rc`.`room_category_name`, `mp`.`meal_plan_name`
FROM `khm_obj_enquiry_tour_itinerary_expansion` as `itie`
LEFT JOIN `khm_obj_room_category` as `rc` ON `rc`.`room_category_id` = `itie`.`room_category_id`
LEFT JOIN `khm_obj_meal_plan` as `mp` ON `mp`.`meal_plan_id` = `itie`.`meal_plan_id`
WHERE `itie`.`tour_details_id` = \'1504\'
ORDER BY `itie`.`tour_expansion_date` ASC', 0)
 2 SYSTEMPATH\Database\BaseConnection.php(734): CodeIgniter\Database\MySQLi\Connection->execute('SELECT `itie`.*, `rc`.`room_category_name`, `mp`.`meal_plan_name`
FROM `khm_obj_enquiry_tour_itinerary_expansion` as `itie`
LEFT JOIN `khm_obj_room_category` as `rc` ON `rc`.`room_category_id` = `itie`.`room_category_id`
LEFT JOIN `khm_obj_meal_plan` as `mp` ON `mp`.`meal_plan_id` = `itie`.`meal_plan_id`
WHERE `itie`.`tour_details_id` = \'1504\'
ORDER BY `itie`.`tour_expansion_date` ASC')
 3 SYSTEMPATH\Database\BaseConnection.php(648): CodeIgniter\Database\BaseConnection->simpleQuery('SELECT `itie`.*, `rc`.`room_category_name`, `mp`.`meal_plan_name`
FROM `khm_obj_enquiry_tour_itinerary_expansion` as `itie`
LEFT JOIN `khm_obj_room_category` as `rc` ON `rc`.`room_category_id` = `itie`.`room_category_id`
LEFT JOIN `khm_obj_meal_plan` as `mp` ON `mp`.`meal_plan_id` = `itie`.`meal_plan_id`
WHERE `itie`.`tour_details_id` = \'1504\'
ORDER BY `itie`.`tour_expansion_date` ASC')
 4 SYSTEMPATH\Database\BaseBuilder.php(1644): CodeIgniter\Database\BaseConnection->query('SELECT `itie`.*, `rc`.`room_category_name`, `mp`.`meal_plan_name`
FROM `khm_obj_enquiry_tour_itinerary_expansion` as `itie`
LEFT JOIN `khm_obj_room_category` as `rc` ON `rc`.`room_category_id` = `itie`.`room_category_id`
LEFT JOIN `khm_obj_meal_plan` as `mp` ON `mp`.`meal_plan_id` = `itie`.`meal_plan_id`
WHERE `itie`.`tour_details_id` = :itie.tour_details_id:
ORDER BY `itie`.`tour_expansion_date` ASC', [...], false)
 5 APPPATH\Models\Enquiry_m.php(1337): CodeIgniter\Database\BaseBuilder->get()
 6 APPPATH\Controllers\Enquiry.php(5249): App\Models\Enquiry_m->get_itinerary_expansion_grouped('1504')
 7 SYSTEMPATH\CodeIgniter.php(933): App\Controllers\Enquiry->itinerary('2800', '1')
 8 SYSTEMPATH\CodeIgniter.php(509): CodeIgniter\CodeIgniter->runController(Object(App\Controllers\Enquiry))
 9 SYSTEMPATH\CodeIgniter.php(355): CodeIgniter\CodeIgniter->handleRequest(null, Object(Config\Cache), false)
10 SYSTEMPATH\Boot.php(334): CodeIgniter\CodeIgniter->run()
11 SYSTEMPATH\Boot.php(67): CodeIgniter\Boot::runCodeIgniter(Object(CodeIgniter\CodeIgniter))
12 FCPATH\index.php(56): CodeIgniter\Boot::bootWeb(Object(Config\Paths))
ERROR - 2025-11-16 08:49:14 --> mysqli_sql_exception: Table 'khm_touracle_db.khm_obj_room_category' doesn't exist in C:\wamp64\www\khm\system\Database\MySQLi\Connection.php:312
Stack trace:
#0 C:\wamp64\www\khm\system\Database\MySQLi\Connection.php(312): mysqli->query('SELECT `itie`.*...', 0)
#1 C:\wamp64\www\khm\system\Database\BaseConnection.php(734): CodeIgniter\Database\MySQLi\Connection->execute('SELECT `itie`.*...')
#2 C:\wamp64\www\khm\system\Database\BaseConnection.php(648): CodeIgniter\Database\BaseConnection->simpleQuery('SELECT `itie`.*...')
#3 C:\wamp64\www\khm\system\Database\BaseBuilder.php(1644): CodeIgniter\Database\BaseConnection->query('SELECT `itie`.*...', Array, false)
#4 C:\wamp64\www\khm\app\Models\Enquiry_m.php(1337): CodeIgniter\Database\BaseBuilder->get()
#5 C:\wamp64\www\khm\app\Controllers\Enquiry.php(5249): App\Models\Enquiry_m->get_itinerary_expansion_grouped('1504')
#6 C:\wamp64\www\khm\system\CodeIgniter.php(933): App\Controllers\Enquiry->itinerary('2800', '1')
#7 C:\wamp64\www\khm\system\CodeIgniter.php(509): CodeIgniter\CodeIgniter->runController(Object(App\Controllers\Enquiry))
#8 C:\wamp64\www\khm\system\CodeIgniter.php(355): CodeIgniter\CodeIgniter->handleRequest(NULL, Object(Config\Cache), false)
#9 C:\wamp64\www\khm\system\Boot.php(334): CodeIgniter\CodeIgniter->run()
#10 C:\wamp64\www\khm\system\Boot.php(67): CodeIgniter\Boot::runCodeIgniter(Object(CodeIgniter\CodeIgniter))
#11 C:\wamp64\www\khm\public\index.php(56): CodeIgniter\Boot::bootWeb(Object(Config\Paths))
#12 {main}
CRITICAL - 2025-11-16 08:49:14 --> CodeIgniter\Database\Exceptions\DatabaseException: Table 'khm_touracle_db.khm_obj_room_category' doesn't exist
[Method: GET, Route: Enquiry/itinerary/2800/1]
in SYSTEMPATH\Database\BaseConnection.php on line 688.
 1 SYSTEMPATH\Database\BaseBuilder.php(1644): CodeIgniter\Database\BaseConnection->query('SELECT `itie`.*, `rc`.`room_category_name`, `mp`.`meal_plan_name`
FROM `khm_obj_enquiry_tour_itinerary_expansion` as `itie`
LEFT JOIN `khm_obj_room_category` as `rc` ON `rc`.`room_category_id` = `itie`.`room_category_id`
LEFT JOIN `khm_obj_meal_plan` as `mp` ON `mp`.`meal_plan_id` = `itie`.`meal_plan_id`
WHERE `itie`.`tour_details_id` = :itie.tour_details_id:
ORDER BY `itie`.`tour_expansion_date` ASC', [...], false)
 2 APPPATH\Models\Enquiry_m.php(1337): CodeIgniter\Database\BaseBuilder->get()
 3 APPPATH\Controllers\Enquiry.php(5249): App\Models\Enquiry_m->get_itinerary_expansion_grouped('1504')
 4 SYSTEMPATH\CodeIgniter.php(933): App\Controllers\Enquiry->itinerary('2800', '1')
 5 SYSTEMPATH\CodeIgniter.php(509): CodeIgniter\CodeIgniter->runController(Object(App\Controllers\Enquiry))
 6 SYSTEMPATH\CodeIgniter.php(355): CodeIgniter\CodeIgniter->handleRequest(null, Object(Config\Cache), false)
 7 SYSTEMPATH\Boot.php(334): CodeIgniter\CodeIgniter->run()
 8 SYSTEMPATH\Boot.php(67): CodeIgniter\Boot::runCodeIgniter(Object(CodeIgniter\CodeIgniter))
 9 FCPATH\index.php(56): CodeIgniter\Boot::bootWeb(Object(Config\Paths))
CRITICAL - 2025-11-16 08:49:14 --> [Caused by] CodeIgniter\Database\Exceptions\DatabaseException: Table 'khm_touracle_db.khm_obj_room_category' doesn't exist
in SYSTEMPATH\Database\MySQLi\Connection.php on line 317.
 1 SYSTEMPATH\Database\BaseConnection.php(734): CodeIgniter\Database\MySQLi\Connection->execute('SELECT `itie`.*, `rc`.`room_category_name`, `mp`.`meal_plan_name`
FROM `khm_obj_enquiry_tour_itinerary_expansion` as `itie`
LEFT JOIN `khm_obj_room_category` as `rc` ON `rc`.`room_category_id` = `itie`.`room_category_id`
LEFT JOIN `khm_obj_meal_plan` as `mp` ON `mp`.`meal_plan_id` = `itie`.`meal_plan_id`
WHERE `itie`.`tour_details_id` = \'1504\'
ORDER BY `itie`.`tour_expansion_date` ASC')
 2 SYSTEMPATH\Database\BaseConnection.php(648): CodeIgniter\Database\BaseConnection->simpleQuery('SELECT `itie`.*, `rc`.`room_category_name`, `mp`.`meal_plan_name`
FROM `khm_obj_enquiry_tour_itinerary_expansion` as `itie`
LEFT JOIN `khm_obj_room_category` as `rc` ON `rc`.`room_category_id` = `itie`.`room_category_id`
LEFT JOIN `khm_obj_meal_plan` as `mp` ON `mp`.`meal_plan_id` = `itie`.`meal_plan_id`
WHERE `itie`.`tour_details_id` = \'1504\'
ORDER BY `itie`.`tour_expansion_date` ASC')
 3 SYSTEMPATH\Database\BaseBuilder.php(1644): CodeIgniter\Database\BaseConnection->query('SELECT `itie`.*, `rc`.`room_category_name`, `mp`.`meal_plan_name`
FROM `khm_obj_enquiry_tour_itinerary_expansion` as `itie`
LEFT JOIN `khm_obj_room_category` as `rc` ON `rc`.`room_category_id` = `itie`.`room_category_id`
LEFT JOIN `khm_obj_meal_plan` as `mp` ON `mp`.`meal_plan_id` = `itie`.`meal_plan_id`
WHERE `itie`.`tour_details_id` = :itie.tour_details_id:
ORDER BY `itie`.`tour_expansion_date` ASC', [...], false)
 4 APPPATH\Models\Enquiry_m.php(1337): CodeIgniter\Database\BaseBuilder->get()
 5 APPPATH\Controllers\Enquiry.php(5249): App\Models\Enquiry_m->get_itinerary_expansion_grouped('1504')
 6 SYSTEMPATH\CodeIgniter.php(933): App\Controllers\Enquiry->itinerary('2800', '1')
 7 SYSTEMPATH\CodeIgniter.php(509): CodeIgniter\CodeIgniter->runController(Object(App\Controllers\Enquiry))
 8 SYSTEMPATH\CodeIgniter.php(355): CodeIgniter\CodeIgniter->handleRequest(null, Object(Config\Cache), false)
 9 SYSTEMPATH\Boot.php(334): CodeIgniter\CodeIgniter->run()
10 SYSTEMPATH\Boot.php(67): CodeIgniter\Boot::runCodeIgniter(Object(CodeIgniter\CodeIgniter))
11 FCPATH\index.php(56): CodeIgniter\Boot::bootWeb(Object(Config\Paths))
CRITICAL - 2025-11-16 08:49:14 --> [Caused by] mysqli_sql_exception: Table 'khm_touracle_db.khm_obj_room_category' doesn't exist
in SYSTEMPATH\Database\MySQLi\Connection.php on line 312.
 1 SYSTEMPATH\Database\MySQLi\Connection.php(312): mysqli->query('SELECT `itie`.*, `rc`.`room_category_name`, `mp`.`meal_plan_name`
FROM `khm_obj_enquiry_tour_itinerary_expansion` as `itie`
LEFT JOIN `khm_obj_room_category` as `rc` ON `rc`.`room_category_id` = `itie`.`room_category_id`
LEFT JOIN `khm_obj_meal_plan` as `mp` ON `mp`.`meal_plan_id` = `itie`.`meal_plan_id`
WHERE `itie`.`tour_details_id` = \'1504\'
ORDER BY `itie`.`tour_expansion_date` ASC', 0)
 2 SYSTEMPATH\Database\BaseConnection.php(734): CodeIgniter\Database\MySQLi\Connection->execute('SELECT `itie`.*, `rc`.`room_category_name`, `mp`.`meal_plan_name`
FROM `khm_obj_enquiry_tour_itinerary_expansion` as `itie`
LEFT JOIN `khm_obj_room_category` as `rc` ON `rc`.`room_category_id` = `itie`.`room_category_id`
LEFT JOIN `khm_obj_meal_plan` as `mp` ON `mp`.`meal_plan_id` = `itie`.`meal_plan_id`
WHERE `itie`.`tour_details_id` = \'1504\'
ORDER BY `itie`.`tour_expansion_date` ASC')
 3 SYSTEMPATH\Database\BaseConnection.php(648): CodeIgniter\Database\BaseConnection->simpleQuery('SELECT `itie`.*, `rc`.`room_category_name`, `mp`.`meal_plan_name`
FROM `khm_obj_enquiry_tour_itinerary_expansion` as `itie`
LEFT JOIN `khm_obj_room_category` as `rc` ON `rc`.`room_category_id` = `itie`.`room_category_id`
LEFT JOIN `khm_obj_meal_plan` as `mp` ON `mp`.`meal_plan_id` = `itie`.`meal_plan_id`
WHERE `itie`.`tour_details_id` = \'1504\'
ORDER BY `itie`.`tour_expansion_date` ASC')
 4 SYSTEMPATH\Database\BaseBuilder.php(1644): CodeIgniter\Database\BaseConnection->query('SELECT `itie`.*, `rc`.`room_category_name`, `mp`.`meal_plan_name`
FROM `khm_obj_enquiry_tour_itinerary_expansion` as `itie`
LEFT JOIN `khm_obj_room_category` as `rc` ON `rc`.`room_category_id` = `itie`.`room_category_id`
LEFT JOIN `khm_obj_meal_plan` as `mp` ON `mp`.`meal_plan_id` = `itie`.`meal_plan_id`
WHERE `itie`.`tour_details_id` = :itie.tour_details_id:
ORDER BY `itie`.`tour_expansion_date` ASC', [...], false)
 5 APPPATH\Models\Enquiry_m.php(1337): CodeIgniter\Database\BaseBuilder->get()
 6 APPPATH\Controllers\Enquiry.php(5249): App\Models\Enquiry_m->get_itinerary_expansion_grouped('1504')
 7 SYSTEMPATH\CodeIgniter.php(933): App\Controllers\Enquiry->itinerary('2800', '1')
 8 SYSTEMPATH\CodeIgniter.php(509): CodeIgniter\CodeIgniter->runController(Object(App\Controllers\Enquiry))
 9 SYSTEMPATH\CodeIgniter.php(355): CodeIgniter\CodeIgniter->handleRequest(null, Object(Config\Cache), false)
10 SYSTEMPATH\Boot.php(334): CodeIgniter\CodeIgniter->run()
11 SYSTEMPATH\Boot.php(67): CodeIgniter\Boot::runCodeIgniter(Object(CodeIgniter\CodeIgniter))
12 FCPATH\index.php(56): CodeIgniter\Boot::bootWeb(Object(Config\Paths))
ERROR - 2025-11-16 08:49:15 --> mysqli_sql_exception: Table 'khm_touracle_db.khm_obj_room_category' doesn't exist in C:\wamp64\www\khm\system\Database\MySQLi\Connection.php:312
Stack trace:
#0 C:\wamp64\www\khm\system\Database\MySQLi\Connection.php(312): mysqli->query('SELECT `itie`.*...', 0)
#1 C:\wamp64\www\khm\system\Database\BaseConnection.php(734): CodeIgniter\Database\MySQLi\Connection->execute('SELECT `itie`.*...')
#2 C:\wamp64\www\khm\system\Database\BaseConnection.php(648): CodeIgniter\Database\BaseConnection->simpleQuery('SELECT `itie`.*...')
#3 C:\wamp64\www\khm\system\Database\BaseBuilder.php(1644): CodeIgniter\Database\BaseConnection->query('SELECT `itie`.*...', Array, false)
#4 C:\wamp64\www\khm\app\Models\Enquiry_m.php(1337): CodeIgniter\Database\BaseBuilder->get()
#5 C:\wamp64\www\khm\app\Controllers\Enquiry.php(5249): App\Models\Enquiry_m->get_itinerary_expansion_grouped('1504')
#6 C:\wamp64\www\khm\system\CodeIgniter.php(933): App\Controllers\Enquiry->itinerary('2800', '1')
#7 C:\wamp64\www\khm\system\CodeIgniter.php(509): CodeIgniter\CodeIgniter->runController(Object(App\Controllers\Enquiry))
#8 C:\wamp64\www\khm\system\CodeIgniter.php(355): CodeIgniter\CodeIgniter->handleRequest(NULL, Object(Config\Cache), false)
#9 C:\wamp64\www\khm\system\Boot.php(334): CodeIgniter\CodeIgniter->run()
#10 C:\wamp64\www\khm\system\Boot.php(67): CodeIgniter\Boot::runCodeIgniter(Object(CodeIgniter\CodeIgniter))
#11 C:\wamp64\www\khm\public\index.php(56): CodeIgniter\Boot::bootWeb(Object(Config\Paths))
#12 {main}
CRITICAL - 2025-11-16 08:49:15 --> CodeIgniter\Database\Exceptions\DatabaseException: Table 'khm_touracle_db.khm_obj_room_category' doesn't exist
[Method: GET, Route: Enquiry/itinerary/2800/1]
in SYSTEMPATH\Database\BaseConnection.php on line 688.
 1 SYSTEMPATH\Database\BaseBuilder.php(1644): CodeIgniter\Database\BaseConnection->query('SELECT `itie`.*, `rc`.`room_category_name`, `mp`.`meal_plan_name`
FROM `khm_obj_enquiry_tour_itinerary_expansion` as `itie`
LEFT JOIN `khm_obj_room_category` as `rc` ON `rc`.`room_category_id` = `itie`.`room_category_id`
LEFT JOIN `khm_obj_meal_plan` as `mp` ON `mp`.`meal_plan_id` = `itie`.`meal_plan_id`
WHERE `itie`.`tour_details_id` = :itie.tour_details_id:
ORDER BY `itie`.`tour_expansion_date` ASC', [...], false)
 2 APPPATH\Models\Enquiry_m.php(1337): CodeIgniter\Database\BaseBuilder->get()
 3 APPPATH\Controllers\Enquiry.php(5249): App\Models\Enquiry_m->get_itinerary_expansion_grouped('1504')
 4 SYSTEMPATH\CodeIgniter.php(933): App\Controllers\Enquiry->itinerary('2800', '1')
 5 SYSTEMPATH\CodeIgniter.php(509): CodeIgniter\CodeIgniter->runController(Object(App\Controllers\Enquiry))
 6 SYSTEMPATH\CodeIgniter.php(355): CodeIgniter\CodeIgniter->handleRequest(null, Object(Config\Cache), false)
 7 SYSTEMPATH\Boot.php(334): CodeIgniter\CodeIgniter->run()
 8 SYSTEMPATH\Boot.php(67): CodeIgniter\Boot::runCodeIgniter(Object(CodeIgniter\CodeIgniter))
 9 FCPATH\index.php(56): CodeIgniter\Boot::bootWeb(Object(Config\Paths))
CRITICAL - 2025-11-16 08:49:15 --> [Caused by] CodeIgniter\Database\Exceptions\DatabaseException: Table 'khm_touracle_db.khm_obj_room_category' doesn't exist
in SYSTEMPATH\Database\MySQLi\Connection.php on line 317.
 1 SYSTEMPATH\Database\BaseConnection.php(734): CodeIgniter\Database\MySQLi\Connection->execute('SELECT `itie`.*, `rc`.`room_category_name`, `mp`.`meal_plan_name`
FROM `khm_obj_enquiry_tour_itinerary_expansion` as `itie`
LEFT JOIN `khm_obj_room_category` as `rc` ON `rc`.`room_category_id` = `itie`.`room_category_id`
LEFT JOIN `khm_obj_meal_plan` as `mp` ON `mp`.`meal_plan_id` = `itie`.`meal_plan_id`
WHERE `itie`.`tour_details_id` = \'1504\'
ORDER BY `itie`.`tour_expansion_date` ASC')
 2 SYSTEMPATH\Database\BaseConnection.php(648): CodeIgniter\Database\BaseConnection->simpleQuery('SELECT `itie`.*, `rc`.`room_category_name`, `mp`.`meal_plan_name`
FROM `khm_obj_enquiry_tour_itinerary_expansion` as `itie`
LEFT JOIN `khm_obj_room_category` as `rc` ON `rc`.`room_category_id` = `itie`.`room_category_id`
LEFT JOIN `khm_obj_meal_plan` as `mp` ON `mp`.`meal_plan_id` = `itie`.`meal_plan_id`
WHERE `itie`.`tour_details_id` = \'1504\'
ORDER BY `itie`.`tour_expansion_date` ASC')
 3 SYSTEMPATH\Database\BaseBuilder.php(1644): CodeIgniter\Database\BaseConnection->query('SELECT `itie`.*, `rc`.`room_category_name`, `mp`.`meal_plan_name`
FROM `khm_obj_enquiry_tour_itinerary_expansion` as `itie`
LEFT JOIN `khm_obj_room_category` as `rc` ON `rc`.`room_category_id` = `itie`.`room_category_id`
LEFT JOIN `khm_obj_meal_plan` as `mp` ON `mp`.`meal_plan_id` = `itie`.`meal_plan_id`
WHERE `itie`.`tour_details_id` = :itie.tour_details_id:
ORDER BY `itie`.`tour_expansion_date` ASC', [...], false)
 4 APPPATH\Models\Enquiry_m.php(1337): CodeIgniter\Database\BaseBuilder->get()
 5 APPPATH\Controllers\Enquiry.php(5249): App\Models\Enquiry_m->get_itinerary_expansion_grouped('1504')
 6 SYSTEMPATH\CodeIgniter.php(933): App\Controllers\Enquiry->itinerary('2800', '1')
 7 SYSTEMPATH\CodeIgniter.php(509): CodeIgniter\CodeIgniter->runController(Object(App\Controllers\Enquiry))
 8 SYSTEMPATH\CodeIgniter.php(355): CodeIgniter\CodeIgniter->handleRequest(null, Object(Config\Cache), false)
 9 SYSTEMPATH\Boot.php(334): CodeIgniter\CodeIgniter->run()
10 SYSTEMPATH\Boot.php(67): CodeIgniter\Boot::runCodeIgniter(Object(CodeIgniter\CodeIgniter))
11 FCPATH\index.php(56): CodeIgniter\Boot::bootWeb(Object(Config\Paths))
CRITICAL - 2025-11-16 08:49:15 --> [Caused by] mysqli_sql_exception: Table 'khm_touracle_db.khm_obj_room_category' doesn't exist
in SYSTEMPATH\Database\MySQLi\Connection.php on line 312.
 1 SYSTEMPATH\Database\MySQLi\Connection.php(312): mysqli->query('SELECT `itie`.*, `rc`.`room_category_name`, `mp`.`meal_plan_name`
FROM `khm_obj_enquiry_tour_itinerary_expansion` as `itie`
LEFT JOIN `khm_obj_room_category` as `rc` ON `rc`.`room_category_id` = `itie`.`room_category_id`
LEFT JOIN `khm_obj_meal_plan` as `mp` ON `mp`.`meal_plan_id` = `itie`.`meal_plan_id`
WHERE `itie`.`tour_details_id` = \'1504\'
ORDER BY `itie`.`tour_expansion_date` ASC', 0)
 2 SYSTEMPATH\Database\BaseConnection.php(734): CodeIgniter\Database\MySQLi\Connection->execute('SELECT `itie`.*, `rc`.`room_category_name`, `mp`.`meal_plan_name`
FROM `khm_obj_enquiry_tour_itinerary_expansion` as `itie`
LEFT JOIN `khm_obj_room_category` as `rc` ON `rc`.`room_category_id` = `itie`.`room_category_id`
LEFT JOIN `khm_obj_meal_plan` as `mp` ON `mp`.`meal_plan_id` = `itie`.`meal_plan_id`
WHERE `itie`.`tour_details_id` = \'1504\'
ORDER BY `itie`.`tour_expansion_date` ASC')
 3 SYSTEMPATH\Database\BaseConnection.php(648): CodeIgniter\Database\BaseConnection->simpleQuery('SELECT `itie`.*, `rc`.`room_category_name`, `mp`.`meal_plan_name`
FROM `khm_obj_enquiry_tour_itinerary_expansion` as `itie`
LEFT JOIN `khm_obj_room_category` as `rc` ON `rc`.`room_category_id` = `itie`.`room_category_id`
LEFT JOIN `khm_obj_meal_plan` as `mp` ON `mp`.`meal_plan_id` = `itie`.`meal_plan_id`
WHERE `itie`.`tour_details_id` = \'1504\'
ORDER BY `itie`.`tour_expansion_date` ASC')
 4 SYSTEMPATH\Database\BaseBuilder.php(1644): CodeIgniter\Database\BaseConnection->query('SELECT `itie`.*, `rc`.`room_category_name`, `mp`.`meal_plan_name`
FROM `khm_obj_enquiry_tour_itinerary_expansion` as `itie`
LEFT JOIN `khm_obj_room_category` as `rc` ON `rc`.`room_category_id` = `itie`.`room_category_id`
LEFT JOIN `khm_obj_meal_plan` as `mp` ON `mp`.`meal_plan_id` = `itie`.`meal_plan_id`
WHERE `itie`.`tour_details_id` = :itie.tour_details_id:
ORDER BY `itie`.`tour_expansion_date` ASC', [...], false)
 5 APPPATH\Models\Enquiry_m.php(1337): CodeIgniter\Database\BaseBuilder->get()
 6 APPPATH\Controllers\Enquiry.php(5249): App\Models\Enquiry_m->get_itinerary_expansion_grouped('1504')
 7 SYSTEMPATH\CodeIgniter.php(933): App\Controllers\Enquiry->itinerary('2800', '1')
 8 SYSTEMPATH\CodeIgniter.php(509): CodeIgniter\CodeIgniter->runController(Object(App\Controllers\Enquiry))
 9 SYSTEMPATH\CodeIgniter.php(355): CodeIgniter\CodeIgniter->handleRequest(null, Object(Config\Cache), false)
10 SYSTEMPATH\Boot.php(334): CodeIgniter\CodeIgniter->run()
11 SYSTEMPATH\Boot.php(67): CodeIgniter\Boot::runCodeIgniter(Object(CodeIgniter\CodeIgniter))
12 FCPATH\index.php(56): CodeIgniter\Boot::bootWeb(Object(Config\Paths))
ERROR - 2025-11-16 08:49:17 --> mysqli_sql_exception: Table 'khm_touracle_db.khm_obj_room_category' doesn't exist in C:\wamp64\www\khm\system\Database\MySQLi\Connection.php:312
Stack trace:
#0 C:\wamp64\www\khm\system\Database\MySQLi\Connection.php(312): mysqli->query('SELECT `itie`.*...', 0)
#1 C:\wamp64\www\khm\system\Database\BaseConnection.php(734): CodeIgniter\Database\MySQLi\Connection->execute('SELECT `itie`.*...')
#2 C:\wamp64\www\khm\system\Database\BaseConnection.php(648): CodeIgniter\Database\BaseConnection->simpleQuery('SELECT `itie`.*...')
#3 C:\wamp64\www\khm\system\Database\BaseBuilder.php(1644): CodeIgniter\Database\BaseConnection->query('SELECT `itie`.*...', Array, false)
#4 C:\wamp64\www\khm\app\Models\Enquiry_m.php(1337): CodeIgniter\Database\BaseBuilder->get()
#5 C:\wamp64\www\khm\app\Controllers\Enquiry.php(5249): App\Models\Enquiry_m->get_itinerary_expansion_grouped('1504')
#6 C:\wamp64\www\khm\system\CodeIgniter.php(933): App\Controllers\Enquiry->itinerary('2800', '0')
#7 C:\wamp64\www\khm\system\CodeIgniter.php(509): CodeIgniter\CodeIgniter->runController(Object(App\Controllers\Enquiry))
#8 C:\wamp64\www\khm\system\CodeIgniter.php(355): CodeIgniter\CodeIgniter->handleRequest(NULL, Object(Config\Cache), false)
#9 C:\wamp64\www\khm\system\Boot.php(334): CodeIgniter\CodeIgniter->run()
#10 C:\wamp64\www\khm\system\Boot.php(67): CodeIgniter\Boot::runCodeIgniter(Object(CodeIgniter\CodeIgniter))
#11 C:\wamp64\www\khm\public\index.php(56): CodeIgniter\Boot::bootWeb(Object(Config\Paths))
#12 {main}
CRITICAL - 2025-11-16 08:49:17 --> CodeIgniter\Database\Exceptions\DatabaseException: Table 'khm_touracle_db.khm_obj_room_category' doesn't exist
[Method: GET, Route: Enquiry/itinerary/2800/0]
in SYSTEMPATH\Database\BaseConnection.php on line 688.
 1 SYSTEMPATH\Database\BaseBuilder.php(1644): CodeIgniter\Database\BaseConnection->query('SELECT `itie`.*, `rc`.`room_category_name`, `mp`.`meal_plan_name`
FROM `khm_obj_enquiry_tour_itinerary_expansion` as `itie`
LEFT JOIN `khm_obj_room_category` as `rc` ON `rc`.`room_category_id` = `itie`.`room_category_id`
LEFT JOIN `khm_obj_meal_plan` as `mp` ON `mp`.`meal_plan_id` = `itie`.`meal_plan_id`
WHERE `itie`.`tour_details_id` = :itie.tour_details_id:
ORDER BY `itie`.`tour_expansion_date` ASC', [...], false)
 2 APPPATH\Models\Enquiry_m.php(1337): CodeIgniter\Database\BaseBuilder->get()
 3 APPPATH\Controllers\Enquiry.php(5249): App\Models\Enquiry_m->get_itinerary_expansion_grouped('1504')
 4 SYSTEMPATH\CodeIgniter.php(933): App\Controllers\Enquiry->itinerary('2800', '0')
 5 SYSTEMPATH\CodeIgniter.php(509): CodeIgniter\CodeIgniter->runController(Object(App\Controllers\Enquiry))
 6 SYSTEMPATH\CodeIgniter.php(355): CodeIgniter\CodeIgniter->handleRequest(null, Object(Config\Cache), false)
 7 SYSTEMPATH\Boot.php(334): CodeIgniter\CodeIgniter->run()
 8 SYSTEMPATH\Boot.php(67): CodeIgniter\Boot::runCodeIgniter(Object(CodeIgniter\CodeIgniter))
 9 FCPATH\index.php(56): CodeIgniter\Boot::bootWeb(Object(Config\Paths))
CRITICAL - 2025-11-16 08:49:17 --> [Caused by] CodeIgniter\Database\Exceptions\DatabaseException: Table 'khm_touracle_db.khm_obj_room_category' doesn't exist
in SYSTEMPATH\Database\MySQLi\Connection.php on line 317.
 1 SYSTEMPATH\Database\BaseConnection.php(734): CodeIgniter\Database\MySQLi\Connection->execute('SELECT `itie`.*, `rc`.`room_category_name`, `mp`.`meal_plan_name`
FROM `khm_obj_enquiry_tour_itinerary_expansion` as `itie`
LEFT JOIN `khm_obj_room_category` as `rc` ON `rc`.`room_category_id` = `itie`.`room_category_id`
LEFT JOIN `khm_obj_meal_plan` as `mp` ON `mp`.`meal_plan_id` = `itie`.`meal_plan_id`
WHERE `itie`.`tour_details_id` = \'1504\'
ORDER BY `itie`.`tour_expansion_date` ASC')
 2 SYSTEMPATH\Database\BaseConnection.php(648): CodeIgniter\Database\BaseConnection->simpleQuery('SELECT `itie`.*, `rc`.`room_category_name`, `mp`.`meal_plan_name`
FROM `khm_obj_enquiry_tour_itinerary_expansion` as `itie`
LEFT JOIN `khm_obj_room_category` as `rc` ON `rc`.`room_category_id` = `itie`.`room_category_id`
LEFT JOIN `khm_obj_meal_plan` as `mp` ON `mp`.`meal_plan_id` = `itie`.`meal_plan_id`
WHERE `itie`.`tour_details_id` = \'1504\'
ORDER BY `itie`.`tour_expansion_date` ASC')
 3 SYSTEMPATH\Database\BaseBuilder.php(1644): CodeIgniter\Database\BaseConnection->query('SELECT `itie`.*, `rc`.`room_category_name`, `mp`.`meal_plan_name`
FROM `khm_obj_enquiry_tour_itinerary_expansion` as `itie`
LEFT JOIN `khm_obj_room_category` as `rc` ON `rc`.`room_category_id` = `itie`.`room_category_id`
LEFT JOIN `khm_obj_meal_plan` as `mp` ON `mp`.`meal_plan_id` = `itie`.`meal_plan_id`
WHERE `itie`.`tour_details_id` = :itie.tour_details_id:
ORDER BY `itie`.`tour_expansion_date` ASC', [...], false)
 4 APPPATH\Models\Enquiry_m.php(1337): CodeIgniter\Database\BaseBuilder->get()
 5 APPPATH\Controllers\Enquiry.php(5249): App\Models\Enquiry_m->get_itinerary_expansion_grouped('1504')
 6 SYSTEMPATH\CodeIgniter.php(933): App\Controllers\Enquiry->itinerary('2800', '0')
 7 SYSTEMPATH\CodeIgniter.php(509): CodeIgniter\CodeIgniter->runController(Object(App\Controllers\Enquiry))
 8 SYSTEMPATH\CodeIgniter.php(355): CodeIgniter\CodeIgniter->handleRequest(null, Object(Config\Cache), false)
 9 SYSTEMPATH\Boot.php(334): CodeIgniter\CodeIgniter->run()
10 SYSTEMPATH\Boot.php(67): CodeIgniter\Boot::runCodeIgniter(Object(CodeIgniter\CodeIgniter))
11 FCPATH\index.php(56): CodeIgniter\Boot::bootWeb(Object(Config\Paths))
CRITICAL - 2025-11-16 08:49:17 --> [Caused by] mysqli_sql_exception: Table 'khm_touracle_db.khm_obj_room_category' doesn't exist
in SYSTEMPATH\Database\MySQLi\Connection.php on line 312.
 1 SYSTEMPATH\Database\MySQLi\Connection.php(312): mysqli->query('SELECT `itie`.*, `rc`.`room_category_name`, `mp`.`meal_plan_name`
FROM `khm_obj_enquiry_tour_itinerary_expansion` as `itie`
LEFT JOIN `khm_obj_room_category` as `rc` ON `rc`.`room_category_id` = `itie`.`room_category_id`
LEFT JOIN `khm_obj_meal_plan` as `mp` ON `mp`.`meal_plan_id` = `itie`.`meal_plan_id`
WHERE `itie`.`tour_details_id` = \'1504\'
ORDER BY `itie`.`tour_expansion_date` ASC', 0)
 2 SYSTEMPATH\Database\BaseConnection.php(734): CodeIgniter\Database\MySQLi\Connection->execute('SELECT `itie`.*, `rc`.`room_category_name`, `mp`.`meal_plan_name`
FROM `khm_obj_enquiry_tour_itinerary_expansion` as `itie`
LEFT JOIN `khm_obj_room_category` as `rc` ON `rc`.`room_category_id` = `itie`.`room_category_id`
LEFT JOIN `khm_obj_meal_plan` as `mp` ON `mp`.`meal_plan_id` = `itie`.`meal_plan_id`
WHERE `itie`.`tour_details_id` = \'1504\'
ORDER BY `itie`.`tour_expansion_date` ASC')
 3 SYSTEMPATH\Database\BaseConnection.php(648): CodeIgniter\Database\BaseConnection->simpleQuery('SELECT `itie`.*, `rc`.`room_category_name`, `mp`.`meal_plan_name`
FROM `khm_obj_enquiry_tour_itinerary_expansion` as `itie`
LEFT JOIN `khm_obj_room_category` as `rc` ON `rc`.`room_category_id` = `itie`.`room_category_id`
LEFT JOIN `khm_obj_meal_plan` as `mp` ON `mp`.`meal_plan_id` = `itie`.`meal_plan_id`
WHERE `itie`.`tour_details_id` = \'1504\'
ORDER BY `itie`.`tour_expansion_date` ASC')
 4 SYSTEMPATH\Database\BaseBuilder.php(1644): CodeIgniter\Database\BaseConnection->query('SELECT `itie`.*, `rc`.`room_category_name`, `mp`.`meal_plan_name`
FROM `khm_obj_enquiry_tour_itinerary_expansion` as `itie`
LEFT JOIN `khm_obj_room_category` as `rc` ON `rc`.`room_category_id` = `itie`.`room_category_id`
LEFT JOIN `khm_obj_meal_plan` as `mp` ON `mp`.`meal_plan_id` = `itie`.`meal_plan_id`
WHERE `itie`.`tour_details_id` = :itie.tour_details_id:
ORDER BY `itie`.`tour_expansion_date` ASC', [...], false)
 5 APPPATH\Models\Enquiry_m.php(1337): CodeIgniter\Database\BaseBuilder->get()
 6 APPPATH\Controllers\Enquiry.php(5249): App\Models\Enquiry_m->get_itinerary_expansion_grouped('1504')
 7 SYSTEMPATH\CodeIgniter.php(933): App\Controllers\Enquiry->itinerary('2800', '0')
 8 SYSTEMPATH\CodeIgniter.php(509): CodeIgniter\CodeIgniter->runController(Object(App\Controllers\Enquiry))
 9 SYSTEMPATH\CodeIgniter.php(355): CodeIgniter\CodeIgniter->handleRequest(null, Object(Config\Cache), false)
10 SYSTEMPATH\Boot.php(334): CodeIgniter\CodeIgniter->run()
11 SYSTEMPATH\Boot.php(67): CodeIgniter\Boot::runCodeIgniter(Object(CodeIgniter\CodeIgniter))
12 FCPATH\index.php(56): CodeIgniter\Boot::bootWeb(Object(Config\Paths))
ERROR - 2025-11-16 08:49:18 --> mysqli_sql_exception: Table 'khm_touracle_db.khm_obj_room_category' doesn't exist in C:\wamp64\www\khm\system\Database\MySQLi\Connection.php:312
Stack trace:
#0 C:\wamp64\www\khm\system\Database\MySQLi\Connection.php(312): mysqli->query('SELECT `itie`.*...', 0)
#1 C:\wamp64\www\khm\system\Database\BaseConnection.php(734): CodeIgniter\Database\MySQLi\Connection->execute('SELECT `itie`.*...')
#2 C:\wamp64\www\khm\system\Database\BaseConnection.php(648): CodeIgniter\Database\BaseConnection->simpleQuery('SELECT `itie`.*...')
#3 C:\wamp64\www\khm\system\Database\BaseBuilder.php(1644): CodeIgniter\Database\BaseConnection->query('SELECT `itie`.*...', Array, false)
#4 C:\wamp64\www\khm\app\Models\Enquiry_m.php(1337): CodeIgniter\Database\BaseBuilder->get()
#5 C:\wamp64\www\khm\app\Controllers\Enquiry.php(5249): App\Models\Enquiry_m->get_itinerary_expansion_grouped('1504')
#6 C:\wamp64\www\khm\system\CodeIgniter.php(933): App\Controllers\Enquiry->itinerary('2800', '0')
#7 C:\wamp64\www\khm\system\CodeIgniter.php(509): CodeIgniter\CodeIgniter->runController(Object(App\Controllers\Enquiry))
#8 C:\wamp64\www\khm\system\CodeIgniter.php(355): CodeIgniter\CodeIgniter->handleRequest(NULL, Object(Config\Cache), false)
#9 C:\wamp64\www\khm\system\Boot.php(334): CodeIgniter\CodeIgniter->run()
#10 C:\wamp64\www\khm\system\Boot.php(67): CodeIgniter\Boot::runCodeIgniter(Object(CodeIgniter\CodeIgniter))
#11 C:\wamp64\www\khm\public\index.php(56): CodeIgniter\Boot::bootWeb(Object(Config\Paths))
#12 {main}
CRITICAL - 2025-11-16 08:49:18 --> CodeIgniter\Database\Exceptions\DatabaseException: Table 'khm_touracle_db.khm_obj_room_category' doesn't exist
[Method: GET, Route: Enquiry/itinerary/2800/0]
in SYSTEMPATH\Database\BaseConnection.php on line 688.
 1 SYSTEMPATH\Database\BaseBuilder.php(1644): CodeIgniter\Database\BaseConnection->query('SELECT `itie`.*, `rc`.`room_category_name`, `mp`.`meal_plan_name`
FROM `khm_obj_enquiry_tour_itinerary_expansion` as `itie`
LEFT JOIN `khm_obj_room_category` as `rc` ON `rc`.`room_category_id` = `itie`.`room_category_id`
LEFT JOIN `khm_obj_meal_plan` as `mp` ON `mp`.`meal_plan_id` = `itie`.`meal_plan_id`
WHERE `itie`.`tour_details_id` = :itie.tour_details_id:
ORDER BY `itie`.`tour_expansion_date` ASC', [...], false)
 2 APPPATH\Models\Enquiry_m.php(1337): CodeIgniter\Database\BaseBuilder->get()
 3 APPPATH\Controllers\Enquiry.php(5249): App\Models\Enquiry_m->get_itinerary_expansion_grouped('1504')
 4 SYSTEMPATH\CodeIgniter.php(933): App\Controllers\Enquiry->itinerary('2800', '0')
 5 SYSTEMPATH\CodeIgniter.php(509): CodeIgniter\CodeIgniter->runController(Object(App\Controllers\Enquiry))
 6 SYSTEMPATH\CodeIgniter.php(355): CodeIgniter\CodeIgniter->handleRequest(null, Object(Config\Cache), false)
 7 SYSTEMPATH\Boot.php(334): CodeIgniter\CodeIgniter->run()
 8 SYSTEMPATH\Boot.php(67): CodeIgniter\Boot::runCodeIgniter(Object(CodeIgniter\CodeIgniter))
 9 FCPATH\index.php(56): CodeIgniter\Boot::bootWeb(Object(Config\Paths))
CRITICAL - 2025-11-16 08:49:18 --> [Caused by] CodeIgniter\Database\Exceptions\DatabaseException: Table 'khm_touracle_db.khm_obj_room_category' doesn't exist
in SYSTEMPATH\Database\MySQLi\Connection.php on line 317.
 1 SYSTEMPATH\Database\BaseConnection.php(734): CodeIgniter\Database\MySQLi\Connection->execute('SELECT `itie`.*, `rc`.`room_category_name`, `mp`.`meal_plan_name`
FROM `khm_obj_enquiry_tour_itinerary_expansion` as `itie`
LEFT JOIN `khm_obj_room_category` as `rc` ON `rc`.`room_category_id` = `itie`.`room_category_id`
LEFT JOIN `khm_obj_meal_plan` as `mp` ON `mp`.`meal_plan_id` = `itie`.`meal_plan_id`
WHERE `itie`.`tour_details_id` = \'1504\'
ORDER BY `itie`.`tour_expansion_date` ASC')
 2 SYSTEMPATH\Database\BaseConnection.php(648): CodeIgniter\Database\BaseConnection->simpleQuery('SELECT `itie`.*, `rc`.`room_category_name`, `mp`.`meal_plan_name`
FROM `khm_obj_enquiry_tour_itinerary_expansion` as `itie`
LEFT JOIN `khm_obj_room_category` as `rc` ON `rc`.`room_category_id` = `itie`.`room_category_id`
LEFT JOIN `khm_obj_meal_plan` as `mp` ON `mp`.`meal_plan_id` = `itie`.`meal_plan_id`
WHERE `itie`.`tour_details_id` = \'1504\'
ORDER BY `itie`.`tour_expansion_date` ASC')
 3 SYSTEMPATH\Database\BaseBuilder.php(1644): CodeIgniter\Database\BaseConnection->query('SELECT `itie`.*, `rc`.`room_category_name`, `mp`.`meal_plan_name`
FROM `khm_obj_enquiry_tour_itinerary_expansion` as `itie`
LEFT JOIN `khm_obj_room_category` as `rc` ON `rc`.`room_category_id` = `itie`.`room_category_id`
LEFT JOIN `khm_obj_meal_plan` as `mp` ON `mp`.`meal_plan_id` = `itie`.`meal_plan_id`
WHERE `itie`.`tour_details_id` = :itie.tour_details_id:
ORDER BY `itie`.`tour_expansion_date` ASC', [...], false)
 4 APPPATH\Models\Enquiry_m.php(1337): CodeIgniter\Database\BaseBuilder->get()
 5 APPPATH\Controllers\Enquiry.php(5249): App\Models\Enquiry_m->get_itinerary_expansion_grouped('1504')
 6 SYSTEMPATH\CodeIgniter.php(933): App\Controllers\Enquiry->itinerary('2800', '0')
 7 SYSTEMPATH\CodeIgniter.php(509): CodeIgniter\CodeIgniter->runController(Object(App\Controllers\Enquiry))
 8 SYSTEMPATH\CodeIgniter.php(355): CodeIgniter\CodeIgniter->handleRequest(null, Object(Config\Cache), false)
 9 SYSTEMPATH\Boot.php(334): CodeIgniter\CodeIgniter->run()
10 SYSTEMPATH\Boot.php(67): CodeIgniter\Boot::runCodeIgniter(Object(CodeIgniter\CodeIgniter))
11 FCPATH\index.php(56): CodeIgniter\Boot::bootWeb(Object(Config\Paths))
CRITICAL - 2025-11-16 08:49:18 --> [Caused by] mysqli_sql_exception: Table 'khm_touracle_db.khm_obj_room_category' doesn't exist
in SYSTEMPATH\Database\MySQLi\Connection.php on line 312.
 1 SYSTEMPATH\Database\MySQLi\Connection.php(312): mysqli->query('SELECT `itie`.*, `rc`.`room_category_name`, `mp`.`meal_plan_name`
FROM `khm_obj_enquiry_tour_itinerary_expansion` as `itie`
LEFT JOIN `khm_obj_room_category` as `rc` ON `rc`.`room_category_id` = `itie`.`room_category_id`
LEFT JOIN `khm_obj_meal_plan` as `mp` ON `mp`.`meal_plan_id` = `itie`.`meal_plan_id`
WHERE `itie`.`tour_details_id` = \'1504\'
ORDER BY `itie`.`tour_expansion_date` ASC', 0)
 2 SYSTEMPATH\Database\BaseConnection.php(734): CodeIgniter\Database\MySQLi\Connection->execute('SELECT `itie`.*, `rc`.`room_category_name`, `mp`.`meal_plan_name`
FROM `khm_obj_enquiry_tour_itinerary_expansion` as `itie`
LEFT JOIN `khm_obj_room_category` as `rc` ON `rc`.`room_category_id` = `itie`.`room_category_id`
LEFT JOIN `khm_obj_meal_plan` as `mp` ON `mp`.`meal_plan_id` = `itie`.`meal_plan_id`
WHERE `itie`.`tour_details_id` = \'1504\'
ORDER BY `itie`.`tour_expansion_date` ASC')
 3 SYSTEMPATH\Database\BaseConnection.php(648): CodeIgniter\Database\BaseConnection->simpleQuery('SELECT `itie`.*, `rc`.`room_category_name`, `mp`.`meal_plan_name`
FROM `khm_obj_enquiry_tour_itinerary_expansion` as `itie`
LEFT JOIN `khm_obj_room_category` as `rc` ON `rc`.`room_category_id` = `itie`.`room_category_id`
LEFT JOIN `khm_obj_meal_plan` as `mp` ON `mp`.`meal_plan_id` = `itie`.`meal_plan_id`
WHERE `itie`.`tour_details_id` = \'1504\'
ORDER BY `itie`.`tour_expansion_date` ASC')
 4 SYSTEMPATH\Database\BaseBuilder.php(1644): CodeIgniter\Database\BaseConnection->query('SELECT `itie`.*, `rc`.`room_category_name`, `mp`.`meal_plan_name`
FROM `khm_obj_enquiry_tour_itinerary_expansion` as `itie`
LEFT JOIN `khm_obj_room_category` as `rc` ON `rc`.`room_category_id` = `itie`.`room_category_id`
LEFT JOIN `khm_obj_meal_plan` as `mp` ON `mp`.`meal_plan_id` = `itie`.`meal_plan_id`
WHERE `itie`.`tour_details_id` = :itie.tour_details_id:
ORDER BY `itie`.`tour_expansion_date` ASC', [...], false)
 5 APPPATH\Models\Enquiry_m.php(1337): CodeIgniter\Database\BaseBuilder->get()
 6 APPPATH\Controllers\Enquiry.php(5249): App\Models\Enquiry_m->get_itinerary_expansion_grouped('1504')
 7 SYSTEMPATH\CodeIgniter.php(933): App\Controllers\Enquiry->itinerary('2800', '0')
 8 SYSTEMPATH\CodeIgniter.php(509): CodeIgniter\CodeIgniter->runController(Object(App\Controllers\Enquiry))
 9 SYSTEMPATH\CodeIgniter.php(355): CodeIgniter\CodeIgniter->handleRequest(null, Object(Config\Cache), false)
10 SYSTEMPATH\Boot.php(334): CodeIgniter\CodeIgniter->run()
11 SYSTEMPATH\Boot.php(67): CodeIgniter\Boot::runCodeIgniter(Object(CodeIgniter\CodeIgniter))
12 FCPATH\index.php(56): CodeIgniter\Boot::bootWeb(Object(Config\Paths))
CRITICAL - 2025-11-16 08:49:53 --> ErrorException: Undefined array key "tour_expansion_date"
[Method: GET, Route: Enquiry/itinerary/2800/0]
in APPPATH\Views\enquiry\itinerary_view.php on line 1492.
 1 APPPATH\Views\enquiry\itinerary_view.php(1492): CodeIgniter\Debug\Exceptions->errorHandler(2, 'Undefined array key "tour_expansion_date"', 'C:\\wamp64\\www\\khm\\app\\Views\\enquiry\\itinerary_view.php', 1492)
 2 SYSTEMPATH\View\View.php(234): include('C:\\wamp64\\www\\khm\\app\\Views\\enquiry\\itinerary_view.php')
 3 SYSTEMPATH\View\View.php(237): CodeIgniter\View\View->CodeIgniter\View\{closure}()
 4 SYSTEMPATH\Common.php(1171): CodeIgniter\View\View->render('enquiry/itinerary_view', [], true)
 5 APPPATH\Controllers\Enquiry.php(5425): view('enquiry/itinerary_view', [...])
 6 SYSTEMPATH\CodeIgniter.php(933): App\Controllers\Enquiry->itinerary('2800', '0')
 7 SYSTEMPATH\CodeIgniter.php(509): CodeIgniter\CodeIgniter->runController(Object(App\Controllers\Enquiry))
 8 SYSTEMPATH\CodeIgniter.php(355): CodeIgniter\CodeIgniter->handleRequest(null, Object(Config\Cache), false)
 9 SYSTEMPATH\Boot.php(334): CodeIgniter\CodeIgniter->run()
10 SYSTEMPATH\Boot.php(67): CodeIgniter\Boot::runCodeIgniter(Object(CodeIgniter\CodeIgniter))
11 FCPATH\index.php(56): CodeIgniter\Boot::bootWeb(Object(Config\Paths))
CRITICAL - 2025-11-16 08:58:10 --> ErrorException: Undefined array key "tour_expansion_date"
[Method: GET, Route: Enquiry/itinerary/2800/0]
in APPPATH\Views\enquiry\itinerary_view.php on line 1492.
 1 APPPATH\Views\enquiry\itinerary_view.php(1492): CodeIgniter\Debug\Exceptions->errorHandler(2, 'Undefined array key "tour_expansion_date"', 'C:\\wamp64\\www\\khm\\app\\Views\\enquiry\\itinerary_view.php', 1492)
 2 SYSTEMPATH\View\View.php(234): include('C:\\wamp64\\www\\khm\\app\\Views\\enquiry\\itinerary_view.php')
 3 SYSTEMPATH\View\View.php(237): CodeIgniter\View\View->CodeIgniter\View\{closure}()
 4 SYSTEMPATH\Common.php(1171): CodeIgniter\View\View->render('enquiry/itinerary_view', [], true)
 5 APPPATH\Controllers\Enquiry.php(5425): view('enquiry/itinerary_view', [...])
 6 SYSTEMPATH\CodeIgniter.php(933): App\Controllers\Enquiry->itinerary('2800', '0')
 7 SYSTEMPATH\CodeIgniter.php(509): CodeIgniter\CodeIgniter->runController(Object(App\Controllers\Enquiry))
 8 SYSTEMPATH\CodeIgniter.php(355): CodeIgniter\CodeIgniter->handleRequest(null, Object(Config\Cache), false)
 9 SYSTEMPATH\Boot.php(334): CodeIgniter\CodeIgniter->run()
10 SYSTEMPATH\Boot.php(67): CodeIgniter\Boot::runCodeIgniter(Object(CodeIgniter\CodeIgniter))
11 FCPATH\index.php(56): CodeIgniter\Boot::bootWeb(Object(Config\Paths))
CRITICAL - 2025-11-16 09:02:32 --> ErrorException: Undefined array key "boolean_value"
[Method: POST, Route: Enquiry/getTourRoomCategoryDraft]
in APPPATH\Models\Enquiry_m.php on line 716.
 1 APPPATH\Models\Enquiry_m.php(716): CodeIgniter\Debug\Exceptions->errorHandler(2, 'Undefined array key "boolean_value"', 'C:\\wamp64\\www\\khm\\app\\Models\\Enquiry_m.php', 716)
 2 APPPATH\Controllers\Enquiry.php(903): App\Models\Enquiry_m->getTourRoomCategoryDraft('1502', '3116', '3', '3')
 3 SYSTEMPATH\CodeIgniter.php(933): App\Controllers\Enquiry->getTourRoomCategoryDraft()
 4 SYSTEMPATH\CodeIgniter.php(509): CodeIgniter\CodeIgniter->runController(Object(App\Controllers\Enquiry))
 5 SYSTEMPATH\CodeIgniter.php(355): CodeIgniter\CodeIgniter->handleRequest(null, Object(Config\Cache), false)
 6 SYSTEMPATH\Boot.php(334): CodeIgniter\CodeIgniter->run()
 7 SYSTEMPATH\Boot.php(67): CodeIgniter\Boot::runCodeIgniter(Object(CodeIgniter\CodeIgniter))
 8 FCPATH\index.php(56): CodeIgniter\Boot::bootWeb(Object(Config\Paths))
ERROR - 2025-11-16 09:22:31 --> mysqli_sql_exception: Table 'khm_touracle_db.khm_obj_room_category' doesn't exist in C:\wamp64\www\khm\system\Database\MySQLi\Connection.php:312
Stack trace:
#0 C:\wamp64\www\khm\system\Database\MySQLi\Connection.php(312): mysqli->query('SELECT `itie`.*...', 0)
#1 C:\wamp64\www\khm\system\Database\BaseConnection.php(734): CodeIgniter\Database\MySQLi\Connection->execute('SELECT `itie`.*...')
#2 C:\wamp64\www\khm\system\Database\BaseConnection.php(648): CodeIgniter\Database\BaseConnection->simpleQuery('SELECT `itie`.*...')
#3 C:\wamp64\www\khm\system\Database\BaseBuilder.php(1644): CodeIgniter\Database\BaseConnection->query('SELECT `itie`.*...', Array, false)
#4 C:\wamp64\www\khm\app\Models\Enquiry_m.php(1341): CodeIgniter\Database\BaseBuilder->get()
#5 C:\wamp64\www\khm\app\Controllers\Enquiry.php(5282): App\Models\Enquiry_m->get_itinerary_expansion_grouped(Array)
#6 C:\wamp64\www\khm\system\CodeIgniter.php(933): App\Controllers\Enquiry->itinerary('2800', '0')
#7 C:\wamp64\www\khm\system\CodeIgniter.php(509): CodeIgniter\CodeIgniter->runController(Object(App\Controllers\Enquiry))
#8 C:\wamp64\www\khm\system\CodeIgniter.php(355): CodeIgniter\CodeIgniter->handleRequest(NULL, Object(Config\Cache), false)
#9 C:\wamp64\www\khm\system\Boot.php(334): CodeIgniter\CodeIgniter->run()
#10 C:\wamp64\www\khm\system\Boot.php(67): CodeIgniter\Boot::runCodeIgniter(Object(CodeIgniter\CodeIgniter))
#11 C:\wamp64\www\khm\public\index.php(56): CodeIgniter\Boot::bootWeb(Object(Config\Paths))
#12 {main}
CRITICAL - 2025-11-16 09:22:31 --> CodeIgniter\Database\Exceptions\DatabaseException: Table 'khm_touracle_db.khm_obj_room_category' doesn't exist
[Method: GET, Route: Enquiry/itinerary/2800/0]
in SYSTEMPATH\Database\BaseConnection.php on line 688.
 1 SYSTEMPATH\Database\BaseBuilder.php(1644): CodeIgniter\Database\BaseConnection->query('SELECT `itie`.*, `rc`.`room_category_name`, `mp`.`meal_plan_name`
FROM `khm_obj_enquiry_tour_itinerary_expansion` as `itie`
LEFT JOIN `khm_obj_room_category` as `rc` ON `rc`.`room_category_id` = `itie`.`room_category_id`
LEFT JOIN `khm_obj_meal_plan` as `mp` ON `mp`.`meal_plan_id` = `itie`.`meal_plan_id`
WHERE `itie`.`itinerary_details_id` IN :itie.itinerary_details_id:
ORDER BY `itie`.`tour_expansion_date` ASC', [...], false)
 2 APPPATH\Models\Enquiry_m.php(1341): CodeIgniter\Database\BaseBuilder->get()
 3 APPPATH\Controllers\Enquiry.php(5282): App\Models\Enquiry_m->get_itinerary_expansion_grouped([...])
 4 SYSTEMPATH\CodeIgniter.php(933): App\Controllers\Enquiry->itinerary('2800', '0')
 5 SYSTEMPATH\CodeIgniter.php(509): CodeIgniter\CodeIgniter->runController(Object(App\Controllers\Enquiry))
 6 SYSTEMPATH\CodeIgniter.php(355): CodeIgniter\CodeIgniter->handleRequest(null, Object(Config\Cache), false)
 7 SYSTEMPATH\Boot.php(334): CodeIgniter\CodeIgniter->run()
 8 SYSTEMPATH\Boot.php(67): CodeIgniter\Boot::runCodeIgniter(Object(CodeIgniter\CodeIgniter))
 9 FCPATH\index.php(56): CodeIgniter\Boot::bootWeb(Object(Config\Paths))
CRITICAL - 2025-11-16 09:22:31 --> [Caused by] CodeIgniter\Database\Exceptions\DatabaseException: Table 'khm_touracle_db.khm_obj_room_category' doesn't exist
in SYSTEMPATH\Database\MySQLi\Connection.php on line 317.
 1 SYSTEMPATH\Database\BaseConnection.php(734): CodeIgniter\Database\MySQLi\Connection->execute('SELECT `itie`.*, `rc`.`room_category_name`, `mp`.`meal_plan_name`
FROM `khm_obj_enquiry_tour_itinerary_expansion` as `itie`
LEFT JOIN `khm_obj_room_category` as `rc` ON `rc`.`room_category_id` = `itie`.`room_category_id`
LEFT JOIN `khm_obj_meal_plan` as `mp` ON `mp`.`meal_plan_id` = `itie`.`meal_plan_id`
WHERE `itie`.`itinerary_details_id` IN (\'2322\',\'2323\',\'2324\',\'2325\')
ORDER BY `itie`.`tour_expansion_date` ASC')
 2 SYSTEMPATH\Database\BaseConnection.php(648): CodeIgniter\Database\BaseConnection->simpleQuery('SELECT `itie`.*, `rc`.`room_category_name`, `mp`.`meal_plan_name`
FROM `khm_obj_enquiry_tour_itinerary_expansion` as `itie`
LEFT JOIN `khm_obj_room_category` as `rc` ON `rc`.`room_category_id` = `itie`.`room_category_id`
LEFT JOIN `khm_obj_meal_plan` as `mp` ON `mp`.`meal_plan_id` = `itie`.`meal_plan_id`
WHERE `itie`.`itinerary_details_id` IN (\'2322\',\'2323\',\'2324\',\'2325\')
ORDER BY `itie`.`tour_expansion_date` ASC')
 3 SYSTEMPATH\Database\BaseBuilder.php(1644): CodeIgniter\Database\BaseConnection->query('SELECT `itie`.*, `rc`.`room_category_name`, `mp`.`meal_plan_name`
FROM `khm_obj_enquiry_tour_itinerary_expansion` as `itie`
LEFT JOIN `khm_obj_room_category` as `rc` ON `rc`.`room_category_id` = `itie`.`room_category_id`
LEFT JOIN `khm_obj_meal_plan` as `mp` ON `mp`.`meal_plan_id` = `itie`.`meal_plan_id`
WHERE `itie`.`itinerary_details_id` IN :itie.itinerary_details_id:
ORDER BY `itie`.`tour_expansion_date` ASC', [...], false)
 4 APPPATH\Models\Enquiry_m.php(1341): CodeIgniter\Database\BaseBuilder->get()
 5 APPPATH\Controllers\Enquiry.php(5282): App\Models\Enquiry_m->get_itinerary_expansion_grouped([...])
 6 SYSTEMPATH\CodeIgniter.php(933): App\Controllers\Enquiry->itinerary('2800', '0')
 7 SYSTEMPATH\CodeIgniter.php(509): CodeIgniter\CodeIgniter->runController(Object(App\Controllers\Enquiry))
 8 SYSTEMPATH\CodeIgniter.php(355): CodeIgniter\CodeIgniter->handleRequest(null, Object(Config\Cache), false)
 9 SYSTEMPATH\Boot.php(334): CodeIgniter\CodeIgniter->run()
10 SYSTEMPATH\Boot.php(67): CodeIgniter\Boot::runCodeIgniter(Object(CodeIgniter\CodeIgniter))
11 FCPATH\index.php(56): CodeIgniter\Boot::bootWeb(Object(Config\Paths))
CRITICAL - 2025-11-16 09:22:31 --> [Caused by] mysqli_sql_exception: Table 'khm_touracle_db.khm_obj_room_category' doesn't exist
in SYSTEMPATH\Database\MySQLi\Connection.php on line 312.
 1 SYSTEMPATH\Database\MySQLi\Connection.php(312): mysqli->query('SELECT `itie`.*, `rc`.`room_category_name`, `mp`.`meal_plan_name`
FROM `khm_obj_enquiry_tour_itinerary_expansion` as `itie`
LEFT JOIN `khm_obj_room_category` as `rc` ON `rc`.`room_category_id` = `itie`.`room_category_id`
LEFT JOIN `khm_obj_meal_plan` as `mp` ON `mp`.`meal_plan_id` = `itie`.`meal_plan_id`
WHERE `itie`.`itinerary_details_id` IN (\'2322\',\'2323\',\'2324\',\'2325\')
ORDER BY `itie`.`tour_expansion_date` ASC', 0)
 2 SYSTEMPATH\Database\BaseConnection.php(734): CodeIgniter\Database\MySQLi\Connection->execute('SELECT `itie`.*, `rc`.`room_category_name`, `mp`.`meal_plan_name`
FROM `khm_obj_enquiry_tour_itinerary_expansion` as `itie`
LEFT JOIN `khm_obj_room_category` as `rc` ON `rc`.`room_category_id` = `itie`.`room_category_id`
LEFT JOIN `khm_obj_meal_plan` as `mp` ON `mp`.`meal_plan_id` = `itie`.`meal_plan_id`
WHERE `itie`.`itinerary_details_id` IN (\'2322\',\'2323\',\'2324\',\'2325\')
ORDER BY `itie`.`tour_expansion_date` ASC')
 3 SYSTEMPATH\Database\BaseConnection.php(648): CodeIgniter\Database\BaseConnection->simpleQuery('SELECT `itie`.*, `rc`.`room_category_name`, `mp`.`meal_plan_name`
FROM `khm_obj_enquiry_tour_itinerary_expansion` as `itie`
LEFT JOIN `khm_obj_room_category` as `rc` ON `rc`.`room_category_id` = `itie`.`room_category_id`
LEFT JOIN `khm_obj_meal_plan` as `mp` ON `mp`.`meal_plan_id` = `itie`.`meal_plan_id`
WHERE `itie`.`itinerary_details_id` IN (\'2322\',\'2323\',\'2324\',\'2325\')
ORDER BY `itie`.`tour_expansion_date` ASC')
 4 SYSTEMPATH\Database\BaseBuilder.php(1644): CodeIgniter\Database\BaseConnection->query('SELECT `itie`.*, `rc`.`room_category_name`, `mp`.`meal_plan_name`
FROM `khm_obj_enquiry_tour_itinerary_expansion` as `itie`
LEFT JOIN `khm_obj_room_category` as `rc` ON `rc`.`room_category_id` = `itie`.`room_category_id`
LEFT JOIN `khm_obj_meal_plan` as `mp` ON `mp`.`meal_plan_id` = `itie`.`meal_plan_id`
WHERE `itie`.`itinerary_details_id` IN :itie.itinerary_details_id:
ORDER BY `itie`.`tour_expansion_date` ASC', [...], false)
 5 APPPATH\Models\Enquiry_m.php(1341): CodeIgniter\Database\BaseBuilder->get()
 6 APPPATH\Controllers\Enquiry.php(5282): App\Models\Enquiry_m->get_itinerary_expansion_grouped([...])
 7 SYSTEMPATH\CodeIgniter.php(933): App\Controllers\Enquiry->itinerary('2800', '0')
 8 SYSTEMPATH\CodeIgniter.php(509): CodeIgniter\CodeIgniter->runController(Object(App\Controllers\Enquiry))
 9 SYSTEMPATH\CodeIgniter.php(355): CodeIgniter\CodeIgniter->handleRequest(null, Object(Config\Cache), false)
10 SYSTEMPATH\Boot.php(334): CodeIgniter\CodeIgniter->run()
11 SYSTEMPATH\Boot.php(67): CodeIgniter\Boot::runCodeIgniter(Object(CodeIgniter\CodeIgniter))
12 FCPATH\index.php(56): CodeIgniter\Boot::bootWeb(Object(Config\Paths))
ERROR - 2025-11-16 09:22:36 --> mysqli_sql_exception: Table 'khm_touracle_db.khm_obj_room_category' doesn't exist in C:\wamp64\www\khm\system\Database\MySQLi\Connection.php:312
Stack trace:
#0 C:\wamp64\www\khm\system\Database\MySQLi\Connection.php(312): mysqli->query('SELECT `itie`.*...', 0)
#1 C:\wamp64\www\khm\system\Database\BaseConnection.php(734): CodeIgniter\Database\MySQLi\Connection->execute('SELECT `itie`.*...')
#2 C:\wamp64\www\khm\system\Database\BaseConnection.php(648): CodeIgniter\Database\BaseConnection->simpleQuery('SELECT `itie`.*...')
#3 C:\wamp64\www\khm\system\Database\BaseBuilder.php(1644): CodeIgniter\Database\BaseConnection->query('SELECT `itie`.*...', Array, false)
#4 C:\wamp64\www\khm\app\Models\Enquiry_m.php(1341): CodeIgniter\Database\BaseBuilder->get()
#5 C:\wamp64\www\khm\app\Controllers\Enquiry.php(5282): App\Models\Enquiry_m->get_itinerary_expansion_grouped(Array)
#6 C:\wamp64\www\khm\system\CodeIgniter.php(933): App\Controllers\Enquiry->itinerary('2800', '0')
#7 C:\wamp64\www\khm\system\CodeIgniter.php(509): CodeIgniter\CodeIgniter->runController(Object(App\Controllers\Enquiry))
#8 C:\wamp64\www\khm\system\CodeIgniter.php(355): CodeIgniter\CodeIgniter->handleRequest(NULL, Object(Config\Cache), false)
#9 C:\wamp64\www\khm\system\Boot.php(334): CodeIgniter\CodeIgniter->run()
#10 C:\wamp64\www\khm\system\Boot.php(67): CodeIgniter\Boot::runCodeIgniter(Object(CodeIgniter\CodeIgniter))
#11 C:\wamp64\www\khm\public\index.php(56): CodeIgniter\Boot::bootWeb(Object(Config\Paths))
#12 {main}
CRITICAL - 2025-11-16 09:22:36 --> CodeIgniter\Database\Exceptions\DatabaseException: Table 'khm_touracle_db.khm_obj_room_category' doesn't exist
[Method: GET, Route: Enquiry/itinerary/2800/0]
in SYSTEMPATH\Database\BaseConnection.php on line 688.
 1 SYSTEMPATH\Database\BaseBuilder.php(1644): CodeIgniter\Database\BaseConnection->query('SELECT `itie`.*, `rc`.`room_category_name`, `mp`.`meal_plan_name`
FROM `khm_obj_enquiry_tour_itinerary_expansion` as `itie`
LEFT JOIN `khm_obj_room_category` as `rc` ON `rc`.`room_category_id` = `itie`.`room_category_id`
LEFT JOIN `khm_obj_meal_plan` as `mp` ON `mp`.`meal_plan_id` = `itie`.`meal_plan_id`
WHERE `itie`.`itinerary_details_id` IN :itie.itinerary_details_id:
ORDER BY `itie`.`tour_expansion_date` ASC', [...], false)
 2 APPPATH\Models\Enquiry_m.php(1341): CodeIgniter\Database\BaseBuilder->get()
 3 APPPATH\Controllers\Enquiry.php(5282): App\Models\Enquiry_m->get_itinerary_expansion_grouped([...])
 4 SYSTEMPATH\CodeIgniter.php(933): App\Controllers\Enquiry->itinerary('2800', '0')
 5 SYSTEMPATH\CodeIgniter.php(509): CodeIgniter\CodeIgniter->runController(Object(App\Controllers\Enquiry))
 6 SYSTEMPATH\CodeIgniter.php(355): CodeIgniter\CodeIgniter->handleRequest(null, Object(Config\Cache), false)
 7 SYSTEMPATH\Boot.php(334): CodeIgniter\CodeIgniter->run()
 8 SYSTEMPATH\Boot.php(67): CodeIgniter\Boot::runCodeIgniter(Object(CodeIgniter\CodeIgniter))
 9 FCPATH\index.php(56): CodeIgniter\Boot::bootWeb(Object(Config\Paths))
CRITICAL - 2025-11-16 09:22:36 --> [Caused by] CodeIgniter\Database\Exceptions\DatabaseException: Table 'khm_touracle_db.khm_obj_room_category' doesn't exist
in SYSTEMPATH\Database\MySQLi\Connection.php on line 317.
 1 SYSTEMPATH\Database\BaseConnection.php(734): CodeIgniter\Database\MySQLi\Connection->execute('SELECT `itie`.*, `rc`.`room_category_name`, `mp`.`meal_plan_name`
FROM `khm_obj_enquiry_tour_itinerary_expansion` as `itie`
LEFT JOIN `khm_obj_room_category` as `rc` ON `rc`.`room_category_id` = `itie`.`room_category_id`
LEFT JOIN `khm_obj_meal_plan` as `mp` ON `mp`.`meal_plan_id` = `itie`.`meal_plan_id`
WHERE `itie`.`itinerary_details_id` IN (\'2322\',\'2323\',\'2324\',\'2325\')
ORDER BY `itie`.`tour_expansion_date` ASC')
 2 SYSTEMPATH\Database\BaseConnection.php(648): CodeIgniter\Database\BaseConnection->simpleQuery('SELECT `itie`.*, `rc`.`room_category_name`, `mp`.`meal_plan_name`
FROM `khm_obj_enquiry_tour_itinerary_expansion` as `itie`
LEFT JOIN `khm_obj_room_category` as `rc` ON `rc`.`room_category_id` = `itie`.`room_category_id`
LEFT JOIN `khm_obj_meal_plan` as `mp` ON `mp`.`meal_plan_id` = `itie`.`meal_plan_id`
WHERE `itie`.`itinerary_details_id` IN (\'2322\',\'2323\',\'2324\',\'2325\')
ORDER BY `itie`.`tour_expansion_date` ASC')
 3 SYSTEMPATH\Database\BaseBuilder.php(1644): CodeIgniter\Database\BaseConnection->query('SELECT `itie`.*, `rc`.`room_category_name`, `mp`.`meal_plan_name`
FROM `khm_obj_enquiry_tour_itinerary_expansion` as `itie`
LEFT JOIN `khm_obj_room_category` as `rc` ON `rc`.`room_category_id` = `itie`.`room_category_id`
LEFT JOIN `khm_obj_meal_plan` as `mp` ON `mp`.`meal_plan_id` = `itie`.`meal_plan_id`
WHERE `itie`.`itinerary_details_id` IN :itie.itinerary_details_id:
ORDER BY `itie`.`tour_expansion_date` ASC', [...], false)
 4 APPPATH\Models\Enquiry_m.php(1341): CodeIgniter\Database\BaseBuilder->get()
 5 APPPATH\Controllers\Enquiry.php(5282): App\Models\Enquiry_m->get_itinerary_expansion_grouped([...])
 6 SYSTEMPATH\CodeIgniter.php(933): App\Controllers\Enquiry->itinerary('2800', '0')
 7 SYSTEMPATH\CodeIgniter.php(509): CodeIgniter\CodeIgniter->runController(Object(App\Controllers\Enquiry))
 8 SYSTEMPATH\CodeIgniter.php(355): CodeIgniter\CodeIgniter->handleRequest(null, Object(Config\Cache), false)
 9 SYSTEMPATH\Boot.php(334): CodeIgniter\CodeIgniter->run()
10 SYSTEMPATH\Boot.php(67): CodeIgniter\Boot::runCodeIgniter(Object(CodeIgniter\CodeIgniter))
11 FCPATH\index.php(56): CodeIgniter\Boot::bootWeb(Object(Config\Paths))
CRITICAL - 2025-11-16 09:22:36 --> [Caused by] mysqli_sql_exception: Table 'khm_touracle_db.khm_obj_room_category' doesn't exist
in SYSTEMPATH\Database\MySQLi\Connection.php on line 312.
 1 SYSTEMPATH\Database\MySQLi\Connection.php(312): mysqli->query('SELECT `itie`.*, `rc`.`room_category_name`, `mp`.`meal_plan_name`
FROM `khm_obj_enquiry_tour_itinerary_expansion` as `itie`
LEFT JOIN `khm_obj_room_category` as `rc` ON `rc`.`room_category_id` = `itie`.`room_category_id`
LEFT JOIN `khm_obj_meal_plan` as `mp` ON `mp`.`meal_plan_id` = `itie`.`meal_plan_id`
WHERE `itie`.`itinerary_details_id` IN (\'2322\',\'2323\',\'2324\',\'2325\')
ORDER BY `itie`.`tour_expansion_date` ASC', 0)
 2 SYSTEMPATH\Database\BaseConnection.php(734): CodeIgniter\Database\MySQLi\Connection->execute('SELECT `itie`.*, `rc`.`room_category_name`, `mp`.`meal_plan_name`
FROM `khm_obj_enquiry_tour_itinerary_expansion` as `itie`
LEFT JOIN `khm_obj_room_category` as `rc` ON `rc`.`room_category_id` = `itie`.`room_category_id`
LEFT JOIN `khm_obj_meal_plan` as `mp` ON `mp`.`meal_plan_id` = `itie`.`meal_plan_id`
WHERE `itie`.`itinerary_details_id` IN (\'2322\',\'2323\',\'2324\',\'2325\')
ORDER BY `itie`.`tour_expansion_date` ASC')
 3 SYSTEMPATH\Database\BaseConnection.php(648): CodeIgniter\Database\BaseConnection->simpleQuery('SELECT `itie`.*, `rc`.`room_category_name`, `mp`.`meal_plan_name`
FROM `khm_obj_enquiry_tour_itinerary_expansion` as `itie`
LEFT JOIN `khm_obj_room_category` as `rc` ON `rc`.`room_category_id` = `itie`.`room_category_id`
LEFT JOIN `khm_obj_meal_plan` as `mp` ON `mp`.`meal_plan_id` = `itie`.`meal_plan_id`
WHERE `itie`.`itinerary_details_id` IN (\'2322\',\'2323\',\'2324\',\'2325\')
ORDER BY `itie`.`tour_expansion_date` ASC')
 4 SYSTEMPATH\Database\BaseBuilder.php(1644): CodeIgniter\Database\BaseConnection->query('SELECT `itie`.*, `rc`.`room_category_name`, `mp`.`meal_plan_name`
FROM `khm_obj_enquiry_tour_itinerary_expansion` as `itie`
LEFT JOIN `khm_obj_room_category` as `rc` ON `rc`.`room_category_id` = `itie`.`room_category_id`
LEFT JOIN `khm_obj_meal_plan` as `mp` ON `mp`.`meal_plan_id` = `itie`.`meal_plan_id`
WHERE `itie`.`itinerary_details_id` IN :itie.itinerary_details_id:
ORDER BY `itie`.`tour_expansion_date` ASC', [...], false)
 5 APPPATH\Models\Enquiry_m.php(1341): CodeIgniter\Database\BaseBuilder->get()
 6 APPPATH\Controllers\Enquiry.php(5282): App\Models\Enquiry_m->get_itinerary_expansion_grouped([...])
 7 SYSTEMPATH\CodeIgniter.php(933): App\Controllers\Enquiry->itinerary('2800', '0')
 8 SYSTEMPATH\CodeIgniter.php(509): CodeIgniter\CodeIgniter->runController(Object(App\Controllers\Enquiry))
 9 SYSTEMPATH\CodeIgniter.php(355): CodeIgniter\CodeIgniter->handleRequest(null, Object(Config\Cache), false)
10 SYSTEMPATH\Boot.php(334): CodeIgniter\CodeIgniter->run()
11 SYSTEMPATH\Boot.php(67): CodeIgniter\Boot::runCodeIgniter(Object(CodeIgniter\CodeIgniter))
12 FCPATH\index.php(56): CodeIgniter\Boot::bootWeb(Object(Config\Paths))
ERROR - 2025-11-16 15:54:43 --> Email: Unable to send email using SMTP. Your server might not be configured to send mail using this method.
ERROR - 2025-11-16 15:54:43 --> 220 smtp.gmail.com ESMTP d9443c01a7336-2985c1800ebsm107866495ad.0 - gsmtp

hello: 250-smtp.gmail.com at your service, [103.38.15.23]
250-SIZE 35882577
250-8BITMIME
250-AUTH LOGIN PLAIN XOAUTH2 PLAIN-CLIENTTOKEN OAUTHBEARER XOAUTH
250-ENHANCEDSTATUSCODES
250-PIPELINING
250-CHUNKING
250 SMTPUTF8

Failed to authenticate password. Error: 535-5.7.8 Username and Password not accepted. For more information, go to
535 5.7.8  https://support.google.com/mail/?p=BadCredentials d9443c01a7336-2985c1800ebsm107866495ad.0 - gsmtp

CRITICAL - 2025-11-16 10:59:40 --> CodeIgniter\Database\Exceptions\DatabaseException: You must set the database table to be used with your query.
[Method: GET, Route: Enquiry/itinerary/2801/1]
in SYSTEMPATH\Database\BaseConnection.php on line 927.
 1 SYSTEMPATH\Model.php(714): CodeIgniter\Database\BaseConnection->table(null)
 2 SYSTEMPATH\Model.php(920): CodeIgniter\Model->builder()
 3 APPPATH\Controllers\Enquiry.php(5284): CodeIgniter\Model->__call('get_itinerary_expansion_by_tour_details', [...])
 4 SYSTEMPATH\CodeIgniter.php(933): App\Controllers\Enquiry->itinerary('2801', '1')
 5 SYSTEMPATH\CodeIgniter.php(509): CodeIgniter\CodeIgniter->runController(Object(App\Controllers\Enquiry))
 6 SYSTEMPATH\CodeIgniter.php(355): CodeIgniter\CodeIgniter->handleRequest(null, Object(Config\Cache), false)
 7 SYSTEMPATH\Boot.php(334): CodeIgniter\CodeIgniter->run()
 8 SYSTEMPATH\Boot.php(67): CodeIgniter\Boot::runCodeIgniter(Object(CodeIgniter\CodeIgniter))
 9 FCPATH\index.php(56): CodeIgniter\Boot::bootWeb(Object(Config\Paths))
CRITICAL - 2025-11-16 10:59:42 --> CodeIgniter\Database\Exceptions\DatabaseException: You must set the database table to be used with your query.
[Method: GET, Route: Enquiry/itinerary/2801/1]
in SYSTEMPATH\Database\BaseConnection.php on line 927.
 1 SYSTEMPATH\Model.php(714): CodeIgniter\Database\BaseConnection->table(null)
 2 SYSTEMPATH\Model.php(920): CodeIgniter\Model->builder()
 3 APPPATH\Controllers\Enquiry.php(5284): CodeIgniter\Model->__call('get_itinerary_expansion_by_tour_details', [...])
 4 SYSTEMPATH\CodeIgniter.php(933): App\Controllers\Enquiry->itinerary('2801', '1')
 5 SYSTEMPATH\CodeIgniter.php(509): CodeIgniter\CodeIgniter->runController(Object(App\Controllers\Enquiry))
 6 SYSTEMPATH\CodeIgniter.php(355): CodeIgniter\CodeIgniter->handleRequest(null, Object(Config\Cache), false)
 7 SYSTEMPATH\Boot.php(334): CodeIgniter\CodeIgniter->run()
 8 SYSTEMPATH\Boot.php(67): CodeIgniter\Boot::runCodeIgniter(Object(CodeIgniter\CodeIgniter))
 9 FCPATH\index.php(56): CodeIgniter\Boot::bootWeb(Object(Config\Paths))
CRITICAL - 2025-11-16 10:59:47 --> ErrorException: Array to string conversion
[Method: GET, Route: Enquiry/itinerary/2801/1]
in SYSTEMPATH\Database\Query.php on line 331.
 1 [internal function]: CodeIgniter\Debug\Exceptions->errorHandler(2, 'Array to string conversion', 'C:\\wamp64\\www\\khm\\system\\Database\\Query.php', 331)
 2 SYSTEMPATH\Database\Query.php(331): implode(',', [...])
 3 SYSTEMPATH\Database\Query.php(312): CodeIgniter\Database\Query->matchNamedBinds('SELECT `itie`.*, `rc`.`room_category_name`, `mp`.`meal_plan_name`
FROM `khm_obj_enquiry_tour_itinerary_expansion` as `itie`
LEFT JOIN `khm_obj_mst_hotel_room_category` as `rc` ON `rc`.`room_category_id` = `itie`.`room_category_id`
LEFT JOIN `khm_obj_meal_plan` as `mp` ON `mp`.`meal_plan_id` = `itie`.`meal_plan_id`
WHERE `itie`.`itinerary_details_id` IN :itie.itinerary_details_id:
ORDER BY `itie`.`tour_expansion_date` ASC', [...])
 4 SYSTEMPATH\Database\Query.php(163): CodeIgniter\Database\Query->compileBinds()
 5 SYSTEMPATH\Database\BaseConnection.php(648): CodeIgniter\Database\Query->getQuery()
 6 SYSTEMPATH\Database\BaseBuilder.php(1644): CodeIgniter\Database\BaseConnection->query('SELECT `itie`.*, `rc`.`room_category_name`, `mp`.`meal_plan_name`
FROM `khm_obj_enquiry_tour_itinerary_expansion` as `itie`
LEFT JOIN `khm_obj_mst_hotel_room_category` as `rc` ON `rc`.`room_category_id` = `itie`.`room_category_id`
LEFT JOIN `khm_obj_meal_plan` as `mp` ON `mp`.`meal_plan_id` = `itie`.`meal_plan_id`
WHERE `itie`.`itinerary_details_id` IN :itie.itinerary_details_id:
ORDER BY `itie`.`tour_expansion_date` ASC', [...], false)
 7 APPPATH\Models\Enquiry_m.php(1341): CodeIgniter\Database\BaseBuilder->get()
 8 APPPATH\Controllers\Enquiry.php(5282): App\Models\Enquiry_m->get_itinerary_expansion_grouped([...])
 9 SYSTEMPATH\CodeIgniter.php(933): App\Controllers\Enquiry->itinerary('2801', '1')
10 SYSTEMPATH\CodeIgniter.php(509): CodeIgniter\CodeIgniter->runController(Object(App\Controllers\Enquiry))
11 SYSTEMPATH\CodeIgniter.php(355): CodeIgniter\CodeIgniter->handleRequest(null, Object(Config\Cache), false)
12 SYSTEMPATH\Boot.php(334): CodeIgniter\CodeIgniter->run()
13 SYSTEMPATH\Boot.php(67): CodeIgniter\Boot::runCodeIgniter(Object(CodeIgniter\CodeIgniter))
14 FCPATH\index.php(56): CodeIgniter\Boot::bootWeb(Object(Config\Paths))
CRITICAL - 2025-11-16 10:59:48 --> ErrorException: Array to string conversion
[Method: GET, Route: Enquiry/itinerary/2801/1]
in SYSTEMPATH\Database\Query.php on line 331.
 1 [internal function]: CodeIgniter\Debug\Exceptions->errorHandler(2, 'Array to string conversion', 'C:\\wamp64\\www\\khm\\system\\Database\\Query.php', 331)
 2 SYSTEMPATH\Database\Query.php(331): implode(',', [...])
 3 SYSTEMPATH\Database\Query.php(312): CodeIgniter\Database\Query->matchNamedBinds('SELECT `itie`.*, `rc`.`room_category_name`, `mp`.`meal_plan_name`
FROM `khm_obj_enquiry_tour_itinerary_expansion` as `itie`
LEFT JOIN `khm_obj_mst_hotel_room_category` as `rc` ON `rc`.`room_category_id` = `itie`.`room_category_id`
LEFT JOIN `khm_obj_meal_plan` as `mp` ON `mp`.`meal_plan_id` = `itie`.`meal_plan_id`
WHERE `itie`.`itinerary_details_id` IN :itie.itinerary_details_id:
ORDER BY `itie`.`tour_expansion_date` ASC', [...])
 4 SYSTEMPATH\Database\Query.php(163): CodeIgniter\Database\Query->compileBinds()
 5 SYSTEMPATH\Database\BaseConnection.php(648): CodeIgniter\Database\Query->getQuery()
 6 SYSTEMPATH\Database\BaseBuilder.php(1644): CodeIgniter\Database\BaseConnection->query('SELECT `itie`.*, `rc`.`room_category_name`, `mp`.`meal_plan_name`
FROM `khm_obj_enquiry_tour_itinerary_expansion` as `itie`
LEFT JOIN `khm_obj_mst_hotel_room_category` as `rc` ON `rc`.`room_category_id` = `itie`.`room_category_id`
LEFT JOIN `khm_obj_meal_plan` as `mp` ON `mp`.`meal_plan_id` = `itie`.`meal_plan_id`
WHERE `itie`.`itinerary_details_id` IN :itie.itinerary_details_id:
ORDER BY `itie`.`tour_expansion_date` ASC', [...], false)
 7 APPPATH\Models\Enquiry_m.php(1341): CodeIgniter\Database\BaseBuilder->get()
 8 APPPATH\Controllers\Enquiry.php(5282): App\Models\Enquiry_m->get_itinerary_expansion_grouped([...])
 9 SYSTEMPATH\CodeIgniter.php(933): App\Controllers\Enquiry->itinerary('2801', '1')
10 SYSTEMPATH\CodeIgniter.php(509): CodeIgniter\CodeIgniter->runController(Object(App\Controllers\Enquiry))
11 SYSTEMPATH\CodeIgniter.php(355): CodeIgniter\CodeIgniter->handleRequest(null, Object(Config\Cache), false)
12 SYSTEMPATH\Boot.php(334): CodeIgniter\CodeIgniter->run()
13 SYSTEMPATH\Boot.php(67): CodeIgniter\Boot::runCodeIgniter(Object(CodeIgniter\CodeIgniter))
14 FCPATH\index.php(56): CodeIgniter\Boot::bootWeb(Object(Config\Paths))
CRITICAL - 2025-11-16 10:59:48 --> ErrorException: Array to string conversion
[Method: GET, Route: Enquiry/itinerary/2801/1]
in SYSTEMPATH\Database\Query.php on line 331.
 1 [internal function]: CodeIgniter\Debug\Exceptions->errorHandler(2, 'Array to string conversion', 'C:\\wamp64\\www\\khm\\system\\Database\\Query.php', 331)
 2 SYSTEMPATH\Database\Query.php(331): implode(',', [...])
 3 SYSTEMPATH\Database\Query.php(312): CodeIgniter\Database\Query->matchNamedBinds('SELECT `itie`.*, `rc`.`room_category_name`, `mp`.`meal_plan_name`
FROM `khm_obj_enquiry_tour_itinerary_expansion` as `itie`
LEFT JOIN `khm_obj_mst_hotel_room_category` as `rc` ON `rc`.`room_category_id` = `itie`.`room_category_id`
LEFT JOIN `khm_obj_meal_plan` as `mp` ON `mp`.`meal_plan_id` = `itie`.`meal_plan_id`
WHERE `itie`.`itinerary_details_id` IN :itie.itinerary_details_id:
ORDER BY `itie`.`tour_expansion_date` ASC', [...])
 4 SYSTEMPATH\Database\Query.php(163): CodeIgniter\Database\Query->compileBinds()
 5 SYSTEMPATH\Database\BaseConnection.php(648): CodeIgniter\Database\Query->getQuery()
 6 SYSTEMPATH\Database\BaseBuilder.php(1644): CodeIgniter\Database\BaseConnection->query('SELECT `itie`.*, `rc`.`room_category_name`, `mp`.`meal_plan_name`
FROM `khm_obj_enquiry_tour_itinerary_expansion` as `itie`
LEFT JOIN `khm_obj_mst_hotel_room_category` as `rc` ON `rc`.`room_category_id` = `itie`.`room_category_id`
LEFT JOIN `khm_obj_meal_plan` as `mp` ON `mp`.`meal_plan_id` = `itie`.`meal_plan_id`
WHERE `itie`.`itinerary_details_id` IN :itie.itinerary_details_id:
ORDER BY `itie`.`tour_expansion_date` ASC', [...], false)
 7 APPPATH\Models\Enquiry_m.php(1341): CodeIgniter\Database\BaseBuilder->get()
 8 APPPATH\Controllers\Enquiry.php(5282): App\Models\Enquiry_m->get_itinerary_expansion_grouped([...])
 9 SYSTEMPATH\CodeIgniter.php(933): App\Controllers\Enquiry->itinerary('2801', '1')
10 SYSTEMPATH\CodeIgniter.php(509): CodeIgniter\CodeIgniter->runController(Object(App\Controllers\Enquiry))
11 SYSTEMPATH\CodeIgniter.php(355): CodeIgniter\CodeIgniter->handleRequest(null, Object(Config\Cache), false)
12 SYSTEMPATH\Boot.php(334): CodeIgniter\CodeIgniter->run()
13 SYSTEMPATH\Boot.php(67): CodeIgniter\Boot::runCodeIgniter(Object(CodeIgniter\CodeIgniter))
14 FCPATH\index.php(56): CodeIgniter\Boot::bootWeb(Object(Config\Paths))
CRITICAL - 2025-11-16 10:59:48 --> ErrorException: Array to string conversion
[Method: GET, Route: Enquiry/itinerary/2801/1]
in SYSTEMPATH\Database\Query.php on line 331.
 1 [internal function]: CodeIgniter\Debug\Exceptions->errorHandler(2, 'Array to string conversion', 'C:\\wamp64\\www\\khm\\system\\Database\\Query.php', 331)
 2 SYSTEMPATH\Database\Query.php(331): implode(',', [...])
 3 SYSTEMPATH\Database\Query.php(312): CodeIgniter\Database\Query->matchNamedBinds('SELECT `itie`.*, `rc`.`room_category_name`, `mp`.`meal_plan_name`
FROM `khm_obj_enquiry_tour_itinerary_expansion` as `itie`
LEFT JOIN `khm_obj_mst_hotel_room_category` as `rc` ON `rc`.`room_category_id` = `itie`.`room_category_id`
LEFT JOIN `khm_obj_meal_plan` as `mp` ON `mp`.`meal_plan_id` = `itie`.`meal_plan_id`
WHERE `itie`.`itinerary_details_id` IN :itie.itinerary_details_id:
ORDER BY `itie`.`tour_expansion_date` ASC', [...])
 4 SYSTEMPATH\Database\Query.php(163): CodeIgniter\Database\Query->compileBinds()
 5 SYSTEMPATH\Database\BaseConnection.php(648): CodeIgniter\Database\Query->getQuery()
 6 SYSTEMPATH\Database\BaseBuilder.php(1644): CodeIgniter\Database\BaseConnection->query('SELECT `itie`.*, `rc`.`room_category_name`, `mp`.`meal_plan_name`
FROM `khm_obj_enquiry_tour_itinerary_expansion` as `itie`
LEFT JOIN `khm_obj_mst_hotel_room_category` as `rc` ON `rc`.`room_category_id` = `itie`.`room_category_id`
LEFT JOIN `khm_obj_meal_plan` as `mp` ON `mp`.`meal_plan_id` = `itie`.`meal_plan_id`
WHERE `itie`.`itinerary_details_id` IN :itie.itinerary_details_id:
ORDER BY `itie`.`tour_expansion_date` ASC', [...], false)
 7 APPPATH\Models\Enquiry_m.php(1341): CodeIgniter\Database\BaseBuilder->get()
 8 APPPATH\Controllers\Enquiry.php(5282): App\Models\Enquiry_m->get_itinerary_expansion_grouped([...])
 9 SYSTEMPATH\CodeIgniter.php(933): App\Controllers\Enquiry->itinerary('2801', '1')
10 SYSTEMPATH\CodeIgniter.php(509): CodeIgniter\CodeIgniter->runController(Object(App\Controllers\Enquiry))
11 SYSTEMPATH\CodeIgniter.php(355): CodeIgniter\CodeIgniter->handleRequest(null, Object(Config\Cache), false)
12 SYSTEMPATH\Boot.php(334): CodeIgniter\CodeIgniter->run()
13 SYSTEMPATH\Boot.php(67): CodeIgniter\Boot::runCodeIgniter(Object(CodeIgniter\CodeIgniter))
14 FCPATH\index.php(56): CodeIgniter\Boot::bootWeb(Object(Config\Paths))
CRITICAL - 2025-11-16 10:59:49 --> ErrorException: Array to string conversion
[Method: GET, Route: Enquiry/itinerary/2801/1]
in SYSTEMPATH\Database\Query.php on line 331.
 1 [internal function]: CodeIgniter\Debug\Exceptions->errorHandler(2, 'Array to string conversion', 'C:\\wamp64\\www\\khm\\system\\Database\\Query.php', 331)
 2 SYSTEMPATH\Database\Query.php(331): implode(',', [...])
 3 SYSTEMPATH\Database\Query.php(312): CodeIgniter\Database\Query->matchNamedBinds('SELECT `itie`.*, `rc`.`room_category_name`, `mp`.`meal_plan_name`
FROM `khm_obj_enquiry_tour_itinerary_expansion` as `itie`
LEFT JOIN `khm_obj_mst_hotel_room_category` as `rc` ON `rc`.`room_category_id` = `itie`.`room_category_id`
LEFT JOIN `khm_obj_meal_plan` as `mp` ON `mp`.`meal_plan_id` = `itie`.`meal_plan_id`
WHERE `itie`.`itinerary_details_id` IN :itie.itinerary_details_id:
ORDER BY `itie`.`tour_expansion_date` ASC', [...])
 4 SYSTEMPATH\Database\Query.php(163): CodeIgniter\Database\Query->compileBinds()
 5 SYSTEMPATH\Database\BaseConnection.php(648): CodeIgniter\Database\Query->getQuery()
 6 SYSTEMPATH\Database\BaseBuilder.php(1644): CodeIgniter\Database\BaseConnection->query('SELECT `itie`.*, `rc`.`room_category_name`, `mp`.`meal_plan_name`
FROM `khm_obj_enquiry_tour_itinerary_expansion` as `itie`
LEFT JOIN `khm_obj_mst_hotel_room_category` as `rc` ON `rc`.`room_category_id` = `itie`.`room_category_id`
LEFT JOIN `khm_obj_meal_plan` as `mp` ON `mp`.`meal_plan_id` = `itie`.`meal_plan_id`
WHERE `itie`.`itinerary_details_id` IN :itie.itinerary_details_id:
ORDER BY `itie`.`tour_expansion_date` ASC', [...], false)
 7 APPPATH\Models\Enquiry_m.php(1341): CodeIgniter\Database\BaseBuilder->get()
 8 APPPATH\Controllers\Enquiry.php(5282): App\Models\Enquiry_m->get_itinerary_expansion_grouped([...])
 9 SYSTEMPATH\CodeIgniter.php(933): App\Controllers\Enquiry->itinerary('2801', '1')
10 SYSTEMPATH\CodeIgniter.php(509): CodeIgniter\CodeIgniter->runController(Object(App\Controllers\Enquiry))
11 SYSTEMPATH\CodeIgniter.php(355): CodeIgniter\CodeIgniter->handleRequest(null, Object(Config\Cache), false)
12 SYSTEMPATH\Boot.php(334): CodeIgniter\CodeIgniter->run()
13 SYSTEMPATH\Boot.php(67): CodeIgniter\Boot::runCodeIgniter(Object(CodeIgniter\CodeIgniter))
14 FCPATH\index.php(56): CodeIgniter\Boot::bootWeb(Object(Config\Paths))
CRITICAL - 2025-11-16 10:59:49 --> ErrorException: Array to string conversion
[Method: GET, Route: Enquiry/itinerary/2801/1]
in SYSTEMPATH\Database\Query.php on line 331.
 1 [internal function]: CodeIgniter\Debug\Exceptions->errorHandler(2, 'Array to string conversion', 'C:\\wamp64\\www\\khm\\system\\Database\\Query.php', 331)
 2 SYSTEMPATH\Database\Query.php(331): implode(',', [...])
 3 SYSTEMPATH\Database\Query.php(312): CodeIgniter\Database\Query->matchNamedBinds('SELECT `itie`.*, `rc`.`room_category_name`, `mp`.`meal_plan_name`
FROM `khm_obj_enquiry_tour_itinerary_expansion` as `itie`
LEFT JOIN `khm_obj_mst_hotel_room_category` as `rc` ON `rc`.`room_category_id` = `itie`.`room_category_id`
LEFT JOIN `khm_obj_meal_plan` as `mp` ON `mp`.`meal_plan_id` = `itie`.`meal_plan_id`
WHERE `itie`.`itinerary_details_id` IN :itie.itinerary_details_id:
ORDER BY `itie`.`tour_expansion_date` ASC', [...])
 4 SYSTEMPATH\Database\Query.php(163): CodeIgniter\Database\Query->compileBinds()
 5 SYSTEMPATH\Database\BaseConnection.php(648): CodeIgniter\Database\Query->getQuery()
 6 SYSTEMPATH\Database\BaseBuilder.php(1644): CodeIgniter\Database\BaseConnection->query('SELECT `itie`.*, `rc`.`room_category_name`, `mp`.`meal_plan_name`
FROM `khm_obj_enquiry_tour_itinerary_expansion` as `itie`
LEFT JOIN `khm_obj_mst_hotel_room_category` as `rc` ON `rc`.`room_category_id` = `itie`.`room_category_id`
LEFT JOIN `khm_obj_meal_plan` as `mp` ON `mp`.`meal_plan_id` = `itie`.`meal_plan_id`
WHERE `itie`.`itinerary_details_id` IN :itie.itinerary_details_id:
ORDER BY `itie`.`tour_expansion_date` ASC', [...], false)
 7 APPPATH\Models\Enquiry_m.php(1341): CodeIgniter\Database\BaseBuilder->get()
 8 APPPATH\Controllers\Enquiry.php(5282): App\Models\Enquiry_m->get_itinerary_expansion_grouped([...])
 9 SYSTEMPATH\CodeIgniter.php(933): App\Controllers\Enquiry->itinerary('2801', '1')
10 SYSTEMPATH\CodeIgniter.php(509): CodeIgniter\CodeIgniter->runController(Object(App\Controllers\Enquiry))
11 SYSTEMPATH\CodeIgniter.php(355): CodeIgniter\CodeIgniter->handleRequest(null, Object(Config\Cache), false)
12 SYSTEMPATH\Boot.php(334): CodeIgniter\CodeIgniter->run()
13 SYSTEMPATH\Boot.php(67): CodeIgniter\Boot::runCodeIgniter(Object(CodeIgniter\CodeIgniter))
14 FCPATH\index.php(56): CodeIgniter\Boot::bootWeb(Object(Config\Paths))
CRITICAL - 2025-11-16 10:59:49 --> ErrorException: Array to string conversion
[Method: GET, Route: Enquiry/itinerary/2801/1]
in SYSTEMPATH\Database\Query.php on line 331.
 1 [internal function]: CodeIgniter\Debug\Exceptions->errorHandler(2, 'Array to string conversion', 'C:\\wamp64\\www\\khm\\system\\Database\\Query.php', 331)
 2 SYSTEMPATH\Database\Query.php(331): implode(',', [...])
 3 SYSTEMPATH\Database\Query.php(312): CodeIgniter\Database\Query->matchNamedBinds('SELECT `itie`.*, `rc`.`room_category_name`, `mp`.`meal_plan_name`
FROM `khm_obj_enquiry_tour_itinerary_expansion` as `itie`
LEFT JOIN `khm_obj_mst_hotel_room_category` as `rc` ON `rc`.`room_category_id` = `itie`.`room_category_id`
LEFT JOIN `khm_obj_meal_plan` as `mp` ON `mp`.`meal_plan_id` = `itie`.`meal_plan_id`
WHERE `itie`.`itinerary_details_id` IN :itie.itinerary_details_id:
ORDER BY `itie`.`tour_expansion_date` ASC', [...])
 4 SYSTEMPATH\Database\Query.php(163): CodeIgniter\Database\Query->compileBinds()
 5 SYSTEMPATH\Database\BaseConnection.php(648): CodeIgniter\Database\Query->getQuery()
 6 SYSTEMPATH\Database\BaseBuilder.php(1644): CodeIgniter\Database\BaseConnection->query('SELECT `itie`.*, `rc`.`room_category_name`, `mp`.`meal_plan_name`
FROM `khm_obj_enquiry_tour_itinerary_expansion` as `itie`
LEFT JOIN `khm_obj_mst_hotel_room_category` as `rc` ON `rc`.`room_category_id` = `itie`.`room_category_id`
LEFT JOIN `khm_obj_meal_plan` as `mp` ON `mp`.`meal_plan_id` = `itie`.`meal_plan_id`
WHERE `itie`.`itinerary_details_id` IN :itie.itinerary_details_id:
ORDER BY `itie`.`tour_expansion_date` ASC', [...], false)
 7 APPPATH\Models\Enquiry_m.php(1341): CodeIgniter\Database\BaseBuilder->get()
 8 APPPATH\Controllers\Enquiry.php(5282): App\Models\Enquiry_m->get_itinerary_expansion_grouped([...])
 9 SYSTEMPATH\CodeIgniter.php(933): App\Controllers\Enquiry->itinerary('2801', '1')
10 SYSTEMPATH\CodeIgniter.php(509): CodeIgniter\CodeIgniter->runController(Object(App\Controllers\Enquiry))
11 SYSTEMPATH\CodeIgniter.php(355): CodeIgniter\CodeIgniter->handleRequest(null, Object(Config\Cache), false)
12 SYSTEMPATH\Boot.php(334): CodeIgniter\CodeIgniter->run()
13 SYSTEMPATH\Boot.php(67): CodeIgniter\Boot::runCodeIgniter(Object(CodeIgniter\CodeIgniter))
14 FCPATH\index.php(56): CodeIgniter\Boot::bootWeb(Object(Config\Paths))
CRITICAL - 2025-11-16 10:59:49 --> ErrorException: Array to string conversion
[Method: GET, Route: Enquiry/itinerary/2801/1]
in SYSTEMPATH\Database\Query.php on line 331.
 1 [internal function]: CodeIgniter\Debug\Exceptions->errorHandler(2, 'Array to string conversion', 'C:\\wamp64\\www\\khm\\system\\Database\\Query.php', 331)
 2 SYSTEMPATH\Database\Query.php(331): implode(',', [...])
 3 SYSTEMPATH\Database\Query.php(312): CodeIgniter\Database\Query->matchNamedBinds('SELECT `itie`.*, `rc`.`room_category_name`, `mp`.`meal_plan_name`
FROM `khm_obj_enquiry_tour_itinerary_expansion` as `itie`
LEFT JOIN `khm_obj_mst_hotel_room_category` as `rc` ON `rc`.`room_category_id` = `itie`.`room_category_id`
LEFT JOIN `khm_obj_meal_plan` as `mp` ON `mp`.`meal_plan_id` = `itie`.`meal_plan_id`
WHERE `itie`.`itinerary_details_id` IN :itie.itinerary_details_id:
ORDER BY `itie`.`tour_expansion_date` ASC', [...])
 4 SYSTEMPATH\Database\Query.php(163): CodeIgniter\Database\Query->compileBinds()
 5 SYSTEMPATH\Database\BaseConnection.php(648): CodeIgniter\Database\Query->getQuery()
 6 SYSTEMPATH\Database\BaseBuilder.php(1644): CodeIgniter\Database\BaseConnection->query('SELECT `itie`.*, `rc`.`room_category_name`, `mp`.`meal_plan_name`
FROM `khm_obj_enquiry_tour_itinerary_expansion` as `itie`
LEFT JOIN `khm_obj_mst_hotel_room_category` as `rc` ON `rc`.`room_category_id` = `itie`.`room_category_id`
LEFT JOIN `khm_obj_meal_plan` as `mp` ON `mp`.`meal_plan_id` = `itie`.`meal_plan_id`
WHERE `itie`.`itinerary_details_id` IN :itie.itinerary_details_id:
ORDER BY `itie`.`tour_expansion_date` ASC', [...], false)
 7 APPPATH\Models\Enquiry_m.php(1341): CodeIgniter\Database\BaseBuilder->get()
 8 APPPATH\Controllers\Enquiry.php(5282): App\Models\Enquiry_m->get_itinerary_expansion_grouped([...])
 9 SYSTEMPATH\CodeIgniter.php(933): App\Controllers\Enquiry->itinerary('2801', '1')
10 SYSTEMPATH\CodeIgniter.php(509): CodeIgniter\CodeIgniter->runController(Object(App\Controllers\Enquiry))
11 SYSTEMPATH\CodeIgniter.php(355): CodeIgniter\CodeIgniter->handleRequest(null, Object(Config\Cache), false)
12 SYSTEMPATH\Boot.php(334): CodeIgniter\CodeIgniter->run()
13 SYSTEMPATH\Boot.php(67): CodeIgniter\Boot::runCodeIgniter(Object(CodeIgniter\CodeIgniter))
14 FCPATH\index.php(56): CodeIgniter\Boot::bootWeb(Object(Config\Paths))
CRITICAL - 2025-11-16 11:00:12 --> TypeError: array_unique(): Argument #1 ($array) must be of type array, string given
[Method: GET, Route: Enquiry/itinerary/2801/1]
in APPPATH\Controllers\Enquiry.php on line 5282.
 1 APPPATH\Controllers\Enquiry.php(5282): array_unique('2326')
 2 SYSTEMPATH\CodeIgniter.php(933): App\Controllers\Enquiry->itinerary('2801', '1')
 3 SYSTEMPATH\CodeIgniter.php(509): CodeIgniter\CodeIgniter->runController(Object(App\Controllers\Enquiry))
 4 SYSTEMPATH\CodeIgniter.php(355): CodeIgniter\CodeIgniter->handleRequest(null, Object(Config\Cache), false)
 5 SYSTEMPATH\Boot.php(334): CodeIgniter\CodeIgniter->run()
 6 SYSTEMPATH\Boot.php(67): CodeIgniter\Boot::runCodeIgniter(Object(CodeIgniter\CodeIgniter))
 7 FCPATH\index.php(56): CodeIgniter\Boot::bootWeb(Object(Config\Paths))
ERROR - 2025-11-16 11:25:26 --> mysqli_sql_exception: Table 'khm_touracle_db.khm_obj_enquiry_tour_itinerary_details' doesn't exist in C:\wamp64\www\khm\system\Database\MySQLi\Connection.php:312
Stack trace:
#0 C:\wamp64\www\khm\system\Database\MySQLi\Connection.php(312): mysqli->query('SELECT `itie`.*...', 0)
#1 C:\wamp64\www\khm\system\Database\BaseConnection.php(734): CodeIgniter\Database\MySQLi\Connection->execute('SELECT `itie`.*...')
#2 C:\wamp64\www\khm\system\Database\BaseConnection.php(648): CodeIgniter\Database\BaseConnection->simpleQuery('SELECT `itie`.*...')
#3 C:\wamp64\www\khm\system\Database\BaseBuilder.php(1644): CodeIgniter\Database\BaseConnection->query('SELECT `itie`.*...', Array, false)
#4 C:\wamp64\www\khm\app\Models\Enquiry_m.php(1354): CodeIgniter\Database\BaseBuilder->get()
#5 C:\wamp64\www\khm\app\Controllers\Enquiry.php(5285): App\Models\Enquiry_m->get_itinerary_expansion_grouped(Array)
#6 C:\wamp64\www\khm\system\CodeIgniter.php(933): App\Controllers\Enquiry->itinerary('2801', '1')
#7 C:\wamp64\www\khm\system\CodeIgniter.php(509): CodeIgniter\CodeIgniter->runController(Object(App\Controllers\Enquiry))
#8 C:\wamp64\www\khm\system\CodeIgniter.php(355): CodeIgniter\CodeIgniter->handleRequest(NULL, Object(Config\Cache), false)
#9 C:\wamp64\www\khm\system\Boot.php(334): CodeIgniter\CodeIgniter->run()
#10 C:\wamp64\www\khm\system\Boot.php(67): CodeIgniter\Boot::runCodeIgniter(Object(CodeIgniter\CodeIgniter))
#11 C:\wamp64\www\khm\public\index.php(56): CodeIgniter\Boot::bootWeb(Object(Config\Paths))
#12 {main}
CRITICAL - 2025-11-16 11:25:26 --> CodeIgniter\Database\Exceptions\DatabaseException: Table 'khm_touracle_db.khm_obj_enquiry_tour_itinerary_details' doesn't exist
[Method: GET, Route: Enquiry/itinerary/2801/1]
in SYSTEMPATH\Database\BaseConnection.php on line 688.
 1 SYSTEMPATH\Database\BaseBuilder.php(1644): CodeIgniter\Database\BaseConnection->query('SELECT `itie`.*, `itid`.`tour_details_id`, `itid`.`tour_date`, `rc`.`room_category_name`, `mp`.`meal_plan_name`
FROM `khm_obj_enquiry_tour_itinerary_expansion` as `itie`
LEFT JOIN `khm_obj_enquiry_tour_itinerary_details` as `itid` ON `itid`.`itinerary_details_id` = `itie`.`itinerary_details_id`
LEFT JOIN `khm_obj_mst_hotel_room_category` as `rc` ON `rc`.`room_category_id` = `itie`.`room_category_id`
LEFT JOIN `khm_obj_meal_plan` as `mp` ON `mp`.`meal_plan_id` = `itie`.`meal_plan_id`
WHERE `itie`.`itinerary_details_id` IN :itie.itinerary_details_id:
ORDER BY `itie`.`tour_expansion_date` ASC, `itie`.`tour_itinerary_expansion_id` ASC', [...], false)
 2 APPPATH\Models\Enquiry_m.php(1354): CodeIgniter\Database\BaseBuilder->get()
 3 APPPATH\Controllers\Enquiry.php(5285): App\Models\Enquiry_m->get_itinerary_expansion_grouped([...])
 4 SYSTEMPATH\CodeIgniter.php(933): App\Controllers\Enquiry->itinerary('2801', '1')
 5 SYSTEMPATH\CodeIgniter.php(509): CodeIgniter\CodeIgniter->runController(Object(App\Controllers\Enquiry))
 6 SYSTEMPATH\CodeIgniter.php(355): CodeIgniter\CodeIgniter->handleRequest(null, Object(Config\Cache), false)
 7 SYSTEMPATH\Boot.php(334): CodeIgniter\CodeIgniter->run()
 8 SYSTEMPATH\Boot.php(67): CodeIgniter\Boot::runCodeIgniter(Object(CodeIgniter\CodeIgniter))
 9 FCPATH\index.php(56): CodeIgniter\Boot::bootWeb(Object(Config\Paths))
CRITICAL - 2025-11-16 11:25:26 --> [Caused by] CodeIgniter\Database\Exceptions\DatabaseException: Table 'khm_touracle_db.khm_obj_enquiry_tour_itinerary_details' doesn't exist
in SYSTEMPATH\Database\MySQLi\Connection.php on line 317.
 1 SYSTEMPATH\Database\BaseConnection.php(734): CodeIgniter\Database\MySQLi\Connection->execute('SELECT `itie`.*, `itid`.`tour_details_id`, `itid`.`tour_date`, `rc`.`room_category_name`, `mp`.`meal_plan_name`
FROM `khm_obj_enquiry_tour_itinerary_expansion` as `itie`
LEFT JOIN `khm_obj_enquiry_tour_itinerary_details` as `itid` ON `itid`.`itinerary_details_id` = `itie`.`itinerary_details_id`
LEFT JOIN `khm_obj_mst_hotel_room_category` as `rc` ON `rc`.`room_category_id` = `itie`.`room_category_id`
LEFT JOIN `khm_obj_meal_plan` as `mp` ON `mp`.`meal_plan_id` = `itie`.`meal_plan_id`
WHERE `itie`.`itinerary_details_id` IN (\'2326\',\'2327\',\'2328\',\'2329\')
ORDER BY `itie`.`tour_expansion_date` ASC, `itie`.`tour_itinerary_expansion_id` ASC')
 2 SYSTEMPATH\Database\BaseConnection.php(648): CodeIgniter\Database\BaseConnection->simpleQuery('SELECT `itie`.*, `itid`.`tour_details_id`, `itid`.`tour_date`, `rc`.`room_category_name`, `mp`.`meal_plan_name`
FROM `khm_obj_enquiry_tour_itinerary_expansion` as `itie`
LEFT JOIN `khm_obj_enquiry_tour_itinerary_details` as `itid` ON `itid`.`itinerary_details_id` = `itie`.`itinerary_details_id`
LEFT JOIN `khm_obj_mst_hotel_room_category` as `rc` ON `rc`.`room_category_id` = `itie`.`room_category_id`
LEFT JOIN `khm_obj_meal_plan` as `mp` ON `mp`.`meal_plan_id` = `itie`.`meal_plan_id`
WHERE `itie`.`itinerary_details_id` IN (\'2326\',\'2327\',\'2328\',\'2329\')
ORDER BY `itie`.`tour_expansion_date` ASC, `itie`.`tour_itinerary_expansion_id` ASC')
 3 SYSTEMPATH\Database\BaseBuilder.php(1644): CodeIgniter\Database\BaseConnection->query('SELECT `itie`.*, `itid`.`tour_details_id`, `itid`.`tour_date`, `rc`.`room_category_name`, `mp`.`meal_plan_name`
FROM `khm_obj_enquiry_tour_itinerary_expansion` as `itie`
LEFT JOIN `khm_obj_enquiry_tour_itinerary_details` as `itid` ON `itid`.`itinerary_details_id` = `itie`.`itinerary_details_id`
LEFT JOIN `khm_obj_mst_hotel_room_category` as `rc` ON `rc`.`room_category_id` = `itie`.`room_category_id`
LEFT JOIN `khm_obj_meal_plan` as `mp` ON `mp`.`meal_plan_id` = `itie`.`meal_plan_id`
WHERE `itie`.`itinerary_details_id` IN :itie.itinerary_details_id:
ORDER BY `itie`.`tour_expansion_date` ASC, `itie`.`tour_itinerary_expansion_id` ASC', [...], false)
 4 APPPATH\Models\Enquiry_m.php(1354): CodeIgniter\Database\BaseBuilder->get()
 5 APPPATH\Controllers\Enquiry.php(5285): App\Models\Enquiry_m->get_itinerary_expansion_grouped([...])
 6 SYSTEMPATH\CodeIgniter.php(933): App\Controllers\Enquiry->itinerary('2801', '1')
 7 SYSTEMPATH\CodeIgniter.php(509): CodeIgniter\CodeIgniter->runController(Object(App\Controllers\Enquiry))
 8 SYSTEMPATH\CodeIgniter.php(355): CodeIgniter\CodeIgniter->handleRequest(null, Object(Config\Cache), false)
 9 SYSTEMPATH\Boot.php(334): CodeIgniter\CodeIgniter->run()
10 SYSTEMPATH\Boot.php(67): CodeIgniter\Boot::runCodeIgniter(Object(CodeIgniter\CodeIgniter))
11 FCPATH\index.php(56): CodeIgniter\Boot::bootWeb(Object(Config\Paths))
CRITICAL - 2025-11-16 11:25:26 --> [Caused by] mysqli_sql_exception: Table 'khm_touracle_db.khm_obj_enquiry_tour_itinerary_details' doesn't exist
in SYSTEMPATH\Database\MySQLi\Connection.php on line 312.
 1 SYSTEMPATH\Database\MySQLi\Connection.php(312): mysqli->query('SELECT `itie`.*, `itid`.`tour_details_id`, `itid`.`tour_date`, `rc`.`room_category_name`, `mp`.`meal_plan_name`
FROM `khm_obj_enquiry_tour_itinerary_expansion` as `itie`
LEFT JOIN `khm_obj_enquiry_tour_itinerary_details` as `itid` ON `itid`.`itinerary_details_id` = `itie`.`itinerary_details_id`
LEFT JOIN `khm_obj_mst_hotel_room_category` as `rc` ON `rc`.`room_category_id` = `itie`.`room_category_id`
LEFT JOIN `khm_obj_meal_plan` as `mp` ON `mp`.`meal_plan_id` = `itie`.`meal_plan_id`
WHERE `itie`.`itinerary_details_id` IN (\'2326\',\'2327\',\'2328\',\'2329\')
ORDER BY `itie`.`tour_expansion_date` ASC, `itie`.`tour_itinerary_expansion_id` ASC', 0)
 2 SYSTEMPATH\Database\BaseConnection.php(734): CodeIgniter\Database\MySQLi\Connection->execute('SELECT `itie`.*, `itid`.`tour_details_id`, `itid`.`tour_date`, `rc`.`room_category_name`, `mp`.`meal_plan_name`
FROM `khm_obj_enquiry_tour_itinerary_expansion` as `itie`
LEFT JOIN `khm_obj_enquiry_tour_itinerary_details` as `itid` ON `itid`.`itinerary_details_id` = `itie`.`itinerary_details_id`
LEFT JOIN `khm_obj_mst_hotel_room_category` as `rc` ON `rc`.`room_category_id` = `itie`.`room_category_id`
LEFT JOIN `khm_obj_meal_plan` as `mp` ON `mp`.`meal_plan_id` = `itie`.`meal_plan_id`
WHERE `itie`.`itinerary_details_id` IN (\'2326\',\'2327\',\'2328\',\'2329\')
ORDER BY `itie`.`tour_expansion_date` ASC, `itie`.`tour_itinerary_expansion_id` ASC')
 3 SYSTEMPATH\Database\BaseConnection.php(648): CodeIgniter\Database\BaseConnection->simpleQuery('SELECT `itie`.*, `itid`.`tour_details_id`, `itid`.`tour_date`, `rc`.`room_category_name`, `mp`.`meal_plan_name`
FROM `khm_obj_enquiry_tour_itinerary_expansion` as `itie`
LEFT JOIN `khm_obj_enquiry_tour_itinerary_details` as `itid` ON `itid`.`itinerary_details_id` = `itie`.`itinerary_details_id`
LEFT JOIN `khm_obj_mst_hotel_room_category` as `rc` ON `rc`.`room_category_id` = `itie`.`room_category_id`
LEFT JOIN `khm_obj_meal_plan` as `mp` ON `mp`.`meal_plan_id` = `itie`.`meal_plan_id`
WHERE `itie`.`itinerary_details_id` IN (\'2326\',\'2327\',\'2328\',\'2329\')
ORDER BY `itie`.`tour_expansion_date` ASC, `itie`.`tour_itinerary_expansion_id` ASC')
 4 SYSTEMPATH\Database\BaseBuilder.php(1644): CodeIgniter\Database\BaseConnection->query('SELECT `itie`.*, `itid`.`tour_details_id`, `itid`.`tour_date`, `rc`.`room_category_name`, `mp`.`meal_plan_name`
FROM `khm_obj_enquiry_tour_itinerary_expansion` as `itie`
LEFT JOIN `khm_obj_enquiry_tour_itinerary_details` as `itid` ON `itid`.`itinerary_details_id` = `itie`.`itinerary_details_id`
LEFT JOIN `khm_obj_mst_hotel_room_category` as `rc` ON `rc`.`room_category_id` = `itie`.`room_category_id`
LEFT JOIN `khm_obj_meal_plan` as `mp` ON `mp`.`meal_plan_id` = `itie`.`meal_plan_id`
WHERE `itie`.`itinerary_details_id` IN :itie.itinerary_details_id:
ORDER BY `itie`.`tour_expansion_date` ASC, `itie`.`tour_itinerary_expansion_id` ASC', [...], false)
 5 APPPATH\Models\Enquiry_m.php(1354): CodeIgniter\Database\BaseBuilder->get()
 6 APPPATH\Controllers\Enquiry.php(5285): App\Models\Enquiry_m->get_itinerary_expansion_grouped([...])
 7 SYSTEMPATH\CodeIgniter.php(933): App\Controllers\Enquiry->itinerary('2801', '1')
 8 SYSTEMPATH\CodeIgniter.php(509): CodeIgniter\CodeIgniter->runController(Object(App\Controllers\Enquiry))
 9 SYSTEMPATH\CodeIgniter.php(355): CodeIgniter\CodeIgniter->handleRequest(null, Object(Config\Cache), false)
10 SYSTEMPATH\Boot.php(334): CodeIgniter\CodeIgniter->run()
11 SYSTEMPATH\Boot.php(67): CodeIgniter\Boot::runCodeIgniter(Object(CodeIgniter\CodeIgniter))
12 FCPATH\index.php(56): CodeIgniter\Boot::bootWeb(Object(Config\Paths))
ERROR - 2025-11-16 11:25:27 --> mysqli_sql_exception: Table 'khm_touracle_db.khm_obj_enquiry_tour_itinerary_details' doesn't exist in C:\wamp64\www\khm\system\Database\MySQLi\Connection.php:312
Stack trace:
#0 C:\wamp64\www\khm\system\Database\MySQLi\Connection.php(312): mysqli->query('SELECT `itie`.*...', 0)
#1 C:\wamp64\www\khm\system\Database\BaseConnection.php(734): CodeIgniter\Database\MySQLi\Connection->execute('SELECT `itie`.*...')
#2 C:\wamp64\www\khm\system\Database\BaseConnection.php(648): CodeIgniter\Database\BaseConnection->simpleQuery('SELECT `itie`.*...')
#3 C:\wamp64\www\khm\system\Database\BaseBuilder.php(1644): CodeIgniter\Database\BaseConnection->query('SELECT `itie`.*...', Array, false)
#4 C:\wamp64\www\khm\app\Models\Enquiry_m.php(1354): CodeIgniter\Database\BaseBuilder->get()
#5 C:\wamp64\www\khm\app\Controllers\Enquiry.php(5285): App\Models\Enquiry_m->get_itinerary_expansion_grouped(Array)
#6 C:\wamp64\www\khm\system\CodeIgniter.php(933): App\Controllers\Enquiry->itinerary('2801', '1')
#7 C:\wamp64\www\khm\system\CodeIgniter.php(509): CodeIgniter\CodeIgniter->runController(Object(App\Controllers\Enquiry))
#8 C:\wamp64\www\khm\system\CodeIgniter.php(355): CodeIgniter\CodeIgniter->handleRequest(NULL, Object(Config\Cache), false)
#9 C:\wamp64\www\khm\system\Boot.php(334): CodeIgniter\CodeIgniter->run()
#10 C:\wamp64\www\khm\system\Boot.php(67): CodeIgniter\Boot::runCodeIgniter(Object(CodeIgniter\CodeIgniter))
#11 C:\wamp64\www\khm\public\index.php(56): CodeIgniter\Boot::bootWeb(Object(Config\Paths))
#12 {main}
CRITICAL - 2025-11-16 11:25:27 --> CodeIgniter\Database\Exceptions\DatabaseException: Table 'khm_touracle_db.khm_obj_enquiry_tour_itinerary_details' doesn't exist
[Method: GET, Route: Enquiry/itinerary/2801/1]
in SYSTEMPATH\Database\BaseConnection.php on line 688.
 1 SYSTEMPATH\Database\BaseBuilder.php(1644): CodeIgniter\Database\BaseConnection->query('SELECT `itie`.*, `itid`.`tour_details_id`, `itid`.`tour_date`, `rc`.`room_category_name`, `mp`.`meal_plan_name`
FROM `khm_obj_enquiry_tour_itinerary_expansion` as `itie`
LEFT JOIN `khm_obj_enquiry_tour_itinerary_details` as `itid` ON `itid`.`itinerary_details_id` = `itie`.`itinerary_details_id`
LEFT JOIN `khm_obj_mst_hotel_room_category` as `rc` ON `rc`.`room_category_id` = `itie`.`room_category_id`
LEFT JOIN `khm_obj_meal_plan` as `mp` ON `mp`.`meal_plan_id` = `itie`.`meal_plan_id`
WHERE `itie`.`itinerary_details_id` IN :itie.itinerary_details_id:
ORDER BY `itie`.`tour_expansion_date` ASC, `itie`.`tour_itinerary_expansion_id` ASC', [...], false)
 2 APPPATH\Models\Enquiry_m.php(1354): CodeIgniter\Database\BaseBuilder->get()
 3 APPPATH\Controllers\Enquiry.php(5285): App\Models\Enquiry_m->get_itinerary_expansion_grouped([...])
 4 SYSTEMPATH\CodeIgniter.php(933): App\Controllers\Enquiry->itinerary('2801', '1')
 5 SYSTEMPATH\CodeIgniter.php(509): CodeIgniter\CodeIgniter->runController(Object(App\Controllers\Enquiry))
 6 SYSTEMPATH\CodeIgniter.php(355): CodeIgniter\CodeIgniter->handleRequest(null, Object(Config\Cache), false)
 7 SYSTEMPATH\Boot.php(334): CodeIgniter\CodeIgniter->run()
 8 SYSTEMPATH\Boot.php(67): CodeIgniter\Boot::runCodeIgniter(Object(CodeIgniter\CodeIgniter))
 9 FCPATH\index.php(56): CodeIgniter\Boot::bootWeb(Object(Config\Paths))
CRITICAL - 2025-11-16 11:25:27 --> [Caused by] CodeIgniter\Database\Exceptions\DatabaseException: Table 'khm_touracle_db.khm_obj_enquiry_tour_itinerary_details' doesn't exist
in SYSTEMPATH\Database\MySQLi\Connection.php on line 317.
 1 SYSTEMPATH\Database\BaseConnection.php(734): CodeIgniter\Database\MySQLi\Connection->execute('SELECT `itie`.*, `itid`.`tour_details_id`, `itid`.`tour_date`, `rc`.`room_category_name`, `mp`.`meal_plan_name`
FROM `khm_obj_enquiry_tour_itinerary_expansion` as `itie`
LEFT JOIN `khm_obj_enquiry_tour_itinerary_details` as `itid` ON `itid`.`itinerary_details_id` = `itie`.`itinerary_details_id`
LEFT JOIN `khm_obj_mst_hotel_room_category` as `rc` ON `rc`.`room_category_id` = `itie`.`room_category_id`
LEFT JOIN `khm_obj_meal_plan` as `mp` ON `mp`.`meal_plan_id` = `itie`.`meal_plan_id`
WHERE `itie`.`itinerary_details_id` IN (\'2326\',\'2327\',\'2328\',\'2329\')
ORDER BY `itie`.`tour_expansion_date` ASC, `itie`.`tour_itinerary_expansion_id` ASC')
 2 SYSTEMPATH\Database\BaseConnection.php(648): CodeIgniter\Database\BaseConnection->simpleQuery('SELECT `itie`.*, `itid`.`tour_details_id`, `itid`.`tour_date`, `rc`.`room_category_name`, `mp`.`meal_plan_name`
FROM `khm_obj_enquiry_tour_itinerary_expansion` as `itie`
LEFT JOIN `khm_obj_enquiry_tour_itinerary_details` as `itid` ON `itid`.`itinerary_details_id` = `itie`.`itinerary_details_id`
LEFT JOIN `khm_obj_mst_hotel_room_category` as `rc` ON `rc`.`room_category_id` = `itie`.`room_category_id`
LEFT JOIN `khm_obj_meal_plan` as `mp` ON `mp`.`meal_plan_id` = `itie`.`meal_plan_id`
WHERE `itie`.`itinerary_details_id` IN (\'2326\',\'2327\',\'2328\',\'2329\')
ORDER BY `itie`.`tour_expansion_date` ASC, `itie`.`tour_itinerary_expansion_id` ASC')
 3 SYSTEMPATH\Database\BaseBuilder.php(1644): CodeIgniter\Database\BaseConnection->query('SELECT `itie`.*, `itid`.`tour_details_id`, `itid`.`tour_date`, `rc`.`room_category_name`, `mp`.`meal_plan_name`
FROM `khm_obj_enquiry_tour_itinerary_expansion` as `itie`
LEFT JOIN `khm_obj_enquiry_tour_itinerary_details` as `itid` ON `itid`.`itinerary_details_id` = `itie`.`itinerary_details_id`
LEFT JOIN `khm_obj_mst_hotel_room_category` as `rc` ON `rc`.`room_category_id` = `itie`.`room_category_id`
LEFT JOIN `khm_obj_meal_plan` as `mp` ON `mp`.`meal_plan_id` = `itie`.`meal_plan_id`
WHERE `itie`.`itinerary_details_id` IN :itie.itinerary_details_id:
ORDER BY `itie`.`tour_expansion_date` ASC, `itie`.`tour_itinerary_expansion_id` ASC', [...], false)
 4 APPPATH\Models\Enquiry_m.php(1354): CodeIgniter\Database\BaseBuilder->get()
 5 APPPATH\Controllers\Enquiry.php(5285): App\Models\Enquiry_m->get_itinerary_expansion_grouped([...])
 6 SYSTEMPATH\CodeIgniter.php(933): App\Controllers\Enquiry->itinerary('2801', '1')
 7 SYSTEMPATH\CodeIgniter.php(509): CodeIgniter\CodeIgniter->runController(Object(App\Controllers\Enquiry))
 8 SYSTEMPATH\CodeIgniter.php(355): CodeIgniter\CodeIgniter->handleRequest(null, Object(Config\Cache), false)
 9 SYSTEMPATH\Boot.php(334): CodeIgniter\CodeIgniter->run()
10 SYSTEMPATH\Boot.php(67): CodeIgniter\Boot::runCodeIgniter(Object(CodeIgniter\CodeIgniter))
11 FCPATH\index.php(56): CodeIgniter\Boot::bootWeb(Object(Config\Paths))
CRITICAL - 2025-11-16 11:25:27 --> [Caused by] mysqli_sql_exception: Table 'khm_touracle_db.khm_obj_enquiry_tour_itinerary_details' doesn't exist
in SYSTEMPATH\Database\MySQLi\Connection.php on line 312.
 1 SYSTEMPATH\Database\MySQLi\Connection.php(312): mysqli->query('SELECT `itie`.*, `itid`.`tour_details_id`, `itid`.`tour_date`, `rc`.`room_category_name`, `mp`.`meal_plan_name`
FROM `khm_obj_enquiry_tour_itinerary_expansion` as `itie`
LEFT JOIN `khm_obj_enquiry_tour_itinerary_details` as `itid` ON `itid`.`itinerary_details_id` = `itie`.`itinerary_details_id`
LEFT JOIN `khm_obj_mst_hotel_room_category` as `rc` ON `rc`.`room_category_id` = `itie`.`room_category_id`
LEFT JOIN `khm_obj_meal_plan` as `mp` ON `mp`.`meal_plan_id` = `itie`.`meal_plan_id`
WHERE `itie`.`itinerary_details_id` IN (\'2326\',\'2327\',\'2328\',\'2329\')
ORDER BY `itie`.`tour_expansion_date` ASC, `itie`.`tour_itinerary_expansion_id` ASC', 0)
 2 SYSTEMPATH\Database\BaseConnection.php(734): CodeIgniter\Database\MySQLi\Connection->execute('SELECT `itie`.*, `itid`.`tour_details_id`, `itid`.`tour_date`, `rc`.`room_category_name`, `mp`.`meal_plan_name`
FROM `khm_obj_enquiry_tour_itinerary_expansion` as `itie`
LEFT JOIN `khm_obj_enquiry_tour_itinerary_details` as `itid` ON `itid`.`itinerary_details_id` = `itie`.`itinerary_details_id`
LEFT JOIN `khm_obj_mst_hotel_room_category` as `rc` ON `rc`.`room_category_id` = `itie`.`room_category_id`
LEFT JOIN `khm_obj_meal_plan` as `mp` ON `mp`.`meal_plan_id` = `itie`.`meal_plan_id`
WHERE `itie`.`itinerary_details_id` IN (\'2326\',\'2327\',\'2328\',\'2329\')
ORDER BY `itie`.`tour_expansion_date` ASC, `itie`.`tour_itinerary_expansion_id` ASC')
 3 SYSTEMPATH\Database\BaseConnection.php(648): CodeIgniter\Database\BaseConnection->simpleQuery('SELECT `itie`.*, `itid`.`tour_details_id`, `itid`.`tour_date`, `rc`.`room_category_name`, `mp`.`meal_plan_name`
FROM `khm_obj_enquiry_tour_itinerary_expansion` as `itie`
LEFT JOIN `khm_obj_enquiry_tour_itinerary_details` as `itid` ON `itid`.`itinerary_details_id` = `itie`.`itinerary_details_id`
LEFT JOIN `khm_obj_mst_hotel_room_category` as `rc` ON `rc`.`room_category_id` = `itie`.`room_category_id`
LEFT JOIN `khm_obj_meal_plan` as `mp` ON `mp`.`meal_plan_id` = `itie`.`meal_plan_id`
WHERE `itie`.`itinerary_details_id` IN (\'2326\',\'2327\',\'2328\',\'2329\')
ORDER BY `itie`.`tour_expansion_date` ASC, `itie`.`tour_itinerary_expansion_id` ASC')
 4 SYSTEMPATH\Database\BaseBuilder.php(1644): CodeIgniter\Database\BaseConnection->query('SELECT `itie`.*, `itid`.`tour_details_id`, `itid`.`tour_date`, `rc`.`room_category_name`, `mp`.`meal_plan_name`
FROM `khm_obj_enquiry_tour_itinerary_expansion` as `itie`
LEFT JOIN `khm_obj_enquiry_tour_itinerary_details` as `itid` ON `itid`.`itinerary_details_id` = `itie`.`itinerary_details_id`
LEFT JOIN `khm_obj_mst_hotel_room_category` as `rc` ON `rc`.`room_category_id` = `itie`.`room_category_id`
LEFT JOIN `khm_obj_meal_plan` as `mp` ON `mp`.`meal_plan_id` = `itie`.`meal_plan_id`
WHERE `itie`.`itinerary_details_id` IN :itie.itinerary_details_id:
ORDER BY `itie`.`tour_expansion_date` ASC, `itie`.`tour_itinerary_expansion_id` ASC', [...], false)
 5 APPPATH\Models\Enquiry_m.php(1354): CodeIgniter\Database\BaseBuilder->get()
 6 APPPATH\Controllers\Enquiry.php(5285): App\Models\Enquiry_m->get_itinerary_expansion_grouped([...])
 7 SYSTEMPATH\CodeIgniter.php(933): App\Controllers\Enquiry->itinerary('2801', '1')
 8 SYSTEMPATH\CodeIgniter.php(509): CodeIgniter\CodeIgniter->runController(Object(App\Controllers\Enquiry))
 9 SYSTEMPATH\CodeIgniter.php(355): CodeIgniter\CodeIgniter->handleRequest(null, Object(Config\Cache), false)
10 SYSTEMPATH\Boot.php(334): CodeIgniter\CodeIgniter->run()
11 SYSTEMPATH\Boot.php(67): CodeIgniter\Boot::runCodeIgniter(Object(CodeIgniter\CodeIgniter))
12 FCPATH\index.php(56): CodeIgniter\Boot::bootWeb(Object(Config\Paths))
ERROR - 2025-11-16 11:25:28 --> mysqli_sql_exception: Table 'khm_touracle_db.khm_obj_enquiry_tour_itinerary_details' doesn't exist in C:\wamp64\www\khm\system\Database\MySQLi\Connection.php:312
Stack trace:
#0 C:\wamp64\www\khm\system\Database\MySQLi\Connection.php(312): mysqli->query('SELECT `itie`.*...', 0)
#1 C:\wamp64\www\khm\system\Database\BaseConnection.php(734): CodeIgniter\Database\MySQLi\Connection->execute('SELECT `itie`.*...')
#2 C:\wamp64\www\khm\system\Database\BaseConnection.php(648): CodeIgniter\Database\BaseConnection->simpleQuery('SELECT `itie`.*...')
#3 C:\wamp64\www\khm\system\Database\BaseBuilder.php(1644): CodeIgniter\Database\BaseConnection->query('SELECT `itie`.*...', Array, false)
#4 C:\wamp64\www\khm\app\Models\Enquiry_m.php(1354): CodeIgniter\Database\BaseBuilder->get()
#5 C:\wamp64\www\khm\app\Controllers\Enquiry.php(5285): App\Models\Enquiry_m->get_itinerary_expansion_grouped(Array)
#6 C:\wamp64\www\khm\system\CodeIgniter.php(933): App\Controllers\Enquiry->itinerary('2801', '1')
#7 C:\wamp64\www\khm\system\CodeIgniter.php(509): CodeIgniter\CodeIgniter->runController(Object(App\Controllers\Enquiry))
#8 C:\wamp64\www\khm\system\CodeIgniter.php(355): CodeIgniter\CodeIgniter->handleRequest(NULL, Object(Config\Cache), false)
#9 C:\wamp64\www\khm\system\Boot.php(334): CodeIgniter\CodeIgniter->run()
#10 C:\wamp64\www\khm\system\Boot.php(67): CodeIgniter\Boot::runCodeIgniter(Object(CodeIgniter\CodeIgniter))
#11 C:\wamp64\www\khm\public\index.php(56): CodeIgniter\Boot::bootWeb(Object(Config\Paths))
#12 {main}
CRITICAL - 2025-11-16 11:25:28 --> CodeIgniter\Database\Exceptions\DatabaseException: Table 'khm_touracle_db.khm_obj_enquiry_tour_itinerary_details' doesn't exist
[Method: GET, Route: Enquiry/itinerary/2801/1]
in SYSTEMPATH\Database\BaseConnection.php on line 688.
 1 SYSTEMPATH\Database\BaseBuilder.php(1644): CodeIgniter\Database\BaseConnection->query('SELECT `itie`.*, `itid`.`tour_details_id`, `itid`.`tour_date`, `rc`.`room_category_name`, `mp`.`meal_plan_name`
FROM `khm_obj_enquiry_tour_itinerary_expansion` as `itie`
LEFT JOIN `khm_obj_enquiry_tour_itinerary_details` as `itid` ON `itid`.`itinerary_details_id` = `itie`.`itinerary_details_id`
LEFT JOIN `khm_obj_mst_hotel_room_category` as `rc` ON `rc`.`room_category_id` = `itie`.`room_category_id`
LEFT JOIN `khm_obj_meal_plan` as `mp` ON `mp`.`meal_plan_id` = `itie`.`meal_plan_id`
WHERE `itie`.`itinerary_details_id` IN :itie.itinerary_details_id:
ORDER BY `itie`.`tour_expansion_date` ASC, `itie`.`tour_itinerary_expansion_id` ASC', [...], false)
 2 APPPATH\Models\Enquiry_m.php(1354): CodeIgniter\Database\BaseBuilder->get()
 3 APPPATH\Controllers\Enquiry.php(5285): App\Models\Enquiry_m->get_itinerary_expansion_grouped([...])
 4 SYSTEMPATH\CodeIgniter.php(933): App\Controllers\Enquiry->itinerary('2801', '1')
 5 SYSTEMPATH\CodeIgniter.php(509): CodeIgniter\CodeIgniter->runController(Object(App\Controllers\Enquiry))
 6 SYSTEMPATH\CodeIgniter.php(355): CodeIgniter\CodeIgniter->handleRequest(null, Object(Config\Cache), false)
 7 SYSTEMPATH\Boot.php(334): CodeIgniter\CodeIgniter->run()
 8 SYSTEMPATH\Boot.php(67): CodeIgniter\Boot::runCodeIgniter(Object(CodeIgniter\CodeIgniter))
 9 FCPATH\index.php(56): CodeIgniter\Boot::bootWeb(Object(Config\Paths))
CRITICAL - 2025-11-16 11:25:28 --> [Caused by] CodeIgniter\Database\Exceptions\DatabaseException: Table 'khm_touracle_db.khm_obj_enquiry_tour_itinerary_details' doesn't exist
in SYSTEMPATH\Database\MySQLi\Connection.php on line 317.
 1 SYSTEMPATH\Database\BaseConnection.php(734): CodeIgniter\Database\MySQLi\Connection->execute('SELECT `itie`.*, `itid`.`tour_details_id`, `itid`.`tour_date`, `rc`.`room_category_name`, `mp`.`meal_plan_name`
FROM `khm_obj_enquiry_tour_itinerary_expansion` as `itie`
LEFT JOIN `khm_obj_enquiry_tour_itinerary_details` as `itid` ON `itid`.`itinerary_details_id` = `itie`.`itinerary_details_id`
LEFT JOIN `khm_obj_mst_hotel_room_category` as `rc` ON `rc`.`room_category_id` = `itie`.`room_category_id`
LEFT JOIN `khm_obj_meal_plan` as `mp` ON `mp`.`meal_plan_id` = `itie`.`meal_plan_id`
WHERE `itie`.`itinerary_details_id` IN (\'2326\',\'2327\',\'2328\',\'2329\')
ORDER BY `itie`.`tour_expansion_date` ASC, `itie`.`tour_itinerary_expansion_id` ASC')
 2 SYSTEMPATH\Database\BaseConnection.php(648): CodeIgniter\Database\BaseConnection->simpleQuery('SELECT `itie`.*, `itid`.`tour_details_id`, `itid`.`tour_date`, `rc`.`room_category_name`, `mp`.`meal_plan_name`
FROM `khm_obj_enquiry_tour_itinerary_expansion` as `itie`
LEFT JOIN `khm_obj_enquiry_tour_itinerary_details` as `itid` ON `itid`.`itinerary_details_id` = `itie`.`itinerary_details_id`
LEFT JOIN `khm_obj_mst_hotel_room_category` as `rc` ON `rc`.`room_category_id` = `itie`.`room_category_id`
LEFT JOIN `khm_obj_meal_plan` as `mp` ON `mp`.`meal_plan_id` = `itie`.`meal_plan_id`
WHERE `itie`.`itinerary_details_id` IN (\'2326\',\'2327\',\'2328\',\'2329\')
ORDER BY `itie`.`tour_expansion_date` ASC, `itie`.`tour_itinerary_expansion_id` ASC')
 3 SYSTEMPATH\Database\BaseBuilder.php(1644): CodeIgniter\Database\BaseConnection->query('SELECT `itie`.*, `itid`.`tour_details_id`, `itid`.`tour_date`, `rc`.`room_category_name`, `mp`.`meal_plan_name`
FROM `khm_obj_enquiry_tour_itinerary_expansion` as `itie`
LEFT JOIN `khm_obj_enquiry_tour_itinerary_details` as `itid` ON `itid`.`itinerary_details_id` = `itie`.`itinerary_details_id`
LEFT JOIN `khm_obj_mst_hotel_room_category` as `rc` ON `rc`.`room_category_id` = `itie`.`room_category_id`
LEFT JOIN `khm_obj_meal_plan` as `mp` ON `mp`.`meal_plan_id` = `itie`.`meal_plan_id`
WHERE `itie`.`itinerary_details_id` IN :itie.itinerary_details_id:
ORDER BY `itie`.`tour_expansion_date` ASC, `itie`.`tour_itinerary_expansion_id` ASC', [...], false)
 4 APPPATH\Models\Enquiry_m.php(1354): CodeIgniter\Database\BaseBuilder->get()
 5 APPPATH\Controllers\Enquiry.php(5285): App\Models\Enquiry_m->get_itinerary_expansion_grouped([...])
 6 SYSTEMPATH\CodeIgniter.php(933): App\Controllers\Enquiry->itinerary('2801', '1')
 7 SYSTEMPATH\CodeIgniter.php(509): CodeIgniter\CodeIgniter->runController(Object(App\Controllers\Enquiry))
 8 SYSTEMPATH\CodeIgniter.php(355): CodeIgniter\CodeIgniter->handleRequest(null, Object(Config\Cache), false)
 9 SYSTEMPATH\Boot.php(334): CodeIgniter\CodeIgniter->run()
10 SYSTEMPATH\Boot.php(67): CodeIgniter\Boot::runCodeIgniter(Object(CodeIgniter\CodeIgniter))
11 FCPATH\index.php(56): CodeIgniter\Boot::bootWeb(Object(Config\Paths))
CRITICAL - 2025-11-16 11:25:28 --> [Caused by] mysqli_sql_exception: Table 'khm_touracle_db.khm_obj_enquiry_tour_itinerary_details' doesn't exist
in SYSTEMPATH\Database\MySQLi\Connection.php on line 312.
 1 SYSTEMPATH\Database\MySQLi\Connection.php(312): mysqli->query('SELECT `itie`.*, `itid`.`tour_details_id`, `itid`.`tour_date`, `rc`.`room_category_name`, `mp`.`meal_plan_name`
FROM `khm_obj_enquiry_tour_itinerary_expansion` as `itie`
LEFT JOIN `khm_obj_enquiry_tour_itinerary_details` as `itid` ON `itid`.`itinerary_details_id` = `itie`.`itinerary_details_id`
LEFT JOIN `khm_obj_mst_hotel_room_category` as `rc` ON `rc`.`room_category_id` = `itie`.`room_category_id`
LEFT JOIN `khm_obj_meal_plan` as `mp` ON `mp`.`meal_plan_id` = `itie`.`meal_plan_id`
WHERE `itie`.`itinerary_details_id` IN (\'2326\',\'2327\',\'2328\',\'2329\')
ORDER BY `itie`.`tour_expansion_date` ASC, `itie`.`tour_itinerary_expansion_id` ASC', 0)
 2 SYSTEMPATH\Database\BaseConnection.php(734): CodeIgniter\Database\MySQLi\Connection->execute('SELECT `itie`.*, `itid`.`tour_details_id`, `itid`.`tour_date`, `rc`.`room_category_name`, `mp`.`meal_plan_name`
FROM `khm_obj_enquiry_tour_itinerary_expansion` as `itie`
LEFT JOIN `khm_obj_enquiry_tour_itinerary_details` as `itid` ON `itid`.`itinerary_details_id` = `itie`.`itinerary_details_id`
LEFT JOIN `khm_obj_mst_hotel_room_category` as `rc` ON `rc`.`room_category_id` = `itie`.`room_category_id`
LEFT JOIN `khm_obj_meal_plan` as `mp` ON `mp`.`meal_plan_id` = `itie`.`meal_plan_id`
WHERE `itie`.`itinerary_details_id` IN (\'2326\',\'2327\',\'2328\',\'2329\')
ORDER BY `itie`.`tour_expansion_date` ASC, `itie`.`tour_itinerary_expansion_id` ASC')
 3 SYSTEMPATH\Database\BaseConnection.php(648): CodeIgniter\Database\BaseConnection->simpleQuery('SELECT `itie`.*, `itid`.`tour_details_id`, `itid`.`tour_date`, `rc`.`room_category_name`, `mp`.`meal_plan_name`
FROM `khm_obj_enquiry_tour_itinerary_expansion` as `itie`
LEFT JOIN `khm_obj_enquiry_tour_itinerary_details` as `itid` ON `itid`.`itinerary_details_id` = `itie`.`itinerary_details_id`
LEFT JOIN `khm_obj_mst_hotel_room_category` as `rc` ON `rc`.`room_category_id` = `itie`.`room_category_id`
LEFT JOIN `khm_obj_meal_plan` as `mp` ON `mp`.`meal_plan_id` = `itie`.`meal_plan_id`
WHERE `itie`.`itinerary_details_id` IN (\'2326\',\'2327\',\'2328\',\'2329\')
ORDER BY `itie`.`tour_expansion_date` ASC, `itie`.`tour_itinerary_expansion_id` ASC')
 4 SYSTEMPATH\Database\BaseBuilder.php(1644): CodeIgniter\Database\BaseConnection->query('SELECT `itie`.*, `itid`.`tour_details_id`, `itid`.`tour_date`, `rc`.`room_category_name`, `mp`.`meal_plan_name`
FROM `khm_obj_enquiry_tour_itinerary_expansion` as `itie`
LEFT JOIN `khm_obj_enquiry_tour_itinerary_details` as `itid` ON `itid`.`itinerary_details_id` = `itie`.`itinerary_details_id`
LEFT JOIN `khm_obj_mst_hotel_room_category` as `rc` ON `rc`.`room_category_id` = `itie`.`room_category_id`
LEFT JOIN `khm_obj_meal_plan` as `mp` ON `mp`.`meal_plan_id` = `itie`.`meal_plan_id`
WHERE `itie`.`itinerary_details_id` IN :itie.itinerary_details_id:
ORDER BY `itie`.`tour_expansion_date` ASC, `itie`.`tour_itinerary_expansion_id` ASC', [...], false)
 5 APPPATH\Models\Enquiry_m.php(1354): CodeIgniter\Database\BaseBuilder->get()
 6 APPPATH\Controllers\Enquiry.php(5285): App\Models\Enquiry_m->get_itinerary_expansion_grouped([...])
 7 SYSTEMPATH\CodeIgniter.php(933): App\Controllers\Enquiry->itinerary('2801', '1')
 8 SYSTEMPATH\CodeIgniter.php(509): CodeIgniter\CodeIgniter->runController(Object(App\Controllers\Enquiry))
 9 SYSTEMPATH\CodeIgniter.php(355): CodeIgniter\CodeIgniter->handleRequest(null, Object(Config\Cache), false)
10 SYSTEMPATH\Boot.php(334): CodeIgniter\CodeIgniter->run()
11 SYSTEMPATH\Boot.php(67): CodeIgniter\Boot::runCodeIgniter(Object(CodeIgniter\CodeIgniter))
12 FCPATH\index.php(56): CodeIgniter\Boot::bootWeb(Object(Config\Paths))
ERROR - 2025-11-16 11:25:28 --> mysqli_sql_exception: Table 'khm_touracle_db.khm_obj_enquiry_tour_itinerary_details' doesn't exist in C:\wamp64\www\khm\system\Database\MySQLi\Connection.php:312
Stack trace:
#0 C:\wamp64\www\khm\system\Database\MySQLi\Connection.php(312): mysqli->query('SELECT `itie`.*...', 0)
#1 C:\wamp64\www\khm\system\Database\BaseConnection.php(734): CodeIgniter\Database\MySQLi\Connection->execute('SELECT `itie`.*...')
#2 C:\wamp64\www\khm\system\Database\BaseConnection.php(648): CodeIgniter\Database\BaseConnection->simpleQuery('SELECT `itie`.*...')
#3 C:\wamp64\www\khm\system\Database\BaseBuilder.php(1644): CodeIgniter\Database\BaseConnection->query('SELECT `itie`.*...', Array, false)
#4 C:\wamp64\www\khm\app\Models\Enquiry_m.php(1354): CodeIgniter\Database\BaseBuilder->get()
#5 C:\wamp64\www\khm\app\Controllers\Enquiry.php(5285): App\Models\Enquiry_m->get_itinerary_expansion_grouped(Array)
#6 C:\wamp64\www\khm\system\CodeIgniter.php(933): App\Controllers\Enquiry->itinerary('2801', '1')
#7 C:\wamp64\www\khm\system\CodeIgniter.php(509): CodeIgniter\CodeIgniter->runController(Object(App\Controllers\Enquiry))
#8 C:\wamp64\www\khm\system\CodeIgniter.php(355): CodeIgniter\CodeIgniter->handleRequest(NULL, Object(Config\Cache), false)
#9 C:\wamp64\www\khm\system\Boot.php(334): CodeIgniter\CodeIgniter->run()
#10 C:\wamp64\www\khm\system\Boot.php(67): CodeIgniter\Boot::runCodeIgniter(Object(CodeIgniter\CodeIgniter))
#11 C:\wamp64\www\khm\public\index.php(56): CodeIgniter\Boot::bootWeb(Object(Config\Paths))
#12 {main}
CRITICAL - 2025-11-16 11:25:28 --> CodeIgniter\Database\Exceptions\DatabaseException: Table 'khm_touracle_db.khm_obj_enquiry_tour_itinerary_details' doesn't exist
[Method: GET, Route: Enquiry/itinerary/2801/1]
in SYSTEMPATH\Database\BaseConnection.php on line 688.
 1 SYSTEMPATH\Database\BaseBuilder.php(1644): CodeIgniter\Database\BaseConnection->query('SELECT `itie`.*, `itid`.`tour_details_id`, `itid`.`tour_date`, `rc`.`room_category_name`, `mp`.`meal_plan_name`
FROM `khm_obj_enquiry_tour_itinerary_expansion` as `itie`
LEFT JOIN `khm_obj_enquiry_tour_itinerary_details` as `itid` ON `itid`.`itinerary_details_id` = `itie`.`itinerary_details_id`
LEFT JOIN `khm_obj_mst_hotel_room_category` as `rc` ON `rc`.`room_category_id` = `itie`.`room_category_id`
LEFT JOIN `khm_obj_meal_plan` as `mp` ON `mp`.`meal_plan_id` = `itie`.`meal_plan_id`
WHERE `itie`.`itinerary_details_id` IN :itie.itinerary_details_id:
ORDER BY `itie`.`tour_expansion_date` ASC, `itie`.`tour_itinerary_expansion_id` ASC', [...], false)
 2 APPPATH\Models\Enquiry_m.php(1354): CodeIgniter\Database\BaseBuilder->get()
 3 APPPATH\Controllers\Enquiry.php(5285): App\Models\Enquiry_m->get_itinerary_expansion_grouped([...])
 4 SYSTEMPATH\CodeIgniter.php(933): App\Controllers\Enquiry->itinerary('2801', '1')
 5 SYSTEMPATH\CodeIgniter.php(509): CodeIgniter\CodeIgniter->runController(Object(App\Controllers\Enquiry))
 6 SYSTEMPATH\CodeIgniter.php(355): CodeIgniter\CodeIgniter->handleRequest(null, Object(Config\Cache), false)
 7 SYSTEMPATH\Boot.php(334): CodeIgniter\CodeIgniter->run()
 8 SYSTEMPATH\Boot.php(67): CodeIgniter\Boot::runCodeIgniter(Object(CodeIgniter\CodeIgniter))
 9 FCPATH\index.php(56): CodeIgniter\Boot::bootWeb(Object(Config\Paths))
CRITICAL - 2025-11-16 11:25:28 --> [Caused by] CodeIgniter\Database\Exceptions\DatabaseException: Table 'khm_touracle_db.khm_obj_enquiry_tour_itinerary_details' doesn't exist
in SYSTEMPATH\Database\MySQLi\Connection.php on line 317.
 1 SYSTEMPATH\Database\BaseConnection.php(734): CodeIgniter\Database\MySQLi\Connection->execute('SELECT `itie`.*, `itid`.`tour_details_id`, `itid`.`tour_date`, `rc`.`room_category_name`, `mp`.`meal_plan_name`
FROM `khm_obj_enquiry_tour_itinerary_expansion` as `itie`
LEFT JOIN `khm_obj_enquiry_tour_itinerary_details` as `itid` ON `itid`.`itinerary_details_id` = `itie`.`itinerary_details_id`
LEFT JOIN `khm_obj_mst_hotel_room_category` as `rc` ON `rc`.`room_category_id` = `itie`.`room_category_id`
LEFT JOIN `khm_obj_meal_plan` as `mp` ON `mp`.`meal_plan_id` = `itie`.`meal_plan_id`
WHERE `itie`.`itinerary_details_id` IN (\'2326\',\'2327\',\'2328\',\'2329\')
ORDER BY `itie`.`tour_expansion_date` ASC, `itie`.`tour_itinerary_expansion_id` ASC')
 2 SYSTEMPATH\Database\BaseConnection.php(648): CodeIgniter\Database\BaseConnection->simpleQuery('SELECT `itie`.*, `itid`.`tour_details_id`, `itid`.`tour_date`, `rc`.`room_category_name`, `mp`.`meal_plan_name`
FROM `khm_obj_enquiry_tour_itinerary_expansion` as `itie`
LEFT JOIN `khm_obj_enquiry_tour_itinerary_details` as `itid` ON `itid`.`itinerary_details_id` = `itie`.`itinerary_details_id`
LEFT JOIN `khm_obj_mst_hotel_room_category` as `rc` ON `rc`.`room_category_id` = `itie`.`room_category_id`
LEFT JOIN `khm_obj_meal_plan` as `mp` ON `mp`.`meal_plan_id` = `itie`.`meal_plan_id`
WHERE `itie`.`itinerary_details_id` IN (\'2326\',\'2327\',\'2328\',\'2329\')
ORDER BY `itie`.`tour_expansion_date` ASC, `itie`.`tour_itinerary_expansion_id` ASC')
 3 SYSTEMPATH\Database\BaseBuilder.php(1644): CodeIgniter\Database\BaseConnection->query('SELECT `itie`.*, `itid`.`tour_details_id`, `itid`.`tour_date`, `rc`.`room_category_name`, `mp`.`meal_plan_name`
FROM `khm_obj_enquiry_tour_itinerary_expansion` as `itie`
LEFT JOIN `khm_obj_enquiry_tour_itinerary_details` as `itid` ON `itid`.`itinerary_details_id` = `itie`.`itinerary_details_id`
LEFT JOIN `khm_obj_mst_hotel_room_category` as `rc` ON `rc`.`room_category_id` = `itie`.`room_category_id`
LEFT JOIN `khm_obj_meal_plan` as `mp` ON `mp`.`meal_plan_id` = `itie`.`meal_plan_id`
WHERE `itie`.`itinerary_details_id` IN :itie.itinerary_details_id:
ORDER BY `itie`.`tour_expansion_date` ASC, `itie`.`tour_itinerary_expansion_id` ASC', [...], false)
 4 APPPATH\Models\Enquiry_m.php(1354): CodeIgniter\Database\BaseBuilder->get()
 5 APPPATH\Controllers\Enquiry.php(5285): App\Models\Enquiry_m->get_itinerary_expansion_grouped([...])
 6 SYSTEMPATH\CodeIgniter.php(933): App\Controllers\Enquiry->itinerary('2801', '1')
 7 SYSTEMPATH\CodeIgniter.php(509): CodeIgniter\CodeIgniter->runController(Object(App\Controllers\Enquiry))
 8 SYSTEMPATH\CodeIgniter.php(355): CodeIgniter\CodeIgniter->handleRequest(null, Object(Config\Cache), false)
 9 SYSTEMPATH\Boot.php(334): CodeIgniter\CodeIgniter->run()
10 SYSTEMPATH\Boot.php(67): CodeIgniter\Boot::runCodeIgniter(Object(CodeIgniter\CodeIgniter))
11 FCPATH\index.php(56): CodeIgniter\Boot::bootWeb(Object(Config\Paths))
CRITICAL - 2025-11-16 11:25:28 --> [Caused by] mysqli_sql_exception: Table 'khm_touracle_db.khm_obj_enquiry_tour_itinerary_details' doesn't exist
in SYSTEMPATH\Database\MySQLi\Connection.php on line 312.
 1 SYSTEMPATH\Database\MySQLi\Connection.php(312): mysqli->query('SELECT `itie`.*, `itid`.`tour_details_id`, `itid`.`tour_date`, `rc`.`room_category_name`, `mp`.`meal_plan_name`
FROM `khm_obj_enquiry_tour_itinerary_expansion` as `itie`
LEFT JOIN `khm_obj_enquiry_tour_itinerary_details` as `itid` ON `itid`.`itinerary_details_id` = `itie`.`itinerary_details_id`
LEFT JOIN `khm_obj_mst_hotel_room_category` as `rc` ON `rc`.`room_category_id` = `itie`.`room_category_id`
LEFT JOIN `khm_obj_meal_plan` as `mp` ON `mp`.`meal_plan_id` = `itie`.`meal_plan_id`
WHERE `itie`.`itinerary_details_id` IN (\'2326\',\'2327\',\'2328\',\'2329\')
ORDER BY `itie`.`tour_expansion_date` ASC, `itie`.`tour_itinerary_expansion_id` ASC', 0)
 2 SYSTEMPATH\Database\BaseConnection.php(734): CodeIgniter\Database\MySQLi\Connection->execute('SELECT `itie`.*, `itid`.`tour_details_id`, `itid`.`tour_date`, `rc`.`room_category_name`, `mp`.`meal_plan_name`
FROM `khm_obj_enquiry_tour_itinerary_expansion` as `itie`
LEFT JOIN `khm_obj_enquiry_tour_itinerary_details` as `itid` ON `itid`.`itinerary_details_id` = `itie`.`itinerary_details_id`
LEFT JOIN `khm_obj_mst_hotel_room_category` as `rc` ON `rc`.`room_category_id` = `itie`.`room_category_id`
LEFT JOIN `khm_obj_meal_plan` as `mp` ON `mp`.`meal_plan_id` = `itie`.`meal_plan_id`
WHERE `itie`.`itinerary_details_id` IN (\'2326\',\'2327\',\'2328\',\'2329\')
ORDER BY `itie`.`tour_expansion_date` ASC, `itie`.`tour_itinerary_expansion_id` ASC')
 3 SYSTEMPATH\Database\BaseConnection.php(648): CodeIgniter\Database\BaseConnection->simpleQuery('SELECT `itie`.*, `itid`.`tour_details_id`, `itid`.`tour_date`, `rc`.`room_category_name`, `mp`.`meal_plan_name`
FROM `khm_obj_enquiry_tour_itinerary_expansion` as `itie`
LEFT JOIN `khm_obj_enquiry_tour_itinerary_details` as `itid` ON `itid`.`itinerary_details_id` = `itie`.`itinerary_details_id`
LEFT JOIN `khm_obj_mst_hotel_room_category` as `rc` ON `rc`.`room_category_id` = `itie`.`room_category_id`
LEFT JOIN `khm_obj_meal_plan` as `mp` ON `mp`.`meal_plan_id` = `itie`.`meal_plan_id`
WHERE `itie`.`itinerary_details_id` IN (\'2326\',\'2327\',\'2328\',\'2329\')
ORDER BY `itie`.`tour_expansion_date` ASC, `itie`.`tour_itinerary_expansion_id` ASC')
 4 SYSTEMPATH\Database\BaseBuilder.php(1644): CodeIgniter\Database\BaseConnection->query('SELECT `itie`.*, `itid`.`tour_details_id`, `itid`.`tour_date`, `rc`.`room_category_name`, `mp`.`meal_plan_name`
FROM `khm_obj_enquiry_tour_itinerary_expansion` as `itie`
LEFT JOIN `khm_obj_enquiry_tour_itinerary_details` as `itid` ON `itid`.`itinerary_details_id` = `itie`.`itinerary_details_id`
LEFT JOIN `khm_obj_mst_hotel_room_category` as `rc` ON `rc`.`room_category_id` = `itie`.`room_category_id`
LEFT JOIN `khm_obj_meal_plan` as `mp` ON `mp`.`meal_plan_id` = `itie`.`meal_plan_id`
WHERE `itie`.`itinerary_details_id` IN :itie.itinerary_details_id:
ORDER BY `itie`.`tour_expansion_date` ASC, `itie`.`tour_itinerary_expansion_id` ASC', [...], false)
 5 APPPATH\Models\Enquiry_m.php(1354): CodeIgniter\Database\BaseBuilder->get()
 6 APPPATH\Controllers\Enquiry.php(5285): App\Models\Enquiry_m->get_itinerary_expansion_grouped([...])
 7 SYSTEMPATH\CodeIgniter.php(933): App\Controllers\Enquiry->itinerary('2801', '1')
 8 SYSTEMPATH\CodeIgniter.php(509): CodeIgniter\CodeIgniter->runController(Object(App\Controllers\Enquiry))
 9 SYSTEMPATH\CodeIgniter.php(355): CodeIgniter\CodeIgniter->handleRequest(null, Object(Config\Cache), false)
10 SYSTEMPATH\Boot.php(334): CodeIgniter\CodeIgniter->run()
11 SYSTEMPATH\Boot.php(67): CodeIgniter\Boot::runCodeIgniter(Object(CodeIgniter\CodeIgniter))
12 FCPATH\index.php(56): CodeIgniter\Boot::bootWeb(Object(Config\Paths))
ERROR - 2025-11-16 11:25:53 --> mysqli_sql_exception: Table 'khm_touracle_db.khm_obj_enquiry_tour_itinerary_details' doesn't exist in C:\wamp64\www\khm\system\Database\MySQLi\Connection.php:312
Stack trace:
#0 C:\wamp64\www\khm\system\Database\MySQLi\Connection.php(312): mysqli->query('SELECT `itie`.*...', 0)
#1 C:\wamp64\www\khm\system\Database\BaseConnection.php(734): CodeIgniter\Database\MySQLi\Connection->execute('SELECT `itie`.*...')
#2 C:\wamp64\www\khm\system\Database\BaseConnection.php(648): CodeIgniter\Database\BaseConnection->simpleQuery('SELECT `itie`.*...')
#3 C:\wamp64\www\khm\system\Database\BaseBuilder.php(1644): CodeIgniter\Database\BaseConnection->query('SELECT `itie`.*...', Array, false)
#4 C:\wamp64\www\khm\app\Models\Enquiry_m.php(1354): CodeIgniter\Database\BaseBuilder->get()
#5 C:\wamp64\www\khm\app\Controllers\Enquiry.php(5283): App\Models\Enquiry_m->get_itinerary_expansion_grouped(Array)
#6 C:\wamp64\www\khm\system\CodeIgniter.php(933): App\Controllers\Enquiry->itinerary('2801', '1')
#7 C:\wamp64\www\khm\system\CodeIgniter.php(509): CodeIgniter\CodeIgniter->runController(Object(App\Controllers\Enquiry))
#8 C:\wamp64\www\khm\system\CodeIgniter.php(355): CodeIgniter\CodeIgniter->handleRequest(NULL, Object(Config\Cache), false)
#9 C:\wamp64\www\khm\system\Boot.php(334): CodeIgniter\CodeIgniter->run()
#10 C:\wamp64\www\khm\system\Boot.php(67): CodeIgniter\Boot::runCodeIgniter(Object(CodeIgniter\CodeIgniter))
#11 C:\wamp64\www\khm\public\index.php(56): CodeIgniter\Boot::bootWeb(Object(Config\Paths))
#12 {main}
CRITICAL - 2025-11-16 11:25:53 --> CodeIgniter\Database\Exceptions\DatabaseException: Table 'khm_touracle_db.khm_obj_enquiry_tour_itinerary_details' doesn't exist
[Method: GET, Route: Enquiry/itinerary/2801/1]
in SYSTEMPATH\Database\BaseConnection.php on line 688.
 1 SYSTEMPATH\Database\BaseBuilder.php(1644): CodeIgniter\Database\BaseConnection->query('SELECT `itie`.*, `itid`.`tour_details_id`, `itid`.`tour_date`, `rc`.`room_category_name`, `mp`.`meal_plan_name`
FROM `khm_obj_enquiry_tour_itinerary_expansion` as `itie`
LEFT JOIN `khm_obj_enquiry_tour_itinerary_details` as `itid` ON `itid`.`itinerary_details_id` = `itie`.`itinerary_details_id`
LEFT JOIN `khm_obj_mst_hotel_room_category` as `rc` ON `rc`.`room_category_id` = `itie`.`room_category_id`
LEFT JOIN `khm_obj_meal_plan` as `mp` ON `mp`.`meal_plan_id` = `itie`.`meal_plan_id`
WHERE `itie`.`itinerary_details_id` IN :itie.itinerary_details_id:
ORDER BY `itie`.`tour_expansion_date` ASC, `itie`.`tour_itinerary_expansion_id` ASC', [...], false)
 2 APPPATH\Models\Enquiry_m.php(1354): CodeIgniter\Database\BaseBuilder->get()
 3 APPPATH\Controllers\Enquiry.php(5283): App\Models\Enquiry_m->get_itinerary_expansion_grouped([...])
 4 SYSTEMPATH\CodeIgniter.php(933): App\Controllers\Enquiry->itinerary('2801', '1')
 5 SYSTEMPATH\CodeIgniter.php(509): CodeIgniter\CodeIgniter->runController(Object(App\Controllers\Enquiry))
 6 SYSTEMPATH\CodeIgniter.php(355): CodeIgniter\CodeIgniter->handleRequest(null, Object(Config\Cache), false)
 7 SYSTEMPATH\Boot.php(334): CodeIgniter\CodeIgniter->run()
 8 SYSTEMPATH\Boot.php(67): CodeIgniter\Boot::runCodeIgniter(Object(CodeIgniter\CodeIgniter))
 9 FCPATH\index.php(56): CodeIgniter\Boot::bootWeb(Object(Config\Paths))
CRITICAL - 2025-11-16 11:25:53 --> [Caused by] CodeIgniter\Database\Exceptions\DatabaseException: Table 'khm_touracle_db.khm_obj_enquiry_tour_itinerary_details' doesn't exist
in SYSTEMPATH\Database\MySQLi\Connection.php on line 317.
 1 SYSTEMPATH\Database\BaseConnection.php(734): CodeIgniter\Database\MySQLi\Connection->execute('SELECT `itie`.*, `itid`.`tour_details_id`, `itid`.`tour_date`, `rc`.`room_category_name`, `mp`.`meal_plan_name`
FROM `khm_obj_enquiry_tour_itinerary_expansion` as `itie`
LEFT JOIN `khm_obj_enquiry_tour_itinerary_details` as `itid` ON `itid`.`itinerary_details_id` = `itie`.`itinerary_details_id`
LEFT JOIN `khm_obj_mst_hotel_room_category` as `rc` ON `rc`.`room_category_id` = `itie`.`room_category_id`
LEFT JOIN `khm_obj_meal_plan` as `mp` ON `mp`.`meal_plan_id` = `itie`.`meal_plan_id`
WHERE `itie`.`itinerary_details_id` IN (\'2326\',\'2327\',\'2328\',\'2329\')
ORDER BY `itie`.`tour_expansion_date` ASC, `itie`.`tour_itinerary_expansion_id` ASC')
 2 SYSTEMPATH\Database\BaseConnection.php(648): CodeIgniter\Database\BaseConnection->simpleQuery('SELECT `itie`.*, `itid`.`tour_details_id`, `itid`.`tour_date`, `rc`.`room_category_name`, `mp`.`meal_plan_name`
FROM `khm_obj_enquiry_tour_itinerary_expansion` as `itie`
LEFT JOIN `khm_obj_enquiry_tour_itinerary_details` as `itid` ON `itid`.`itinerary_details_id` = `itie`.`itinerary_details_id`
LEFT JOIN `khm_obj_mst_hotel_room_category` as `rc` ON `rc`.`room_category_id` = `itie`.`room_category_id`
LEFT JOIN `khm_obj_meal_plan` as `mp` ON `mp`.`meal_plan_id` = `itie`.`meal_plan_id`
WHERE `itie`.`itinerary_details_id` IN (\'2326\',\'2327\',\'2328\',\'2329\')
ORDER BY `itie`.`tour_expansion_date` ASC, `itie`.`tour_itinerary_expansion_id` ASC')
 3 SYSTEMPATH\Database\BaseBuilder.php(1644): CodeIgniter\Database\BaseConnection->query('SELECT `itie`.*, `itid`.`tour_details_id`, `itid`.`tour_date`, `rc`.`room_category_name`, `mp`.`meal_plan_name`
FROM `khm_obj_enquiry_tour_itinerary_expansion` as `itie`
LEFT JOIN `khm_obj_enquiry_tour_itinerary_details` as `itid` ON `itid`.`itinerary_details_id` = `itie`.`itinerary_details_id`
LEFT JOIN `khm_obj_mst_hotel_room_category` as `rc` ON `rc`.`room_category_id` = `itie`.`room_category_id`
LEFT JOIN `khm_obj_meal_plan` as `mp` ON `mp`.`meal_plan_id` = `itie`.`meal_plan_id`
WHERE `itie`.`itinerary_details_id` IN :itie.itinerary_details_id:
ORDER BY `itie`.`tour_expansion_date` ASC, `itie`.`tour_itinerary_expansion_id` ASC', [...], false)
 4 APPPATH\Models\Enquiry_m.php(1354): CodeIgniter\Database\BaseBuilder->get()
 5 APPPATH\Controllers\Enquiry.php(5283): App\Models\Enquiry_m->get_itinerary_expansion_grouped([...])
 6 SYSTEMPATH\CodeIgniter.php(933): App\Controllers\Enquiry->itinerary('2801', '1')
 7 SYSTEMPATH\CodeIgniter.php(509): CodeIgniter\CodeIgniter->runController(Object(App\Controllers\Enquiry))
 8 SYSTEMPATH\CodeIgniter.php(355): CodeIgniter\CodeIgniter->handleRequest(null, Object(Config\Cache), false)
 9 SYSTEMPATH\Boot.php(334): CodeIgniter\CodeIgniter->run()
10 SYSTEMPATH\Boot.php(67): CodeIgniter\Boot::runCodeIgniter(Object(CodeIgniter\CodeIgniter))
11 FCPATH\index.php(56): CodeIgniter\Boot::bootWeb(Object(Config\Paths))
CRITICAL - 2025-11-16 11:25:53 --> [Caused by] mysqli_sql_exception: Table 'khm_touracle_db.khm_obj_enquiry_tour_itinerary_details' doesn't exist
in SYSTEMPATH\Database\MySQLi\Connection.php on line 312.
 1 SYSTEMPATH\Database\MySQLi\Connection.php(312): mysqli->query('SELECT `itie`.*, `itid`.`tour_details_id`, `itid`.`tour_date`, `rc`.`room_category_name`, `mp`.`meal_plan_name`
FROM `khm_obj_enquiry_tour_itinerary_expansion` as `itie`
LEFT JOIN `khm_obj_enquiry_tour_itinerary_details` as `itid` ON `itid`.`itinerary_details_id` = `itie`.`itinerary_details_id`
LEFT JOIN `khm_obj_mst_hotel_room_category` as `rc` ON `rc`.`room_category_id` = `itie`.`room_category_id`
LEFT JOIN `khm_obj_meal_plan` as `mp` ON `mp`.`meal_plan_id` = `itie`.`meal_plan_id`
WHERE `itie`.`itinerary_details_id` IN (\'2326\',\'2327\',\'2328\',\'2329\')
ORDER BY `itie`.`tour_expansion_date` ASC, `itie`.`tour_itinerary_expansion_id` ASC', 0)
 2 SYSTEMPATH\Database\BaseConnection.php(734): CodeIgniter\Database\MySQLi\Connection->execute('SELECT `itie`.*, `itid`.`tour_details_id`, `itid`.`tour_date`, `rc`.`room_category_name`, `mp`.`meal_plan_name`
FROM `khm_obj_enquiry_tour_itinerary_expansion` as `itie`
LEFT JOIN `khm_obj_enquiry_tour_itinerary_details` as `itid` ON `itid`.`itinerary_details_id` = `itie`.`itinerary_details_id`
LEFT JOIN `khm_obj_mst_hotel_room_category` as `rc` ON `rc`.`room_category_id` = `itie`.`room_category_id`
LEFT JOIN `khm_obj_meal_plan` as `mp` ON `mp`.`meal_plan_id` = `itie`.`meal_plan_id`
WHERE `itie`.`itinerary_details_id` IN (\'2326\',\'2327\',\'2328\',\'2329\')
ORDER BY `itie`.`tour_expansion_date` ASC, `itie`.`tour_itinerary_expansion_id` ASC')
 3 SYSTEMPATH\Database\BaseConnection.php(648): CodeIgniter\Database\BaseConnection->simpleQuery('SELECT `itie`.*, `itid`.`tour_details_id`, `itid`.`tour_date`, `rc`.`room_category_name`, `mp`.`meal_plan_name`
FROM `khm_obj_enquiry_tour_itinerary_expansion` as `itie`
LEFT JOIN `khm_obj_enquiry_tour_itinerary_details` as `itid` ON `itid`.`itinerary_details_id` = `itie`.`itinerary_details_id`
LEFT JOIN `khm_obj_mst_hotel_room_category` as `rc` ON `rc`.`room_category_id` = `itie`.`room_category_id`
LEFT JOIN `khm_obj_meal_plan` as `mp` ON `mp`.`meal_plan_id` = `itie`.`meal_plan_id`
WHERE `itie`.`itinerary_details_id` IN (\'2326\',\'2327\',\'2328\',\'2329\')
ORDER BY `itie`.`tour_expansion_date` ASC, `itie`.`tour_itinerary_expansion_id` ASC')
 4 SYSTEMPATH\Database\BaseBuilder.php(1644): CodeIgniter\Database\BaseConnection->query('SELECT `itie`.*, `itid`.`tour_details_id`, `itid`.`tour_date`, `rc`.`room_category_name`, `mp`.`meal_plan_name`
FROM `khm_obj_enquiry_tour_itinerary_expansion` as `itie`
LEFT JOIN `khm_obj_enquiry_tour_itinerary_details` as `itid` ON `itid`.`itinerary_details_id` = `itie`.`itinerary_details_id`
LEFT JOIN `khm_obj_mst_hotel_room_category` as `rc` ON `rc`.`room_category_id` = `itie`.`room_category_id`
LEFT JOIN `khm_obj_meal_plan` as `mp` ON `mp`.`meal_plan_id` = `itie`.`meal_plan_id`
WHERE `itie`.`itinerary_details_id` IN :itie.itinerary_details_id:
ORDER BY `itie`.`tour_expansion_date` ASC, `itie`.`tour_itinerary_expansion_id` ASC', [...], false)
 5 APPPATH\Models\Enquiry_m.php(1354): CodeIgniter\Database\BaseBuilder->get()
 6 APPPATH\Controllers\Enquiry.php(5283): App\Models\Enquiry_m->get_itinerary_expansion_grouped([...])
 7 SYSTEMPATH\CodeIgniter.php(933): App\Controllers\Enquiry->itinerary('2801', '1')
 8 SYSTEMPATH\CodeIgniter.php(509): CodeIgniter\CodeIgniter->runController(Object(App\Controllers\Enquiry))
 9 SYSTEMPATH\CodeIgniter.php(355): CodeIgniter\CodeIgniter->handleRequest(null, Object(Config\Cache), false)
10 SYSTEMPATH\Boot.php(334): CodeIgniter\CodeIgniter->run()
11 SYSTEMPATH\Boot.php(67): CodeIgniter\Boot::runCodeIgniter(Object(CodeIgniter\CodeIgniter))
12 FCPATH\index.php(56): CodeIgniter\Boot::bootWeb(Object(Config\Paths))
ERROR - 2025-11-16 11:25:53 --> mysqli_sql_exception: Table 'khm_touracle_db.khm_obj_enquiry_tour_itinerary_details' doesn't exist in C:\wamp64\www\khm\system\Database\MySQLi\Connection.php:312
Stack trace:
#0 C:\wamp64\www\khm\system\Database\MySQLi\Connection.php(312): mysqli->query('SELECT `itie`.*...', 0)
#1 C:\wamp64\www\khm\system\Database\BaseConnection.php(734): CodeIgniter\Database\MySQLi\Connection->execute('SELECT `itie`.*...')
#2 C:\wamp64\www\khm\system\Database\BaseConnection.php(648): CodeIgniter\Database\BaseConnection->simpleQuery('SELECT `itie`.*...')
#3 C:\wamp64\www\khm\system\Database\BaseBuilder.php(1644): CodeIgniter\Database\BaseConnection->query('SELECT `itie`.*...', Array, false)
#4 C:\wamp64\www\khm\app\Models\Enquiry_m.php(1354): CodeIgniter\Database\BaseBuilder->get()
#5 C:\wamp64\www\khm\app\Controllers\Enquiry.php(5283): App\Models\Enquiry_m->get_itinerary_expansion_grouped(Array)
#6 C:\wamp64\www\khm\system\CodeIgniter.php(933): App\Controllers\Enquiry->itinerary('2801', '1')
#7 C:\wamp64\www\khm\system\CodeIgniter.php(509): CodeIgniter\CodeIgniter->runController(Object(App\Controllers\Enquiry))
#8 C:\wamp64\www\khm\system\CodeIgniter.php(355): CodeIgniter\CodeIgniter->handleRequest(NULL, Object(Config\Cache), false)
#9 C:\wamp64\www\khm\system\Boot.php(334): CodeIgniter\CodeIgniter->run()
#10 C:\wamp64\www\khm\system\Boot.php(67): CodeIgniter\Boot::runCodeIgniter(Object(CodeIgniter\CodeIgniter))
#11 C:\wamp64\www\khm\public\index.php(56): CodeIgniter\Boot::bootWeb(Object(Config\Paths))
#12 {main}
CRITICAL - 2025-11-16 11:25:53 --> CodeIgniter\Database\Exceptions\DatabaseException: Table 'khm_touracle_db.khm_obj_enquiry_tour_itinerary_details' doesn't exist
[Method: GET, Route: Enquiry/itinerary/2801/1]
in SYSTEMPATH\Database\BaseConnection.php on line 688.
 1 SYSTEMPATH\Database\BaseBuilder.php(1644): CodeIgniter\Database\BaseConnection->query('SELECT `itie`.*, `itid`.`tour_details_id`, `itid`.`tour_date`, `rc`.`room_category_name`, `mp`.`meal_plan_name`
FROM `khm_obj_enquiry_tour_itinerary_expansion` as `itie`
LEFT JOIN `khm_obj_enquiry_tour_itinerary_details` as `itid` ON `itid`.`itinerary_details_id` = `itie`.`itinerary_details_id`
LEFT JOIN `khm_obj_mst_hotel_room_category` as `rc` ON `rc`.`room_category_id` = `itie`.`room_category_id`
LEFT JOIN `khm_obj_meal_plan` as `mp` ON `mp`.`meal_plan_id` = `itie`.`meal_plan_id`
WHERE `itie`.`itinerary_details_id` IN :itie.itinerary_details_id:
ORDER BY `itie`.`tour_expansion_date` ASC, `itie`.`tour_itinerary_expansion_id` ASC', [...], false)
 2 APPPATH\Models\Enquiry_m.php(1354): CodeIgniter\Database\BaseBuilder->get()
 3 APPPATH\Controllers\Enquiry.php(5283): App\Models\Enquiry_m->get_itinerary_expansion_grouped([...])
 4 SYSTEMPATH\CodeIgniter.php(933): App\Controllers\Enquiry->itinerary('2801', '1')
 5 SYSTEMPATH\CodeIgniter.php(509): CodeIgniter\CodeIgniter->runController(Object(App\Controllers\Enquiry))
 6 SYSTEMPATH\CodeIgniter.php(355): CodeIgniter\CodeIgniter->handleRequest(null, Object(Config\Cache), false)
 7 SYSTEMPATH\Boot.php(334): CodeIgniter\CodeIgniter->run()
 8 SYSTEMPATH\Boot.php(67): CodeIgniter\Boot::runCodeIgniter(Object(CodeIgniter\CodeIgniter))
 9 FCPATH\index.php(56): CodeIgniter\Boot::bootWeb(Object(Config\Paths))
CRITICAL - 2025-11-16 11:25:53 --> [Caused by] CodeIgniter\Database\Exceptions\DatabaseException: Table 'khm_touracle_db.khm_obj_enquiry_tour_itinerary_details' doesn't exist
in SYSTEMPATH\Database\MySQLi\Connection.php on line 317.
 1 SYSTEMPATH\Database\BaseConnection.php(734): CodeIgniter\Database\MySQLi\Connection->execute('SELECT `itie`.*, `itid`.`tour_details_id`, `itid`.`tour_date`, `rc`.`room_category_name`, `mp`.`meal_plan_name`
FROM `khm_obj_enquiry_tour_itinerary_expansion` as `itie`
LEFT JOIN `khm_obj_enquiry_tour_itinerary_details` as `itid` ON `itid`.`itinerary_details_id` = `itie`.`itinerary_details_id`
LEFT JOIN `khm_obj_mst_hotel_room_category` as `rc` ON `rc`.`room_category_id` = `itie`.`room_category_id`
LEFT JOIN `khm_obj_meal_plan` as `mp` ON `mp`.`meal_plan_id` = `itie`.`meal_plan_id`
WHERE `itie`.`itinerary_details_id` IN (\'2326\',\'2327\',\'2328\',\'2329\')
ORDER BY `itie`.`tour_expansion_date` ASC, `itie`.`tour_itinerary_expansion_id` ASC')
 2 SYSTEMPATH\Database\BaseConnection.php(648): CodeIgniter\Database\BaseConnection->simpleQuery('SELECT `itie`.*, `itid`.`tour_details_id`, `itid`.`tour_date`, `rc`.`room_category_name`, `mp`.`meal_plan_name`
FROM `khm_obj_enquiry_tour_itinerary_expansion` as `itie`
LEFT JOIN `khm_obj_enquiry_tour_itinerary_details` as `itid` ON `itid`.`itinerary_details_id` = `itie`.`itinerary_details_id`
LEFT JOIN `khm_obj_mst_hotel_room_category` as `rc` ON `rc`.`room_category_id` = `itie`.`room_category_id`
LEFT JOIN `khm_obj_meal_plan` as `mp` ON `mp`.`meal_plan_id` = `itie`.`meal_plan_id`
WHERE `itie`.`itinerary_details_id` IN (\'2326\',\'2327\',\'2328\',\'2329\')
ORDER BY `itie`.`tour_expansion_date` ASC, `itie`.`tour_itinerary_expansion_id` ASC')
 3 SYSTEMPATH\Database\BaseBuilder.php(1644): CodeIgniter\Database\BaseConnection->query('SELECT `itie`.*, `itid`.`tour_details_id`, `itid`.`tour_date`, `rc`.`room_category_name`, `mp`.`meal_plan_name`
FROM `khm_obj_enquiry_tour_itinerary_expansion` as `itie`
LEFT JOIN `khm_obj_enquiry_tour_itinerary_details` as `itid` ON `itid`.`itinerary_details_id` = `itie`.`itinerary_details_id`
LEFT JOIN `khm_obj_mst_hotel_room_category` as `rc` ON `rc`.`room_category_id` = `itie`.`room_category_id`
LEFT JOIN `khm_obj_meal_plan` as `mp` ON `mp`.`meal_plan_id` = `itie`.`meal_plan_id`
WHERE `itie`.`itinerary_details_id` IN :itie.itinerary_details_id:
ORDER BY `itie`.`tour_expansion_date` ASC, `itie`.`tour_itinerary_expansion_id` ASC', [...], false)
 4 APPPATH\Models\Enquiry_m.php(1354): CodeIgniter\Database\BaseBuilder->get()
 5 APPPATH\Controllers\Enquiry.php(5283): App\Models\Enquiry_m->get_itinerary_expansion_grouped([...])
 6 SYSTEMPATH\CodeIgniter.php(933): App\Controllers\Enquiry->itinerary('2801', '1')
 7 SYSTEMPATH\CodeIgniter.php(509): CodeIgniter\CodeIgniter->runController(Object(App\Controllers\Enquiry))
 8 SYSTEMPATH\CodeIgniter.php(355): CodeIgniter\CodeIgniter->handleRequest(null, Object(Config\Cache), false)
 9 SYSTEMPATH\Boot.php(334): CodeIgniter\CodeIgniter->run()
10 SYSTEMPATH\Boot.php(67): CodeIgniter\Boot::runCodeIgniter(Object(CodeIgniter\CodeIgniter))
11 FCPATH\index.php(56): CodeIgniter\Boot::bootWeb(Object(Config\Paths))
CRITICAL - 2025-11-16 11:25:53 --> [Caused by] mysqli_sql_exception: Table 'khm_touracle_db.khm_obj_enquiry_tour_itinerary_details' doesn't exist
in SYSTEMPATH\Database\MySQLi\Connection.php on line 312.
 1 SYSTEMPATH\Database\MySQLi\Connection.php(312): mysqli->query('SELECT `itie`.*, `itid`.`tour_details_id`, `itid`.`tour_date`, `rc`.`room_category_name`, `mp`.`meal_plan_name`
FROM `khm_obj_enquiry_tour_itinerary_expansion` as `itie`
LEFT JOIN `khm_obj_enquiry_tour_itinerary_details` as `itid` ON `itid`.`itinerary_details_id` = `itie`.`itinerary_details_id`
LEFT JOIN `khm_obj_mst_hotel_room_category` as `rc` ON `rc`.`room_category_id` = `itie`.`room_category_id`
LEFT JOIN `khm_obj_meal_plan` as `mp` ON `mp`.`meal_plan_id` = `itie`.`meal_plan_id`
WHERE `itie`.`itinerary_details_id` IN (\'2326\',\'2327\',\'2328\',\'2329\')
ORDER BY `itie`.`tour_expansion_date` ASC, `itie`.`tour_itinerary_expansion_id` ASC', 0)
 2 SYSTEMPATH\Database\BaseConnection.php(734): CodeIgniter\Database\MySQLi\Connection->execute('SELECT `itie`.*, `itid`.`tour_details_id`, `itid`.`tour_date`, `rc`.`room_category_name`, `mp`.`meal_plan_name`
FROM `khm_obj_enquiry_tour_itinerary_expansion` as `itie`
LEFT JOIN `khm_obj_enquiry_tour_itinerary_details` as `itid` ON `itid`.`itinerary_details_id` = `itie`.`itinerary_details_id`
LEFT JOIN `khm_obj_mst_hotel_room_category` as `rc` ON `rc`.`room_category_id` = `itie`.`room_category_id`
LEFT JOIN `khm_obj_meal_plan` as `mp` ON `mp`.`meal_plan_id` = `itie`.`meal_plan_id`
WHERE `itie`.`itinerary_details_id` IN (\'2326\',\'2327\',\'2328\',\'2329\')
ORDER BY `itie`.`tour_expansion_date` ASC, `itie`.`tour_itinerary_expansion_id` ASC')
 3 SYSTEMPATH\Database\BaseConnection.php(648): CodeIgniter\Database\BaseConnection->simpleQuery('SELECT `itie`.*, `itid`.`tour_details_id`, `itid`.`tour_date`, `rc`.`room_category_name`, `mp`.`meal_plan_name`
FROM `khm_obj_enquiry_tour_itinerary_expansion` as `itie`
LEFT JOIN `khm_obj_enquiry_tour_itinerary_details` as `itid` ON `itid`.`itinerary_details_id` = `itie`.`itinerary_details_id`
LEFT JOIN `khm_obj_mst_hotel_room_category` as `rc` ON `rc`.`room_category_id` = `itie`.`room_category_id`
LEFT JOIN `khm_obj_meal_plan` as `mp` ON `mp`.`meal_plan_id` = `itie`.`meal_plan_id`
WHERE `itie`.`itinerary_details_id` IN (\'2326\',\'2327\',\'2328\',\'2329\')
ORDER BY `itie`.`tour_expansion_date` ASC, `itie`.`tour_itinerary_expansion_id` ASC')
 4 SYSTEMPATH\Database\BaseBuilder.php(1644): CodeIgniter\Database\BaseConnection->query('SELECT `itie`.*, `itid`.`tour_details_id`, `itid`.`tour_date`, `rc`.`room_category_name`, `mp`.`meal_plan_name`
FROM `khm_obj_enquiry_tour_itinerary_expansion` as `itie`
LEFT JOIN `khm_obj_enquiry_tour_itinerary_details` as `itid` ON `itid`.`itinerary_details_id` = `itie`.`itinerary_details_id`
LEFT JOIN `khm_obj_mst_hotel_room_category` as `rc` ON `rc`.`room_category_id` = `itie`.`room_category_id`
LEFT JOIN `khm_obj_meal_plan` as `mp` ON `mp`.`meal_plan_id` = `itie`.`meal_plan_id`
WHERE `itie`.`itinerary_details_id` IN :itie.itinerary_details_id:
ORDER BY `itie`.`tour_expansion_date` ASC, `itie`.`tour_itinerary_expansion_id` ASC', [...], false)
 5 APPPATH\Models\Enquiry_m.php(1354): CodeIgniter\Database\BaseBuilder->get()
 6 APPPATH\Controllers\Enquiry.php(5283): App\Models\Enquiry_m->get_itinerary_expansion_grouped([...])
 7 SYSTEMPATH\CodeIgniter.php(933): App\Controllers\Enquiry->itinerary('2801', '1')
 8 SYSTEMPATH\CodeIgniter.php(509): CodeIgniter\CodeIgniter->runController(Object(App\Controllers\Enquiry))
 9 SYSTEMPATH\CodeIgniter.php(355): CodeIgniter\CodeIgniter->handleRequest(null, Object(Config\Cache), false)
10 SYSTEMPATH\Boot.php(334): CodeIgniter\CodeIgniter->run()
11 SYSTEMPATH\Boot.php(67): CodeIgniter\Boot::runCodeIgniter(Object(CodeIgniter\CodeIgniter))
12 FCPATH\index.php(56): CodeIgniter\Boot::bootWeb(Object(Config\Paths))
ERROR - 2025-11-16 11:26:14 --> mysqli_sql_exception: Table 'khm_touracle_db.khm_obj_enquiry_tour_itinerary_details' doesn't exist in C:\wamp64\www\khm\system\Database\MySQLi\Connection.php:312
Stack trace:
#0 C:\wamp64\www\khm\system\Database\MySQLi\Connection.php(312): mysqli->query('SELECT `itie`.*...', 0)
#1 C:\wamp64\www\khm\system\Database\BaseConnection.php(734): CodeIgniter\Database\MySQLi\Connection->execute('SELECT `itie`.*...')
#2 C:\wamp64\www\khm\system\Database\BaseConnection.php(648): CodeIgniter\Database\BaseConnection->simpleQuery('SELECT `itie`.*...')
#3 C:\wamp64\www\khm\system\Database\BaseBuilder.php(1644): CodeIgniter\Database\BaseConnection->query('SELECT `itie`.*...', Array, false)
#4 C:\wamp64\www\khm\app\Models\Enquiry_m.php(1354): CodeIgniter\Database\BaseBuilder->get()
#5 C:\wamp64\www\khm\app\Controllers\Enquiry.php(5282): App\Models\Enquiry_m->get_itinerary_expansion_grouped(Array)
#6 C:\wamp64\www\khm\system\CodeIgniter.php(933): App\Controllers\Enquiry->itinerary('2801', '1')
#7 C:\wamp64\www\khm\system\CodeIgniter.php(509): CodeIgniter\CodeIgniter->runController(Object(App\Controllers\Enquiry))
#8 C:\wamp64\www\khm\system\CodeIgniter.php(355): CodeIgniter\CodeIgniter->handleRequest(NULL, Object(Config\Cache), false)
#9 C:\wamp64\www\khm\system\Boot.php(334): CodeIgniter\CodeIgniter->run()
#10 C:\wamp64\www\khm\system\Boot.php(67): CodeIgniter\Boot::runCodeIgniter(Object(CodeIgniter\CodeIgniter))
#11 C:\wamp64\www\khm\public\index.php(56): CodeIgniter\Boot::bootWeb(Object(Config\Paths))
#12 {main}
CRITICAL - 2025-11-16 11:26:14 --> CodeIgniter\Database\Exceptions\DatabaseException: Table 'khm_touracle_db.khm_obj_enquiry_tour_itinerary_details' doesn't exist
[Method: GET, Route: Enquiry/itinerary/2801/1]
in SYSTEMPATH\Database\BaseConnection.php on line 688.
 1 SYSTEMPATH\Database\BaseBuilder.php(1644): CodeIgniter\Database\BaseConnection->query('SELECT `itie`.*, `itid`.`tour_details_id`, `itid`.`tour_date`, `rc`.`room_category_name`, `mp`.`meal_plan_name`
FROM `khm_obj_enquiry_tour_itinerary_expansion` as `itie`
LEFT JOIN `khm_obj_enquiry_tour_itinerary_details` as `itid` ON `itid`.`itinerary_details_id` = `itie`.`itinerary_details_id`
LEFT JOIN `khm_obj_mst_hotel_room_category` as `rc` ON `rc`.`room_category_id` = `itie`.`room_category_id`
LEFT JOIN `khm_obj_meal_plan` as `mp` ON `mp`.`meal_plan_id` = `itie`.`meal_plan_id`
WHERE `itie`.`itinerary_details_id` IN :itie.itinerary_details_id:
ORDER BY `itie`.`tour_expansion_date` ASC, `itie`.`tour_itinerary_expansion_id` ASC', [...], false)
 2 APPPATH\Models\Enquiry_m.php(1354): CodeIgniter\Database\BaseBuilder->get()
 3 APPPATH\Controllers\Enquiry.php(5282): App\Models\Enquiry_m->get_itinerary_expansion_grouped([...])
 4 SYSTEMPATH\CodeIgniter.php(933): App\Controllers\Enquiry->itinerary('2801', '1')
 5 SYSTEMPATH\CodeIgniter.php(509): CodeIgniter\CodeIgniter->runController(Object(App\Controllers\Enquiry))
 6 SYSTEMPATH\CodeIgniter.php(355): CodeIgniter\CodeIgniter->handleRequest(null, Object(Config\Cache), false)
 7 SYSTEMPATH\Boot.php(334): CodeIgniter\CodeIgniter->run()
 8 SYSTEMPATH\Boot.php(67): CodeIgniter\Boot::runCodeIgniter(Object(CodeIgniter\CodeIgniter))
 9 FCPATH\index.php(56): CodeIgniter\Boot::bootWeb(Object(Config\Paths))
CRITICAL - 2025-11-16 11:26:14 --> [Caused by] CodeIgniter\Database\Exceptions\DatabaseException: Table 'khm_touracle_db.khm_obj_enquiry_tour_itinerary_details' doesn't exist
in SYSTEMPATH\Database\MySQLi\Connection.php on line 317.
 1 SYSTEMPATH\Database\BaseConnection.php(734): CodeIgniter\Database\MySQLi\Connection->execute('SELECT `itie`.*, `itid`.`tour_details_id`, `itid`.`tour_date`, `rc`.`room_category_name`, `mp`.`meal_plan_name`
FROM `khm_obj_enquiry_tour_itinerary_expansion` as `itie`
LEFT JOIN `khm_obj_enquiry_tour_itinerary_details` as `itid` ON `itid`.`itinerary_details_id` = `itie`.`itinerary_details_id`
LEFT JOIN `khm_obj_mst_hotel_room_category` as `rc` ON `rc`.`room_category_id` = `itie`.`room_category_id`
LEFT JOIN `khm_obj_meal_plan` as `mp` ON `mp`.`meal_plan_id` = `itie`.`meal_plan_id`
WHERE `itie`.`itinerary_details_id` IN (\'2326\',\'2327\',\'2328\',\'2329\')
ORDER BY `itie`.`tour_expansion_date` ASC, `itie`.`tour_itinerary_expansion_id` ASC')
 2 SYSTEMPATH\Database\BaseConnection.php(648): CodeIgniter\Database\BaseConnection->simpleQuery('SELECT `itie`.*, `itid`.`tour_details_id`, `itid`.`tour_date`, `rc`.`room_category_name`, `mp`.`meal_plan_name`
FROM `khm_obj_enquiry_tour_itinerary_expansion` as `itie`
LEFT JOIN `khm_obj_enquiry_tour_itinerary_details` as `itid` ON `itid`.`itinerary_details_id` = `itie`.`itinerary_details_id`
LEFT JOIN `khm_obj_mst_hotel_room_category` as `rc` ON `rc`.`room_category_id` = `itie`.`room_category_id`
LEFT JOIN `khm_obj_meal_plan` as `mp` ON `mp`.`meal_plan_id` = `itie`.`meal_plan_id`
WHERE `itie`.`itinerary_details_id` IN (\'2326\',\'2327\',\'2328\',\'2329\')
ORDER BY `itie`.`tour_expansion_date` ASC, `itie`.`tour_itinerary_expansion_id` ASC')
 3 SYSTEMPATH\Database\BaseBuilder.php(1644): CodeIgniter\Database\BaseConnection->query('SELECT `itie`.*, `itid`.`tour_details_id`, `itid`.`tour_date`, `rc`.`room_category_name`, `mp`.`meal_plan_name`
FROM `khm_obj_enquiry_tour_itinerary_expansion` as `itie`
LEFT JOIN `khm_obj_enquiry_tour_itinerary_details` as `itid` ON `itid`.`itinerary_details_id` = `itie`.`itinerary_details_id`
LEFT JOIN `khm_obj_mst_hotel_room_category` as `rc` ON `rc`.`room_category_id` = `itie`.`room_category_id`
LEFT JOIN `khm_obj_meal_plan` as `mp` ON `mp`.`meal_plan_id` = `itie`.`meal_plan_id`
WHERE `itie`.`itinerary_details_id` IN :itie.itinerary_details_id:
ORDER BY `itie`.`tour_expansion_date` ASC, `itie`.`tour_itinerary_expansion_id` ASC', [...], false)
 4 APPPATH\Models\Enquiry_m.php(1354): CodeIgniter\Database\BaseBuilder->get()
 5 APPPATH\Controllers\Enquiry.php(5282): App\Models\Enquiry_m->get_itinerary_expansion_grouped([...])
 6 SYSTEMPATH\CodeIgniter.php(933): App\Controllers\Enquiry->itinerary('2801', '1')
 7 SYSTEMPATH\CodeIgniter.php(509): CodeIgniter\CodeIgniter->runController(Object(App\Controllers\Enquiry))
 8 SYSTEMPATH\CodeIgniter.php(355): CodeIgniter\CodeIgniter->handleRequest(null, Object(Config\Cache), false)
 9 SYSTEMPATH\Boot.php(334): CodeIgniter\CodeIgniter->run()
10 SYSTEMPATH\Boot.php(67): CodeIgniter\Boot::runCodeIgniter(Object(CodeIgniter\CodeIgniter))
11 FCPATH\index.php(56): CodeIgniter\Boot::bootWeb(Object(Config\Paths))
CRITICAL - 2025-11-16 11:26:14 --> [Caused by] mysqli_sql_exception: Table 'khm_touracle_db.khm_obj_enquiry_tour_itinerary_details' doesn't exist
in SYSTEMPATH\Database\MySQLi\Connection.php on line 312.
 1 SYSTEMPATH\Database\MySQLi\Connection.php(312): mysqli->query('SELECT `itie`.*, `itid`.`tour_details_id`, `itid`.`tour_date`, `rc`.`room_category_name`, `mp`.`meal_plan_name`
FROM `khm_obj_enquiry_tour_itinerary_expansion` as `itie`
LEFT JOIN `khm_obj_enquiry_tour_itinerary_details` as `itid` ON `itid`.`itinerary_details_id` = `itie`.`itinerary_details_id`
LEFT JOIN `khm_obj_mst_hotel_room_category` as `rc` ON `rc`.`room_category_id` = `itie`.`room_category_id`
LEFT JOIN `khm_obj_meal_plan` as `mp` ON `mp`.`meal_plan_id` = `itie`.`meal_plan_id`
WHERE `itie`.`itinerary_details_id` IN (\'2326\',\'2327\',\'2328\',\'2329\')
ORDER BY `itie`.`tour_expansion_date` ASC, `itie`.`tour_itinerary_expansion_id` ASC', 0)
 2 SYSTEMPATH\Database\BaseConnection.php(734): CodeIgniter\Database\MySQLi\Connection->execute('SELECT `itie`.*, `itid`.`tour_details_id`, `itid`.`tour_date`, `rc`.`room_category_name`, `mp`.`meal_plan_name`
FROM `khm_obj_enquiry_tour_itinerary_expansion` as `itie`
LEFT JOIN `khm_obj_enquiry_tour_itinerary_details` as `itid` ON `itid`.`itinerary_details_id` = `itie`.`itinerary_details_id`
LEFT JOIN `khm_obj_mst_hotel_room_category` as `rc` ON `rc`.`room_category_id` = `itie`.`room_category_id`
LEFT JOIN `khm_obj_meal_plan` as `mp` ON `mp`.`meal_plan_id` = `itie`.`meal_plan_id`
WHERE `itie`.`itinerary_details_id` IN (\'2326\',\'2327\',\'2328\',\'2329\')
ORDER BY `itie`.`tour_expansion_date` ASC, `itie`.`tour_itinerary_expansion_id` ASC')
 3 SYSTEMPATH\Database\BaseConnection.php(648): CodeIgniter\Database\BaseConnection->simpleQuery('SELECT `itie`.*, `itid`.`tour_details_id`, `itid`.`tour_date`, `rc`.`room_category_name`, `mp`.`meal_plan_name`
FROM `khm_obj_enquiry_tour_itinerary_expansion` as `itie`
LEFT JOIN `khm_obj_enquiry_tour_itinerary_details` as `itid` ON `itid`.`itinerary_details_id` = `itie`.`itinerary_details_id`
LEFT JOIN `khm_obj_mst_hotel_room_category` as `rc` ON `rc`.`room_category_id` = `itie`.`room_category_id`
LEFT JOIN `khm_obj_meal_plan` as `mp` ON `mp`.`meal_plan_id` = `itie`.`meal_plan_id`
WHERE `itie`.`itinerary_details_id` IN (\'2326\',\'2327\',\'2328\',\'2329\')
ORDER BY `itie`.`tour_expansion_date` ASC, `itie`.`tour_itinerary_expansion_id` ASC')
 4 SYSTEMPATH\Database\BaseBuilder.php(1644): CodeIgniter\Database\BaseConnection->query('SELECT `itie`.*, `itid`.`tour_details_id`, `itid`.`tour_date`, `rc`.`room_category_name`, `mp`.`meal_plan_name`
FROM `khm_obj_enquiry_tour_itinerary_expansion` as `itie`
LEFT JOIN `khm_obj_enquiry_tour_itinerary_details` as `itid` ON `itid`.`itinerary_details_id` = `itie`.`itinerary_details_id`
LEFT JOIN `khm_obj_mst_hotel_room_category` as `rc` ON `rc`.`room_category_id` = `itie`.`room_category_id`
LEFT JOIN `khm_obj_meal_plan` as `mp` ON `mp`.`meal_plan_id` = `itie`.`meal_plan_id`
WHERE `itie`.`itinerary_details_id` IN :itie.itinerary_details_id:
ORDER BY `itie`.`tour_expansion_date` ASC, `itie`.`tour_itinerary_expansion_id` ASC', [...], false)
 5 APPPATH\Models\Enquiry_m.php(1354): CodeIgniter\Database\BaseBuilder->get()
 6 APPPATH\Controllers\Enquiry.php(5282): App\Models\Enquiry_m->get_itinerary_expansion_grouped([...])
 7 SYSTEMPATH\CodeIgniter.php(933): App\Controllers\Enquiry->itinerary('2801', '1')
 8 SYSTEMPATH\CodeIgniter.php(509): CodeIgniter\CodeIgniter->runController(Object(App\Controllers\Enquiry))
 9 SYSTEMPATH\CodeIgniter.php(355): CodeIgniter\CodeIgniter->handleRequest(null, Object(Config\Cache), false)
10 SYSTEMPATH\Boot.php(334): CodeIgniter\CodeIgniter->run()
11 SYSTEMPATH\Boot.php(67): CodeIgniter\Boot::runCodeIgniter(Object(CodeIgniter\CodeIgniter))
12 FCPATH\index.php(56): CodeIgniter\Boot::bootWeb(Object(Config\Paths))
ERROR - 2025-11-16 11:26:15 --> mysqli_sql_exception: Table 'khm_touracle_db.khm_obj_enquiry_tour_itinerary_details' doesn't exist in C:\wamp64\www\khm\system\Database\MySQLi\Connection.php:312
Stack trace:
#0 C:\wamp64\www\khm\system\Database\MySQLi\Connection.php(312): mysqli->query('SELECT `itie`.*...', 0)
#1 C:\wamp64\www\khm\system\Database\BaseConnection.php(734): CodeIgniter\Database\MySQLi\Connection->execute('SELECT `itie`.*...')
#2 C:\wamp64\www\khm\system\Database\BaseConnection.php(648): CodeIgniter\Database\BaseConnection->simpleQuery('SELECT `itie`.*...')
#3 C:\wamp64\www\khm\system\Database\BaseBuilder.php(1644): CodeIgniter\Database\BaseConnection->query('SELECT `itie`.*...', Array, false)
#4 C:\wamp64\www\khm\app\Models\Enquiry_m.php(1354): CodeIgniter\Database\BaseBuilder->get()
#5 C:\wamp64\www\khm\app\Controllers\Enquiry.php(5282): App\Models\Enquiry_m->get_itinerary_expansion_grouped(Array)
#6 C:\wamp64\www\khm\system\CodeIgniter.php(933): App\Controllers\Enquiry->itinerary('2801', '1')
#7 C:\wamp64\www\khm\system\CodeIgniter.php(509): CodeIgniter\CodeIgniter->runController(Object(App\Controllers\Enquiry))
#8 C:\wamp64\www\khm\system\CodeIgniter.php(355): CodeIgniter\CodeIgniter->handleRequest(NULL, Object(Config\Cache), false)
#9 C:\wamp64\www\khm\system\Boot.php(334): CodeIgniter\CodeIgniter->run()
#10 C:\wamp64\www\khm\system\Boot.php(67): CodeIgniter\Boot::runCodeIgniter(Object(CodeIgniter\CodeIgniter))
#11 C:\wamp64\www\khm\public\index.php(56): CodeIgniter\Boot::bootWeb(Object(Config\Paths))
#12 {main}
CRITICAL - 2025-11-16 11:26:15 --> CodeIgniter\Database\Exceptions\DatabaseException: Table 'khm_touracle_db.khm_obj_enquiry_tour_itinerary_details' doesn't exist
[Method: GET, Route: Enquiry/itinerary/2801/1]
in SYSTEMPATH\Database\BaseConnection.php on line 688.
 1 SYSTEMPATH\Database\BaseBuilder.php(1644): CodeIgniter\Database\BaseConnection->query('SELECT `itie`.*, `itid`.`tour_details_id`, `itid`.`tour_date`, `rc`.`room_category_name`, `mp`.`meal_plan_name`
FROM `khm_obj_enquiry_tour_itinerary_expansion` as `itie`
LEFT JOIN `khm_obj_enquiry_tour_itinerary_details` as `itid` ON `itid`.`itinerary_details_id` = `itie`.`itinerary_details_id`
LEFT JOIN `khm_obj_mst_hotel_room_category` as `rc` ON `rc`.`room_category_id` = `itie`.`room_category_id`
LEFT JOIN `khm_obj_meal_plan` as `mp` ON `mp`.`meal_plan_id` = `itie`.`meal_plan_id`
WHERE `itie`.`itinerary_details_id` IN :itie.itinerary_details_id:
ORDER BY `itie`.`tour_expansion_date` ASC, `itie`.`tour_itinerary_expansion_id` ASC', [...], false)
 2 APPPATH\Models\Enquiry_m.php(1354): CodeIgniter\Database\BaseBuilder->get()
 3 APPPATH\Controllers\Enquiry.php(5282): App\Models\Enquiry_m->get_itinerary_expansion_grouped([...])
 4 SYSTEMPATH\CodeIgniter.php(933): App\Controllers\Enquiry->itinerary('2801', '1')
 5 SYSTEMPATH\CodeIgniter.php(509): CodeIgniter\CodeIgniter->runController(Object(App\Controllers\Enquiry))
 6 SYSTEMPATH\CodeIgniter.php(355): CodeIgniter\CodeIgniter->handleRequest(null, Object(Config\Cache), false)
 7 SYSTEMPATH\Boot.php(334): CodeIgniter\CodeIgniter->run()
 8 SYSTEMPATH\Boot.php(67): CodeIgniter\Boot::runCodeIgniter(Object(CodeIgniter\CodeIgniter))
 9 FCPATH\index.php(56): CodeIgniter\Boot::bootWeb(Object(Config\Paths))
CRITICAL - 2025-11-16 11:26:15 --> [Caused by] CodeIgniter\Database\Exceptions\DatabaseException: Table 'khm_touracle_db.khm_obj_enquiry_tour_itinerary_details' doesn't exist
in SYSTEMPATH\Database\MySQLi\Connection.php on line 317.
 1 SYSTEMPATH\Database\BaseConnection.php(734): CodeIgniter\Database\MySQLi\Connection->execute('SELECT `itie`.*, `itid`.`tour_details_id`, `itid`.`tour_date`, `rc`.`room_category_name`, `mp`.`meal_plan_name`
FROM `khm_obj_enquiry_tour_itinerary_expansion` as `itie`
LEFT JOIN `khm_obj_enquiry_tour_itinerary_details` as `itid` ON `itid`.`itinerary_details_id` = `itie`.`itinerary_details_id`
LEFT JOIN `khm_obj_mst_hotel_room_category` as `rc` ON `rc`.`room_category_id` = `itie`.`room_category_id`
LEFT JOIN `khm_obj_meal_plan` as `mp` ON `mp`.`meal_plan_id` = `itie`.`meal_plan_id`
WHERE `itie`.`itinerary_details_id` IN (\'2326\',\'2327\',\'2328\',\'2329\')
ORDER BY `itie`.`tour_expansion_date` ASC, `itie`.`tour_itinerary_expansion_id` ASC')
 2 SYSTEMPATH\Database\BaseConnection.php(648): CodeIgniter\Database\BaseConnection->simpleQuery('SELECT `itie`.*, `itid`.`tour_details_id`, `itid`.`tour_date`, `rc`.`room_category_name`, `mp`.`meal_plan_name`
FROM `khm_obj_enquiry_tour_itinerary_expansion` as `itie`
LEFT JOIN `khm_obj_enquiry_tour_itinerary_details` as `itid` ON `itid`.`itinerary_details_id` = `itie`.`itinerary_details_id`
LEFT JOIN `khm_obj_mst_hotel_room_category` as `rc` ON `rc`.`room_category_id` = `itie`.`room_category_id`
LEFT JOIN `khm_obj_meal_plan` as `mp` ON `mp`.`meal_plan_id` = `itie`.`meal_plan_id`
WHERE `itie`.`itinerary_details_id` IN (\'2326\',\'2327\',\'2328\',\'2329\')
ORDER BY `itie`.`tour_expansion_date` ASC, `itie`.`tour_itinerary_expansion_id` ASC')
 3 SYSTEMPATH\Database\BaseBuilder.php(1644): CodeIgniter\Database\BaseConnection->query('SELECT `itie`.*, `itid`.`tour_details_id`, `itid`.`tour_date`, `rc`.`room_category_name`, `mp`.`meal_plan_name`
FROM `khm_obj_enquiry_tour_itinerary_expansion` as `itie`
LEFT JOIN `khm_obj_enquiry_tour_itinerary_details` as `itid` ON `itid`.`itinerary_details_id` = `itie`.`itinerary_details_id`
LEFT JOIN `khm_obj_mst_hotel_room_category` as `rc` ON `rc`.`room_category_id` = `itie`.`room_category_id`
LEFT JOIN `khm_obj_meal_plan` as `mp` ON `mp`.`meal_plan_id` = `itie`.`meal_plan_id`
WHERE `itie`.`itinerary_details_id` IN :itie.itinerary_details_id:
ORDER BY `itie`.`tour_expansion_date` ASC, `itie`.`tour_itinerary_expansion_id` ASC', [...], false)
 4 APPPATH\Models\Enquiry_m.php(1354): CodeIgniter\Database\BaseBuilder->get()
 5 APPPATH\Controllers\Enquiry.php(5282): App\Models\Enquiry_m->get_itinerary_expansion_grouped([...])
 6 SYSTEMPATH\CodeIgniter.php(933): App\Controllers\Enquiry->itinerary('2801', '1')
 7 SYSTEMPATH\CodeIgniter.php(509): CodeIgniter\CodeIgniter->runController(Object(App\Controllers\Enquiry))
 8 SYSTEMPATH\CodeIgniter.php(355): CodeIgniter\CodeIgniter->handleRequest(null, Object(Config\Cache), false)
 9 SYSTEMPATH\Boot.php(334): CodeIgniter\CodeIgniter->run()
10 SYSTEMPATH\Boot.php(67): CodeIgniter\Boot::runCodeIgniter(Object(CodeIgniter\CodeIgniter))
11 FCPATH\index.php(56): CodeIgniter\Boot::bootWeb(Object(Config\Paths))
CRITICAL - 2025-11-16 11:26:15 --> [Caused by] mysqli_sql_exception: Table 'khm_touracle_db.khm_obj_enquiry_tour_itinerary_details' doesn't exist
in SYSTEMPATH\Database\MySQLi\Connection.php on line 312.
 1 SYSTEMPATH\Database\MySQLi\Connection.php(312): mysqli->query('SELECT `itie`.*, `itid`.`tour_details_id`, `itid`.`tour_date`, `rc`.`room_category_name`, `mp`.`meal_plan_name`
FROM `khm_obj_enquiry_tour_itinerary_expansion` as `itie`
LEFT JOIN `khm_obj_enquiry_tour_itinerary_details` as `itid` ON `itid`.`itinerary_details_id` = `itie`.`itinerary_details_id`
LEFT JOIN `khm_obj_mst_hotel_room_category` as `rc` ON `rc`.`room_category_id` = `itie`.`room_category_id`
LEFT JOIN `khm_obj_meal_plan` as `mp` ON `mp`.`meal_plan_id` = `itie`.`meal_plan_id`
WHERE `itie`.`itinerary_details_id` IN (\'2326\',\'2327\',\'2328\',\'2329\')
ORDER BY `itie`.`tour_expansion_date` ASC, `itie`.`tour_itinerary_expansion_id` ASC', 0)
 2 SYSTEMPATH\Database\BaseConnection.php(734): CodeIgniter\Database\MySQLi\Connection->execute('SELECT `itie`.*, `itid`.`tour_details_id`, `itid`.`tour_date`, `rc`.`room_category_name`, `mp`.`meal_plan_name`
FROM `khm_obj_enquiry_tour_itinerary_expansion` as `itie`
LEFT JOIN `khm_obj_enquiry_tour_itinerary_details` as `itid` ON `itid`.`itinerary_details_id` = `itie`.`itinerary_details_id`
LEFT JOIN `khm_obj_mst_hotel_room_category` as `rc` ON `rc`.`room_category_id` = `itie`.`room_category_id`
LEFT JOIN `khm_obj_meal_plan` as `mp` ON `mp`.`meal_plan_id` = `itie`.`meal_plan_id`
WHERE `itie`.`itinerary_details_id` IN (\'2326\',\'2327\',\'2328\',\'2329\')
ORDER BY `itie`.`tour_expansion_date` ASC, `itie`.`tour_itinerary_expansion_id` ASC')
 3 SYSTEMPATH\Database\BaseConnection.php(648): CodeIgniter\Database\BaseConnection->simpleQuery('SELECT `itie`.*, `itid`.`tour_details_id`, `itid`.`tour_date`, `rc`.`room_category_name`, `mp`.`meal_plan_name`
FROM `khm_obj_enquiry_tour_itinerary_expansion` as `itie`
LEFT JOIN `khm_obj_enquiry_tour_itinerary_details` as `itid` ON `itid`.`itinerary_details_id` = `itie`.`itinerary_details_id`
LEFT JOIN `khm_obj_mst_hotel_room_category` as `rc` ON `rc`.`room_category_id` = `itie`.`room_category_id`
LEFT JOIN `khm_obj_meal_plan` as `mp` ON `mp`.`meal_plan_id` = `itie`.`meal_plan_id`
WHERE `itie`.`itinerary_details_id` IN (\'2326\',\'2327\',\'2328\',\'2329\')
ORDER BY `itie`.`tour_expansion_date` ASC, `itie`.`tour_itinerary_expansion_id` ASC')
 4 SYSTEMPATH\Database\BaseBuilder.php(1644): CodeIgniter\Database\BaseConnection->query('SELECT `itie`.*, `itid`.`tour_details_id`, `itid`.`tour_date`, `rc`.`room_category_name`, `mp`.`meal_plan_name`
FROM `khm_obj_enquiry_tour_itinerary_expansion` as `itie`
LEFT JOIN `khm_obj_enquiry_tour_itinerary_details` as `itid` ON `itid`.`itinerary_details_id` = `itie`.`itinerary_details_id`
LEFT JOIN `khm_obj_mst_hotel_room_category` as `rc` ON `rc`.`room_category_id` = `itie`.`room_category_id`
LEFT JOIN `khm_obj_meal_plan` as `mp` ON `mp`.`meal_plan_id` = `itie`.`meal_plan_id`
WHERE `itie`.`itinerary_details_id` IN :itie.itinerary_details_id:
ORDER BY `itie`.`tour_expansion_date` ASC, `itie`.`tour_itinerary_expansion_id` ASC', [...], false)
 5 APPPATH\Models\Enquiry_m.php(1354): CodeIgniter\Database\BaseBuilder->get()
 6 APPPATH\Controllers\Enquiry.php(5282): App\Models\Enquiry_m->get_itinerary_expansion_grouped([...])
 7 SYSTEMPATH\CodeIgniter.php(933): App\Controllers\Enquiry->itinerary('2801', '1')
 8 SYSTEMPATH\CodeIgniter.php(509): CodeIgniter\CodeIgniter->runController(Object(App\Controllers\Enquiry))
 9 SYSTEMPATH\CodeIgniter.php(355): CodeIgniter\CodeIgniter->handleRequest(null, Object(Config\Cache), false)
10 SYSTEMPATH\Boot.php(334): CodeIgniter\CodeIgniter->run()
11 SYSTEMPATH\Boot.php(67): CodeIgniter\Boot::runCodeIgniter(Object(CodeIgniter\CodeIgniter))
12 FCPATH\index.php(56): CodeIgniter\Boot::bootWeb(Object(Config\Paths))
