DEBUG - 2025-12-29 05:09:04 --> Session: Class initialized using 'CodeIgniter\Session\Handlers\FileHandler' driver.
DEBUG - 2025-12-29 05:09:12 --> Session: Class initialized using 'CodeIgniter\Session\Handlers\FileHandler' driver.
DEBUG - 2025-12-29 05:09:12 --> Session: Class initialized using 'CodeIgniter\Session\Handlers\FileHandler' driver.
WARNING - 2025-12-29 05:09:12 --> [DEPRECATED] round(): Passing null to parameter #1 ($num) of type int|float is deprecated in APPPATH\Controllers\Dashboard.php on line 247.
 1 APPPATH\Controllers\Dashboard.php(247): round(null, 2)
 2 SYSTEMPATH\CodeIgniter.php(933): App\Controllers\Dashboard->index()
 3 SYSTEMPATH\CodeIgniter.php(509): CodeIgniter\CodeIgniter->runController(Object(App\Controllers\Dashboard))
 4 SYSTEMPATH\CodeIgniter.php(355): CodeIgniter\CodeIgniter->handleRequest(null, Object(Config\Cache), false)
 5 SYSTEMPATH\Boot.php(334): CodeIgniter\CodeIgniter->run()
 6 SYSTEMPATH\Boot.php(67): CodeIgniter\Boot::runCodeIgniter(Object(CodeIgniter\CodeIgniter))
 7 FCPATH\index.php(56): CodeIgniter\Boot::bootWeb(Object(Config\Paths))
DEBUG - 2025-12-29 05:09:22 --> Session: Class initialized using 'CodeIgniter\Session\Handlers\FileHandler' driver.
DEBUG - 2025-12-29 05:09:22 --> Session: Class initialized using 'CodeIgniter\Session\Handlers\FileHandler' driver.
DEBUG - 2025-12-29 05:09:25 --> Session: Class initialized using 'CodeIgniter\Session\Handlers\FileHandler' driver.
DEBUG - 2025-12-29 05:09:25 --> Session: Class initialized using 'CodeIgniter\Session\Handlers\FileHandler' driver.
DEBUG - 2025-12-29 05:40:31 --> Session: Class initialized using 'CodeIgniter\Session\Handlers\FileHandler' driver.
DEBUG - 2025-12-29 05:40:32 --> Session: Class initialized using 'CodeIgniter\Session\Handlers\FileHandler' driver.
DEBUG - 2025-12-29 05:40:34 --> Session: Class initialized using 'CodeIgniter\Session\Handlers\FileHandler' driver.
DEBUG - 2025-12-29 05:40:35 --> Session: Class initialized using 'CodeIgniter\Session\Handlers\FileHandler' driver.
DEBUG - 2025-12-29 05:40:35 --> Session: Class initialized using 'CodeIgniter\Session\Handlers\FileHandler' driver.
DEBUG - 2025-12-29 05:40:35 --> Session: Class initialized using 'CodeIgniter\Session\Handlers\FileHandler' driver.
DEBUG - 2025-12-29 05:40:35 --> Session: Class initialized using 'CodeIgniter\Session\Handlers\FileHandler' driver.
DEBUG - 2025-12-29 05:40:44 --> Session: Class initialized using 'CodeIgniter\Session\Handlers\FileHandler' driver.
DEBUG - 2025-12-29 05:40:45 --> Session: Class initialized using 'CodeIgniter\Session\Handlers\FileHandler' driver.
DEBUG - 2025-12-29 05:42:08 --> Session: Class initialized using 'CodeIgniter\Session\Handlers\FileHandler' driver.
DEBUG - 2025-12-29 05:42:12 --> Session: Class initialized using 'CodeIgniter\Session\Handlers\FileHandler' driver.
DEBUG - 2025-12-29 05:42:14 --> Session: Class initialized using 'CodeIgniter\Session\Handlers\FileHandler' driver.
DEBUG - 2025-12-29 05:42:21 --> Session: Class initialized using 'CodeIgniter\Session\Handlers\FileHandler' driver.
DEBUG - 2025-12-29 05:42:47 --> Session: Class initialized using 'CodeIgniter\Session\Handlers\FileHandler' driver.
DEBUG - 2025-12-29 05:42:53 --> Session: Class initialized using 'CodeIgniter\Session\Handlers\FileHandler' driver.
DEBUG - 2025-12-29 05:42:59 --> Session: Class initialized using 'CodeIgniter\Session\Handlers\FileHandler' driver.
DEBUG - 2025-12-29 05:42:59 --> Session: Class initialized using 'CodeIgniter\Session\Handlers\FileHandler' driver.
DEBUG - 2025-12-29 05:42:59 --> Session: Class initialized using 'CodeIgniter\Session\Handlers\FileHandler' driver.
DEBUG - 2025-12-29 05:43:03 --> Session: Class initialized using 'CodeIgniter\Session\Handlers\FileHandler' driver.
DEBUG - 2025-12-29 05:43:23 --> Session: Class initialized using 'CodeIgniter\Session\Handlers\FileHandler' driver.
DEBUG - 2025-12-29 05:43:23 --> Session: Class initialized using 'CodeIgniter\Session\Handlers\FileHandler' driver.
DEBUG - 2025-12-29 05:43:25 --> Session: Class initialized using 'CodeIgniter\Session\Handlers\FileHandler' driver.
DEBUG - 2025-12-29 05:43:30 --> Session: Class initialized using 'CodeIgniter\Session\Handlers\FileHandler' driver.
DEBUG - 2025-12-29 05:43:30 --> Session: Class initialized using 'CodeIgniter\Session\Handlers\FileHandler' driver.
DEBUG - 2025-12-29 05:43:30 --> Session: Class initialized using 'CodeIgniter\Session\Handlers\FileHandler' driver.
DEBUG - 2025-12-29 05:43:30 --> Session: Class initialized using 'CodeIgniter\Session\Handlers\FileHandler' driver.
DEBUG - 2025-12-29 05:43:30 --> Session: Class initialized using 'CodeIgniter\Session\Handlers\FileHandler' driver.
DEBUG - 2025-12-29 05:43:30 --> Session: Class initialized using 'CodeIgniter\Session\Handlers\FileHandler' driver.
DEBUG - 2025-12-29 05:43:30 --> Session: Class initialized using 'CodeIgniter\Session\Handlers\FileHandler' driver.
DEBUG - 2025-12-29 05:43:30 --> Session: Class initialized using 'CodeIgniter\Session\Handlers\FileHandler' driver.
DEBUG - 2025-12-29 05:43:35 --> Session: Class initialized using 'CodeIgniter\Session\Handlers\FileHandler' driver.
DEBUG - 2025-12-29 05:43:35 --> Session: Class initialized using 'CodeIgniter\Session\Handlers\FileHandler' driver.
DEBUG - 2025-12-29 05:43:35 --> Session: Class initialized using 'CodeIgniter\Session\Handlers\FileHandler' driver.
DEBUG - 2025-12-29 05:43:35 --> Session: Class initialized using 'CodeIgniter\Session\Handlers\FileHandler' driver.
DEBUG - 2025-12-29 05:43:48 --> Session: Class initialized using 'CodeIgniter\Session\Handlers\FileHandler' driver.
DEBUG - 2025-12-29 05:43:48 --> Session: Class initialized using 'CodeIgniter\Session\Handlers\FileHandler' driver.
DEBUG - 2025-12-29 05:43:50 --> Session: Class initialized using 'CodeIgniter\Session\Handlers\FileHandler' driver.
INFO - 2025-12-29 05:43:50 --> Fresh itinerary: No previous itinerary found
INFO - 2025-12-29 05:43:50 --> SKIPPED defaults for Day 1 (date 2026-01-03) - using pre-loaded data (had_saved: no, force_fresh: yes)
INFO - 2025-12-29 05:43:50 --> SKIPPED defaults for Day 2 (date 2026-01-04) - using pre-loaded data (had_saved: no, force_fresh: yes)
INFO - 2025-12-29 05:43:50 --> Expansion date 2026-01-03: DB Total=176km, Saved SS=0km, Derived Base=176km (display base; JS adds current SS)
INFO - 2025-12-29 05:43:50 --> Expansion date 2026-01-03: DB Total=176km, Saved SS=0km, Derived Base=176km (display base; JS adds current SS)
INFO - 2025-12-29 05:43:50 --> Expansion date 2026-01-03: DB Total=176km, Saved SS=0km, Derived Base=176km (display base; JS adds current SS)
INFO - 2025-12-29 05:43:50 --> Expansion date 2026-01-03: DB Total=176km, Saved SS=0km, Derived Base=176km (display base; JS adds current SS)
INFO - 2025-12-29 05:43:50 --> Expansion date 2026-01-04: DB Total=176km, Saved SS=0km, Derived Base=176km (display base; JS adds current SS)
INFO - 2025-12-29 05:43:50 --> Expansion date 2026-01-04: DB Total=176km, Saved SS=0km, Derived Base=176km (display base; JS adds current SS)
INFO - 2025-12-29 05:43:50 --> Expansion date 2026-01-04: DB Total=176km, Saved SS=0km, Derived Base=176km (display base; JS adds current SS)
INFO - 2025-12-29 05:43:50 --> Expansion date 2026-01-04: DB Total=176km, Saved SS=0km, Derived Base=176km (display base; JS adds current SS)
DEBUG - 2025-12-29 05:45:06 --> Session: Class initialized using 'CodeIgniter\Session\Handlers\FileHandler' driver.
DEBUG - 2025-12-29 05:45:07 --> Session: Class initialized using 'CodeIgniter\Session\Handlers\FileHandler' driver.
INFO - 2025-12-29 05:45:07 --> Fresh itinerary: No previous itinerary found
INFO - 2025-12-29 05:45:07 --> SKIPPED defaults for Day 1 (date 2026-01-03) - using pre-loaded data (had_saved: yes, force_fresh: no)
INFO - 2025-12-29 05:45:07 --> SKIPPED defaults for Day 2 (date 2026-01-04) - using pre-loaded data (had_saved: yes, force_fresh: no)
INFO - 2025-12-29 05:45:07 --> Expansion date 2026-01-03: DB Total=176km, Saved SS=190km, Derived Base=0km (display base; JS adds current SS)
INFO - 2025-12-29 05:45:07 --> Expansion date 2026-01-03: DB Total=176km, Saved SS=190km, Derived Base=0km (display base; JS adds current SS)
INFO - 2025-12-29 05:45:07 --> Expansion date 2026-01-03: DB Total=176km, Saved SS=190km, Derived Base=0km (display base; JS adds current SS)
INFO - 2025-12-29 05:45:07 --> Expansion date 2026-01-03: DB Total=176km, Saved SS=190km, Derived Base=0km (display base; JS adds current SS)
INFO - 2025-12-29 05:45:07 --> Expansion date 2026-01-04: DB Total=176km, Saved SS=180km, Derived Base=0km (display base; JS adds current SS)
INFO - 2025-12-29 05:45:07 --> Expansion date 2026-01-04: DB Total=176km, Saved SS=180km, Derived Base=0km (display base; JS adds current SS)
INFO - 2025-12-29 05:45:07 --> Expansion date 2026-01-04: DB Total=176km, Saved SS=180km, Derived Base=0km (display base; JS adds current SS)
INFO - 2025-12-29 05:45:07 --> Expansion date 2026-01-04: DB Total=176km, Saved SS=180km, Derived Base=0km (display base; JS adds current SS)
INFO - 2025-12-29 05:45:07 --> Itinerary expansion date 2026-01-03: Derived Base=176km (no SS added)
INFO - 2025-12-29 05:45:07 --> Itinerary expansion date 2026-01-03: Derived Base=176km (no SS added)
INFO - 2025-12-29 05:45:07 --> Itinerary expansion date 2026-01-03: Derived Base=176km (no SS added)
INFO - 2025-12-29 05:45:07 --> Itinerary expansion date 2026-01-03: Derived Base=176km (no SS added)
INFO - 2025-12-29 05:45:07 --> Itinerary expansion date 2026-01-04: Derived Base=0km (no SS added)
INFO - 2025-12-29 05:45:07 --> Itinerary expansion date 2026-01-04: Derived Base=0km (no SS added)
INFO - 2025-12-29 05:45:07 --> Itinerary expansion date 2026-01-04: Derived Base=0km (no SS added)
INFO - 2025-12-29 05:45:07 --> Itinerary expansion date 2026-01-04: Derived Base=0km (no SS added)
DEBUG - 2025-12-29 05:45:27 --> Session: Class initialized using 'CodeIgniter\Session\Handlers\FileHandler' driver.
DEBUG - 2025-12-29 05:45:27 --> Session: Class initialized using 'CodeIgniter\Session\Handlers\FileHandler' driver.
DEBUG - 2025-12-29 05:45:27 --> Session: Class initialized using 'CodeIgniter\Session\Handlers\FileHandler' driver.
DEBUG - 2025-12-29 05:45:29 --> Session: Class initialized using 'CodeIgniter\Session\Handlers\FileHandler' driver.
DEBUG - 2025-12-29 05:45:30 --> Session: Class initialized using 'CodeIgniter\Session\Handlers\FileHandler' driver.
DEBUG - 2025-12-29 05:45:33 --> Session: Class initialized using 'CodeIgniter\Session\Handlers\FileHandler' driver.
INFO - 2025-12-29 05:45:34 --> SKIPPED defaults for Day 1 (date 2026-01-03) - using pre-loaded data (had_saved: yes, force_fresh: no)
INFO - 2025-12-29 05:45:34 --> SKIPPED defaults for Day 2 (date 2026-01-04) - using pre-loaded data (had_saved: yes, force_fresh: no)
INFO - 2025-12-29 05:45:34 --> Expansion date 2026-01-03: DB Total=176km, Saved SS=190km, Derived Base=0km (display base; JS adds current SS)
INFO - 2025-12-29 05:45:34 --> Expansion date 2026-01-03: DB Total=176km, Saved SS=190km, Derived Base=0km (display base; JS adds current SS)
INFO - 2025-12-29 05:45:34 --> Expansion date 2026-01-03: DB Total=176km, Saved SS=190km, Derived Base=0km (display base; JS adds current SS)
INFO - 2025-12-29 05:45:34 --> Expansion date 2026-01-03: DB Total=176km, Saved SS=190km, Derived Base=0km (display base; JS adds current SS)
INFO - 2025-12-29 05:45:34 --> Expansion date 2026-01-04: DB Total=176km, Saved SS=180km, Derived Base=0km (display base; JS adds current SS)
INFO - 2025-12-29 05:45:34 --> Expansion date 2026-01-04: DB Total=176km, Saved SS=180km, Derived Base=0km (display base; JS adds current SS)
INFO - 2025-12-29 05:45:34 --> Expansion date 2026-01-04: DB Total=176km, Saved SS=180km, Derived Base=0km (display base; JS adds current SS)
INFO - 2025-12-29 05:45:34 --> Expansion date 2026-01-04: DB Total=176km, Saved SS=180km, Derived Base=0km (display base; JS adds current SS)
INFO - 2025-12-29 05:45:34 --> Itinerary expansion date 2026-01-03: Derived Base=176km (no SS added)
INFO - 2025-12-29 05:45:34 --> Itinerary expansion date 2026-01-03: Derived Base=176km (no SS added)
INFO - 2025-12-29 05:45:34 --> Itinerary expansion date 2026-01-03: Derived Base=176km (no SS added)
INFO - 2025-12-29 05:45:34 --> Itinerary expansion date 2026-01-03: Derived Base=176km (no SS added)
INFO - 2025-12-29 05:45:34 --> Itinerary expansion date 2026-01-04: Derived Base=0km (no SS added)
INFO - 2025-12-29 05:45:34 --> Itinerary expansion date 2026-01-04: Derived Base=0km (no SS added)
INFO - 2025-12-29 05:45:34 --> Itinerary expansion date 2026-01-04: Derived Base=0km (no SS added)
INFO - 2025-12-29 05:45:34 --> Itinerary expansion date 2026-01-04: Derived Base=0km (no SS added)
DEBUG - 2025-12-29 05:46:22 --> Session: Class initialized using 'CodeIgniter\Session\Handlers\FileHandler' driver.
DEBUG - 2025-12-29 05:46:22 --> Session: Class initialized using 'CodeIgniter\Session\Handlers\FileHandler' driver.
DEBUG - 2025-12-29 05:46:26 --> Session: Class initialized using 'CodeIgniter\Session\Handlers\FileHandler' driver.
DEBUG - 2025-12-29 05:46:27 --> Session: Class initialized using 'CodeIgniter\Session\Handlers\FileHandler' driver.
DEBUG - 2025-12-29 05:46:27 --> Session: Class initialized using 'CodeIgniter\Session\Handlers\FileHandler' driver.
DEBUG - 2025-12-29 05:46:27 --> Session: Class initialized using 'CodeIgniter\Session\Handlers\FileHandler' driver.
DEBUG - 2025-12-29 05:46:33 --> Session: Class initialized using 'CodeIgniter\Session\Handlers\FileHandler' driver.
DEBUG - 2025-12-29 05:46:42 --> Session: Class initialized using 'CodeIgniter\Session\Handlers\FileHandler' driver.
DEBUG - 2025-12-29 05:46:42 --> Session: Class initialized using 'CodeIgniter\Session\Handlers\FileHandler' driver.
DEBUG - 2025-12-29 05:46:44 --> Session: Class initialized using 'CodeIgniter\Session\Handlers\FileHandler' driver.
INFO - 2025-12-29 05:46:44 --> Fresh itinerary: Loaded previous itinerary details from extension_ref_id 572
DEBUG - 2025-12-29 05:46:44 --> Fresh SS match check: Day 1 (date 2026-01-03) | Current: location='16', hotel_id=2018 | Prev Day 1: location='16', hotel_id=2018 | LocationMatch=YES | HotelMatch=YES
INFO - 2025-12-29 05:46:44 --> Fresh itinerary: SUCCESSFULLY pre-loaded SS, Special Events & Addons for Day 1 (date 2026-01-03) | SS count: 2
INFO - 2025-12-29 05:46:44 --> SKIPPED defaults for Day 1 (date 2026-01-03) - using pre-loaded data (had_saved: yes, force_fresh: yes)
DEBUG - 2025-12-29 05:46:44 --> Fresh SS match check: Day 2 (date 2026-01-04) | Current: location='16', hotel_id=2018 | Prev Day 1: location='16', hotel_id=2018 | LocationMatch=YES | HotelMatch=YES
DEBUG - 2025-12-29 05:46:44 --> Fresh SS match check: Day 2 (date 2026-01-04) | Current: location='16', hotel_id=2018 | Prev Day 2: location='16', hotel_id=2018 | LocationMatch=YES | HotelMatch=YES
INFO - 2025-12-29 05:46:44 --> Fresh itinerary: SUCCESSFULLY pre-loaded SS, Special Events & Addons for Day 2 (date 2026-01-04) | SS count: 2
INFO - 2025-12-29 05:46:44 --> SKIPPED defaults for Day 2 (date 2026-01-04) - using pre-loaded data (had_saved: yes, force_fresh: yes)
INFO - 2025-12-29 05:46:44 --> Expansion date 2026-01-03: DB Total=176km, Saved SS=190km, Derived Base=0km (display base; JS adds current SS)
INFO - 2025-12-29 05:46:44 --> Expansion date 2026-01-03: DB Total=176km, Saved SS=190km, Derived Base=0km (display base; JS adds current SS)
INFO - 2025-12-29 05:46:44 --> Expansion date 2026-01-03: DB Total=176km, Saved SS=190km, Derived Base=0km (display base; JS adds current SS)
INFO - 2025-12-29 05:46:44 --> Expansion date 2026-01-03: DB Total=176km, Saved SS=190km, Derived Base=0km (display base; JS adds current SS)
INFO - 2025-12-29 05:46:44 --> Expansion date 2026-01-04: DB Total=176km, Saved SS=180km, Derived Base=0km (display base; JS adds current SS)
INFO - 2025-12-29 05:46:44 --> Expansion date 2026-01-04: DB Total=176km, Saved SS=180km, Derived Base=0km (display base; JS adds current SS)
INFO - 2025-12-29 05:46:44 --> Expansion date 2026-01-04: DB Total=176km, Saved SS=180km, Derived Base=0km (display base; JS adds current SS)
INFO - 2025-12-29 05:46:44 --> Expansion date 2026-01-04: DB Total=176km, Saved SS=180km, Derived Base=0km (display base; JS adds current SS)
DEBUG - 2025-12-29 05:47:24 --> Session: Class initialized using 'CodeIgniter\Session\Handlers\FileHandler' driver.
DEBUG - 2025-12-29 05:47:24 --> Session: Class initialized using 'CodeIgniter\Session\Handlers\FileHandler' driver.
INFO - 2025-12-29 05:47:24 --> Fresh itinerary: Loaded previous itinerary details from extension_ref_id 572
INFO - 2025-12-29 05:47:24 --> SKIPPED defaults for Day 1 (date 2026-01-03) - using pre-loaded data (had_saved: yes, force_fresh: no)
INFO - 2025-12-29 05:47:24 --> SKIPPED defaults for Day 2 (date 2026-01-04) - using pre-loaded data (had_saved: yes, force_fresh: no)
INFO - 2025-12-29 05:47:24 --> Expansion date 2026-01-03: DB Total=176km, Saved SS=500km, Derived Base=0km (display base; JS adds current SS)
INFO - 2025-12-29 05:47:24 --> Expansion date 2026-01-03: DB Total=176km, Saved SS=500km, Derived Base=0km (display base; JS adds current SS)
INFO - 2025-12-29 05:47:24 --> Expansion date 2026-01-03: DB Total=176km, Saved SS=500km, Derived Base=0km (display base; JS adds current SS)
INFO - 2025-12-29 05:47:24 --> Expansion date 2026-01-03: DB Total=176km, Saved SS=500km, Derived Base=0km (display base; JS adds current SS)
INFO - 2025-12-29 05:47:24 --> Expansion date 2026-01-04: DB Total=176km, Saved SS=500km, Derived Base=0km (display base; JS adds current SS)
INFO - 2025-12-29 05:47:24 --> Expansion date 2026-01-04: DB Total=176km, Saved SS=500km, Derived Base=0km (display base; JS adds current SS)
INFO - 2025-12-29 05:47:24 --> Expansion date 2026-01-04: DB Total=176km, Saved SS=500km, Derived Base=0km (display base; JS adds current SS)
INFO - 2025-12-29 05:47:24 --> Expansion date 2026-01-04: DB Total=176km, Saved SS=500km, Derived Base=0km (display base; JS adds current SS)
INFO - 2025-12-29 05:47:24 --> Itinerary expansion date 2026-01-03: Derived Base=366km (no SS added)
INFO - 2025-12-29 05:47:24 --> Itinerary expansion date 2026-01-03: Derived Base=366km (no SS added)
INFO - 2025-12-29 05:47:24 --> Itinerary expansion date 2026-01-03: Derived Base=366km (no SS added)
INFO - 2025-12-29 05:47:24 --> Itinerary expansion date 2026-01-03: Derived Base=366km (no SS added)
INFO - 2025-12-29 05:47:24 --> Itinerary expansion date 2026-01-04: Derived Base=180km (no SS added)
INFO - 2025-12-29 05:47:24 --> Itinerary expansion date 2026-01-04: Derived Base=180km (no SS added)
INFO - 2025-12-29 05:47:24 --> Itinerary expansion date 2026-01-04: Derived Base=180km (no SS added)
INFO - 2025-12-29 05:47:24 --> Itinerary expansion date 2026-01-04: Derived Base=180km (no SS added)
DEBUG - 2025-12-29 05:47:35 --> Session: Class initialized using 'CodeIgniter\Session\Handlers\FileHandler' driver.
DEBUG - 2025-12-29 05:47:35 --> Session: Class initialized using 'CodeIgniter\Session\Handlers\FileHandler' driver.
DEBUG - 2025-12-29 05:47:35 --> Session: Class initialized using 'CodeIgniter\Session\Handlers\FileHandler' driver.
DEBUG - 2025-12-29 05:47:37 --> Session: Class initialized using 'CodeIgniter\Session\Handlers\FileHandler' driver.
DEBUG - 2025-12-29 05:47:37 --> Session: Class initialized using 'CodeIgniter\Session\Handlers\FileHandler' driver.
DEBUG - 2025-12-29 05:47:41 --> Session: Class initialized using 'CodeIgniter\Session\Handlers\FileHandler' driver.
DEBUG - 2025-12-29 05:47:42 --> Session: Class initialized using 'CodeIgniter\Session\Handlers\FileHandler' driver.
DEBUG - 2025-12-29 05:47:42 --> Session: Class initialized using 'CodeIgniter\Session\Handlers\FileHandler' driver.
DEBUG - 2025-12-29 05:47:42 --> Session: Class initialized using 'CodeIgniter\Session\Handlers\FileHandler' driver.
DEBUG - 2025-12-29 05:47:55 --> Session: Class initialized using 'CodeIgniter\Session\Handlers\FileHandler' driver.
DEBUG - 2025-12-29 05:47:57 --> Session: Class initialized using 'CodeIgniter\Session\Handlers\FileHandler' driver.
DEBUG - 2025-12-29 05:47:57 --> Session: Class initialized using 'CodeIgniter\Session\Handlers\FileHandler' driver.
DEBUG - 2025-12-29 05:47:59 --> Session: Class initialized using 'CodeIgniter\Session\Handlers\FileHandler' driver.
INFO - 2025-12-29 05:47:59 --> Fresh itinerary: Loaded previous itinerary details from extension_ref_id 573
DEBUG - 2025-12-29 05:47:59 --> Fresh SS match check: Day 1 (date 2026-01-03) | Current: location='16', hotel_id=2018 | Prev Day 1: location='16', hotel_id=2018 | LocationMatch=YES | HotelMatch=YES
INFO - 2025-12-29 05:47:59 --> Fresh itinerary: SUCCESSFULLY pre-loaded SS, Special Events & Addons for Day 1 (date 2026-01-03) | SS count: 2
INFO - 2025-12-29 05:47:59 --> SKIPPED defaults for Day 1 (date 2026-01-03) - using pre-loaded data (had_saved: yes, force_fresh: yes)
DEBUG - 2025-12-29 05:47:59 --> Fresh SS match check: Day 2 (date 2026-01-04) | Current: location='16', hotel_id=2018 | Prev Day 1: location='16', hotel_id=2018 | LocationMatch=YES | HotelMatch=YES
DEBUG - 2025-12-29 05:47:59 --> Fresh SS match check: Day 2 (date 2026-01-04) | Current: location='16', hotel_id=2018 | Prev Day 2: location='16', hotel_id=2018 | LocationMatch=YES | HotelMatch=YES
INFO - 2025-12-29 05:47:59 --> Fresh itinerary: SUCCESSFULLY pre-loaded SS, Special Events & Addons for Day 2 (date 2026-01-04) | SS count: 2
INFO - 2025-12-29 05:47:59 --> SKIPPED defaults for Day 2 (date 2026-01-04) - using pre-loaded data (had_saved: yes, force_fresh: yes)
INFO - 2025-12-29 05:47:59 --> Expansion date 2026-01-03: DB Total=176km, Saved SS=500km, Derived Base=0km (display base; JS adds current SS)
INFO - 2025-12-29 05:47:59 --> Expansion date 2026-01-03: DB Total=176km, Saved SS=500km, Derived Base=0km (display base; JS adds current SS)
INFO - 2025-12-29 05:47:59 --> Expansion date 2026-01-03: DB Total=176km, Saved SS=500km, Derived Base=0km (display base; JS adds current SS)
INFO - 2025-12-29 05:47:59 --> Expansion date 2026-01-03: DB Total=176km, Saved SS=500km, Derived Base=0km (display base; JS adds current SS)
INFO - 2025-12-29 05:47:59 --> Expansion date 2026-01-04: DB Total=176km, Saved SS=500km, Derived Base=0km (display base; JS adds current SS)
INFO - 2025-12-29 05:47:59 --> Expansion date 2026-01-04: DB Total=176km, Saved SS=500km, Derived Base=0km (display base; JS adds current SS)
INFO - 2025-12-29 05:47:59 --> Expansion date 2026-01-04: DB Total=176km, Saved SS=500km, Derived Base=0km (display base; JS adds current SS)
INFO - 2025-12-29 05:47:59 --> Expansion date 2026-01-04: DB Total=176km, Saved SS=500km, Derived Base=0km (display base; JS adds current SS)
DEBUG - 2025-12-29 05:48:33 --> Session: Class initialized using 'CodeIgniter\Session\Handlers\FileHandler' driver.
DEBUG - 2025-12-29 05:48:33 --> Session: Class initialized using 'CodeIgniter\Session\Handlers\FileHandler' driver.
INFO - 2025-12-29 05:48:33 --> Fresh itinerary: Loaded previous itinerary details from extension_ref_id 573
INFO - 2025-12-29 05:48:33 --> SKIPPED defaults for Day 1 (date 2026-01-03) - using pre-loaded data (had_saved: yes, force_fresh: no)
INFO - 2025-12-29 05:48:33 --> SKIPPED defaults for Day 2 (date 2026-01-04) - using pre-loaded data (had_saved: yes, force_fresh: no)
INFO - 2025-12-29 05:48:33 --> Expansion date 2026-01-03: DB Total=176km, Saved SS=300km, Derived Base=0km (display base; JS adds current SS)
INFO - 2025-12-29 05:48:33 --> Expansion date 2026-01-03: DB Total=176km, Saved SS=300km, Derived Base=0km (display base; JS adds current SS)
INFO - 2025-12-29 05:48:33 --> Expansion date 2026-01-03: DB Total=176km, Saved SS=300km, Derived Base=0km (display base; JS adds current SS)
INFO - 2025-12-29 05:48:33 --> Expansion date 2026-01-03: DB Total=176km, Saved SS=300km, Derived Base=0km (display base; JS adds current SS)
INFO - 2025-12-29 05:48:33 --> Expansion date 2026-01-04: DB Total=176km, Saved SS=300km, Derived Base=0km (display base; JS adds current SS)
INFO - 2025-12-29 05:48:33 --> Expansion date 2026-01-04: DB Total=176km, Saved SS=300km, Derived Base=0km (display base; JS adds current SS)
INFO - 2025-12-29 05:48:33 --> Expansion date 2026-01-04: DB Total=176km, Saved SS=300km, Derived Base=0km (display base; JS adds current SS)
INFO - 2025-12-29 05:48:33 --> Expansion date 2026-01-04: DB Total=176km, Saved SS=300km, Derived Base=0km (display base; JS adds current SS)
INFO - 2025-12-29 05:48:33 --> Itinerary expansion date 2026-01-03: Derived Base=866km (no SS added)
INFO - 2025-12-29 05:48:33 --> Itinerary expansion date 2026-01-03: Derived Base=866km (no SS added)
INFO - 2025-12-29 05:48:33 --> Itinerary expansion date 2026-01-03: Derived Base=866km (no SS added)
INFO - 2025-12-29 05:48:33 --> Itinerary expansion date 2026-01-03: Derived Base=866km (no SS added)
INFO - 2025-12-29 05:48:33 --> Itinerary expansion date 2026-01-04: Derived Base=680km (no SS added)
INFO - 2025-12-29 05:48:33 --> Itinerary expansion date 2026-01-04: Derived Base=680km (no SS added)
INFO - 2025-12-29 05:48:33 --> Itinerary expansion date 2026-01-04: Derived Base=680km (no SS added)
INFO - 2025-12-29 05:48:33 --> Itinerary expansion date 2026-01-04: Derived Base=680km (no SS added)
DEBUG - 2025-12-29 05:49:08 --> Session: Class initialized using 'CodeIgniter\Session\Handlers\FileHandler' driver.
DEBUG - 2025-12-29 05:49:10 --> Session: Class initialized using 'CodeIgniter\Session\Handlers\FileHandler' driver.
INFO - 2025-12-29 05:49:10 --> Fresh itinerary: Loaded previous itinerary details from extension_ref_id 573
INFO - 2025-12-29 05:49:10 --> SKIPPED defaults for Day 1 (date 2026-01-03) - using pre-loaded data (had_saved: yes, force_fresh: no)
INFO - 2025-12-29 05:49:10 --> SKIPPED defaults for Day 2 (date 2026-01-04) - using pre-loaded data (had_saved: yes, force_fresh: no)
INFO - 2025-12-29 05:49:10 --> Expansion date 2026-01-03: DB Total=176km, Saved SS=300km, Derived Base=0km (display base; JS adds current SS)
INFO - 2025-12-29 05:49:10 --> Expansion date 2026-01-03: DB Total=176km, Saved SS=300km, Derived Base=0km (display base; JS adds current SS)
INFO - 2025-12-29 05:49:10 --> Expansion date 2026-01-03: DB Total=176km, Saved SS=300km, Derived Base=0km (display base; JS adds current SS)
INFO - 2025-12-29 05:49:10 --> Expansion date 2026-01-03: DB Total=176km, Saved SS=300km, Derived Base=0km (display base; JS adds current SS)
INFO - 2025-12-29 05:49:10 --> Expansion date 2026-01-04: DB Total=176km, Saved SS=300km, Derived Base=0km (display base; JS adds current SS)
INFO - 2025-12-29 05:49:10 --> Expansion date 2026-01-04: DB Total=176km, Saved SS=300km, Derived Base=0km (display base; JS adds current SS)
INFO - 2025-12-29 05:49:10 --> Expansion date 2026-01-04: DB Total=176km, Saved SS=300km, Derived Base=0km (display base; JS adds current SS)
INFO - 2025-12-29 05:49:10 --> Expansion date 2026-01-04: DB Total=176km, Saved SS=300km, Derived Base=0km (display base; JS adds current SS)
INFO - 2025-12-29 05:49:10 --> Itinerary expansion date 2026-01-03: Derived Base=866km (no SS added)
INFO - 2025-12-29 05:49:10 --> Itinerary expansion date 2026-01-03: Derived Base=866km (no SS added)
INFO - 2025-12-29 05:49:10 --> Itinerary expansion date 2026-01-03: Derived Base=866km (no SS added)
INFO - 2025-12-29 05:49:10 --> Itinerary expansion date 2026-01-03: Derived Base=866km (no SS added)
INFO - 2025-12-29 05:49:10 --> Itinerary expansion date 2026-01-04: Derived Base=680km (no SS added)
INFO - 2025-12-29 05:49:10 --> Itinerary expansion date 2026-01-04: Derived Base=680km (no SS added)
INFO - 2025-12-29 05:49:10 --> Itinerary expansion date 2026-01-04: Derived Base=680km (no SS added)
INFO - 2025-12-29 05:49:10 --> Itinerary expansion date 2026-01-04: Derived Base=680km (no SS added)
DEBUG - 2025-12-29 05:49:17 --> Session: Class initialized using 'CodeIgniter\Session\Handlers\FileHandler' driver.
DEBUG - 2025-12-29 05:49:17 --> Session: Class initialized using 'CodeIgniter\Session\Handlers\FileHandler' driver.
DEBUG - 2025-12-29 05:49:17 --> Session: Class initialized using 'CodeIgniter\Session\Handlers\FileHandler' driver.
DEBUG - 2025-12-29 05:49:22 --> Session: Class initialized using 'CodeIgniter\Session\Handlers\FileHandler' driver.
DEBUG - 2025-12-29 05:49:23 --> Session: Class initialized using 'CodeIgniter\Session\Handlers\FileHandler' driver.
DEBUG - 2025-12-29 05:49:31 --> Session: Class initialized using 'CodeIgniter\Session\Handlers\FileHandler' driver.
DEBUG - 2025-12-29 05:49:33 --> Session: Class initialized using 'CodeIgniter\Session\Handlers\FileHandler' driver.
DEBUG - 2025-12-29 05:49:33 --> Session: Class initialized using 'CodeIgniter\Session\Handlers\FileHandler' driver.
DEBUG - 2025-12-29 05:49:33 --> Session: Class initialized using 'CodeIgniter\Session\Handlers\FileHandler' driver.
DEBUG - 2025-12-29 05:49:43 --> Session: Class initialized using 'CodeIgniter\Session\Handlers\FileHandler' driver.
DEBUG - 2025-12-29 05:49:57 --> Session: Class initialized using 'CodeIgniter\Session\Handlers\FileHandler' driver.
DEBUG - 2025-12-29 05:49:57 --> Session: Class initialized using 'CodeIgniter\Session\Handlers\FileHandler' driver.
DEBUG - 2025-12-29 05:50:01 --> Session: Class initialized using 'CodeIgniter\Session\Handlers\FileHandler' driver.
INFO - 2025-12-29 05:50:01 --> SKIPPED defaults for Day 1 (date 2026-01-03) - using pre-loaded data (had_saved: yes, force_fresh: no)
INFO - 2025-12-29 05:50:01 --> SKIPPED defaults for Day 2 (date 2026-01-04) - using pre-loaded data (had_saved: yes, force_fresh: no)
INFO - 2025-12-29 05:50:01 --> Expansion date 2026-01-03: DB Total=176km, Saved SS=300km, Derived Base=0km (display base; JS adds current SS)
INFO - 2025-12-29 05:50:01 --> Expansion date 2026-01-03: DB Total=176km, Saved SS=300km, Derived Base=0km (display base; JS adds current SS)
INFO - 2025-12-29 05:50:01 --> Expansion date 2026-01-03: DB Total=176km, Saved SS=300km, Derived Base=0km (display base; JS adds current SS)
INFO - 2025-12-29 05:50:01 --> Expansion date 2026-01-03: DB Total=176km, Saved SS=300km, Derived Base=0km (display base; JS adds current SS)
INFO - 2025-12-29 05:50:01 --> Expansion date 2026-01-04: DB Total=176km, Saved SS=300km, Derived Base=0km (display base; JS adds current SS)
INFO - 2025-12-29 05:50:01 --> Expansion date 2026-01-04: DB Total=176km, Saved SS=300km, Derived Base=0km (display base; JS adds current SS)
INFO - 2025-12-29 05:50:01 --> Expansion date 2026-01-04: DB Total=176km, Saved SS=300km, Derived Base=0km (display base; JS adds current SS)
INFO - 2025-12-29 05:50:01 --> Expansion date 2026-01-04: DB Total=176km, Saved SS=300km, Derived Base=0km (display base; JS adds current SS)
INFO - 2025-12-29 05:50:01 --> Itinerary expansion date 2026-01-03: Derived Base=866km (no SS added)
INFO - 2025-12-29 05:50:01 --> Itinerary expansion date 2026-01-03: Derived Base=866km (no SS added)
INFO - 2025-12-29 05:50:01 --> Itinerary expansion date 2026-01-03: Derived Base=866km (no SS added)
INFO - 2025-12-29 05:50:01 --> Itinerary expansion date 2026-01-03: Derived Base=866km (no SS added)
INFO - 2025-12-29 05:50:01 --> Itinerary expansion date 2026-01-04: Derived Base=680km (no SS added)
INFO - 2025-12-29 05:50:01 --> Itinerary expansion date 2026-01-04: Derived Base=680km (no SS added)
INFO - 2025-12-29 05:50:01 --> Itinerary expansion date 2026-01-04: Derived Base=680km (no SS added)
INFO - 2025-12-29 05:50:01 --> Itinerary expansion date 2026-01-04: Derived Base=680km (no SS added)
DEBUG - 2025-12-29 05:50:04 --> Session: Class initialized using 'CodeIgniter\Session\Handlers\FileHandler' driver.
DEBUG - 2025-12-29 05:50:04 --> Session: Class initialized using 'CodeIgniter\Session\Handlers\FileHandler' driver.
DEBUG - 2025-12-29 05:50:06 --> Session: Class initialized using 'CodeIgniter\Session\Handlers\FileHandler' driver.
INFO - 2025-12-29 05:50:06 --> Make current: Loading previous itinerary for tour_plan_ref_id 1976
INFO - 2025-12-29 11:20:06 --> SKIPPED defaults for Day 1 (date 2026-01-03) - using pre-loaded data (had_saved: yes, force_fresh: no)
INFO - 2025-12-29 11:20:06 --> SKIPPED defaults for Day 2 (date 2026-01-04) - using pre-loaded data (had_saved: yes, force_fresh: no)
INFO - 2025-12-29 11:20:06 --> Expansion date 2026-01-03: DB Total=176km, Saved SS=190km, Derived Base=0km (display base; JS adds current SS)
INFO - 2025-12-29 11:20:06 --> Expansion date 2026-01-03: DB Total=176km, Saved SS=190km, Derived Base=0km (display base; JS adds current SS)
INFO - 2025-12-29 11:20:06 --> Expansion date 2026-01-03: DB Total=176km, Saved SS=190km, Derived Base=0km (display base; JS adds current SS)
INFO - 2025-12-29 11:20:06 --> Expansion date 2026-01-03: DB Total=176km, Saved SS=190km, Derived Base=0km (display base; JS adds current SS)
INFO - 2025-12-29 11:20:06 --> Expansion date 2026-01-04: DB Total=176km, Saved SS=180km, Derived Base=0km (display base; JS adds current SS)
INFO - 2025-12-29 11:20:06 --> Expansion date 2026-01-04: DB Total=176km, Saved SS=180km, Derived Base=0km (display base; JS adds current SS)
INFO - 2025-12-29 11:20:06 --> Expansion date 2026-01-04: DB Total=176km, Saved SS=180km, Derived Base=0km (display base; JS adds current SS)
INFO - 2025-12-29 11:20:06 --> Expansion date 2026-01-04: DB Total=176km, Saved SS=180km, Derived Base=0km (display base; JS adds current SS)
INFO - 2025-12-29 11:20:06 --> Itinerary expansion date 2026-01-03: Derived Base=176km (no SS added)
INFO - 2025-12-29 11:20:06 --> Itinerary expansion date 2026-01-03: Derived Base=176km (no SS added)
INFO - 2025-12-29 11:20:06 --> Itinerary expansion date 2026-01-03: Derived Base=176km (no SS added)
INFO - 2025-12-29 11:20:06 --> Itinerary expansion date 2026-01-03: Derived Base=176km (no SS added)
INFO - 2025-12-29 11:20:06 --> Itinerary expansion date 2026-01-04: Derived Base=0km (no SS added)
INFO - 2025-12-29 11:20:06 --> Itinerary expansion date 2026-01-04: Derived Base=0km (no SS added)
INFO - 2025-12-29 11:20:06 --> Itinerary expansion date 2026-01-04: Derived Base=0km (no SS added)
INFO - 2025-12-29 11:20:06 --> Itinerary expansion date 2026-01-04: Derived Base=0km (no SS added)
DEBUG - 2025-12-29 05:50:09 --> Session: Class initialized using 'CodeIgniter\Session\Handlers\FileHandler' driver.
DEBUG - 2025-12-29 05:50:09 --> Session: Class initialized using 'CodeIgniter\Session\Handlers\FileHandler' driver.
DEBUG - 2025-12-29 05:50:10 --> Session: Class initialized using 'CodeIgniter\Session\Handlers\FileHandler' driver.
INFO - 2025-12-29 05:50:11 --> Make current: Loading previous itinerary for tour_plan_ref_id 1977
INFO - 2025-12-29 11:20:11 --> SKIPPED defaults for Day 1 (date 2026-01-03) - using pre-loaded data (had_saved: yes, force_fresh: no)
INFO - 2025-12-29 11:20:11 --> SKIPPED defaults for Day 2 (date 2026-01-04) - using pre-loaded data (had_saved: yes, force_fresh: no)
INFO - 2025-12-29 11:20:11 --> Expansion date 2026-01-03: DB Total=176km, Saved SS=500km, Derived Base=0km (display base; JS adds current SS)
INFO - 2025-12-29 11:20:11 --> Expansion date 2026-01-03: DB Total=176km, Saved SS=500km, Derived Base=0km (display base; JS adds current SS)
INFO - 2025-12-29 11:20:11 --> Expansion date 2026-01-03: DB Total=176km, Saved SS=500km, Derived Base=0km (display base; JS adds current SS)
INFO - 2025-12-29 11:20:11 --> Expansion date 2026-01-03: DB Total=176km, Saved SS=500km, Derived Base=0km (display base; JS adds current SS)
INFO - 2025-12-29 11:20:11 --> Expansion date 2026-01-04: DB Total=176km, Saved SS=500km, Derived Base=0km (display base; JS adds current SS)
INFO - 2025-12-29 11:20:11 --> Expansion date 2026-01-04: DB Total=176km, Saved SS=500km, Derived Base=0km (display base; JS adds current SS)
INFO - 2025-12-29 11:20:11 --> Expansion date 2026-01-04: DB Total=176km, Saved SS=500km, Derived Base=0km (display base; JS adds current SS)
INFO - 2025-12-29 11:20:11 --> Expansion date 2026-01-04: DB Total=176km, Saved SS=500km, Derived Base=0km (display base; JS adds current SS)
INFO - 2025-12-29 11:20:11 --> Itinerary expansion date 2026-01-03: Derived Base=366km (no SS added)
INFO - 2025-12-29 11:20:11 --> Itinerary expansion date 2026-01-03: Derived Base=366km (no SS added)
INFO - 2025-12-29 11:20:11 --> Itinerary expansion date 2026-01-03: Derived Base=366km (no SS added)
INFO - 2025-12-29 11:20:11 --> Itinerary expansion date 2026-01-03: Derived Base=366km (no SS added)
INFO - 2025-12-29 11:20:11 --> Itinerary expansion date 2026-01-04: Derived Base=180km (no SS added)
INFO - 2025-12-29 11:20:11 --> Itinerary expansion date 2026-01-04: Derived Base=180km (no SS added)
INFO - 2025-12-29 11:20:11 --> Itinerary expansion date 2026-01-04: Derived Base=180km (no SS added)
INFO - 2025-12-29 11:20:11 --> Itinerary expansion date 2026-01-04: Derived Base=180km (no SS added)
DEBUG - 2025-12-29 05:50:17 --> Session: Class initialized using 'CodeIgniter\Session\Handlers\FileHandler' driver.
DEBUG - 2025-12-29 05:50:17 --> Session: Class initialized using 'CodeIgniter\Session\Handlers\FileHandler' driver.
DEBUG - 2025-12-29 05:50:21 --> Session: Class initialized using 'CodeIgniter\Session\Handlers\FileHandler' driver.
DEBUG - 2025-12-29 05:50:22 --> Session: Class initialized using 'CodeIgniter\Session\Handlers\FileHandler' driver.
DEBUG - 2025-12-29 05:50:24 --> Session: Class initialized using 'CodeIgniter\Session\Handlers\FileHandler' driver.
DEBUG - 2025-12-29 05:50:25 --> Session: Class initialized using 'CodeIgniter\Session\Handlers\FileHandler' driver.
DEBUG - 2025-12-29 05:50:25 --> Session: Class initialized using 'CodeIgniter\Session\Handlers\FileHandler' driver.
DEBUG - 2025-12-29 05:50:26 --> Session: Class initialized using 'CodeIgniter\Session\Handlers\FileHandler' driver.
DEBUG - 2025-12-29 05:50:35 --> Session: Class initialized using 'CodeIgniter\Session\Handlers\FileHandler' driver.
DEBUG - 2025-12-29 05:50:37 --> Session: Class initialized using 'CodeIgniter\Session\Handlers\FileHandler' driver.
DEBUG - 2025-12-29 05:50:37 --> Session: Class initialized using 'CodeIgniter\Session\Handlers\FileHandler' driver.
DEBUG - 2025-12-29 05:50:38 --> Session: Class initialized using 'CodeIgniter\Session\Handlers\FileHandler' driver.
INFO - 2025-12-29 05:50:38 --> Fresh itinerary: Loaded previous itinerary details from extension_ref_id 574
DEBUG - 2025-12-29 05:50:38 --> Fresh SS match check: Day 1 (date 2026-01-03) | Current: location='16', hotel_id=2018 | Prev Day 1: location='16', hotel_id=2018 | LocationMatch=YES | HotelMatch=YES
INFO - 2025-12-29 05:50:38 --> Fresh itinerary: SUCCESSFULLY pre-loaded SS, Special Events & Addons for Day 1 (date 2026-01-03) | SS count: 3
INFO - 2025-12-29 05:50:38 --> SKIPPED defaults for Day 1 (date 2026-01-03) - using pre-loaded data (had_saved: yes, force_fresh: yes)
DEBUG - 2025-12-29 05:50:38 --> Fresh SS match check: Day 2 (date 2026-01-04) | Current: location='16', hotel_id=2018 | Prev Day 1: location='16', hotel_id=2018 | LocationMatch=YES | HotelMatch=YES
DEBUG - 2025-12-29 05:50:38 --> Fresh SS match check: Day 2 (date 2026-01-04) | Current: location='16', hotel_id=2018 | Prev Day 2: location='16', hotel_id=2018 | LocationMatch=YES | HotelMatch=YES
INFO - 2025-12-29 05:50:38 --> Fresh itinerary: SUCCESSFULLY pre-loaded SS, Special Events & Addons for Day 2 (date 2026-01-04) | SS count: 3
INFO - 2025-12-29 05:50:38 --> SKIPPED defaults for Day 2 (date 2026-01-04) - using pre-loaded data (had_saved: yes, force_fresh: yes)
INFO - 2025-12-29 05:50:38 --> Expansion date 2026-01-03: DB Total=176km, Saved SS=300km, Derived Base=0km (display base; JS adds current SS)
INFO - 2025-12-29 05:50:38 --> Expansion date 2026-01-03: DB Total=176km, Saved SS=300km, Derived Base=0km (display base; JS adds current SS)
INFO - 2025-12-29 05:50:38 --> Expansion date 2026-01-03: DB Total=176km, Saved SS=300km, Derived Base=0km (display base; JS adds current SS)
INFO - 2025-12-29 05:50:38 --> Expansion date 2026-01-03: DB Total=176km, Saved SS=300km, Derived Base=0km (display base; JS adds current SS)
INFO - 2025-12-29 05:50:38 --> Expansion date 2026-01-04: DB Total=176km, Saved SS=300km, Derived Base=0km (display base; JS adds current SS)
INFO - 2025-12-29 05:50:38 --> Expansion date 2026-01-04: DB Total=176km, Saved SS=300km, Derived Base=0km (display base; JS adds current SS)
INFO - 2025-12-29 05:50:38 --> Expansion date 2026-01-04: DB Total=176km, Saved SS=300km, Derived Base=0km (display base; JS adds current SS)
INFO - 2025-12-29 05:50:38 --> Expansion date 2026-01-04: DB Total=176km, Saved SS=300km, Derived Base=0km (display base; JS adds current SS)
DEBUG - 2025-12-29 05:51:19 --> Session: Class initialized using 'CodeIgniter\Session\Handlers\FileHandler' driver.
DEBUG - 2025-12-29 05:51:20 --> Session: Class initialized using 'CodeIgniter\Session\Handlers\FileHandler' driver.
DEBUG - 2025-12-29 05:51:22 --> Session: Class initialized using 'CodeIgniter\Session\Handlers\FileHandler' driver.
DEBUG - 2025-12-29 05:51:22 --> Session: Class initialized using 'CodeIgniter\Session\Handlers\FileHandler' driver.
DEBUG - 2025-12-29 05:51:27 --> Session: Class initialized using 'CodeIgniter\Session\Handlers\FileHandler' driver.
INFO - 2025-12-29 05:51:27 --> Make current: Loading previous itinerary for tour_plan_ref_id 1978
INFO - 2025-12-29 11:21:27 --> SKIPPED defaults for Day 1 (date 2026-01-03) - using pre-loaded data (had_saved: yes, force_fresh: no)
INFO - 2025-12-29 11:21:27 --> SKIPPED defaults for Day 2 (date 2026-01-04) - using pre-loaded data (had_saved: yes, force_fresh: no)
INFO - 2025-12-29 11:21:27 --> Expansion date 2026-01-03: DB Total=176km, Saved SS=300km, Derived Base=0km (display base; JS adds current SS)
INFO - 2025-12-29 11:21:27 --> Expansion date 2026-01-03: DB Total=176km, Saved SS=300km, Derived Base=0km (display base; JS adds current SS)
INFO - 2025-12-29 11:21:27 --> Expansion date 2026-01-03: DB Total=176km, Saved SS=300km, Derived Base=0km (display base; JS adds current SS)
INFO - 2025-12-29 11:21:27 --> Expansion date 2026-01-03: DB Total=176km, Saved SS=300km, Derived Base=0km (display base; JS adds current SS)
INFO - 2025-12-29 11:21:27 --> Expansion date 2026-01-04: DB Total=176km, Saved SS=300km, Derived Base=0km (display base; JS adds current SS)
INFO - 2025-12-29 11:21:27 --> Expansion date 2026-01-04: DB Total=176km, Saved SS=300km, Derived Base=0km (display base; JS adds current SS)
INFO - 2025-12-29 11:21:27 --> Expansion date 2026-01-04: DB Total=176km, Saved SS=300km, Derived Base=0km (display base; JS adds current SS)
INFO - 2025-12-29 11:21:27 --> Expansion date 2026-01-04: DB Total=176km, Saved SS=300km, Derived Base=0km (display base; JS adds current SS)
INFO - 2025-12-29 11:21:27 --> Itinerary expansion date 2026-01-03: Derived Base=866km (no SS added)
INFO - 2025-12-29 11:21:27 --> Itinerary expansion date 2026-01-03: Derived Base=866km (no SS added)
INFO - 2025-12-29 11:21:27 --> Itinerary expansion date 2026-01-03: Derived Base=866km (no SS added)
INFO - 2025-12-29 11:21:27 --> Itinerary expansion date 2026-01-03: Derived Base=866km (no SS added)
INFO - 2025-12-29 11:21:27 --> Itinerary expansion date 2026-01-04: Derived Base=680km (no SS added)
INFO - 2025-12-29 11:21:27 --> Itinerary expansion date 2026-01-04: Derived Base=680km (no SS added)
INFO - 2025-12-29 11:21:27 --> Itinerary expansion date 2026-01-04: Derived Base=680km (no SS added)
INFO - 2025-12-29 11:21:27 --> Itinerary expansion date 2026-01-04: Derived Base=680km (no SS added)
DEBUG - 2025-12-29 05:51:30 --> Session: Class initialized using 'CodeIgniter\Session\Handlers\FileHandler' driver.
DEBUG - 2025-12-29 05:51:30 --> Session: Class initialized using 'CodeIgniter\Session\Handlers\FileHandler' driver.
DEBUG - 2025-12-29 05:51:32 --> Session: Class initialized using 'CodeIgniter\Session\Handlers\FileHandler' driver.
INFO - 2025-12-29 05:51:32 --> SKIPPED defaults for Day 1 (date 2026-01-03) - using pre-loaded data (had_saved: yes, force_fresh: no)
INFO - 2025-12-29 05:51:32 --> SKIPPED defaults for Day 2 (date 2026-01-04) - using pre-loaded data (had_saved: yes, force_fresh: no)
INFO - 2025-12-29 05:51:32 --> Expansion date 2026-01-03: DB Total=176km, Saved SS=300km, Derived Base=0km (display base; JS adds current SS)
INFO - 2025-12-29 05:51:32 --> Expansion date 2026-01-03: DB Total=176km, Saved SS=300km, Derived Base=0km (display base; JS adds current SS)
INFO - 2025-12-29 05:51:32 --> Expansion date 2026-01-03: DB Total=176km, Saved SS=300km, Derived Base=0km (display base; JS adds current SS)
INFO - 2025-12-29 05:51:32 --> Expansion date 2026-01-03: DB Total=176km, Saved SS=300km, Derived Base=0km (display base; JS adds current SS)
INFO - 2025-12-29 05:51:32 --> Expansion date 2026-01-04: DB Total=176km, Saved SS=300km, Derived Base=0km (display base; JS adds current SS)
INFO - 2025-12-29 05:51:32 --> Expansion date 2026-01-04: DB Total=176km, Saved SS=300km, Derived Base=0km (display base; JS adds current SS)
INFO - 2025-12-29 05:51:32 --> Expansion date 2026-01-04: DB Total=176km, Saved SS=300km, Derived Base=0km (display base; JS adds current SS)
INFO - 2025-12-29 05:51:32 --> Expansion date 2026-01-04: DB Total=176km, Saved SS=300km, Derived Base=0km (display base; JS adds current SS)
INFO - 2025-12-29 05:51:32 --> Itinerary expansion date 2026-01-03: Derived Base=866km (no SS added)
INFO - 2025-12-29 05:51:32 --> Itinerary expansion date 2026-01-03: Derived Base=866km (no SS added)
INFO - 2025-12-29 05:51:32 --> Itinerary expansion date 2026-01-03: Derived Base=866km (no SS added)
INFO - 2025-12-29 05:51:32 --> Itinerary expansion date 2026-01-03: Derived Base=866km (no SS added)
INFO - 2025-12-29 05:51:32 --> Itinerary expansion date 2026-01-04: Derived Base=680km (no SS added)
INFO - 2025-12-29 05:51:32 --> Itinerary expansion date 2026-01-04: Derived Base=680km (no SS added)
INFO - 2025-12-29 05:51:32 --> Itinerary expansion date 2026-01-04: Derived Base=680km (no SS added)
INFO - 2025-12-29 05:51:32 --> Itinerary expansion date 2026-01-04: Derived Base=680km (no SS added)
DEBUG - 2025-12-29 05:51:34 --> Session: Class initialized using 'CodeIgniter\Session\Handlers\FileHandler' driver.
DEBUG - 2025-12-29 05:51:34 --> Session: Class initialized using 'CodeIgniter\Session\Handlers\FileHandler' driver.
DEBUG - 2025-12-29 05:51:36 --> Session: Class initialized using 'CodeIgniter\Session\Handlers\FileHandler' driver.
INFO - 2025-12-29 05:51:36 --> Make current: Loading previous itinerary for tour_plan_ref_id 1976
INFO - 2025-12-29 11:21:36 --> SKIPPED defaults for Day 1 (date 2026-01-03) - using pre-loaded data (had_saved: yes, force_fresh: no)
INFO - 2025-12-29 11:21:36 --> SKIPPED defaults for Day 2 (date 2026-01-04) - using pre-loaded data (had_saved: yes, force_fresh: no)
INFO - 2025-12-29 11:21:36 --> Expansion date 2026-01-03: DB Total=176km, Saved SS=190km, Derived Base=0km (display base; JS adds current SS)
INFO - 2025-12-29 11:21:36 --> Expansion date 2026-01-03: DB Total=176km, Saved SS=190km, Derived Base=0km (display base; JS adds current SS)
INFO - 2025-12-29 11:21:36 --> Expansion date 2026-01-03: DB Total=176km, Saved SS=190km, Derived Base=0km (display base; JS adds current SS)
INFO - 2025-12-29 11:21:36 --> Expansion date 2026-01-03: DB Total=176km, Saved SS=190km, Derived Base=0km (display base; JS adds current SS)
INFO - 2025-12-29 11:21:36 --> Expansion date 2026-01-04: DB Total=176km, Saved SS=180km, Derived Base=0km (display base; JS adds current SS)
INFO - 2025-12-29 11:21:36 --> Expansion date 2026-01-04: DB Total=176km, Saved SS=180km, Derived Base=0km (display base; JS adds current SS)
INFO - 2025-12-29 11:21:36 --> Expansion date 2026-01-04: DB Total=176km, Saved SS=180km, Derived Base=0km (display base; JS adds current SS)
INFO - 2025-12-29 11:21:36 --> Expansion date 2026-01-04: DB Total=176km, Saved SS=180km, Derived Base=0km (display base; JS adds current SS)
INFO - 2025-12-29 11:21:36 --> Itinerary expansion date 2026-01-03: Derived Base=176km (no SS added)
INFO - 2025-12-29 11:21:36 --> Itinerary expansion date 2026-01-03: Derived Base=176km (no SS added)
INFO - 2025-12-29 11:21:36 --> Itinerary expansion date 2026-01-03: Derived Base=176km (no SS added)
INFO - 2025-12-29 11:21:36 --> Itinerary expansion date 2026-01-03: Derived Base=176km (no SS added)
INFO - 2025-12-29 11:21:36 --> Itinerary expansion date 2026-01-04: Derived Base=0km (no SS added)
INFO - 2025-12-29 11:21:36 --> Itinerary expansion date 2026-01-04: Derived Base=0km (no SS added)
INFO - 2025-12-29 11:21:36 --> Itinerary expansion date 2026-01-04: Derived Base=0km (no SS added)
INFO - 2025-12-29 11:21:36 --> Itinerary expansion date 2026-01-04: Derived Base=0km (no SS added)
DEBUG - 2025-12-29 05:51:40 --> Session: Class initialized using 'CodeIgniter\Session\Handlers\FileHandler' driver.
DEBUG - 2025-12-29 05:51:40 --> Session: Class initialized using 'CodeIgniter\Session\Handlers\FileHandler' driver.
DEBUG - 2025-12-29 05:51:41 --> Session: Class initialized using 'CodeIgniter\Session\Handlers\FileHandler' driver.
INFO - 2025-12-29 05:51:41 --> SKIPPED defaults for Day 1 (date 2026-01-03) - using pre-loaded data (had_saved: yes, force_fresh: no)
INFO - 2025-12-29 05:51:41 --> SKIPPED defaults for Day 2 (date 2026-01-04) - using pre-loaded data (had_saved: yes, force_fresh: no)
INFO - 2025-12-29 05:51:41 --> Expansion date 2026-01-03: DB Total=176km, Saved SS=190km, Derived Base=0km (display base; JS adds current SS)
INFO - 2025-12-29 05:51:41 --> Expansion date 2026-01-03: DB Total=176km, Saved SS=190km, Derived Base=0km (display base; JS adds current SS)
INFO - 2025-12-29 05:51:41 --> Expansion date 2026-01-03: DB Total=176km, Saved SS=190km, Derived Base=0km (display base; JS adds current SS)
INFO - 2025-12-29 05:51:41 --> Expansion date 2026-01-03: DB Total=176km, Saved SS=190km, Derived Base=0km (display base; JS adds current SS)
INFO - 2025-12-29 05:51:41 --> Expansion date 2026-01-04: DB Total=176km, Saved SS=180km, Derived Base=0km (display base; JS adds current SS)
INFO - 2025-12-29 05:51:41 --> Expansion date 2026-01-04: DB Total=176km, Saved SS=180km, Derived Base=0km (display base; JS adds current SS)
INFO - 2025-12-29 05:51:41 --> Expansion date 2026-01-04: DB Total=176km, Saved SS=180km, Derived Base=0km (display base; JS adds current SS)
INFO - 2025-12-29 05:51:41 --> Expansion date 2026-01-04: DB Total=176km, Saved SS=180km, Derived Base=0km (display base; JS adds current SS)
INFO - 2025-12-29 05:51:42 --> Itinerary expansion date 2026-01-03: Derived Base=176km (no SS added)
INFO - 2025-12-29 05:51:42 --> Itinerary expansion date 2026-01-03: Derived Base=176km (no SS added)
INFO - 2025-12-29 05:51:42 --> Itinerary expansion date 2026-01-03: Derived Base=176km (no SS added)
INFO - 2025-12-29 05:51:42 --> Itinerary expansion date 2026-01-03: Derived Base=176km (no SS added)
INFO - 2025-12-29 05:51:42 --> Itinerary expansion date 2026-01-04: Derived Base=0km (no SS added)
INFO - 2025-12-29 05:51:42 --> Itinerary expansion date 2026-01-04: Derived Base=0km (no SS added)
INFO - 2025-12-29 05:51:42 --> Itinerary expansion date 2026-01-04: Derived Base=0km (no SS added)
INFO - 2025-12-29 05:51:42 --> Itinerary expansion date 2026-01-04: Derived Base=0km (no SS added)
DEBUG - 2025-12-29 05:51:44 --> Session: Class initialized using 'CodeIgniter\Session\Handlers\FileHandler' driver.
DEBUG - 2025-12-29 05:51:44 --> Session: Class initialized using 'CodeIgniter\Session\Handlers\FileHandler' driver.
DEBUG - 2025-12-29 05:51:46 --> Session: Class initialized using 'CodeIgniter\Session\Handlers\FileHandler' driver.
INFO - 2025-12-29 05:51:46 --> Make current: Loading previous itinerary for tour_plan_ref_id 1978
INFO - 2025-12-29 11:21:46 --> SKIPPED defaults for Day 1 (date 2026-01-03) - using pre-loaded data (had_saved: yes, force_fresh: no)
INFO - 2025-12-29 11:21:46 --> SKIPPED defaults for Day 2 (date 2026-01-04) - using pre-loaded data (had_saved: yes, force_fresh: no)
INFO - 2025-12-29 11:21:46 --> Expansion date 2026-01-03: DB Total=176km, Saved SS=300km, Derived Base=0km (display base; JS adds current SS)
INFO - 2025-12-29 11:21:46 --> Expansion date 2026-01-03: DB Total=176km, Saved SS=300km, Derived Base=0km (display base; JS adds current SS)
INFO - 2025-12-29 11:21:46 --> Expansion date 2026-01-03: DB Total=176km, Saved SS=300km, Derived Base=0km (display base; JS adds current SS)
INFO - 2025-12-29 11:21:46 --> Expansion date 2026-01-03: DB Total=176km, Saved SS=300km, Derived Base=0km (display base; JS adds current SS)
INFO - 2025-12-29 11:21:46 --> Expansion date 2026-01-04: DB Total=176km, Saved SS=300km, Derived Base=0km (display base; JS adds current SS)
INFO - 2025-12-29 11:21:46 --> Expansion date 2026-01-04: DB Total=176km, Saved SS=300km, Derived Base=0km (display base; JS adds current SS)
INFO - 2025-12-29 11:21:46 --> Expansion date 2026-01-04: DB Total=176km, Saved SS=300km, Derived Base=0km (display base; JS adds current SS)
INFO - 2025-12-29 11:21:46 --> Expansion date 2026-01-04: DB Total=176km, Saved SS=300km, Derived Base=0km (display base; JS adds current SS)
INFO - 2025-12-29 11:21:46 --> Itinerary expansion date 2026-01-03: Derived Base=866km (no SS added)
INFO - 2025-12-29 11:21:46 --> Itinerary expansion date 2026-01-03: Derived Base=866km (no SS added)
INFO - 2025-12-29 11:21:46 --> Itinerary expansion date 2026-01-03: Derived Base=866km (no SS added)
INFO - 2025-12-29 11:21:46 --> Itinerary expansion date 2026-01-03: Derived Base=866km (no SS added)
INFO - 2025-12-29 11:21:46 --> Itinerary expansion date 2026-01-04: Derived Base=680km (no SS added)
INFO - 2025-12-29 11:21:46 --> Itinerary expansion date 2026-01-04: Derived Base=680km (no SS added)
INFO - 2025-12-29 11:21:46 --> Itinerary expansion date 2026-01-04: Derived Base=680km (no SS added)
INFO - 2025-12-29 11:21:46 --> Itinerary expansion date 2026-01-04: Derived Base=680km (no SS added)
DEBUG - 2025-12-29 05:51:48 --> Session: Class initialized using 'CodeIgniter\Session\Handlers\FileHandler' driver.
DEBUG - 2025-12-29 05:51:48 --> Session: Class initialized using 'CodeIgniter\Session\Handlers\FileHandler' driver.
DEBUG - 2025-12-29 05:51:50 --> Session: Class initialized using 'CodeIgniter\Session\Handlers\FileHandler' driver.
INFO - 2025-12-29 05:51:50 --> SKIPPED defaults for Day 1 (date 2026-01-03) - using pre-loaded data (had_saved: yes, force_fresh: no)
INFO - 2025-12-29 05:51:50 --> SKIPPED defaults for Day 2 (date 2026-01-04) - using pre-loaded data (had_saved: yes, force_fresh: no)
INFO - 2025-12-29 05:51:50 --> Expansion date 2026-01-03: DB Total=176km, Saved SS=300km, Derived Base=0km (display base; JS adds current SS)
INFO - 2025-12-29 05:51:50 --> Expansion date 2026-01-03: DB Total=176km, Saved SS=300km, Derived Base=0km (display base; JS adds current SS)
INFO - 2025-12-29 05:51:50 --> Expansion date 2026-01-03: DB Total=176km, Saved SS=300km, Derived Base=0km (display base; JS adds current SS)
INFO - 2025-12-29 05:51:50 --> Expansion date 2026-01-03: DB Total=176km, Saved SS=300km, Derived Base=0km (display base; JS adds current SS)
INFO - 2025-12-29 05:51:50 --> Expansion date 2026-01-04: DB Total=176km, Saved SS=300km, Derived Base=0km (display base; JS adds current SS)
INFO - 2025-12-29 05:51:50 --> Expansion date 2026-01-04: DB Total=176km, Saved SS=300km, Derived Base=0km (display base; JS adds current SS)
INFO - 2025-12-29 05:51:50 --> Expansion date 2026-01-04: DB Total=176km, Saved SS=300km, Derived Base=0km (display base; JS adds current SS)
INFO - 2025-12-29 05:51:50 --> Expansion date 2026-01-04: DB Total=176km, Saved SS=300km, Derived Base=0km (display base; JS adds current SS)
INFO - 2025-12-29 05:51:50 --> Itinerary expansion date 2026-01-03: Derived Base=866km (no SS added)
INFO - 2025-12-29 05:51:50 --> Itinerary expansion date 2026-01-03: Derived Base=866km (no SS added)
INFO - 2025-12-29 05:51:50 --> Itinerary expansion date 2026-01-03: Derived Base=866km (no SS added)
INFO - 2025-12-29 05:51:50 --> Itinerary expansion date 2026-01-03: Derived Base=866km (no SS added)
INFO - 2025-12-29 05:51:50 --> Itinerary expansion date 2026-01-04: Derived Base=680km (no SS added)
INFO - 2025-12-29 05:51:50 --> Itinerary expansion date 2026-01-04: Derived Base=680km (no SS added)
INFO - 2025-12-29 05:51:50 --> Itinerary expansion date 2026-01-04: Derived Base=680km (no SS added)
INFO - 2025-12-29 05:51:50 --> Itinerary expansion date 2026-01-04: Derived Base=680km (no SS added)
DEBUG - 2025-12-29 05:51:53 --> Session: Class initialized using 'CodeIgniter\Session\Handlers\FileHandler' driver.
DEBUG - 2025-12-29 05:51:53 --> Session: Class initialized using 'CodeIgniter\Session\Handlers\FileHandler' driver.
DEBUG - 2025-12-29 05:51:54 --> Session: Class initialized using 'CodeIgniter\Session\Handlers\FileHandler' driver.
INFO - 2025-12-29 05:51:54 --> Make current: Loading previous itinerary for tour_plan_ref_id 1976
INFO - 2025-12-29 11:21:54 --> SKIPPED defaults for Day 1 (date 2026-01-03) - using pre-loaded data (had_saved: yes, force_fresh: no)
INFO - 2025-12-29 11:21:54 --> SKIPPED defaults for Day 2 (date 2026-01-04) - using pre-loaded data (had_saved: yes, force_fresh: no)
INFO - 2025-12-29 11:21:54 --> Expansion date 2026-01-03: DB Total=176km, Saved SS=190km, Derived Base=0km (display base; JS adds current SS)
INFO - 2025-12-29 11:21:54 --> Expansion date 2026-01-03: DB Total=176km, Saved SS=190km, Derived Base=0km (display base; JS adds current SS)
INFO - 2025-12-29 11:21:54 --> Expansion date 2026-01-03: DB Total=176km, Saved SS=190km, Derived Base=0km (display base; JS adds current SS)
INFO - 2025-12-29 11:21:54 --> Expansion date 2026-01-03: DB Total=176km, Saved SS=190km, Derived Base=0km (display base; JS adds current SS)
INFO - 2025-12-29 11:21:54 --> Expansion date 2026-01-04: DB Total=176km, Saved SS=180km, Derived Base=0km (display base; JS adds current SS)
INFO - 2025-12-29 11:21:54 --> Expansion date 2026-01-04: DB Total=176km, Saved SS=180km, Derived Base=0km (display base; JS adds current SS)
INFO - 2025-12-29 11:21:54 --> Expansion date 2026-01-04: DB Total=176km, Saved SS=180km, Derived Base=0km (display base; JS adds current SS)
INFO - 2025-12-29 11:21:54 --> Expansion date 2026-01-04: DB Total=176km, Saved SS=180km, Derived Base=0km (display base; JS adds current SS)
INFO - 2025-12-29 11:21:54 --> Itinerary expansion date 2026-01-03: Derived Base=176km (no SS added)
INFO - 2025-12-29 11:21:54 --> Itinerary expansion date 2026-01-03: Derived Base=176km (no SS added)
INFO - 2025-12-29 11:21:54 --> Itinerary expansion date 2026-01-03: Derived Base=176km (no SS added)
INFO - 2025-12-29 11:21:54 --> Itinerary expansion date 2026-01-03: Derived Base=176km (no SS added)
INFO - 2025-12-29 11:21:54 --> Itinerary expansion date 2026-01-04: Derived Base=0km (no SS added)
INFO - 2025-12-29 11:21:54 --> Itinerary expansion date 2026-01-04: Derived Base=0km (no SS added)
INFO - 2025-12-29 11:21:54 --> Itinerary expansion date 2026-01-04: Derived Base=0km (no SS added)
INFO - 2025-12-29 11:21:54 --> Itinerary expansion date 2026-01-04: Derived Base=0km (no SS added)
DEBUG - 2025-12-29 05:51:56 --> Session: Class initialized using 'CodeIgniter\Session\Handlers\FileHandler' driver.
DEBUG - 2025-12-29 05:51:56 --> Session: Class initialized using 'CodeIgniter\Session\Handlers\FileHandler' driver.
DEBUG - 2025-12-29 05:51:58 --> Session: Class initialized using 'CodeIgniter\Session\Handlers\FileHandler' driver.
INFO - 2025-12-29 05:51:58 --> SKIPPED defaults for Day 1 (date 2026-01-03) - using pre-loaded data (had_saved: yes, force_fresh: no)
INFO - 2025-12-29 05:51:58 --> SKIPPED defaults for Day 2 (date 2026-01-04) - using pre-loaded data (had_saved: yes, force_fresh: no)
INFO - 2025-12-29 05:51:58 --> Expansion date 2026-01-03: DB Total=176km, Saved SS=190km, Derived Base=0km (display base; JS adds current SS)
INFO - 2025-12-29 05:51:58 --> Expansion date 2026-01-03: DB Total=176km, Saved SS=190km, Derived Base=0km (display base; JS adds current SS)
INFO - 2025-12-29 05:51:58 --> Expansion date 2026-01-03: DB Total=176km, Saved SS=190km, Derived Base=0km (display base; JS adds current SS)
INFO - 2025-12-29 05:51:58 --> Expansion date 2026-01-03: DB Total=176km, Saved SS=190km, Derived Base=0km (display base; JS adds current SS)
INFO - 2025-12-29 05:51:58 --> Expansion date 2026-01-04: DB Total=176km, Saved SS=180km, Derived Base=0km (display base; JS adds current SS)
INFO - 2025-12-29 05:51:58 --> Expansion date 2026-01-04: DB Total=176km, Saved SS=180km, Derived Base=0km (display base; JS adds current SS)
INFO - 2025-12-29 05:51:58 --> Expansion date 2026-01-04: DB Total=176km, Saved SS=180km, Derived Base=0km (display base; JS adds current SS)
INFO - 2025-12-29 05:51:58 --> Expansion date 2026-01-04: DB Total=176km, Saved SS=180km, Derived Base=0km (display base; JS adds current SS)
INFO - 2025-12-29 05:51:58 --> Itinerary expansion date 2026-01-03: Derived Base=176km (no SS added)
INFO - 2025-12-29 05:51:58 --> Itinerary expansion date 2026-01-03: Derived Base=176km (no SS added)
INFO - 2025-12-29 05:51:58 --> Itinerary expansion date 2026-01-03: Derived Base=176km (no SS added)
INFO - 2025-12-29 05:51:58 --> Itinerary expansion date 2026-01-03: Derived Base=176km (no SS added)
INFO - 2025-12-29 05:51:58 --> Itinerary expansion date 2026-01-04: Derived Base=0km (no SS added)
INFO - 2025-12-29 05:51:58 --> Itinerary expansion date 2026-01-04: Derived Base=0km (no SS added)
INFO - 2025-12-29 05:51:58 --> Itinerary expansion date 2026-01-04: Derived Base=0km (no SS added)
INFO - 2025-12-29 05:51:58 --> Itinerary expansion date 2026-01-04: Derived Base=0km (no SS added)
DEBUG - 2025-12-29 05:52:02 --> Session: Class initialized using 'CodeIgniter\Session\Handlers\FileHandler' driver.
DEBUG - 2025-12-29 05:52:02 --> Session: Class initialized using 'CodeIgniter\Session\Handlers\FileHandler' driver.
DEBUG - 2025-12-29 05:52:04 --> Session: Class initialized using 'CodeIgniter\Session\Handlers\FileHandler' driver.
INFO - 2025-12-29 05:52:04 --> Make current: Loading previous itinerary for tour_plan_ref_id 1976
INFO - 2025-12-29 11:22:04 --> SKIPPED defaults for Day 1 (date 2026-01-03) - using pre-loaded data (had_saved: yes, force_fresh: no)
INFO - 2025-12-29 11:22:04 --> SKIPPED defaults for Day 2 (date 2026-01-04) - using pre-loaded data (had_saved: yes, force_fresh: no)
INFO - 2025-12-29 11:22:04 --> Expansion date 2026-01-03: DB Total=176km, Saved SS=190km, Derived Base=0km (display base; JS adds current SS)
INFO - 2025-12-29 11:22:04 --> Expansion date 2026-01-03: DB Total=176km, Saved SS=190km, Derived Base=0km (display base; JS adds current SS)
INFO - 2025-12-29 11:22:04 --> Expansion date 2026-01-03: DB Total=176km, Saved SS=190km, Derived Base=0km (display base; JS adds current SS)
INFO - 2025-12-29 11:22:04 --> Expansion date 2026-01-03: DB Total=176km, Saved SS=190km, Derived Base=0km (display base; JS adds current SS)
INFO - 2025-12-29 11:22:04 --> Expansion date 2026-01-04: DB Total=176km, Saved SS=180km, Derived Base=0km (display base; JS adds current SS)
INFO - 2025-12-29 11:22:04 --> Expansion date 2026-01-04: DB Total=176km, Saved SS=180km, Derived Base=0km (display base; JS adds current SS)
INFO - 2025-12-29 11:22:04 --> Expansion date 2026-01-04: DB Total=176km, Saved SS=180km, Derived Base=0km (display base; JS adds current SS)
INFO - 2025-12-29 11:22:04 --> Expansion date 2026-01-04: DB Total=176km, Saved SS=180km, Derived Base=0km (display base; JS adds current SS)
INFO - 2025-12-29 11:22:04 --> Itinerary expansion date 2026-01-03: Derived Base=176km (no SS added)
INFO - 2025-12-29 11:22:04 --> Itinerary expansion date 2026-01-03: Derived Base=176km (no SS added)
INFO - 2025-12-29 11:22:04 --> Itinerary expansion date 2026-01-03: Derived Base=176km (no SS added)
INFO - 2025-12-29 11:22:04 --> Itinerary expansion date 2026-01-03: Derived Base=176km (no SS added)
INFO - 2025-12-29 11:22:04 --> Itinerary expansion date 2026-01-04: Derived Base=0km (no SS added)
INFO - 2025-12-29 11:22:04 --> Itinerary expansion date 2026-01-04: Derived Base=0km (no SS added)
INFO - 2025-12-29 11:22:04 --> Itinerary expansion date 2026-01-04: Derived Base=0km (no SS added)
INFO - 2025-12-29 11:22:04 --> Itinerary expansion date 2026-01-04: Derived Base=0km (no SS added)
DEBUG - 2025-12-29 05:52:06 --> Session: Class initialized using 'CodeIgniter\Session\Handlers\FileHandler' driver.
DEBUG - 2025-12-29 05:52:06 --> Session: Class initialized using 'CodeIgniter\Session\Handlers\FileHandler' driver.
DEBUG - 2025-12-29 05:52:08 --> Session: Class initialized using 'CodeIgniter\Session\Handlers\FileHandler' driver.
INFO - 2025-12-29 05:52:08 --> SKIPPED defaults for Day 1 (date 2026-01-03) - using pre-loaded data (had_saved: yes, force_fresh: no)
INFO - 2025-12-29 05:52:08 --> SKIPPED defaults for Day 2 (date 2026-01-04) - using pre-loaded data (had_saved: yes, force_fresh: no)
INFO - 2025-12-29 05:52:08 --> Expansion date 2026-01-03: DB Total=176km, Saved SS=190km, Derived Base=0km (display base; JS adds current SS)
INFO - 2025-12-29 05:52:08 --> Expansion date 2026-01-03: DB Total=176km, Saved SS=190km, Derived Base=0km (display base; JS adds current SS)
INFO - 2025-12-29 05:52:08 --> Expansion date 2026-01-03: DB Total=176km, Saved SS=190km, Derived Base=0km (display base; JS adds current SS)
INFO - 2025-12-29 05:52:08 --> Expansion date 2026-01-03: DB Total=176km, Saved SS=190km, Derived Base=0km (display base; JS adds current SS)
INFO - 2025-12-29 05:52:08 --> Expansion date 2026-01-04: DB Total=176km, Saved SS=180km, Derived Base=0km (display base; JS adds current SS)
INFO - 2025-12-29 05:52:08 --> Expansion date 2026-01-04: DB Total=176km, Saved SS=180km, Derived Base=0km (display base; JS adds current SS)
INFO - 2025-12-29 05:52:08 --> Expansion date 2026-01-04: DB Total=176km, Saved SS=180km, Derived Base=0km (display base; JS adds current SS)
INFO - 2025-12-29 05:52:08 --> Expansion date 2026-01-04: DB Total=176km, Saved SS=180km, Derived Base=0km (display base; JS adds current SS)
INFO - 2025-12-29 05:52:08 --> Itinerary expansion date 2026-01-03: Derived Base=176km (no SS added)
INFO - 2025-12-29 05:52:08 --> Itinerary expansion date 2026-01-03: Derived Base=176km (no SS added)
INFO - 2025-12-29 05:52:08 --> Itinerary expansion date 2026-01-03: Derived Base=176km (no SS added)
INFO - 2025-12-29 05:52:08 --> Itinerary expansion date 2026-01-03: Derived Base=176km (no SS added)
INFO - 2025-12-29 05:52:08 --> Itinerary expansion date 2026-01-04: Derived Base=0km (no SS added)
INFO - 2025-12-29 05:52:08 --> Itinerary expansion date 2026-01-04: Derived Base=0km (no SS added)
INFO - 2025-12-29 05:52:08 --> Itinerary expansion date 2026-01-04: Derived Base=0km (no SS added)
INFO - 2025-12-29 05:52:08 --> Itinerary expansion date 2026-01-04: Derived Base=0km (no SS added)
DEBUG - 2025-12-29 05:52:11 --> Session: Class initialized using 'CodeIgniter\Session\Handlers\FileHandler' driver.
DEBUG - 2025-12-29 05:52:11 --> Session: Class initialized using 'CodeIgniter\Session\Handlers\FileHandler' driver.
DEBUG - 2025-12-29 05:52:16 --> Session: Class initialized using 'CodeIgniter\Session\Handlers\FileHandler' driver.
INFO - 2025-12-29 05:52:16 --> Make current: Loading previous itinerary for tour_plan_ref_id 1978
INFO - 2025-12-29 11:22:16 --> SKIPPED defaults for Day 1 (date 2026-01-03) - using pre-loaded data (had_saved: yes, force_fresh: no)
INFO - 2025-12-29 11:22:16 --> SKIPPED defaults for Day 2 (date 2026-01-04) - using pre-loaded data (had_saved: yes, force_fresh: no)
INFO - 2025-12-29 11:22:16 --> Expansion date 2026-01-03: DB Total=176km, Saved SS=300km, Derived Base=0km (display base; JS adds current SS)
INFO - 2025-12-29 11:22:16 --> Expansion date 2026-01-03: DB Total=176km, Saved SS=300km, Derived Base=0km (display base; JS adds current SS)
INFO - 2025-12-29 11:22:16 --> Expansion date 2026-01-03: DB Total=176km, Saved SS=300km, Derived Base=0km (display base; JS adds current SS)
INFO - 2025-12-29 11:22:16 --> Expansion date 2026-01-03: DB Total=176km, Saved SS=300km, Derived Base=0km (display base; JS adds current SS)
INFO - 2025-12-29 11:22:16 --> Expansion date 2026-01-04: DB Total=176km, Saved SS=300km, Derived Base=0km (display base; JS adds current SS)
INFO - 2025-12-29 11:22:16 --> Expansion date 2026-01-04: DB Total=176km, Saved SS=300km, Derived Base=0km (display base; JS adds current SS)
INFO - 2025-12-29 11:22:16 --> Expansion date 2026-01-04: DB Total=176km, Saved SS=300km, Derived Base=0km (display base; JS adds current SS)
INFO - 2025-12-29 11:22:16 --> Expansion date 2026-01-04: DB Total=176km, Saved SS=300km, Derived Base=0km (display base; JS adds current SS)
INFO - 2025-12-29 11:22:16 --> Itinerary expansion date 2026-01-03: Derived Base=866km (no SS added)
INFO - 2025-12-29 11:22:16 --> Itinerary expansion date 2026-01-03: Derived Base=866km (no SS added)
INFO - 2025-12-29 11:22:16 --> Itinerary expansion date 2026-01-03: Derived Base=866km (no SS added)
INFO - 2025-12-29 11:22:16 --> Itinerary expansion date 2026-01-03: Derived Base=866km (no SS added)
INFO - 2025-12-29 11:22:16 --> Itinerary expansion date 2026-01-04: Derived Base=680km (no SS added)
INFO - 2025-12-29 11:22:16 --> Itinerary expansion date 2026-01-04: Derived Base=680km (no SS added)
INFO - 2025-12-29 11:22:16 --> Itinerary expansion date 2026-01-04: Derived Base=680km (no SS added)
INFO - 2025-12-29 11:22:16 --> Itinerary expansion date 2026-01-04: Derived Base=680km (no SS added)
DEBUG - 2025-12-29 05:56:16 --> Session: Class initialized using 'CodeIgniter\Session\Handlers\FileHandler' driver.
DEBUG - 2025-12-29 05:56:16 --> Session: Class initialized using 'CodeIgniter\Session\Handlers\FileHandler' driver.
DEBUG - 2025-12-29 05:56:19 --> Session: Class initialized using 'CodeIgniter\Session\Handlers\FileHandler' driver.
DEBUG - 2025-12-29 05:56:20 --> Session: Class initialized using 'CodeIgniter\Session\Handlers\FileHandler' driver.
DEBUG - 2025-12-29 05:56:20 --> Session: Class initialized using 'CodeIgniter\Session\Handlers\FileHandler' driver.
DEBUG - 2025-12-29 05:56:20 --> Session: Class initialized using 'CodeIgniter\Session\Handlers\FileHandler' driver.
DEBUG - 2025-12-29 05:56:23 --> Session: Class initialized using 'CodeIgniter\Session\Handlers\FileHandler' driver.
DEBUG - 2025-12-29 05:56:23 --> Session: Class initialized using 'CodeIgniter\Session\Handlers\FileHandler' driver.
DEBUG - 2025-12-29 05:56:25 --> Session: Class initialized using 'CodeIgniter\Session\Handlers\FileHandler' driver.
DEBUG - 2025-12-29 05:56:26 --> Session: Class initialized using 'CodeIgniter\Session\Handlers\FileHandler' driver.
DEBUG - 2025-12-29 05:56:29 --> Session: Class initialized using 'CodeIgniter\Session\Handlers\FileHandler' driver.
DEBUG - 2025-12-29 05:57:00 --> Session: Class initialized using 'CodeIgniter\Session\Handlers\FileHandler' driver.
DEBUG - 2025-12-29 05:57:01 --> Session: Class initialized using 'CodeIgniter\Session\Handlers\FileHandler' driver.
DEBUG - 2025-12-29 05:57:01 --> Session: Class initialized using 'CodeIgniter\Session\Handlers\FileHandler' driver.
DEBUG - 2025-12-29 05:57:07 --> Session: Class initialized using 'CodeIgniter\Session\Handlers\FileHandler' driver.
DEBUG - 2025-12-29 05:57:07 --> Session: Class initialized using 'CodeIgniter\Session\Handlers\FileHandler' driver.
DEBUG - 2025-12-29 05:57:07 --> Session: Class initialized using 'CodeIgniter\Session\Handlers\FileHandler' driver.
DEBUG - 2025-12-29 05:57:07 --> Session: Class initialized using 'CodeIgniter\Session\Handlers\FileHandler' driver.
DEBUG - 2025-12-29 05:57:09 --> Session: Class initialized using 'CodeIgniter\Session\Handlers\FileHandler' driver.
DEBUG - 2025-12-29 05:57:09 --> Session: Class initialized using 'CodeIgniter\Session\Handlers\FileHandler' driver.
DEBUG - 2025-12-29 05:57:14 --> Session: Class initialized using 'CodeIgniter\Session\Handlers\FileHandler' driver.
DEBUG - 2025-12-29 05:57:16 --> Session: Class initialized using 'CodeIgniter\Session\Handlers\FileHandler' driver.
DEBUG - 2025-12-29 05:57:16 --> Session: Class initialized using 'CodeIgniter\Session\Handlers\FileHandler' driver.
DEBUG - 2025-12-29 05:57:18 --> Session: Class initialized using 'CodeIgniter\Session\Handlers\FileHandler' driver.
DEBUG - 2025-12-29 05:57:19 --> Session: Class initialized using 'CodeIgniter\Session\Handlers\FileHandler' driver.
DEBUG - 2025-12-29 05:57:20 --> Session: Class initialized using 'CodeIgniter\Session\Handlers\FileHandler' driver.
DEBUG - 2025-12-29 05:57:22 --> Session: Class initialized using 'CodeIgniter\Session\Handlers\FileHandler' driver.
DEBUG - 2025-12-29 05:57:22 --> Session: Class initialized using 'CodeIgniter\Session\Handlers\FileHandler' driver.
DEBUG - 2025-12-29 05:57:22 --> Session: Class initialized using 'CodeIgniter\Session\Handlers\FileHandler' driver.
DEBUG - 2025-12-29 05:57:31 --> Session: Class initialized using 'CodeIgniter\Session\Handlers\FileHandler' driver.
DEBUG - 2025-12-29 05:57:33 --> Session: Class initialized using 'CodeIgniter\Session\Handlers\FileHandler' driver.
DEBUG - 2025-12-29 05:57:33 --> Session: Class initialized using 'CodeIgniter\Session\Handlers\FileHandler' driver.
DEBUG - 2025-12-29 05:57:35 --> Session: Class initialized using 'CodeIgniter\Session\Handlers\FileHandler' driver.
INFO - 2025-12-29 05:57:35 --> Fresh itinerary: Loaded previous itinerary details from extension_ref_id 574
DEBUG - 2025-12-29 05:57:35 --> Fresh SS match check: Day 1 (date 2026-01-03) | Current: location='16', hotel_id=2018 | Prev Day 1: location='16', hotel_id=2018 | LocationMatch=YES | HotelMatch=YES
INFO - 2025-12-29 05:57:35 --> Fresh itinerary: SUCCESSFULLY pre-loaded SS, Special Events & Addons for Day 1 (date 2026-01-03) | SS count: 3
INFO - 2025-12-29 05:57:35 --> SKIPPED defaults for Day 1 (date 2026-01-03) - using pre-loaded data (had_saved: yes, force_fresh: yes)
DEBUG - 2025-12-29 05:57:35 --> Fresh SS match check: Day 2 (date 2026-01-04) | Current: location='16', hotel_id=2018 | Prev Day 1: location='16', hotel_id=2018 | LocationMatch=YES | HotelMatch=YES
DEBUG - 2025-12-29 05:57:35 --> Fresh SS match check: Day 2 (date 2026-01-04) | Current: location='16', hotel_id=2018 | Prev Day 2: location='16', hotel_id=2018 | LocationMatch=YES | HotelMatch=YES
INFO - 2025-12-29 05:57:35 --> Fresh itinerary: SUCCESSFULLY pre-loaded SS, Special Events & Addons for Day 2 (date 2026-01-04) | SS count: 3
INFO - 2025-12-29 05:57:35 --> SKIPPED defaults for Day 2 (date 2026-01-04) - using pre-loaded data (had_saved: yes, force_fresh: yes)
INFO - 2025-12-29 05:57:35 --> Expansion date 2026-01-03: DB Total=176km, Saved SS=300km, Derived Base=0km (display base; JS adds current SS)
INFO - 2025-12-29 05:57:35 --> Expansion date 2026-01-03: DB Total=176km, Saved SS=300km, Derived Base=0km (display base; JS adds current SS)
INFO - 2025-12-29 05:57:35 --> Expansion date 2026-01-03: DB Total=176km, Saved SS=300km, Derived Base=0km (display base; JS adds current SS)
INFO - 2025-12-29 05:57:35 --> Expansion date 2026-01-03: DB Total=176km, Saved SS=300km, Derived Base=0km (display base; JS adds current SS)
INFO - 2025-12-29 05:57:35 --> Expansion date 2026-01-04: DB Total=176km, Saved SS=300km, Derived Base=0km (display base; JS adds current SS)
INFO - 2025-12-29 05:57:35 --> Expansion date 2026-01-04: DB Total=176km, Saved SS=300km, Derived Base=0km (display base; JS adds current SS)
INFO - 2025-12-29 05:57:35 --> Expansion date 2026-01-04: DB Total=176km, Saved SS=300km, Derived Base=0km (display base; JS adds current SS)
INFO - 2025-12-29 05:57:35 --> Expansion date 2026-01-04: DB Total=176km, Saved SS=300km, Derived Base=0km (display base; JS adds current SS)
DEBUG - 2025-12-29 05:57:46 --> Session: Class initialized using 'CodeIgniter\Session\Handlers\FileHandler' driver.
DEBUG - 2025-12-29 05:57:46 --> Session: Class initialized using 'CodeIgniter\Session\Handlers\FileHandler' driver.
INFO - 2025-12-29 05:57:46 --> Fresh itinerary: Loaded previous itinerary details from extension_ref_id 574
INFO - 2025-12-29 05:57:46 --> SKIPPED defaults for Day 1 (date 2026-01-03) - using pre-loaded data (had_saved: yes, force_fresh: no)
INFO - 2025-12-29 05:57:46 --> SKIPPED defaults for Day 2 (date 2026-01-04) - using pre-loaded data (had_saved: yes, force_fresh: no)
INFO - 2025-12-29 05:57:46 --> Expansion date 2026-01-03: DB Total=176km, Saved SS=200km, Derived Base=0km (display base; JS adds current SS)
INFO - 2025-12-29 05:57:46 --> Expansion date 2026-01-03: DB Total=176km, Saved SS=200km, Derived Base=0km (display base; JS adds current SS)
INFO - 2025-12-29 05:57:46 --> Expansion date 2026-01-03: DB Total=176km, Saved SS=200km, Derived Base=0km (display base; JS adds current SS)
INFO - 2025-12-29 05:57:46 --> Expansion date 2026-01-03: DB Total=176km, Saved SS=200km, Derived Base=0km (display base; JS adds current SS)
INFO - 2025-12-29 05:57:46 --> Expansion date 2026-01-04: DB Total=176km, Saved SS=200km, Derived Base=0km (display base; JS adds current SS)
INFO - 2025-12-29 05:57:46 --> Expansion date 2026-01-04: DB Total=176km, Saved SS=200km, Derived Base=0km (display base; JS adds current SS)
INFO - 2025-12-29 05:57:46 --> Expansion date 2026-01-04: DB Total=176km, Saved SS=200km, Derived Base=0km (display base; JS adds current SS)
INFO - 2025-12-29 05:57:46 --> Expansion date 2026-01-04: DB Total=176km, Saved SS=200km, Derived Base=0km (display base; JS adds current SS)
INFO - 2025-12-29 05:57:46 --> Itinerary expansion date 2026-01-03: Derived Base=1166km (no SS added)
INFO - 2025-12-29 05:57:46 --> Itinerary expansion date 2026-01-03: Derived Base=1166km (no SS added)
INFO - 2025-12-29 05:57:46 --> Itinerary expansion date 2026-01-03: Derived Base=1166km (no SS added)
INFO - 2025-12-29 05:57:46 --> Itinerary expansion date 2026-01-03: Derived Base=1166km (no SS added)
INFO - 2025-12-29 05:57:46 --> Itinerary expansion date 2026-01-04: Derived Base=980km (no SS added)
INFO - 2025-12-29 05:57:46 --> Itinerary expansion date 2026-01-04: Derived Base=980km (no SS added)
INFO - 2025-12-29 05:57:46 --> Itinerary expansion date 2026-01-04: Derived Base=980km (no SS added)
INFO - 2025-12-29 05:57:46 --> Itinerary expansion date 2026-01-04: Derived Base=980km (no SS added)
DEBUG - 2025-12-29 05:57:52 --> Session: Class initialized using 'CodeIgniter\Session\Handlers\FileHandler' driver.
DEBUG - 2025-12-29 05:57:52 --> Session: Class initialized using 'CodeIgniter\Session\Handlers\FileHandler' driver.
DEBUG - 2025-12-29 05:57:52 --> Session: Class initialized using 'CodeIgniter\Session\Handlers\FileHandler' driver.
DEBUG - 2025-12-29 05:57:54 --> Session: Class initialized using 'CodeIgniter\Session\Handlers\FileHandler' driver.
DEBUG - 2025-12-29 05:57:54 --> Session: Class initialized using 'CodeIgniter\Session\Handlers\FileHandler' driver.
DEBUG - 2025-12-29 05:57:58 --> Session: Class initialized using 'CodeIgniter\Session\Handlers\FileHandler' driver.
INFO - 2025-12-29 05:57:58 --> SKIPPED defaults for Day 1 (date 2026-01-03) - using pre-loaded data (had_saved: yes, force_fresh: no)
INFO - 2025-12-29 05:57:58 --> SKIPPED defaults for Day 2 (date 2026-01-04) - using pre-loaded data (had_saved: yes, force_fresh: no)
INFO - 2025-12-29 05:57:58 --> Expansion date 2026-01-03: DB Total=176km, Saved SS=200km, Derived Base=0km (display base; JS adds current SS)
INFO - 2025-12-29 05:57:58 --> Expansion date 2026-01-03: DB Total=176km, Saved SS=200km, Derived Base=0km (display base; JS adds current SS)
INFO - 2025-12-29 05:57:58 --> Expansion date 2026-01-03: DB Total=176km, Saved SS=200km, Derived Base=0km (display base; JS adds current SS)
INFO - 2025-12-29 05:57:58 --> Expansion date 2026-01-03: DB Total=176km, Saved SS=200km, Derived Base=0km (display base; JS adds current SS)
INFO - 2025-12-29 05:57:58 --> Expansion date 2026-01-04: DB Total=176km, Saved SS=200km, Derived Base=0km (display base; JS adds current SS)
INFO - 2025-12-29 05:57:58 --> Expansion date 2026-01-04: DB Total=176km, Saved SS=200km, Derived Base=0km (display base; JS adds current SS)
INFO - 2025-12-29 05:57:58 --> Expansion date 2026-01-04: DB Total=176km, Saved SS=200km, Derived Base=0km (display base; JS adds current SS)
INFO - 2025-12-29 05:57:58 --> Expansion date 2026-01-04: DB Total=176km, Saved SS=200km, Derived Base=0km (display base; JS adds current SS)
INFO - 2025-12-29 05:57:58 --> Itinerary expansion date 2026-01-03: Derived Base=1166km (no SS added)
INFO - 2025-12-29 05:57:58 --> Itinerary expansion date 2026-01-03: Derived Base=1166km (no SS added)
INFO - 2025-12-29 05:57:58 --> Itinerary expansion date 2026-01-03: Derived Base=1166km (no SS added)
INFO - 2025-12-29 05:57:58 --> Itinerary expansion date 2026-01-03: Derived Base=1166km (no SS added)
INFO - 2025-12-29 05:57:58 --> Itinerary expansion date 2026-01-04: Derived Base=980km (no SS added)
INFO - 2025-12-29 05:57:58 --> Itinerary expansion date 2026-01-04: Derived Base=980km (no SS added)
INFO - 2025-12-29 05:57:58 --> Itinerary expansion date 2026-01-04: Derived Base=980km (no SS added)
INFO - 2025-12-29 05:57:58 --> Itinerary expansion date 2026-01-04: Derived Base=980km (no SS added)
DEBUG - 2025-12-29 05:58:06 --> Session: Class initialized using 'CodeIgniter\Session\Handlers\FileHandler' driver.
DEBUG - 2025-12-29 05:58:06 --> Session: Class initialized using 'CodeIgniter\Session\Handlers\FileHandler' driver.
DEBUG - 2025-12-29 05:58:08 --> Session: Class initialized using 'CodeIgniter\Session\Handlers\FileHandler' driver.
INFO - 2025-12-29 05:58:08 --> Make current: Loading previous itinerary for tour_plan_ref_id 1978
INFO - 2025-12-29 11:28:08 --> SKIPPED defaults for Day 1 (date 2026-01-03) - using pre-loaded data (had_saved: yes, force_fresh: no)
INFO - 2025-12-29 11:28:08 --> SKIPPED defaults for Day 2 (date 2026-01-04) - using pre-loaded data (had_saved: yes, force_fresh: no)
INFO - 2025-12-29 11:28:08 --> Expansion date 2026-01-03: DB Total=176km, Saved SS=300km, Derived Base=0km (display base; JS adds current SS)
INFO - 2025-12-29 11:28:08 --> Expansion date 2026-01-03: DB Total=176km, Saved SS=300km, Derived Base=0km (display base; JS adds current SS)
INFO - 2025-12-29 11:28:08 --> Expansion date 2026-01-03: DB Total=176km, Saved SS=300km, Derived Base=0km (display base; JS adds current SS)
INFO - 2025-12-29 11:28:08 --> Expansion date 2026-01-03: DB Total=176km, Saved SS=300km, Derived Base=0km (display base; JS adds current SS)
INFO - 2025-12-29 11:28:08 --> Expansion date 2026-01-04: DB Total=176km, Saved SS=300km, Derived Base=0km (display base; JS adds current SS)
INFO - 2025-12-29 11:28:08 --> Expansion date 2026-01-04: DB Total=176km, Saved SS=300km, Derived Base=0km (display base; JS adds current SS)
INFO - 2025-12-29 11:28:08 --> Expansion date 2026-01-04: DB Total=176km, Saved SS=300km, Derived Base=0km (display base; JS adds current SS)
INFO - 2025-12-29 11:28:08 --> Expansion date 2026-01-04: DB Total=176km, Saved SS=300km, Derived Base=0km (display base; JS adds current SS)
INFO - 2025-12-29 11:28:08 --> Itinerary expansion date 2026-01-03: Derived Base=866km (no SS added)
INFO - 2025-12-29 11:28:08 --> Itinerary expansion date 2026-01-03: Derived Base=866km (no SS added)
INFO - 2025-12-29 11:28:08 --> Itinerary expansion date 2026-01-03: Derived Base=866km (no SS added)
INFO - 2025-12-29 11:28:08 --> Itinerary expansion date 2026-01-03: Derived Base=866km (no SS added)
INFO - 2025-12-29 11:28:08 --> Itinerary expansion date 2026-01-04: Derived Base=680km (no SS added)
INFO - 2025-12-29 11:28:08 --> Itinerary expansion date 2026-01-04: Derived Base=680km (no SS added)
INFO - 2025-12-29 11:28:08 --> Itinerary expansion date 2026-01-04: Derived Base=680km (no SS added)
INFO - 2025-12-29 11:28:08 --> Itinerary expansion date 2026-01-04: Derived Base=680km (no SS added)
DEBUG - 2025-12-29 05:58:10 --> Session: Class initialized using 'CodeIgniter\Session\Handlers\FileHandler' driver.
DEBUG - 2025-12-29 05:58:10 --> Session: Class initialized using 'CodeIgniter\Session\Handlers\FileHandler' driver.
DEBUG - 2025-12-29 05:58:12 --> Session: Class initialized using 'CodeIgniter\Session\Handlers\FileHandler' driver.
INFO - 2025-12-29 05:58:12 --> Make current: Loading previous itinerary for tour_plan_ref_id 1977
INFO - 2025-12-29 11:28:12 --> SKIPPED defaults for Day 1 (date 2026-01-03) - using pre-loaded data (had_saved: yes, force_fresh: no)
INFO - 2025-12-29 11:28:12 --> SKIPPED defaults for Day 2 (date 2026-01-04) - using pre-loaded data (had_saved: yes, force_fresh: no)
INFO - 2025-12-29 11:28:12 --> Expansion date 2026-01-03: DB Total=176km, Saved SS=500km, Derived Base=0km (display base; JS adds current SS)
INFO - 2025-12-29 11:28:12 --> Expansion date 2026-01-03: DB Total=176km, Saved SS=500km, Derived Base=0km (display base; JS adds current SS)
INFO - 2025-12-29 11:28:12 --> Expansion date 2026-01-03: DB Total=176km, Saved SS=500km, Derived Base=0km (display base; JS adds current SS)
INFO - 2025-12-29 11:28:12 --> Expansion date 2026-01-03: DB Total=176km, Saved SS=500km, Derived Base=0km (display base; JS adds current SS)
INFO - 2025-12-29 11:28:12 --> Expansion date 2026-01-04: DB Total=176km, Saved SS=500km, Derived Base=0km (display base; JS adds current SS)
INFO - 2025-12-29 11:28:12 --> Expansion date 2026-01-04: DB Total=176km, Saved SS=500km, Derived Base=0km (display base; JS adds current SS)
INFO - 2025-12-29 11:28:12 --> Expansion date 2026-01-04: DB Total=176km, Saved SS=500km, Derived Base=0km (display base; JS adds current SS)
INFO - 2025-12-29 11:28:12 --> Expansion date 2026-01-04: DB Total=176km, Saved SS=500km, Derived Base=0km (display base; JS adds current SS)
INFO - 2025-12-29 11:28:12 --> Itinerary expansion date 2026-01-03: Derived Base=366km (no SS added)
INFO - 2025-12-29 11:28:12 --> Itinerary expansion date 2026-01-03: Derived Base=366km (no SS added)
INFO - 2025-12-29 11:28:12 --> Itinerary expansion date 2026-01-03: Derived Base=366km (no SS added)
INFO - 2025-12-29 11:28:12 --> Itinerary expansion date 2026-01-03: Derived Base=366km (no SS added)
INFO - 2025-12-29 11:28:12 --> Itinerary expansion date 2026-01-04: Derived Base=180km (no SS added)
INFO - 2025-12-29 11:28:12 --> Itinerary expansion date 2026-01-04: Derived Base=180km (no SS added)
INFO - 2025-12-29 11:28:12 --> Itinerary expansion date 2026-01-04: Derived Base=180km (no SS added)
INFO - 2025-12-29 11:28:12 --> Itinerary expansion date 2026-01-04: Derived Base=180km (no SS added)
DEBUG - 2025-12-29 05:58:16 --> Session: Class initialized using 'CodeIgniter\Session\Handlers\FileHandler' driver.
DEBUG - 2025-12-29 05:58:17 --> Session: Class initialized using 'CodeIgniter\Session\Handlers\FileHandler' driver.
DEBUG - 2025-12-29 05:58:18 --> Session: Class initialized using 'CodeIgniter\Session\Handlers\FileHandler' driver.
INFO - 2025-12-29 05:58:18 --> Make current: Loading previous itinerary for tour_plan_ref_id 1976
INFO - 2025-12-29 11:28:18 --> SKIPPED defaults for Day 1 (date 2026-01-03) - using pre-loaded data (had_saved: yes, force_fresh: no)
INFO - 2025-12-29 11:28:18 --> SKIPPED defaults for Day 2 (date 2026-01-04) - using pre-loaded data (had_saved: yes, force_fresh: no)
INFO - 2025-12-29 11:28:18 --> Expansion date 2026-01-03: DB Total=176km, Saved SS=190km, Derived Base=0km (display base; JS adds current SS)
INFO - 2025-12-29 11:28:18 --> Expansion date 2026-01-03: DB Total=176km, Saved SS=190km, Derived Base=0km (display base; JS adds current SS)
INFO - 2025-12-29 11:28:18 --> Expansion date 2026-01-03: DB Total=176km, Saved SS=190km, Derived Base=0km (display base; JS adds current SS)
INFO - 2025-12-29 11:28:18 --> Expansion date 2026-01-03: DB Total=176km, Saved SS=190km, Derived Base=0km (display base; JS adds current SS)
INFO - 2025-12-29 11:28:18 --> Expansion date 2026-01-04: DB Total=176km, Saved SS=180km, Derived Base=0km (display base; JS adds current SS)
INFO - 2025-12-29 11:28:18 --> Expansion date 2026-01-04: DB Total=176km, Saved SS=180km, Derived Base=0km (display base; JS adds current SS)
INFO - 2025-12-29 11:28:18 --> Expansion date 2026-01-04: DB Total=176km, Saved SS=180km, Derived Base=0km (display base; JS adds current SS)
INFO - 2025-12-29 11:28:18 --> Expansion date 2026-01-04: DB Total=176km, Saved SS=180km, Derived Base=0km (display base; JS adds current SS)
INFO - 2025-12-29 11:28:18 --> Itinerary expansion date 2026-01-03: Derived Base=176km (no SS added)
INFO - 2025-12-29 11:28:18 --> Itinerary expansion date 2026-01-03: Derived Base=176km (no SS added)
INFO - 2025-12-29 11:28:18 --> Itinerary expansion date 2026-01-03: Derived Base=176km (no SS added)
INFO - 2025-12-29 11:28:18 --> Itinerary expansion date 2026-01-03: Derived Base=176km (no SS added)
INFO - 2025-12-29 11:28:18 --> Itinerary expansion date 2026-01-04: Derived Base=0km (no SS added)
INFO - 2025-12-29 11:28:18 --> Itinerary expansion date 2026-01-04: Derived Base=0km (no SS added)
INFO - 2025-12-29 11:28:18 --> Itinerary expansion date 2026-01-04: Derived Base=0km (no SS added)
INFO - 2025-12-29 11:28:18 --> Itinerary expansion date 2026-01-04: Derived Base=0km (no SS added)
DEBUG - 2025-12-29 05:58:22 --> Session: Class initialized using 'CodeIgniter\Session\Handlers\FileHandler' driver.
DEBUG - 2025-12-29 05:58:22 --> Session: Class initialized using 'CodeIgniter\Session\Handlers\FileHandler' driver.
DEBUG - 2025-12-29 05:58:26 --> Session: Class initialized using 'CodeIgniter\Session\Handlers\FileHandler' driver.
INFO - 2025-12-29 05:58:26 --> SKIPPED defaults for Day 1 (date 2026-01-03) - using pre-loaded data (had_saved: yes, force_fresh: no)
INFO - 2025-12-29 05:58:26 --> SKIPPED defaults for Day 2 (date 2026-01-04) - using pre-loaded data (had_saved: yes, force_fresh: no)
INFO - 2025-12-29 05:58:26 --> Expansion date 2026-01-03: DB Total=176km, Saved SS=190km, Derived Base=0km (display base; JS adds current SS)
INFO - 2025-12-29 05:58:26 --> Expansion date 2026-01-03: DB Total=176km, Saved SS=190km, Derived Base=0km (display base; JS adds current SS)
INFO - 2025-12-29 05:58:26 --> Expansion date 2026-01-03: DB Total=176km, Saved SS=190km, Derived Base=0km (display base; JS adds current SS)
INFO - 2025-12-29 05:58:26 --> Expansion date 2026-01-03: DB Total=176km, Saved SS=190km, Derived Base=0km (display base; JS adds current SS)
INFO - 2025-12-29 05:58:26 --> Expansion date 2026-01-04: DB Total=176km, Saved SS=180km, Derived Base=0km (display base; JS adds current SS)
INFO - 2025-12-29 05:58:26 --> Expansion date 2026-01-04: DB Total=176km, Saved SS=180km, Derived Base=0km (display base; JS adds current SS)
INFO - 2025-12-29 05:58:26 --> Expansion date 2026-01-04: DB Total=176km, Saved SS=180km, Derived Base=0km (display base; JS adds current SS)
INFO - 2025-12-29 05:58:26 --> Expansion date 2026-01-04: DB Total=176km, Saved SS=180km, Derived Base=0km (display base; JS adds current SS)
INFO - 2025-12-29 05:58:26 --> Itinerary expansion date 2026-01-03: Derived Base=176km (no SS added)
INFO - 2025-12-29 05:58:26 --> Itinerary expansion date 2026-01-03: Derived Base=176km (no SS added)
INFO - 2025-12-29 05:58:26 --> Itinerary expansion date 2026-01-03: Derived Base=176km (no SS added)
INFO - 2025-12-29 05:58:26 --> Itinerary expansion date 2026-01-03: Derived Base=176km (no SS added)
INFO - 2025-12-29 05:58:26 --> Itinerary expansion date 2026-01-04: Derived Base=0km (no SS added)
INFO - 2025-12-29 05:58:26 --> Itinerary expansion date 2026-01-04: Derived Base=0km (no SS added)
INFO - 2025-12-29 05:58:26 --> Itinerary expansion date 2026-01-04: Derived Base=0km (no SS added)
INFO - 2025-12-29 05:58:26 --> Itinerary expansion date 2026-01-04: Derived Base=0km (no SS added)
DEBUG - 2025-12-29 05:58:33 --> Session: Class initialized using 'CodeIgniter\Session\Handlers\FileHandler' driver.
DEBUG - 2025-12-29 05:58:33 --> Session: Class initialized using 'CodeIgniter\Session\Handlers\FileHandler' driver.
DEBUG - 2025-12-29 05:58:34 --> Session: Class initialized using 'CodeIgniter\Session\Handlers\FileHandler' driver.
INFO - 2025-12-29 05:58:34 --> SKIPPED defaults for Day 1 (date 2026-01-03) - using pre-loaded data (had_saved: yes, force_fresh: no)
INFO - 2025-12-29 05:58:34 --> SKIPPED defaults for Day 2 (date 2026-01-04) - using pre-loaded data (had_saved: yes, force_fresh: no)
INFO - 2025-12-29 05:58:34 --> Expansion date 2026-01-03: DB Total=176km, Saved SS=190km, Derived Base=0km (display base; JS adds current SS)
INFO - 2025-12-29 05:58:34 --> Expansion date 2026-01-03: DB Total=176km, Saved SS=190km, Derived Base=0km (display base; JS adds current SS)
INFO - 2025-12-29 05:58:34 --> Expansion date 2026-01-03: DB Total=176km, Saved SS=190km, Derived Base=0km (display base; JS adds current SS)
INFO - 2025-12-29 05:58:34 --> Expansion date 2026-01-03: DB Total=176km, Saved SS=190km, Derived Base=0km (display base; JS adds current SS)
INFO - 2025-12-29 05:58:34 --> Expansion date 2026-01-04: DB Total=176km, Saved SS=180km, Derived Base=0km (display base; JS adds current SS)
INFO - 2025-12-29 05:58:34 --> Expansion date 2026-01-04: DB Total=176km, Saved SS=180km, Derived Base=0km (display base; JS adds current SS)
INFO - 2025-12-29 05:58:34 --> Expansion date 2026-01-04: DB Total=176km, Saved SS=180km, Derived Base=0km (display base; JS adds current SS)
INFO - 2025-12-29 05:58:34 --> Expansion date 2026-01-04: DB Total=176km, Saved SS=180km, Derived Base=0km (display base; JS adds current SS)
INFO - 2025-12-29 05:58:34 --> Itinerary expansion date 2026-01-03: Derived Base=176km (no SS added)
INFO - 2025-12-29 05:58:34 --> Itinerary expansion date 2026-01-03: Derived Base=176km (no SS added)
INFO - 2025-12-29 05:58:34 --> Itinerary expansion date 2026-01-03: Derived Base=176km (no SS added)
INFO - 2025-12-29 05:58:34 --> Itinerary expansion date 2026-01-03: Derived Base=176km (no SS added)
INFO - 2025-12-29 05:58:34 --> Itinerary expansion date 2026-01-04: Derived Base=0km (no SS added)
INFO - 2025-12-29 05:58:34 --> Itinerary expansion date 2026-01-04: Derived Base=0km (no SS added)
INFO - 2025-12-29 05:58:34 --> Itinerary expansion date 2026-01-04: Derived Base=0km (no SS added)
INFO - 2025-12-29 05:58:34 --> Itinerary expansion date 2026-01-04: Derived Base=0km (no SS added)
DEBUG - 2025-12-29 05:58:39 --> Session: Class initialized using 'CodeIgniter\Session\Handlers\FileHandler' driver.
DEBUG - 2025-12-29 05:58:39 --> Session: Class initialized using 'CodeIgniter\Session\Handlers\FileHandler' driver.
DEBUG - 2025-12-29 05:58:40 --> Session: Class initialized using 'CodeIgniter\Session\Handlers\FileHandler' driver.
INFO - 2025-12-29 05:58:40 --> Make current: Loading previous itinerary for tour_plan_ref_id 1976
INFO - 2025-12-29 11:28:40 --> SKIPPED defaults for Day 1 (date 2026-01-03) - using pre-loaded data (had_saved: yes, force_fresh: no)
INFO - 2025-12-29 11:28:40 --> SKIPPED defaults for Day 2 (date 2026-01-04) - using pre-loaded data (had_saved: yes, force_fresh: no)
INFO - 2025-12-29 11:28:40 --> Expansion date 2026-01-03: DB Total=176km, Saved SS=190km, Derived Base=0km (display base; JS adds current SS)
INFO - 2025-12-29 11:28:40 --> Expansion date 2026-01-03: DB Total=176km, Saved SS=190km, Derived Base=0km (display base; JS adds current SS)
INFO - 2025-12-29 11:28:40 --> Expansion date 2026-01-03: DB Total=176km, Saved SS=190km, Derived Base=0km (display base; JS adds current SS)
INFO - 2025-12-29 11:28:40 --> Expansion date 2026-01-03: DB Total=176km, Saved SS=190km, Derived Base=0km (display base; JS adds current SS)
INFO - 2025-12-29 11:28:40 --> Expansion date 2026-01-04: DB Total=176km, Saved SS=180km, Derived Base=0km (display base; JS adds current SS)
INFO - 2025-12-29 11:28:40 --> Expansion date 2026-01-04: DB Total=176km, Saved SS=180km, Derived Base=0km (display base; JS adds current SS)
INFO - 2025-12-29 11:28:40 --> Expansion date 2026-01-04: DB Total=176km, Saved SS=180km, Derived Base=0km (display base; JS adds current SS)
INFO - 2025-12-29 11:28:40 --> Expansion date 2026-01-04: DB Total=176km, Saved SS=180km, Derived Base=0km (display base; JS adds current SS)
INFO - 2025-12-29 11:28:40 --> Itinerary expansion date 2026-01-03: Derived Base=176km (no SS added)
INFO - 2025-12-29 11:28:40 --> Itinerary expansion date 2026-01-03: Derived Base=176km (no SS added)
INFO - 2025-12-29 11:28:40 --> Itinerary expansion date 2026-01-03: Derived Base=176km (no SS added)
INFO - 2025-12-29 11:28:40 --> Itinerary expansion date 2026-01-03: Derived Base=176km (no SS added)
INFO - 2025-12-29 11:28:40 --> Itinerary expansion date 2026-01-04: Derived Base=0km (no SS added)
INFO - 2025-12-29 11:28:40 --> Itinerary expansion date 2026-01-04: Derived Base=0km (no SS added)
INFO - 2025-12-29 11:28:40 --> Itinerary expansion date 2026-01-04: Derived Base=0km (no SS added)
INFO - 2025-12-29 11:28:40 --> Itinerary expansion date 2026-01-04: Derived Base=0km (no SS added)
DEBUG - 2025-12-29 05:58:44 --> Session: Class initialized using 'CodeIgniter\Session\Handlers\FileHandler' driver.
DEBUG - 2025-12-29 05:58:44 --> Session: Class initialized using 'CodeIgniter\Session\Handlers\FileHandler' driver.
DEBUG - 2025-12-29 05:58:45 --> Session: Class initialized using 'CodeIgniter\Session\Handlers\FileHandler' driver.
INFO - 2025-12-29 05:58:45 --> Make current: Loading previous itinerary for tour_plan_ref_id 1977
INFO - 2025-12-29 11:28:46 --> SKIPPED defaults for Day 1 (date 2026-01-03) - using pre-loaded data (had_saved: yes, force_fresh: no)
INFO - 2025-12-29 11:28:46 --> SKIPPED defaults for Day 2 (date 2026-01-04) - using pre-loaded data (had_saved: yes, force_fresh: no)
INFO - 2025-12-29 11:28:46 --> Expansion date 2026-01-03: DB Total=176km, Saved SS=500km, Derived Base=0km (display base; JS adds current SS)
INFO - 2025-12-29 11:28:46 --> Expansion date 2026-01-03: DB Total=176km, Saved SS=500km, Derived Base=0km (display base; JS adds current SS)
INFO - 2025-12-29 11:28:46 --> Expansion date 2026-01-03: DB Total=176km, Saved SS=500km, Derived Base=0km (display base; JS adds current SS)
INFO - 2025-12-29 11:28:46 --> Expansion date 2026-01-03: DB Total=176km, Saved SS=500km, Derived Base=0km (display base; JS adds current SS)
INFO - 2025-12-29 11:28:46 --> Expansion date 2026-01-04: DB Total=176km, Saved SS=500km, Derived Base=0km (display base; JS adds current SS)
INFO - 2025-12-29 11:28:46 --> Expansion date 2026-01-04: DB Total=176km, Saved SS=500km, Derived Base=0km (display base; JS adds current SS)
INFO - 2025-12-29 11:28:46 --> Expansion date 2026-01-04: DB Total=176km, Saved SS=500km, Derived Base=0km (display base; JS adds current SS)
INFO - 2025-12-29 11:28:46 --> Expansion date 2026-01-04: DB Total=176km, Saved SS=500km, Derived Base=0km (display base; JS adds current SS)
INFO - 2025-12-29 11:28:46 --> Itinerary expansion date 2026-01-03: Derived Base=366km (no SS added)
INFO - 2025-12-29 11:28:46 --> Itinerary expansion date 2026-01-03: Derived Base=366km (no SS added)
INFO - 2025-12-29 11:28:46 --> Itinerary expansion date 2026-01-03: Derived Base=366km (no SS added)
INFO - 2025-12-29 11:28:46 --> Itinerary expansion date 2026-01-03: Derived Base=366km (no SS added)
INFO - 2025-12-29 11:28:46 --> Itinerary expansion date 2026-01-04: Derived Base=180km (no SS added)
INFO - 2025-12-29 11:28:46 --> Itinerary expansion date 2026-01-04: Derived Base=180km (no SS added)
INFO - 2025-12-29 11:28:46 --> Itinerary expansion date 2026-01-04: Derived Base=180km (no SS added)
INFO - 2025-12-29 11:28:46 --> Itinerary expansion date 2026-01-04: Derived Base=180km (no SS added)
DEBUG - 2025-12-29 05:58:51 --> Session: Class initialized using 'CodeIgniter\Session\Handlers\FileHandler' driver.
DEBUG - 2025-12-29 05:58:51 --> Session: Class initialized using 'CodeIgniter\Session\Handlers\FileHandler' driver.
DEBUG - 2025-12-29 05:59:05 --> Session: Class initialized using 'CodeIgniter\Session\Handlers\FileHandler' driver.
INFO - 2025-12-29 05:59:05 --> SKIPPED defaults for Day 1 (date 2026-01-03) - using pre-loaded data (had_saved: yes, force_fresh: no)
INFO - 2025-12-29 05:59:05 --> SKIPPED defaults for Day 2 (date 2026-01-04) - using pre-loaded data (had_saved: yes, force_fresh: no)
INFO - 2025-12-29 05:59:05 --> Expansion date 2026-01-03: DB Total=176km, Saved SS=500km, Derived Base=0km (display base; JS adds current SS)
INFO - 2025-12-29 05:59:05 --> Expansion date 2026-01-03: DB Total=176km, Saved SS=500km, Derived Base=0km (display base; JS adds current SS)
INFO - 2025-12-29 05:59:05 --> Expansion date 2026-01-03: DB Total=176km, Saved SS=500km, Derived Base=0km (display base; JS adds current SS)
INFO - 2025-12-29 05:59:05 --> Expansion date 2026-01-03: DB Total=176km, Saved SS=500km, Derived Base=0km (display base; JS adds current SS)
INFO - 2025-12-29 05:59:05 --> Expansion date 2026-01-04: DB Total=176km, Saved SS=500km, Derived Base=0km (display base; JS adds current SS)
INFO - 2025-12-29 05:59:05 --> Expansion date 2026-01-04: DB Total=176km, Saved SS=500km, Derived Base=0km (display base; JS adds current SS)
INFO - 2025-12-29 05:59:05 --> Expansion date 2026-01-04: DB Total=176km, Saved SS=500km, Derived Base=0km (display base; JS adds current SS)
INFO - 2025-12-29 05:59:05 --> Expansion date 2026-01-04: DB Total=176km, Saved SS=500km, Derived Base=0km (display base; JS adds current SS)
INFO - 2025-12-29 05:59:05 --> Itinerary expansion date 2026-01-03: Derived Base=366km (no SS added)
INFO - 2025-12-29 05:59:05 --> Itinerary expansion date 2026-01-03: Derived Base=366km (no SS added)
INFO - 2025-12-29 05:59:05 --> Itinerary expansion date 2026-01-03: Derived Base=366km (no SS added)
INFO - 2025-12-29 05:59:05 --> Itinerary expansion date 2026-01-03: Derived Base=366km (no SS added)
INFO - 2025-12-29 05:59:05 --> Itinerary expansion date 2026-01-04: Derived Base=180km (no SS added)
INFO - 2025-12-29 05:59:05 --> Itinerary expansion date 2026-01-04: Derived Base=180km (no SS added)
INFO - 2025-12-29 05:59:05 --> Itinerary expansion date 2026-01-04: Derived Base=180km (no SS added)
INFO - 2025-12-29 05:59:05 --> Itinerary expansion date 2026-01-04: Derived Base=180km (no SS added)
DEBUG - 2025-12-29 05:59:10 --> Session: Class initialized using 'CodeIgniter\Session\Handlers\FileHandler' driver.
DEBUG - 2025-12-29 05:59:10 --> Session: Class initialized using 'CodeIgniter\Session\Handlers\FileHandler' driver.
DEBUG - 2025-12-29 05:59:11 --> Session: Class initialized using 'CodeIgniter\Session\Handlers\FileHandler' driver.
INFO - 2025-12-29 05:59:11 --> Make current: Loading previous itinerary for tour_plan_ref_id 1978
INFO - 2025-12-29 11:29:11 --> SKIPPED defaults for Day 1 (date 2026-01-03) - using pre-loaded data (had_saved: yes, force_fresh: no)
INFO - 2025-12-29 11:29:11 --> SKIPPED defaults for Day 2 (date 2026-01-04) - using pre-loaded data (had_saved: yes, force_fresh: no)
INFO - 2025-12-29 11:29:11 --> Expansion date 2026-01-03: DB Total=176km, Saved SS=300km, Derived Base=0km (display base; JS adds current SS)
INFO - 2025-12-29 11:29:11 --> Expansion date 2026-01-03: DB Total=176km, Saved SS=300km, Derived Base=0km (display base; JS adds current SS)
INFO - 2025-12-29 11:29:11 --> Expansion date 2026-01-03: DB Total=176km, Saved SS=300km, Derived Base=0km (display base; JS adds current SS)
INFO - 2025-12-29 11:29:11 --> Expansion date 2026-01-03: DB Total=176km, Saved SS=300km, Derived Base=0km (display base; JS adds current SS)
INFO - 2025-12-29 11:29:11 --> Expansion date 2026-01-04: DB Total=176km, Saved SS=300km, Derived Base=0km (display base; JS adds current SS)
INFO - 2025-12-29 11:29:11 --> Expansion date 2026-01-04: DB Total=176km, Saved SS=300km, Derived Base=0km (display base; JS adds current SS)
INFO - 2025-12-29 11:29:11 --> Expansion date 2026-01-04: DB Total=176km, Saved SS=300km, Derived Base=0km (display base; JS adds current SS)
INFO - 2025-12-29 11:29:11 --> Expansion date 2026-01-04: DB Total=176km, Saved SS=300km, Derived Base=0km (display base; JS adds current SS)
INFO - 2025-12-29 11:29:11 --> Itinerary expansion date 2026-01-03: Derived Base=866km (no SS added)
INFO - 2025-12-29 11:29:11 --> Itinerary expansion date 2026-01-03: Derived Base=866km (no SS added)
INFO - 2025-12-29 11:29:11 --> Itinerary expansion date 2026-01-03: Derived Base=866km (no SS added)
INFO - 2025-12-29 11:29:11 --> Itinerary expansion date 2026-01-03: Derived Base=866km (no SS added)
INFO - 2025-12-29 11:29:11 --> Itinerary expansion date 2026-01-04: Derived Base=680km (no SS added)
INFO - 2025-12-29 11:29:11 --> Itinerary expansion date 2026-01-04: Derived Base=680km (no SS added)
INFO - 2025-12-29 11:29:11 --> Itinerary expansion date 2026-01-04: Derived Base=680km (no SS added)
INFO - 2025-12-29 11:29:11 --> Itinerary expansion date 2026-01-04: Derived Base=680km (no SS added)
DEBUG - 2025-12-29 05:59:16 --> Session: Class initialized using 'CodeIgniter\Session\Handlers\FileHandler' driver.
DEBUG - 2025-12-29 05:59:16 --> Session: Class initialized using 'CodeIgniter\Session\Handlers\FileHandler' driver.
DEBUG - 2025-12-29 05:59:17 --> Session: Class initialized using 'CodeIgniter\Session\Handlers\FileHandler' driver.
INFO - 2025-12-29 05:59:17 --> Make current: Loading previous itinerary for tour_plan_ref_id 1977
INFO - 2025-12-29 11:29:17 --> SKIPPED defaults for Day 1 (date 2026-01-03) - using pre-loaded data (had_saved: yes, force_fresh: no)
INFO - 2025-12-29 11:29:17 --> SKIPPED defaults for Day 2 (date 2026-01-04) - using pre-loaded data (had_saved: yes, force_fresh: no)
INFO - 2025-12-29 11:29:17 --> Expansion date 2026-01-03: DB Total=176km, Saved SS=500km, Derived Base=0km (display base; JS adds current SS)
INFO - 2025-12-29 11:29:17 --> Expansion date 2026-01-03: DB Total=176km, Saved SS=500km, Derived Base=0km (display base; JS adds current SS)
INFO - 2025-12-29 11:29:17 --> Expansion date 2026-01-03: DB Total=176km, Saved SS=500km, Derived Base=0km (display base; JS adds current SS)
INFO - 2025-12-29 11:29:17 --> Expansion date 2026-01-03: DB Total=176km, Saved SS=500km, Derived Base=0km (display base; JS adds current SS)
INFO - 2025-12-29 11:29:17 --> Expansion date 2026-01-04: DB Total=176km, Saved SS=500km, Derived Base=0km (display base; JS adds current SS)
INFO - 2025-12-29 11:29:17 --> Expansion date 2026-01-04: DB Total=176km, Saved SS=500km, Derived Base=0km (display base; JS adds current SS)
INFO - 2025-12-29 11:29:17 --> Expansion date 2026-01-04: DB Total=176km, Saved SS=500km, Derived Base=0km (display base; JS adds current SS)
INFO - 2025-12-29 11:29:17 --> Expansion date 2026-01-04: DB Total=176km, Saved SS=500km, Derived Base=0km (display base; JS adds current SS)
INFO - 2025-12-29 11:29:17 --> Itinerary expansion date 2026-01-03: Derived Base=366km (no SS added)
INFO - 2025-12-29 11:29:17 --> Itinerary expansion date 2026-01-03: Derived Base=366km (no SS added)
INFO - 2025-12-29 11:29:17 --> Itinerary expansion date 2026-01-03: Derived Base=366km (no SS added)
INFO - 2025-12-29 11:29:17 --> Itinerary expansion date 2026-01-03: Derived Base=366km (no SS added)
INFO - 2025-12-29 11:29:17 --> Itinerary expansion date 2026-01-04: Derived Base=180km (no SS added)
INFO - 2025-12-29 11:29:17 --> Itinerary expansion date 2026-01-04: Derived Base=180km (no SS added)
INFO - 2025-12-29 11:29:17 --> Itinerary expansion date 2026-01-04: Derived Base=180km (no SS added)
INFO - 2025-12-29 11:29:17 --> Itinerary expansion date 2026-01-04: Derived Base=180km (no SS added)
DEBUG - 2025-12-29 05:59:23 --> Session: Class initialized using 'CodeIgniter\Session\Handlers\FileHandler' driver.
DEBUG - 2025-12-29 05:59:23 --> Session: Class initialized using 'CodeIgniter\Session\Handlers\FileHandler' driver.
DEBUG - 2025-12-29 05:59:25 --> Session: Class initialized using 'CodeIgniter\Session\Handlers\FileHandler' driver.
INFO - 2025-12-29 05:59:25 --> Make current: Loading previous itinerary for tour_plan_ref_id 1976
INFO - 2025-12-29 11:29:25 --> SKIPPED defaults for Day 1 (date 2026-01-03) - using pre-loaded data (had_saved: yes, force_fresh: no)
INFO - 2025-12-29 11:29:25 --> SKIPPED defaults for Day 2 (date 2026-01-04) - using pre-loaded data (had_saved: yes, force_fresh: no)
INFO - 2025-12-29 11:29:25 --> Expansion date 2026-01-03: DB Total=176km, Saved SS=190km, Derived Base=0km (display base; JS adds current SS)
INFO - 2025-12-29 11:29:25 --> Expansion date 2026-01-03: DB Total=176km, Saved SS=190km, Derived Base=0km (display base; JS adds current SS)
INFO - 2025-12-29 11:29:25 --> Expansion date 2026-01-03: DB Total=176km, Saved SS=190km, Derived Base=0km (display base; JS adds current SS)
INFO - 2025-12-29 11:29:25 --> Expansion date 2026-01-03: DB Total=176km, Saved SS=190km, Derived Base=0km (display base; JS adds current SS)
INFO - 2025-12-29 11:29:25 --> Expansion date 2026-01-04: DB Total=176km, Saved SS=180km, Derived Base=0km (display base; JS adds current SS)
INFO - 2025-12-29 11:29:25 --> Expansion date 2026-01-04: DB Total=176km, Saved SS=180km, Derived Base=0km (display base; JS adds current SS)
INFO - 2025-12-29 11:29:25 --> Expansion date 2026-01-04: DB Total=176km, Saved SS=180km, Derived Base=0km (display base; JS adds current SS)
INFO - 2025-12-29 11:29:25 --> Expansion date 2026-01-04: DB Total=176km, Saved SS=180km, Derived Base=0km (display base; JS adds current SS)
INFO - 2025-12-29 11:29:25 --> Itinerary expansion date 2026-01-03: Derived Base=176km (no SS added)
INFO - 2025-12-29 11:29:25 --> Itinerary expansion date 2026-01-03: Derived Base=176km (no SS added)
INFO - 2025-12-29 11:29:25 --> Itinerary expansion date 2026-01-03: Derived Base=176km (no SS added)
INFO - 2025-12-29 11:29:25 --> Itinerary expansion date 2026-01-03: Derived Base=176km (no SS added)
INFO - 2025-12-29 11:29:25 --> Itinerary expansion date 2026-01-04: Derived Base=0km (no SS added)
INFO - 2025-12-29 11:29:25 --> Itinerary expansion date 2026-01-04: Derived Base=0km (no SS added)
INFO - 2025-12-29 11:29:25 --> Itinerary expansion date 2026-01-04: Derived Base=0km (no SS added)
INFO - 2025-12-29 11:29:25 --> Itinerary expansion date 2026-01-04: Derived Base=0km (no SS added)
DEBUG - 2025-12-29 05:59:28 --> Session: Class initialized using 'CodeIgniter\Session\Handlers\FileHandler' driver.
DEBUG - 2025-12-29 05:59:29 --> Session: Class initialized using 'CodeIgniter\Session\Handlers\FileHandler' driver.
DEBUG - 2025-12-29 05:59:31 --> Session: Class initialized using 'CodeIgniter\Session\Handlers\FileHandler' driver.
INFO - 2025-12-29 05:59:31 --> SKIPPED defaults for Day 1 (date 2026-01-03) - using pre-loaded data (had_saved: yes, force_fresh: no)
INFO - 2025-12-29 05:59:31 --> SKIPPED defaults for Day 2 (date 2026-01-04) - using pre-loaded data (had_saved: yes, force_fresh: no)
INFO - 2025-12-29 05:59:31 --> Expansion date 2026-01-03: DB Total=176km, Saved SS=190km, Derived Base=0km (display base; JS adds current SS)
INFO - 2025-12-29 05:59:31 --> Expansion date 2026-01-03: DB Total=176km, Saved SS=190km, Derived Base=0km (display base; JS adds current SS)
INFO - 2025-12-29 05:59:31 --> Expansion date 2026-01-03: DB Total=176km, Saved SS=190km, Derived Base=0km (display base; JS adds current SS)
INFO - 2025-12-29 05:59:31 --> Expansion date 2026-01-03: DB Total=176km, Saved SS=190km, Derived Base=0km (display base; JS adds current SS)
INFO - 2025-12-29 05:59:31 --> Expansion date 2026-01-04: DB Total=176km, Saved SS=180km, Derived Base=0km (display base; JS adds current SS)
INFO - 2025-12-29 05:59:31 --> Expansion date 2026-01-04: DB Total=176km, Saved SS=180km, Derived Base=0km (display base; JS adds current SS)
INFO - 2025-12-29 05:59:31 --> Expansion date 2026-01-04: DB Total=176km, Saved SS=180km, Derived Base=0km (display base; JS adds current SS)
INFO - 2025-12-29 05:59:31 --> Expansion date 2026-01-04: DB Total=176km, Saved SS=180km, Derived Base=0km (display base; JS adds current SS)
INFO - 2025-12-29 05:59:31 --> Itinerary expansion date 2026-01-03: Derived Base=176km (no SS added)
INFO - 2025-12-29 05:59:31 --> Itinerary expansion date 2026-01-03: Derived Base=176km (no SS added)
INFO - 2025-12-29 05:59:31 --> Itinerary expansion date 2026-01-03: Derived Base=176km (no SS added)
INFO - 2025-12-29 05:59:31 --> Itinerary expansion date 2026-01-03: Derived Base=176km (no SS added)
INFO - 2025-12-29 05:59:31 --> Itinerary expansion date 2026-01-04: Derived Base=0km (no SS added)
INFO - 2025-12-29 05:59:31 --> Itinerary expansion date 2026-01-04: Derived Base=0km (no SS added)
INFO - 2025-12-29 05:59:31 --> Itinerary expansion date 2026-01-04: Derived Base=0km (no SS added)
INFO - 2025-12-29 05:59:31 --> Itinerary expansion date 2026-01-04: Derived Base=0km (no SS added)
DEBUG - 2025-12-29 05:59:42 --> Session: Class initialized using 'CodeIgniter\Session\Handlers\FileHandler' driver.
DEBUG - 2025-12-29 05:59:42 --> Session: Class initialized using 'CodeIgniter\Session\Handlers\FileHandler' driver.
DEBUG - 2025-12-29 05:59:47 --> Session: Class initialized using 'CodeIgniter\Session\Handlers\FileHandler' driver.
DEBUG - 2025-12-29 05:59:48 --> Session: Class initialized using 'CodeIgniter\Session\Handlers\FileHandler' driver.
DEBUG - 2025-12-29 05:59:49 --> Session: Class initialized using 'CodeIgniter\Session\Handlers\FileHandler' driver.
INFO - 2025-12-29 05:59:49 --> SKIPPED defaults for Day 1 (date 2026-01-03) - using pre-loaded data (had_saved: yes, force_fresh: no)
INFO - 2025-12-29 05:59:49 --> SKIPPED defaults for Day 2 (date 2026-01-04) - using pre-loaded data (had_saved: yes, force_fresh: no)
INFO - 2025-12-29 05:59:49 --> Expansion date 2026-01-03: DB Total=176km, Saved SS=300km, Derived Base=0km (display base; JS adds current SS)
INFO - 2025-12-29 05:59:49 --> Expansion date 2026-01-03: DB Total=176km, Saved SS=300km, Derived Base=0km (display base; JS adds current SS)
INFO - 2025-12-29 05:59:49 --> Expansion date 2026-01-03: DB Total=176km, Saved SS=300km, Derived Base=0km (display base; JS adds current SS)
INFO - 2025-12-29 05:59:49 --> Expansion date 2026-01-03: DB Total=176km, Saved SS=300km, Derived Base=0km (display base; JS adds current SS)
INFO - 2025-12-29 05:59:49 --> Expansion date 2026-01-04: DB Total=176km, Saved SS=300km, Derived Base=0km (display base; JS adds current SS)
INFO - 2025-12-29 05:59:49 --> Expansion date 2026-01-04: DB Total=176km, Saved SS=300km, Derived Base=0km (display base; JS adds current SS)
INFO - 2025-12-29 05:59:49 --> Expansion date 2026-01-04: DB Total=176km, Saved SS=300km, Derived Base=0km (display base; JS adds current SS)
INFO - 2025-12-29 05:59:49 --> Expansion date 2026-01-04: DB Total=176km, Saved SS=300km, Derived Base=0km (display base; JS adds current SS)
INFO - 2025-12-29 05:59:49 --> Itinerary expansion date 2026-01-03: Derived Base=866km (no SS added)
INFO - 2025-12-29 05:59:49 --> Itinerary expansion date 2026-01-03: Derived Base=866km (no SS added)
INFO - 2025-12-29 05:59:49 --> Itinerary expansion date 2026-01-03: Derived Base=866km (no SS added)
INFO - 2025-12-29 05:59:49 --> Itinerary expansion date 2026-01-03: Derived Base=866km (no SS added)
INFO - 2025-12-29 05:59:49 --> Itinerary expansion date 2026-01-04: Derived Base=680km (no SS added)
INFO - 2025-12-29 05:59:49 --> Itinerary expansion date 2026-01-04: Derived Base=680km (no SS added)
INFO - 2025-12-29 05:59:49 --> Itinerary expansion date 2026-01-04: Derived Base=680km (no SS added)
INFO - 2025-12-29 05:59:49 --> Itinerary expansion date 2026-01-04: Derived Base=680km (no SS added)
DEBUG - 2025-12-29 05:59:52 --> Session: Class initialized using 'CodeIgniter\Session\Handlers\FileHandler' driver.
DEBUG - 2025-12-29 05:59:52 --> Session: Class initialized using 'CodeIgniter\Session\Handlers\FileHandler' driver.
DEBUG - 2025-12-29 05:59:54 --> Session: Class initialized using 'CodeIgniter\Session\Handlers\FileHandler' driver.
DEBUG - 2025-12-29 05:59:55 --> Session: Class initialized using 'CodeIgniter\Session\Handlers\FileHandler' driver.
DEBUG - 2025-12-29 05:59:56 --> Session: Class initialized using 'CodeIgniter\Session\Handlers\FileHandler' driver.
INFO - 2025-12-29 05:59:56 --> SKIPPED defaults for Day 1 (date 2026-01-03) - using pre-loaded data (had_saved: yes, force_fresh: no)
INFO - 2025-12-29 05:59:56 --> SKIPPED defaults for Day 2 (date 2026-01-04) - using pre-loaded data (had_saved: yes, force_fresh: no)
INFO - 2025-12-29 05:59:56 --> Expansion date 2026-01-03: DB Total=176km, Saved SS=500km, Derived Base=0km (display base; JS adds current SS)
INFO - 2025-12-29 05:59:56 --> Expansion date 2026-01-03: DB Total=176km, Saved SS=500km, Derived Base=0km (display base; JS adds current SS)
INFO - 2025-12-29 05:59:56 --> Expansion date 2026-01-03: DB Total=176km, Saved SS=500km, Derived Base=0km (display base; JS adds current SS)
INFO - 2025-12-29 05:59:56 --> Expansion date 2026-01-03: DB Total=176km, Saved SS=500km, Derived Base=0km (display base; JS adds current SS)
INFO - 2025-12-29 05:59:56 --> Expansion date 2026-01-04: DB Total=176km, Saved SS=500km, Derived Base=0km (display base; JS adds current SS)
INFO - 2025-12-29 05:59:56 --> Expansion date 2026-01-04: DB Total=176km, Saved SS=500km, Derived Base=0km (display base; JS adds current SS)
INFO - 2025-12-29 05:59:56 --> Expansion date 2026-01-04: DB Total=176km, Saved SS=500km, Derived Base=0km (display base; JS adds current SS)
INFO - 2025-12-29 05:59:56 --> Expansion date 2026-01-04: DB Total=176km, Saved SS=500km, Derived Base=0km (display base; JS adds current SS)
INFO - 2025-12-29 05:59:56 --> Itinerary expansion date 2026-01-03: Derived Base=366km (no SS added)
INFO - 2025-12-29 05:59:56 --> Itinerary expansion date 2026-01-03: Derived Base=366km (no SS added)
INFO - 2025-12-29 05:59:56 --> Itinerary expansion date 2026-01-03: Derived Base=366km (no SS added)
INFO - 2025-12-29 05:59:56 --> Itinerary expansion date 2026-01-03: Derived Base=366km (no SS added)
INFO - 2025-12-29 05:59:56 --> Itinerary expansion date 2026-01-04: Derived Base=180km (no SS added)
INFO - 2025-12-29 05:59:56 --> Itinerary expansion date 2026-01-04: Derived Base=180km (no SS added)
INFO - 2025-12-29 05:59:56 --> Itinerary expansion date 2026-01-04: Derived Base=180km (no SS added)
INFO - 2025-12-29 05:59:56 --> Itinerary expansion date 2026-01-04: Derived Base=180km (no SS added)
DEBUG - 2025-12-29 05:59:59 --> Session: Class initialized using 'CodeIgniter\Session\Handlers\FileHandler' driver.
DEBUG - 2025-12-29 06:00:00 --> Session: Class initialized using 'CodeIgniter\Session\Handlers\FileHandler' driver.
DEBUG - 2025-12-29 06:00:01 --> Session: Class initialized using 'CodeIgniter\Session\Handlers\FileHandler' driver.
DEBUG - 2025-12-29 06:00:02 --> Session: Class initialized using 'CodeIgniter\Session\Handlers\FileHandler' driver.
DEBUG - 2025-12-29 06:00:03 --> Session: Class initialized using 'CodeIgniter\Session\Handlers\FileHandler' driver.
INFO - 2025-12-29 06:00:03 --> SKIPPED defaults for Day 1 (date 2026-01-03) - using pre-loaded data (had_saved: yes, force_fresh: no)
INFO - 2025-12-29 06:00:03 --> SKIPPED defaults for Day 2 (date 2026-01-04) - using pre-loaded data (had_saved: yes, force_fresh: no)
INFO - 2025-12-29 06:00:03 --> Expansion date 2026-01-03: DB Total=176km, Saved SS=190km, Derived Base=0km (display base; JS adds current SS)
INFO - 2025-12-29 06:00:03 --> Expansion date 2026-01-03: DB Total=176km, Saved SS=190km, Derived Base=0km (display base; JS adds current SS)
INFO - 2025-12-29 06:00:03 --> Expansion date 2026-01-03: DB Total=176km, Saved SS=190km, Derived Base=0km (display base; JS adds current SS)
INFO - 2025-12-29 06:00:03 --> Expansion date 2026-01-03: DB Total=176km, Saved SS=190km, Derived Base=0km (display base; JS adds current SS)
INFO - 2025-12-29 06:00:03 --> Expansion date 2026-01-04: DB Total=176km, Saved SS=180km, Derived Base=0km (display base; JS adds current SS)
INFO - 2025-12-29 06:00:03 --> Expansion date 2026-01-04: DB Total=176km, Saved SS=180km, Derived Base=0km (display base; JS adds current SS)
INFO - 2025-12-29 06:00:03 --> Expansion date 2026-01-04: DB Total=176km, Saved SS=180km, Derived Base=0km (display base; JS adds current SS)
INFO - 2025-12-29 06:00:03 --> Expansion date 2026-01-04: DB Total=176km, Saved SS=180km, Derived Base=0km (display base; JS adds current SS)
INFO - 2025-12-29 06:00:03 --> Itinerary expansion date 2026-01-03: Derived Base=176km (no SS added)
INFO - 2025-12-29 06:00:03 --> Itinerary expansion date 2026-01-03: Derived Base=176km (no SS added)
INFO - 2025-12-29 06:00:03 --> Itinerary expansion date 2026-01-03: Derived Base=176km (no SS added)
INFO - 2025-12-29 06:00:03 --> Itinerary expansion date 2026-01-03: Derived Base=176km (no SS added)
INFO - 2025-12-29 06:00:03 --> Itinerary expansion date 2026-01-04: Derived Base=0km (no SS added)
INFO - 2025-12-29 06:00:03 --> Itinerary expansion date 2026-01-04: Derived Base=0km (no SS added)
INFO - 2025-12-29 06:00:03 --> Itinerary expansion date 2026-01-04: Derived Base=0km (no SS added)
INFO - 2025-12-29 06:00:03 --> Itinerary expansion date 2026-01-04: Derived Base=0km (no SS added)
DEBUG - 2025-12-29 06:00:24 --> Session: Class initialized using 'CodeIgniter\Session\Handlers\FileHandler' driver.
DEBUG - 2025-12-29 06:00:24 --> Session: Class initialized using 'CodeIgniter\Session\Handlers\FileHandler' driver.
DEBUG - 2025-12-29 06:00:27 --> Session: Class initialized using 'CodeIgniter\Session\Handlers\FileHandler' driver.
DEBUG - 2025-12-29 06:00:27 --> Session: Class initialized using 'CodeIgniter\Session\Handlers\FileHandler' driver.
DEBUG - 2025-12-29 06:00:28 --> Session: Class initialized using 'CodeIgniter\Session\Handlers\FileHandler' driver.
INFO - 2025-12-29 06:00:28 --> SKIPPED defaults for Day 1 (date 2026-01-03) - using pre-loaded data (had_saved: yes, force_fresh: no)
INFO - 2025-12-29 06:00:28 --> SKIPPED defaults for Day 2 (date 2026-01-04) - using pre-loaded data (had_saved: yes, force_fresh: no)
INFO - 2025-12-29 06:00:28 --> Expansion date 2026-01-03: DB Total=176km, Saved SS=200km, Derived Base=0km (display base; JS adds current SS)
INFO - 2025-12-29 06:00:28 --> Expansion date 2026-01-03: DB Total=176km, Saved SS=200km, Derived Base=0km (display base; JS adds current SS)
INFO - 2025-12-29 06:00:28 --> Expansion date 2026-01-03: DB Total=176km, Saved SS=200km, Derived Base=0km (display base; JS adds current SS)
INFO - 2025-12-29 06:00:28 --> Expansion date 2026-01-03: DB Total=176km, Saved SS=200km, Derived Base=0km (display base; JS adds current SS)
INFO - 2025-12-29 06:00:28 --> Expansion date 2026-01-04: DB Total=176km, Saved SS=200km, Derived Base=0km (display base; JS adds current SS)
INFO - 2025-12-29 06:00:28 --> Expansion date 2026-01-04: DB Total=176km, Saved SS=200km, Derived Base=0km (display base; JS adds current SS)
INFO - 2025-12-29 06:00:28 --> Expansion date 2026-01-04: DB Total=176km, Saved SS=200km, Derived Base=0km (display base; JS adds current SS)
INFO - 2025-12-29 06:00:28 --> Expansion date 2026-01-04: DB Total=176km, Saved SS=200km, Derived Base=0km (display base; JS adds current SS)
INFO - 2025-12-29 06:00:28 --> Itinerary expansion date 2026-01-03: Derived Base=1166km (no SS added)
INFO - 2025-12-29 06:00:28 --> Itinerary expansion date 2026-01-03: Derived Base=1166km (no SS added)
INFO - 2025-12-29 06:00:28 --> Itinerary expansion date 2026-01-03: Derived Base=1166km (no SS added)
INFO - 2025-12-29 06:00:28 --> Itinerary expansion date 2026-01-03: Derived Base=1166km (no SS added)
INFO - 2025-12-29 06:00:28 --> Itinerary expansion date 2026-01-04: Derived Base=980km (no SS added)
INFO - 2025-12-29 06:00:28 --> Itinerary expansion date 2026-01-04: Derived Base=980km (no SS added)
INFO - 2025-12-29 06:00:28 --> Itinerary expansion date 2026-01-04: Derived Base=980km (no SS added)
INFO - 2025-12-29 06:00:28 --> Itinerary expansion date 2026-01-04: Derived Base=980km (no SS added)
DEBUG - 2025-12-29 06:00:40 --> Session: Class initialized using 'CodeIgniter\Session\Handlers\FileHandler' driver.
DEBUG - 2025-12-29 06:00:40 --> Session: Class initialized using 'CodeIgniter\Session\Handlers\FileHandler' driver.
DEBUG - 2025-12-29 06:00:44 --> Session: Class initialized using 'CodeIgniter\Session\Handlers\FileHandler' driver.
DEBUG - 2025-12-29 06:00:45 --> Session: Class initialized using 'CodeIgniter\Session\Handlers\FileHandler' driver.
DEBUG - 2025-12-29 06:00:47 --> Session: Class initialized using 'CodeIgniter\Session\Handlers\FileHandler' driver.
INFO - 2025-12-29 06:00:47 --> SKIPPED defaults for Day 1 (date 2026-01-03) - using pre-loaded data (had_saved: yes, force_fresh: no)
INFO - 2025-12-29 06:00:47 --> SKIPPED defaults for Day 2 (date 2026-01-04) - using pre-loaded data (had_saved: yes, force_fresh: no)
INFO - 2025-12-29 06:00:47 --> Expansion date 2026-01-03: DB Total=176km, Saved SS=190km, Derived Base=0km (display base; JS adds current SS)
INFO - 2025-12-29 06:00:47 --> Expansion date 2026-01-03: DB Total=176km, Saved SS=190km, Derived Base=0km (display base; JS adds current SS)
INFO - 2025-12-29 06:00:47 --> Expansion date 2026-01-03: DB Total=176km, Saved SS=190km, Derived Base=0km (display base; JS adds current SS)
INFO - 2025-12-29 06:00:47 --> Expansion date 2026-01-03: DB Total=176km, Saved SS=190km, Derived Base=0km (display base; JS adds current SS)
INFO - 2025-12-29 06:00:47 --> Expansion date 2026-01-04: DB Total=176km, Saved SS=180km, Derived Base=0km (display base; JS adds current SS)
INFO - 2025-12-29 06:00:47 --> Expansion date 2026-01-04: DB Total=176km, Saved SS=180km, Derived Base=0km (display base; JS adds current SS)
INFO - 2025-12-29 06:00:47 --> Expansion date 2026-01-04: DB Total=176km, Saved SS=180km, Derived Base=0km (display base; JS adds current SS)
INFO - 2025-12-29 06:00:47 --> Expansion date 2026-01-04: DB Total=176km, Saved SS=180km, Derived Base=0km (display base; JS adds current SS)
INFO - 2025-12-29 06:00:47 --> Itinerary expansion date 2026-01-03: Derived Base=176km (no SS added)
INFO - 2025-12-29 06:00:47 --> Itinerary expansion date 2026-01-03: Derived Base=176km (no SS added)
INFO - 2025-12-29 06:00:47 --> Itinerary expansion date 2026-01-03: Derived Base=176km (no SS added)
INFO - 2025-12-29 06:00:47 --> Itinerary expansion date 2026-01-03: Derived Base=176km (no SS added)
INFO - 2025-12-29 06:00:47 --> Itinerary expansion date 2026-01-04: Derived Base=0km (no SS added)
INFO - 2025-12-29 06:00:47 --> Itinerary expansion date 2026-01-04: Derived Base=0km (no SS added)
INFO - 2025-12-29 06:00:47 --> Itinerary expansion date 2026-01-04: Derived Base=0km (no SS added)
INFO - 2025-12-29 06:00:47 --> Itinerary expansion date 2026-01-04: Derived Base=0km (no SS added)
DEBUG - 2025-12-29 06:01:08 --> Session: Class initialized using 'CodeIgniter\Session\Handlers\FileHandler' driver.
DEBUG - 2025-12-29 06:01:08 --> Session: Class initialized using 'CodeIgniter\Session\Handlers\FileHandler' driver.
DEBUG - 2025-12-29 06:01:10 --> Session: Class initialized using 'CodeIgniter\Session\Handlers\FileHandler' driver.
DEBUG - 2025-12-29 06:01:11 --> Session: Class initialized using 'CodeIgniter\Session\Handlers\FileHandler' driver.
DEBUG - 2025-12-29 06:01:11 --> Session: Class initialized using 'CodeIgniter\Session\Handlers\FileHandler' driver.
DEBUG - 2025-12-29 06:01:11 --> Session: Class initialized using 'CodeIgniter\Session\Handlers\FileHandler' driver.
DEBUG - 2025-12-29 06:01:15 --> Session: Class initialized using 'CodeIgniter\Session\Handlers\FileHandler' driver.
DEBUG - 2025-12-29 06:01:19 --> Session: Class initialized using 'CodeIgniter\Session\Handlers\FileHandler' driver.
DEBUG - 2025-12-29 06:01:19 --> Session: Class initialized using 'CodeIgniter\Session\Handlers\FileHandler' driver.
DEBUG - 2025-12-29 06:01:20 --> Session: Class initialized using 'CodeIgniter\Session\Handlers\FileHandler' driver.
INFO - 2025-12-29 06:01:20 --> Fresh itinerary: Loaded previous itinerary details from extension_ref_id 575
DEBUG - 2025-12-29 06:01:20 --> Fresh SS match check: Day 1 (date 2026-01-03) | Current: location='16', hotel_id=2018 | Prev Day 1: location='16', hotel_id=2018 | LocationMatch=YES | HotelMatch=YES
INFO - 2025-12-29 06:01:20 --> Fresh itinerary: SUCCESSFULLY pre-loaded SS, Special Events & Addons for Day 1 (date 2026-01-03) | SS count: 2
INFO - 2025-12-29 06:01:20 --> SKIPPED defaults for Day 1 (date 2026-01-03) - using pre-loaded data (had_saved: yes, force_fresh: yes)
DEBUG - 2025-12-29 06:01:20 --> Fresh SS match check: Day 2 (date 2026-01-04) | Current: location='16', hotel_id=2018 | Prev Day 1: location='16', hotel_id=2018 | LocationMatch=YES | HotelMatch=YES
DEBUG - 2025-12-29 06:01:20 --> Fresh SS match check: Day 2 (date 2026-01-04) | Current: location='16', hotel_id=2018 | Prev Day 2: location='16', hotel_id=2018 | LocationMatch=YES | HotelMatch=YES
INFO - 2025-12-29 06:01:20 --> Fresh itinerary: SUCCESSFULLY pre-loaded SS, Special Events & Addons for Day 2 (date 2026-01-04) | SS count: 2
INFO - 2025-12-29 06:01:20 --> SKIPPED defaults for Day 2 (date 2026-01-04) - using pre-loaded data (had_saved: yes, force_fresh: yes)
INFO - 2025-12-29 06:01:20 --> Expansion date 2026-01-03: DB Total=176km, Saved SS=200km, Derived Base=0km (display base; JS adds current SS)
INFO - 2025-12-29 06:01:20 --> Expansion date 2026-01-03: DB Total=176km, Saved SS=200km, Derived Base=0km (display base; JS adds current SS)
INFO - 2025-12-29 06:01:20 --> Expansion date 2026-01-03: DB Total=176km, Saved SS=200km, Derived Base=0km (display base; JS adds current SS)
INFO - 2025-12-29 06:01:20 --> Expansion date 2026-01-03: DB Total=176km, Saved SS=200km, Derived Base=0km (display base; JS adds current SS)
INFO - 2025-12-29 06:01:20 --> Expansion date 2026-01-04: DB Total=176km, Saved SS=200km, Derived Base=0km (display base; JS adds current SS)
INFO - 2025-12-29 06:01:20 --> Expansion date 2026-01-04: DB Total=176km, Saved SS=200km, Derived Base=0km (display base; JS adds current SS)
INFO - 2025-12-29 06:01:20 --> Expansion date 2026-01-04: DB Total=176km, Saved SS=200km, Derived Base=0km (display base; JS adds current SS)
INFO - 2025-12-29 06:01:20 --> Expansion date 2026-01-04: DB Total=176km, Saved SS=200km, Derived Base=0km (display base; JS adds current SS)
DEBUG - 2025-12-29 06:15:29 --> Session: Class initialized using 'CodeIgniter\Session\Handlers\FileHandler' driver.
INFO - 2025-12-29 06:15:29 --> === FRESH ITINERARY MODE ===
INFO - 2025-12-29 06:15:29 --> Loading from last saved itinerary, extension_ref_id: 575
INFO - 2025-12-29 06:15:29 --> Getting itinerary by extension_ref_id only: 575
INFO - 2025-12-29 06:15:30 --> Loaded 3 records from last saved itinerary
DEBUG - 2025-12-29 06:15:30 --> Fresh SS match check: Day 1 (date 2026-01-03) | Current: tour_id=1981, location='16', hotel_id=2018 | Prev Day 1: tour_id=1980, location='16', hotel_id=2018, ext_ref=575 | LocationMatch=YES | HotelMatch=YES
INFO - 2025-12-29 06:15:30 --> Fresh: SUCCESSFULLY pre-loaded SS, Special Events & Addons for Day 1 (date 2026-01-03) from extension_ref_id 575 | SS count: 2
INFO - 2025-12-29 06:15:30 --> SKIPPED defaults for Day 1 (date 2026-01-03) - using pre-loaded data (had_saved: yes, force_fresh: yes)
DEBUG - 2025-12-29 06:15:30 --> Fresh SS match check: Day 2 (date 2026-01-04) | Current: tour_id=1981, location='16', hotel_id=2018 | Prev Day 1: tour_id=1980, location='16', hotel_id=2018, ext_ref=575 | LocationMatch=YES | HotelMatch=YES
DEBUG - 2025-12-29 06:15:30 --> Fresh SS match check: Day 2 (date 2026-01-04) | Current: tour_id=1981, location='16', hotel_id=2018 | Prev Day 2: tour_id=1980, location='16', hotel_id=2018, ext_ref=575 | LocationMatch=YES | HotelMatch=YES
INFO - 2025-12-29 06:15:30 --> Fresh: SUCCESSFULLY pre-loaded SS, Special Events & Addons for Day 2 (date 2026-01-04) from extension_ref_id 575 | SS count: 2
INFO - 2025-12-29 06:15:30 --> SKIPPED defaults for Day 2 (date 2026-01-04) - using pre-loaded data (had_saved: yes, force_fresh: yes)
INFO - 2025-12-29 06:15:30 --> Expansion date 2026-01-03: DB Total=176km, Saved SS=200km, Derived Base=0km (display base; JS adds current SS)
INFO - 2025-12-29 06:15:30 --> Expansion date 2026-01-03: DB Total=176km, Saved SS=200km, Derived Base=0km (display base; JS adds current SS)
INFO - 2025-12-29 06:15:30 --> Expansion date 2026-01-03: DB Total=176km, Saved SS=200km, Derived Base=0km (display base; JS adds current SS)
INFO - 2025-12-29 06:15:30 --> Expansion date 2026-01-03: DB Total=176km, Saved SS=200km, Derived Base=0km (display base; JS adds current SS)
INFO - 2025-12-29 06:15:30 --> Expansion date 2026-01-04: DB Total=176km, Saved SS=200km, Derived Base=0km (display base; JS adds current SS)
INFO - 2025-12-29 06:15:30 --> Expansion date 2026-01-04: DB Total=176km, Saved SS=200km, Derived Base=0km (display base; JS adds current SS)
INFO - 2025-12-29 06:15:30 --> Expansion date 2026-01-04: DB Total=176km, Saved SS=200km, Derived Base=0km (display base; JS adds current SS)
INFO - 2025-12-29 06:15:30 --> Expansion date 2026-01-04: DB Total=176km, Saved SS=200km, Derived Base=0km (display base; JS adds current SS)
DEBUG - 2025-12-29 06:15:33 --> Session: Class initialized using 'CodeIgniter\Session\Handlers\FileHandler' driver.
DEBUG - 2025-12-29 06:15:34 --> Session: Class initialized using 'CodeIgniter\Session\Handlers\FileHandler' driver.
DEBUG - 2025-12-29 06:15:34 --> Session: Class initialized using 'CodeIgniter\Session\Handlers\FileHandler' driver.
DEBUG - 2025-12-29 06:15:34 --> Session: Class initialized using 'CodeIgniter\Session\Handlers\FileHandler' driver.
DEBUG - 2025-12-29 06:15:37 --> Session: Class initialized using 'CodeIgniter\Session\Handlers\FileHandler' driver.
DEBUG - 2025-12-29 06:15:39 --> Session: Class initialized using 'CodeIgniter\Session\Handlers\FileHandler' driver.
DEBUG - 2025-12-29 06:15:42 --> Session: Class initialized using 'CodeIgniter\Session\Handlers\FileHandler' driver.
DEBUG - 2025-12-29 06:15:42 --> Session: Class initialized using 'CodeIgniter\Session\Handlers\FileHandler' driver.
DEBUG - 2025-12-29 06:15:44 --> Session: Class initialized using 'CodeIgniter\Session\Handlers\FileHandler' driver.
DEBUG - 2025-12-29 06:15:47 --> Session: Class initialized using 'CodeIgniter\Session\Handlers\FileHandler' driver.
DEBUG - 2025-12-29 06:15:48 --> Session: Class initialized using 'CodeIgniter\Session\Handlers\FileHandler' driver.
DEBUG - 2025-12-29 06:15:54 --> Session: Class initialized using 'CodeIgniter\Session\Handlers\FileHandler' driver.
DEBUG - 2025-12-29 06:16:13 --> Session: Class initialized using 'CodeIgniter\Session\Handlers\FileHandler' driver.
DEBUG - 2025-12-29 06:16:15 --> Session: Class initialized using 'CodeIgniter\Session\Handlers\FileHandler' driver.
DEBUG - 2025-12-29 06:16:24 --> Session: Class initialized using 'CodeIgniter\Session\Handlers\FileHandler' driver.
DEBUG - 2025-12-29 06:16:24 --> Session: Class initialized using 'CodeIgniter\Session\Handlers\FileHandler' driver.
DEBUG - 2025-12-29 06:16:24 --> Session: Class initialized using 'CodeIgniter\Session\Handlers\FileHandler' driver.
DEBUG - 2025-12-29 06:16:26 --> Session: Class initialized using 'CodeIgniter\Session\Handlers\FileHandler' driver.
DEBUG - 2025-12-29 06:16:30 --> Session: Class initialized using 'CodeIgniter\Session\Handlers\FileHandler' driver.
DEBUG - 2025-12-29 06:16:30 --> Session: Class initialized using 'CodeIgniter\Session\Handlers\FileHandler' driver.
DEBUG - 2025-12-29 06:16:32 --> Session: Class initialized using 'CodeIgniter\Session\Handlers\FileHandler' driver.
DEBUG - 2025-12-29 06:16:36 --> Session: Class initialized using 'CodeIgniter\Session\Handlers\FileHandler' driver.
DEBUG - 2025-12-29 06:16:36 --> Session: Class initialized using 'CodeIgniter\Session\Handlers\FileHandler' driver.
DEBUG - 2025-12-29 06:16:36 --> Session: Class initialized using 'CodeIgniter\Session\Handlers\FileHandler' driver.
DEBUG - 2025-12-29 06:16:37 --> Session: Class initialized using 'CodeIgniter\Session\Handlers\FileHandler' driver.
DEBUG - 2025-12-29 06:16:37 --> Session: Class initialized using 'CodeIgniter\Session\Handlers\FileHandler' driver.
DEBUG - 2025-12-29 06:16:37 --> Session: Class initialized using 'CodeIgniter\Session\Handlers\FileHandler' driver.
DEBUG - 2025-12-29 06:16:37 --> Session: Class initialized using 'CodeIgniter\Session\Handlers\FileHandler' driver.
DEBUG - 2025-12-29 06:16:37 --> Session: Class initialized using 'CodeIgniter\Session\Handlers\FileHandler' driver.
DEBUG - 2025-12-29 06:16:45 --> Session: Class initialized using 'CodeIgniter\Session\Handlers\FileHandler' driver.
DEBUG - 2025-12-29 06:16:45 --> Session: Class initialized using 'CodeIgniter\Session\Handlers\FileHandler' driver.
DEBUG - 2025-12-29 06:16:45 --> Session: Class initialized using 'CodeIgniter\Session\Handlers\FileHandler' driver.
DEBUG - 2025-12-29 06:16:46 --> Session: Class initialized using 'CodeIgniter\Session\Handlers\FileHandler' driver.
DEBUG - 2025-12-29 06:16:53 --> Session: Class initialized using 'CodeIgniter\Session\Handlers\FileHandler' driver.
DEBUG - 2025-12-29 06:16:53 --> Session: Class initialized using 'CodeIgniter\Session\Handlers\FileHandler' driver.
DEBUG - 2025-12-29 06:16:54 --> Session: Class initialized using 'CodeIgniter\Session\Handlers\FileHandler' driver.
INFO - 2025-12-29 06:16:54 --> === FRESH ITINERARY MODE ===
INFO - 2025-12-29 06:16:54 --> No previous itinerary found
INFO - 2025-12-29 06:16:54 --> SKIPPED defaults for Day 1 (date 2026-02-05) - using pre-loaded data (had_saved: no, force_fresh: yes)
INFO - 2025-12-29 06:16:54 --> SKIPPED defaults for Day 2 (date 2026-02-06) - using pre-loaded data (had_saved: no, force_fresh: yes)
INFO - 2025-12-29 06:16:54 --> Expansion date 2026-02-05: DB Total=36km, Saved SS=0km, Derived Base=36km (display base; JS adds current SS)
INFO - 2025-12-29 06:16:54 --> Expansion date 2026-02-05: DB Total=36km, Saved SS=0km, Derived Base=36km (display base; JS adds current SS)
INFO - 2025-12-29 06:16:54 --> Expansion date 2026-02-05: DB Total=36km, Saved SS=0km, Derived Base=36km (display base; JS adds current SS)
INFO - 2025-12-29 06:16:54 --> Expansion date 2026-02-05: DB Total=36km, Saved SS=0km, Derived Base=36km (display base; JS adds current SS)
INFO - 2025-12-29 06:16:54 --> Expansion date 2026-02-06: DB Total=36km, Saved SS=0km, Derived Base=36km (display base; JS adds current SS)
INFO - 2025-12-29 06:16:54 --> Expansion date 2026-02-06: DB Total=36km, Saved SS=0km, Derived Base=36km (display base; JS adds current SS)
INFO - 2025-12-29 06:16:54 --> Expansion date 2026-02-06: DB Total=36km, Saved SS=0km, Derived Base=36km (display base; JS adds current SS)
INFO - 2025-12-29 06:16:54 --> Expansion date 2026-02-06: DB Total=36km, Saved SS=0km, Derived Base=36km (display base; JS adds current SS)
DEBUG - 2025-12-29 06:17:05 --> Session: Class initialized using 'CodeIgniter\Session\Handlers\FileHandler' driver.
DEBUG - 2025-12-29 06:17:07 --> Session: Class initialized using 'CodeIgniter\Session\Handlers\FileHandler' driver.
DEBUG - 2025-12-29 06:17:17 --> Session: Class initialized using 'CodeIgniter\Session\Handlers\FileHandler' driver.
DEBUG - 2025-12-29 06:17:18 --> Session: Class initialized using 'CodeIgniter\Session\Handlers\FileHandler' driver.
INFO - 2025-12-29 06:17:18 --> === FRESH ITINERARY MODE ===
INFO - 2025-12-29 06:17:18 --> No previous itinerary found
INFO - 2025-12-29 06:17:18 --> SKIPPED defaults for Day 1 (date 2026-02-05) - using pre-loaded data (had_saved: yes, force_fresh: no)
INFO - 2025-12-29 06:17:18 --> SKIPPED defaults for Day 2 (date 2026-02-06) - using pre-loaded data (had_saved: yes, force_fresh: no)
INFO - 2025-12-29 06:17:18 --> Expansion date 2026-02-05: DB Total=36km, Saved SS=200km, Derived Base=0km (display base; JS adds current SS)
INFO - 2025-12-29 06:17:18 --> Expansion date 2026-02-05: DB Total=36km, Saved SS=200km, Derived Base=0km (display base; JS adds current SS)
INFO - 2025-12-29 06:17:18 --> Expansion date 2026-02-05: DB Total=36km, Saved SS=200km, Derived Base=0km (display base; JS adds current SS)
INFO - 2025-12-29 06:17:18 --> Expansion date 2026-02-05: DB Total=36km, Saved SS=200km, Derived Base=0km (display base; JS adds current SS)
INFO - 2025-12-29 06:17:18 --> Expansion date 2026-02-06: DB Total=36km, Saved SS=0km, Derived Base=36km (display base; JS adds current SS)
INFO - 2025-12-29 06:17:18 --> Expansion date 2026-02-06: DB Total=36km, Saved SS=0km, Derived Base=36km (display base; JS adds current SS)
INFO - 2025-12-29 06:17:18 --> Expansion date 2026-02-06: DB Total=36km, Saved SS=0km, Derived Base=36km (display base; JS adds current SS)
INFO - 2025-12-29 06:17:18 --> Expansion date 2026-02-06: DB Total=36km, Saved SS=0km, Derived Base=36km (display base; JS adds current SS)
INFO - 2025-12-29 06:17:18 --> Itinerary expansion date 2026-02-05: Derived Base=36km (no SS added)
INFO - 2025-12-29 06:17:18 --> Itinerary expansion date 2026-02-05: Derived Base=36km (no SS added)
INFO - 2025-12-29 06:17:18 --> Itinerary expansion date 2026-02-05: Derived Base=36km (no SS added)
INFO - 2025-12-29 06:17:18 --> Itinerary expansion date 2026-02-05: Derived Base=36km (no SS added)
INFO - 2025-12-29 06:17:18 --> Itinerary expansion date 2026-02-06: Derived Base=0km (no SS added)
INFO - 2025-12-29 06:17:18 --> Itinerary expansion date 2026-02-06: Derived Base=0km (no SS added)
INFO - 2025-12-29 06:17:18 --> Itinerary expansion date 2026-02-06: Derived Base=0km (no SS added)
INFO - 2025-12-29 06:17:18 --> Itinerary expansion date 2026-02-06: Derived Base=0km (no SS added)
DEBUG - 2025-12-29 06:17:29 --> Session: Class initialized using 'CodeIgniter\Session\Handlers\FileHandler' driver.
DEBUG - 2025-12-29 06:17:35 --> Session: Class initialized using 'CodeIgniter\Session\Handlers\FileHandler' driver.
DEBUG - 2025-12-29 06:17:37 --> Session: Class initialized using 'CodeIgniter\Session\Handlers\FileHandler' driver.
INFO - 2025-12-29 06:17:37 --> === FRESH ITINERARY MODE ===
INFO - 2025-12-29 06:17:37 --> No previous itinerary found
INFO - 2025-12-29 06:17:37 --> SKIPPED defaults for Day 1 (date 2026-02-05) - using pre-loaded data (had_saved: yes, force_fresh: no)
INFO - 2025-12-29 06:17:37 --> SKIPPED defaults for Day 2 (date 2026-02-06) - using pre-loaded data (had_saved: yes, force_fresh: no)
INFO - 2025-12-29 06:17:37 --> Expansion date 2026-02-05: DB Total=36km, Saved SS=200km, Derived Base=0km (display base; JS adds current SS)
INFO - 2025-12-29 06:17:37 --> Expansion date 2026-02-05: DB Total=36km, Saved SS=200km, Derived Base=0km (display base; JS adds current SS)
INFO - 2025-12-29 06:17:37 --> Expansion date 2026-02-05: DB Total=36km, Saved SS=200km, Derived Base=0km (display base; JS adds current SS)
INFO - 2025-12-29 06:17:37 --> Expansion date 2026-02-05: DB Total=36km, Saved SS=200km, Derived Base=0km (display base; JS adds current SS)
INFO - 2025-12-29 06:17:37 --> Expansion date 2026-02-06: DB Total=36km, Saved SS=0km, Derived Base=36km (display base; JS adds current SS)
INFO - 2025-12-29 06:17:37 --> Expansion date 2026-02-06: DB Total=36km, Saved SS=0km, Derived Base=36km (display base; JS adds current SS)
INFO - 2025-12-29 06:17:37 --> Expansion date 2026-02-06: DB Total=36km, Saved SS=0km, Derived Base=36km (display base; JS adds current SS)
INFO - 2025-12-29 06:17:37 --> Expansion date 2026-02-06: DB Total=36km, Saved SS=0km, Derived Base=36km (display base; JS adds current SS)
INFO - 2025-12-29 06:17:37 --> Itinerary expansion date 2026-02-05: Derived Base=36km (no SS added)
INFO - 2025-12-29 06:17:37 --> Itinerary expansion date 2026-02-05: Derived Base=36km (no SS added)
INFO - 2025-12-29 06:17:37 --> Itinerary expansion date 2026-02-05: Derived Base=36km (no SS added)
INFO - 2025-12-29 06:17:37 --> Itinerary expansion date 2026-02-05: Derived Base=36km (no SS added)
INFO - 2025-12-29 06:17:37 --> Itinerary expansion date 2026-02-06: Derived Base=0km (no SS added)
INFO - 2025-12-29 06:17:37 --> Itinerary expansion date 2026-02-06: Derived Base=0km (no SS added)
INFO - 2025-12-29 06:17:37 --> Itinerary expansion date 2026-02-06: Derived Base=0km (no SS added)
INFO - 2025-12-29 06:17:37 --> Itinerary expansion date 2026-02-06: Derived Base=0km (no SS added)
DEBUG - 2025-12-29 06:17:50 --> Session: Class initialized using 'CodeIgniter\Session\Handlers\FileHandler' driver.
DEBUG - 2025-12-29 06:17:52 --> Session: Class initialized using 'CodeIgniter\Session\Handlers\FileHandler' driver.
INFO - 2025-12-29 06:17:52 --> === FRESH ITINERARY MODE ===
INFO - 2025-12-29 06:17:52 --> No previous itinerary found
INFO - 2025-12-29 06:17:52 --> SKIPPED defaults for Day 1 (date 2026-02-05) - using pre-loaded data (had_saved: yes, force_fresh: no)
INFO - 2025-12-29 06:17:52 --> SKIPPED defaults for Day 2 (date 2026-02-06) - using pre-loaded data (had_saved: yes, force_fresh: no)
INFO - 2025-12-29 06:17:52 --> Expansion date 2026-02-05: DB Total=36km, Saved SS=200km, Derived Base=0km (display base; JS adds current SS)
INFO - 2025-12-29 06:17:52 --> Expansion date 2026-02-05: DB Total=36km, Saved SS=200km, Derived Base=0km (display base; JS adds current SS)
INFO - 2025-12-29 06:17:52 --> Expansion date 2026-02-05: DB Total=36km, Saved SS=200km, Derived Base=0km (display base; JS adds current SS)
INFO - 2025-12-29 06:17:52 --> Expansion date 2026-02-05: DB Total=36km, Saved SS=200km, Derived Base=0km (display base; JS adds current SS)
INFO - 2025-12-29 06:17:52 --> Expansion date 2026-02-06: DB Total=36km, Saved SS=0km, Derived Base=36km (display base; JS adds current SS)
INFO - 2025-12-29 06:17:52 --> Expansion date 2026-02-06: DB Total=36km, Saved SS=0km, Derived Base=36km (display base; JS adds current SS)
INFO - 2025-12-29 06:17:52 --> Expansion date 2026-02-06: DB Total=36km, Saved SS=0km, Derived Base=36km (display base; JS adds current SS)
INFO - 2025-12-29 06:17:52 --> Expansion date 2026-02-06: DB Total=36km, Saved SS=0km, Derived Base=36km (display base; JS adds current SS)
INFO - 2025-12-29 06:17:52 --> Itinerary expansion date 2026-02-05: Derived Base=36km (no SS added)
INFO - 2025-12-29 06:17:52 --> Itinerary expansion date 2026-02-05: Derived Base=36km (no SS added)
INFO - 2025-12-29 06:17:52 --> Itinerary expansion date 2026-02-05: Derived Base=36km (no SS added)
INFO - 2025-12-29 06:17:52 --> Itinerary expansion date 2026-02-05: Derived Base=36km (no SS added)
INFO - 2025-12-29 06:17:52 --> Itinerary expansion date 2026-02-06: Derived Base=0km (no SS added)
INFO - 2025-12-29 06:17:52 --> Itinerary expansion date 2026-02-06: Derived Base=0km (no SS added)
INFO - 2025-12-29 06:17:52 --> Itinerary expansion date 2026-02-06: Derived Base=0km (no SS added)
INFO - 2025-12-29 06:17:52 --> Itinerary expansion date 2026-02-06: Derived Base=0km (no SS added)
DEBUG - 2025-12-29 06:18:02 --> Session: Class initialized using 'CodeIgniter\Session\Handlers\FileHandler' driver.
DEBUG - 2025-12-29 06:18:02 --> Session: Class initialized using 'CodeIgniter\Session\Handlers\FileHandler' driver.
DEBUG - 2025-12-29 06:18:02 --> Session: Class initialized using 'CodeIgniter\Session\Handlers\FileHandler' driver.
DEBUG - 2025-12-29 06:18:05 --> Session: Class initialized using 'CodeIgniter\Session\Handlers\FileHandler' driver.
DEBUG - 2025-12-29 06:18:05 --> Session: Class initialized using 'CodeIgniter\Session\Handlers\FileHandler' driver.
DEBUG - 2025-12-29 06:18:09 --> Session: Class initialized using 'CodeIgniter\Session\Handlers\FileHandler' driver.
INFO - 2025-12-29 06:18:10 --> SKIPPED defaults for Day 1 (date 2026-02-05) - using pre-loaded data (had_saved: yes, force_fresh: no)
INFO - 2025-12-29 06:18:10 --> SKIPPED defaults for Day 2 (date 2026-02-06) - using pre-loaded data (had_saved: yes, force_fresh: no)
INFO - 2025-12-29 06:18:10 --> Expansion date 2026-02-05: DB Total=36km, Saved SS=200km, Derived Base=0km (display base; JS adds current SS)
INFO - 2025-12-29 06:18:10 --> Expansion date 2026-02-05: DB Total=36km, Saved SS=200km, Derived Base=0km (display base; JS adds current SS)
INFO - 2025-12-29 06:18:10 --> Expansion date 2026-02-05: DB Total=36km, Saved SS=200km, Derived Base=0km (display base; JS adds current SS)
INFO - 2025-12-29 06:18:10 --> Expansion date 2026-02-05: DB Total=36km, Saved SS=200km, Derived Base=0km (display base; JS adds current SS)
INFO - 2025-12-29 06:18:10 --> Expansion date 2026-02-06: DB Total=36km, Saved SS=0km, Derived Base=36km (display base; JS adds current SS)
INFO - 2025-12-29 06:18:10 --> Expansion date 2026-02-06: DB Total=36km, Saved SS=0km, Derived Base=36km (display base; JS adds current SS)
INFO - 2025-12-29 06:18:10 --> Expansion date 2026-02-06: DB Total=36km, Saved SS=0km, Derived Base=36km (display base; JS adds current SS)
INFO - 2025-12-29 06:18:10 --> Expansion date 2026-02-06: DB Total=36km, Saved SS=0km, Derived Base=36km (display base; JS adds current SS)
INFO - 2025-12-29 06:18:10 --> Itinerary expansion date 2026-02-05: Derived Base=36km (no SS added)
INFO - 2025-12-29 06:18:10 --> Itinerary expansion date 2026-02-05: Derived Base=36km (no SS added)
INFO - 2025-12-29 06:18:10 --> Itinerary expansion date 2026-02-05: Derived Base=36km (no SS added)
INFO - 2025-12-29 06:18:10 --> Itinerary expansion date 2026-02-05: Derived Base=36km (no SS added)
INFO - 2025-12-29 06:18:10 --> Itinerary expansion date 2026-02-06: Derived Base=0km (no SS added)
INFO - 2025-12-29 06:18:10 --> Itinerary expansion date 2026-02-06: Derived Base=0km (no SS added)
INFO - 2025-12-29 06:18:10 --> Itinerary expansion date 2026-02-06: Derived Base=0km (no SS added)
INFO - 2025-12-29 06:18:10 --> Itinerary expansion date 2026-02-06: Derived Base=0km (no SS added)
DEBUG - 2025-12-29 06:18:16 --> Session: Class initialized using 'CodeIgniter\Session\Handlers\FileHandler' driver.
DEBUG - 2025-12-29 06:18:16 --> Session: Class initialized using 'CodeIgniter\Session\Handlers\FileHandler' driver.
DEBUG - 2025-12-29 06:18:22 --> Session: Class initialized using 'CodeIgniter\Session\Handlers\FileHandler' driver.
DEBUG - 2025-12-29 06:18:24 --> Session: Class initialized using 'CodeIgniter\Session\Handlers\FileHandler' driver.
DEBUG - 2025-12-29 06:18:24 --> Session: Class initialized using 'CodeIgniter\Session\Handlers\FileHandler' driver.
DEBUG - 2025-12-29 06:18:24 --> Session: Class initialized using 'CodeIgniter\Session\Handlers\FileHandler' driver.
DEBUG - 2025-12-29 06:18:30 --> Session: Class initialized using 'CodeIgniter\Session\Handlers\FileHandler' driver.
DEBUG - 2025-12-29 06:18:32 --> Session: Class initialized using 'CodeIgniter\Session\Handlers\FileHandler' driver.
DEBUG - 2025-12-29 06:18:32 --> Session: Class initialized using 'CodeIgniter\Session\Handlers\FileHandler' driver.
DEBUG - 2025-12-29 06:18:33 --> Session: Class initialized using 'CodeIgniter\Session\Handlers\FileHandler' driver.
INFO - 2025-12-29 06:18:33 --> === FRESH ITINERARY MODE ===
INFO - 2025-12-29 06:18:33 --> Loading from last saved itinerary, extension_ref_id: 576
INFO - 2025-12-29 06:18:33 --> Getting itinerary by extension_ref_id only: 576
INFO - 2025-12-29 06:18:33 --> Loaded 3 records from last saved itinerary
DEBUG - 2025-12-29 06:18:33 --> Fresh SS match check: Day 1 (date 2026-02-05) | Current: tour_id=1983, location='9', hotel_id=401 | Prev Day 1: tour_id=1982, location='9', hotel_id=401, ext_ref=576 | LocationMatch=YES | HotelMatch=YES
INFO - 2025-12-29 06:18:33 --> Fresh: SUCCESSFULLY pre-loaded SS, Special Events & Addons for Day 1 (date 2026-02-05) from extension_ref_id 576 | SS count: 1
INFO - 2025-12-29 06:18:33 --> SKIPPED defaults for Day 1 (date 2026-02-05) - using pre-loaded data (had_saved: yes, force_fresh: yes)
DEBUG - 2025-12-29 06:18:33 --> Fresh SS match check: Day 2 (date 2026-02-06) | Current: tour_id=1983, location='9', hotel_id=401 | Prev Day 1: tour_id=1982, location='9', hotel_id=401, ext_ref=576 | LocationMatch=YES | HotelMatch=YES
DEBUG - 2025-12-29 06:18:33 --> Fresh SS match check: Day 2 (date 2026-02-06) | Current: tour_id=1983, location='9', hotel_id=401 | Prev Day 2: tour_id=1982, location='9', hotel_id=401, ext_ref=576 | LocationMatch=YES | HotelMatch=YES
INFO - 2025-12-29 06:18:33 --> Fresh: SUCCESSFULLY pre-loaded SS, Special Events & Addons for Day 2 (date 2026-02-06) from extension_ref_id 576 | SS count: 0
INFO - 2025-12-29 06:18:33 --> SKIPPED defaults for Day 2 (date 2026-02-06) - using pre-loaded data (had_saved: yes, force_fresh: yes)
INFO - 2025-12-29 06:18:33 --> Expansion date 2026-02-05: DB Total=36km, Saved SS=200km, Derived Base=0km (display base; JS adds current SS)
INFO - 2025-12-29 06:18:33 --> Expansion date 2026-02-05: DB Total=36km, Saved SS=200km, Derived Base=0km (display base; JS adds current SS)
INFO - 2025-12-29 06:18:33 --> Expansion date 2026-02-05: DB Total=36km, Saved SS=200km, Derived Base=0km (display base; JS adds current SS)
INFO - 2025-12-29 06:18:33 --> Expansion date 2026-02-05: DB Total=36km, Saved SS=200km, Derived Base=0km (display base; JS adds current SS)
INFO - 2025-12-29 06:18:33 --> Expansion date 2026-02-06: DB Total=36km, Saved SS=0km, Derived Base=36km (display base; JS adds current SS)
INFO - 2025-12-29 06:18:33 --> Expansion date 2026-02-06: DB Total=36km, Saved SS=0km, Derived Base=36km (display base; JS adds current SS)
INFO - 2025-12-29 06:18:33 --> Expansion date 2026-02-06: DB Total=36km, Saved SS=0km, Derived Base=36km (display base; JS adds current SS)
INFO - 2025-12-29 06:18:33 --> Expansion date 2026-02-06: DB Total=36km, Saved SS=0km, Derived Base=36km (display base; JS adds current SS)
DEBUG - 2025-12-29 06:19:31 --> Session: Class initialized using 'CodeIgniter\Session\Handlers\FileHandler' driver.
INFO - 2025-12-29 06:19:31 --> === FRESH ITINERARY MODE ===
INFO - 2025-12-29 06:19:31 --> Loading from last saved itinerary, extension_ref_id: 576
INFO - 2025-12-29 06:19:31 --> Getting itinerary by extension_ref_id only: 576
INFO - 2025-12-29 06:19:32 --> Loaded 3 records from last saved itinerary
DEBUG - 2025-12-29 06:19:32 --> Fresh SS match check: Day 1 (date 2026-02-05) | Current: tour_id=1983, location='9', hotel_id=401 | Prev Day 1: tour_id=1982, location='9', hotel_id=401, ext_ref=576 | LocationMatch=YES | HotelMatch=YES
INFO - 2025-12-29 06:19:32 --> Fresh: SUCCESSFULLY pre-loaded SS, Special Events & Addons for Day 1 (date 2026-02-05) from extension_ref_id 576 | SS count: 1
INFO - 2025-12-29 06:19:32 --> SKIPPED defaults for Day 1 (date 2026-02-05) - using pre-loaded data (had_saved: yes, force_fresh: yes)
DEBUG - 2025-12-29 06:19:32 --> Fresh SS match check: Day 2 (date 2026-02-06) | Current: tour_id=1983, location='9', hotel_id=401 | Prev Day 1: tour_id=1982, location='9', hotel_id=401, ext_ref=576 | LocationMatch=YES | HotelMatch=YES
DEBUG - 2025-12-29 06:19:32 --> Fresh SS match check: Day 2 (date 2026-02-06) | Current: tour_id=1983, location='9', hotel_id=401 | Prev Day 2: tour_id=1982, location='9', hotel_id=401, ext_ref=576 | LocationMatch=YES | HotelMatch=YES
INFO - 2025-12-29 06:19:32 --> Fresh: SUCCESSFULLY pre-loaded SS, Special Events & Addons for Day 2 (date 2026-02-06) from extension_ref_id 576 | SS count: 0
INFO - 2025-12-29 06:19:32 --> SKIPPED defaults for Day 2 (date 2026-02-06) - using pre-loaded data (had_saved: yes, force_fresh: yes)
INFO - 2025-12-29 06:19:32 --> Expansion date 2026-02-05: DB Total=36km, Saved SS=200km, Derived Base=0km (display base; JS adds current SS)
INFO - 2025-12-29 06:19:32 --> Expansion date 2026-02-05: DB Total=36km, Saved SS=200km, Derived Base=0km (display base; JS adds current SS)
INFO - 2025-12-29 06:19:32 --> Expansion date 2026-02-05: DB Total=36km, Saved SS=200km, Derived Base=0km (display base; JS adds current SS)
INFO - 2025-12-29 06:19:32 --> Expansion date 2026-02-05: DB Total=36km, Saved SS=200km, Derived Base=0km (display base; JS adds current SS)
INFO - 2025-12-29 06:19:32 --> Expansion date 2026-02-06: DB Total=36km, Saved SS=0km, Derived Base=36km (display base; JS adds current SS)
INFO - 2025-12-29 06:19:32 --> Expansion date 2026-02-06: DB Total=36km, Saved SS=0km, Derived Base=36km (display base; JS adds current SS)
INFO - 2025-12-29 06:19:32 --> Expansion date 2026-02-06: DB Total=36km, Saved SS=0km, Derived Base=36km (display base; JS adds current SS)
INFO - 2025-12-29 06:19:32 --> Expansion date 2026-02-06: DB Total=36km, Saved SS=0km, Derived Base=36km (display base; JS adds current SS)
DEBUG - 2025-12-29 06:19:34 --> Session: Class initialized using 'CodeIgniter\Session\Handlers\FileHandler' driver.
DEBUG - 2025-12-29 06:19:35 --> Session: Class initialized using 'CodeIgniter\Session\Handlers\FileHandler' driver.
DEBUG - 2025-12-29 06:19:36 --> Session: Class initialized using 'CodeIgniter\Session\Handlers\FileHandler' driver.
DEBUG - 2025-12-29 06:19:36 --> Session: Class initialized using 'CodeIgniter\Session\Handlers\FileHandler' driver.
DEBUG - 2025-12-29 06:20:20 --> Session: Class initialized using 'CodeIgniter\Session\Handlers\FileHandler' driver.
DEBUG - 2025-12-29 06:20:29 --> Session: Class initialized using 'CodeIgniter\Session\Handlers\FileHandler' driver.
DEBUG - 2025-12-29 06:20:30 --> Session: Class initialized using 'CodeIgniter\Session\Handlers\FileHandler' driver.
INFO - 2025-12-29 06:20:30 --> === FRESH ITINERARY MODE ===
INFO - 2025-12-29 06:20:30 --> Loading from last saved itinerary, extension_ref_id: 576
INFO - 2025-12-29 06:20:30 --> Getting itinerary by extension_ref_id only: 576
INFO - 2025-12-29 06:20:30 --> Loaded 3 records from last saved itinerary
INFO - 2025-12-29 06:20:30 --> SKIPPED defaults for Day 1 (date 2026-02-05) - using pre-loaded data (had_saved: yes, force_fresh: no)
INFO - 2025-12-29 06:20:30 --> SKIPPED defaults for Day 2 (date 2026-02-06) - using pre-loaded data (had_saved: yes, force_fresh: no)
INFO - 2025-12-29 06:20:30 --> Expansion date 2026-02-05: DB Total=36km, Saved SS=400km, Derived Base=0km (display base; JS adds current SS)
INFO - 2025-12-29 06:20:30 --> Expansion date 2026-02-05: DB Total=36km, Saved SS=400km, Derived Base=0km (display base; JS adds current SS)
INFO - 2025-12-29 06:20:30 --> Expansion date 2026-02-05: DB Total=36km, Saved SS=400km, Derived Base=0km (display base; JS adds current SS)
INFO - 2025-12-29 06:20:30 --> Expansion date 2026-02-05: DB Total=36km, Saved SS=400km, Derived Base=0km (display base; JS adds current SS)
INFO - 2025-12-29 06:20:30 --> Expansion date 2026-02-06: DB Total=36km, Saved SS=0km, Derived Base=36km (display base; JS adds current SS)
INFO - 2025-12-29 06:20:30 --> Expansion date 2026-02-06: DB Total=36km, Saved SS=0km, Derived Base=36km (display base; JS adds current SS)
INFO - 2025-12-29 06:20:30 --> Expansion date 2026-02-06: DB Total=36km, Saved SS=0km, Derived Base=36km (display base; JS adds current SS)
INFO - 2025-12-29 06:20:30 --> Expansion date 2026-02-06: DB Total=36km, Saved SS=0km, Derived Base=36km (display base; JS adds current SS)
INFO - 2025-12-29 06:20:30 --> Itinerary expansion date 2026-02-05: Derived Base=236km (no SS added)
INFO - 2025-12-29 06:20:30 --> Itinerary expansion date 2026-02-05: Derived Base=236km (no SS added)
INFO - 2025-12-29 06:20:30 --> Itinerary expansion date 2026-02-05: Derived Base=236km (no SS added)
INFO - 2025-12-29 06:20:30 --> Itinerary expansion date 2026-02-05: Derived Base=236km (no SS added)
INFO - 2025-12-29 06:20:30 --> Itinerary expansion date 2026-02-06: Derived Base=0km (no SS added)
INFO - 2025-12-29 06:20:30 --> Itinerary expansion date 2026-02-06: Derived Base=0km (no SS added)
INFO - 2025-12-29 06:20:30 --> Itinerary expansion date 2026-02-06: Derived Base=0km (no SS added)
INFO - 2025-12-29 06:20:30 --> Itinerary expansion date 2026-02-06: Derived Base=0km (no SS added)
DEBUG - 2025-12-29 06:20:36 --> Session: Class initialized using 'CodeIgniter\Session\Handlers\FileHandler' driver.
DEBUG - 2025-12-29 06:20:36 --> Session: Class initialized using 'CodeIgniter\Session\Handlers\FileHandler' driver.
DEBUG - 2025-12-29 06:20:36 --> Session: Class initialized using 'CodeIgniter\Session\Handlers\FileHandler' driver.
DEBUG - 2025-12-29 06:20:39 --> Session: Class initialized using 'CodeIgniter\Session\Handlers\FileHandler' driver.
DEBUG - 2025-12-29 06:20:39 --> Session: Class initialized using 'CodeIgniter\Session\Handlers\FileHandler' driver.
DEBUG - 2025-12-29 06:20:42 --> Session: Class initialized using 'CodeIgniter\Session\Handlers\FileHandler' driver.
INFO - 2025-12-29 06:20:42 --> SKIPPED defaults for Day 1 (date 2026-02-05) - using pre-loaded data (had_saved: yes, force_fresh: no)
INFO - 2025-12-29 06:20:42 --> SKIPPED defaults for Day 2 (date 2026-02-06) - using pre-loaded data (had_saved: yes, force_fresh: no)
INFO - 2025-12-29 06:20:42 --> Expansion date 2026-02-05: DB Total=36km, Saved SS=400km, Derived Base=0km (display base; JS adds current SS)
INFO - 2025-12-29 06:20:42 --> Expansion date 2026-02-05: DB Total=36km, Saved SS=400km, Derived Base=0km (display base; JS adds current SS)
INFO - 2025-12-29 06:20:42 --> Expansion date 2026-02-05: DB Total=36km, Saved SS=400km, Derived Base=0km (display base; JS adds current SS)
INFO - 2025-12-29 06:20:42 --> Expansion date 2026-02-05: DB Total=36km, Saved SS=400km, Derived Base=0km (display base; JS adds current SS)
INFO - 2025-12-29 06:20:42 --> Expansion date 2026-02-06: DB Total=36km, Saved SS=0km, Derived Base=36km (display base; JS adds current SS)
INFO - 2025-12-29 06:20:42 --> Expansion date 2026-02-06: DB Total=36km, Saved SS=0km, Derived Base=36km (display base; JS adds current SS)
INFO - 2025-12-29 06:20:42 --> Expansion date 2026-02-06: DB Total=36km, Saved SS=0km, Derived Base=36km (display base; JS adds current SS)
INFO - 2025-12-29 06:20:42 --> Expansion date 2026-02-06: DB Total=36km, Saved SS=0km, Derived Base=36km (display base; JS adds current SS)
INFO - 2025-12-29 06:20:42 --> Itinerary expansion date 2026-02-05: Derived Base=236km (no SS added)
INFO - 2025-12-29 06:20:42 --> Itinerary expansion date 2026-02-05: Derived Base=236km (no SS added)
INFO - 2025-12-29 06:20:42 --> Itinerary expansion date 2026-02-05: Derived Base=236km (no SS added)
INFO - 2025-12-29 06:20:42 --> Itinerary expansion date 2026-02-05: Derived Base=236km (no SS added)
INFO - 2025-12-29 06:20:42 --> Itinerary expansion date 2026-02-06: Derived Base=0km (no SS added)
INFO - 2025-12-29 06:20:42 --> Itinerary expansion date 2026-02-06: Derived Base=0km (no SS added)
INFO - 2025-12-29 06:20:42 --> Itinerary expansion date 2026-02-06: Derived Base=0km (no SS added)
INFO - 2025-12-29 06:20:42 --> Itinerary expansion date 2026-02-06: Derived Base=0km (no SS added)
DEBUG - 2025-12-29 06:20:52 --> Session: Class initialized using 'CodeIgniter\Session\Handlers\FileHandler' driver.
DEBUG - 2025-12-29 06:20:52 --> Session: Class initialized using 'CodeIgniter\Session\Handlers\FileHandler' driver.
DEBUG - 2025-12-29 06:20:54 --> Session: Class initialized using 'CodeIgniter\Session\Handlers\FileHandler' driver.
INFO - 2025-12-29 06:20:54 --> === MAKE CURRENT MODE ===
INFO - 2025-12-29 06:20:54 --> Loading previous itinerary for tour_plan_ref_id: 1982
INFO - 2025-12-29 06:20:54 --> Current extension_ref_id: 576
INFO - 2025-12-29 06:20:54 --> Getting previous itinerary for specific tour plan: tour_plan_ref_id=1982, extension_ref_id=576
INFO - 2025-12-29 06:20:54 --> Found tour_details_id: 1982 for tour_plan_ref_id: 1982
INFO - 2025-12-29 06:20:54 --> No previous extension found for tour_details_id: 1982
INFO - 2025-12-29 06:20:54 --> Loaded 0 records from SPECIFIC tour plan previous version
INFO - 2025-12-29 11:50:54 --> SKIPPED defaults for Day 1 (date 2026-02-05) - using pre-loaded data (had_saved: yes, force_fresh: no)
INFO - 2025-12-29 11:50:54 --> SKIPPED defaults for Day 2 (date 2026-02-06) - using pre-loaded data (had_saved: yes, force_fresh: no)
INFO - 2025-12-29 11:50:54 --> Expansion date 2026-02-05: DB Total=36km, Saved SS=200km, Derived Base=0km (display base; JS adds current SS)
INFO - 2025-12-29 11:50:54 --> Expansion date 2026-02-05: DB Total=36km, Saved SS=200km, Derived Base=0km (display base; JS adds current SS)
INFO - 2025-12-29 11:50:54 --> Expansion date 2026-02-05: DB Total=36km, Saved SS=200km, Derived Base=0km (display base; JS adds current SS)
INFO - 2025-12-29 11:50:54 --> Expansion date 2026-02-05: DB Total=36km, Saved SS=200km, Derived Base=0km (display base; JS adds current SS)
INFO - 2025-12-29 11:50:54 --> Expansion date 2026-02-06: DB Total=36km, Saved SS=0km, Derived Base=36km (display base; JS adds current SS)
INFO - 2025-12-29 11:50:54 --> Expansion date 2026-02-06: DB Total=36km, Saved SS=0km, Derived Base=36km (display base; JS adds current SS)
INFO - 2025-12-29 11:50:54 --> Expansion date 2026-02-06: DB Total=36km, Saved SS=0km, Derived Base=36km (display base; JS adds current SS)
INFO - 2025-12-29 11:50:54 --> Expansion date 2026-02-06: DB Total=36km, Saved SS=0km, Derived Base=36km (display base; JS adds current SS)
INFO - 2025-12-29 11:50:54 --> Itinerary expansion date 2026-02-05: Derived Base=36km (no SS added)
INFO - 2025-12-29 11:50:54 --> Itinerary expansion date 2026-02-05: Derived Base=36km (no SS added)
INFO - 2025-12-29 11:50:54 --> Itinerary expansion date 2026-02-05: Derived Base=36km (no SS added)
INFO - 2025-12-29 11:50:54 --> Itinerary expansion date 2026-02-05: Derived Base=36km (no SS added)
INFO - 2025-12-29 11:50:54 --> Itinerary expansion date 2026-02-06: Derived Base=0km (no SS added)
INFO - 2025-12-29 11:50:54 --> Itinerary expansion date 2026-02-06: Derived Base=0km (no SS added)
INFO - 2025-12-29 11:50:54 --> Itinerary expansion date 2026-02-06: Derived Base=0km (no SS added)
INFO - 2025-12-29 11:50:54 --> Itinerary expansion date 2026-02-06: Derived Base=0km (no SS added)
DEBUG - 2025-12-29 06:20:59 --> Session: Class initialized using 'CodeIgniter\Session\Handlers\FileHandler' driver.
DEBUG - 2025-12-29 06:20:59 --> Session: Class initialized using 'CodeIgniter\Session\Handlers\FileHandler' driver.
DEBUG - 2025-12-29 06:21:02 --> Session: Class initialized using 'CodeIgniter\Session\Handlers\FileHandler' driver.
INFO - 2025-12-29 06:21:02 --> SKIPPED defaults for Day 1 (date 2026-02-05) - using pre-loaded data (had_saved: yes, force_fresh: no)
INFO - 2025-12-29 06:21:02 --> SKIPPED defaults for Day 2 (date 2026-02-06) - using pre-loaded data (had_saved: yes, force_fresh: no)
INFO - 2025-12-29 06:21:02 --> Expansion date 2026-02-05: DB Total=36km, Saved SS=200km, Derived Base=0km (display base; JS adds current SS)
INFO - 2025-12-29 06:21:02 --> Expansion date 2026-02-05: DB Total=36km, Saved SS=200km, Derived Base=0km (display base; JS adds current SS)
INFO - 2025-12-29 06:21:02 --> Expansion date 2026-02-05: DB Total=36km, Saved SS=200km, Derived Base=0km (display base; JS adds current SS)
INFO - 2025-12-29 06:21:02 --> Expansion date 2026-02-05: DB Total=36km, Saved SS=200km, Derived Base=0km (display base; JS adds current SS)
INFO - 2025-12-29 06:21:02 --> Expansion date 2026-02-06: DB Total=36km, Saved SS=0km, Derived Base=36km (display base; JS adds current SS)
INFO - 2025-12-29 06:21:02 --> Expansion date 2026-02-06: DB Total=36km, Saved SS=0km, Derived Base=36km (display base; JS adds current SS)
INFO - 2025-12-29 06:21:02 --> Expansion date 2026-02-06: DB Total=36km, Saved SS=0km, Derived Base=36km (display base; JS adds current SS)
INFO - 2025-12-29 06:21:02 --> Expansion date 2026-02-06: DB Total=36km, Saved SS=0km, Derived Base=36km (display base; JS adds current SS)
INFO - 2025-12-29 06:21:02 --> Itinerary expansion date 2026-02-05: Derived Base=36km (no SS added)
INFO - 2025-12-29 06:21:02 --> Itinerary expansion date 2026-02-05: Derived Base=36km (no SS added)
INFO - 2025-12-29 06:21:02 --> Itinerary expansion date 2026-02-05: Derived Base=36km (no SS added)
INFO - 2025-12-29 06:21:02 --> Itinerary expansion date 2026-02-05: Derived Base=36km (no SS added)
INFO - 2025-12-29 06:21:02 --> Itinerary expansion date 2026-02-06: Derived Base=0km (no SS added)
INFO - 2025-12-29 06:21:02 --> Itinerary expansion date 2026-02-06: Derived Base=0km (no SS added)
INFO - 2025-12-29 06:21:02 --> Itinerary expansion date 2026-02-06: Derived Base=0km (no SS added)
INFO - 2025-12-29 06:21:02 --> Itinerary expansion date 2026-02-06: Derived Base=0km (no SS added)
DEBUG - 2025-12-29 06:21:08 --> Session: Class initialized using 'CodeIgniter\Session\Handlers\FileHandler' driver.
DEBUG - 2025-12-29 06:21:08 --> Session: Class initialized using 'CodeIgniter\Session\Handlers\FileHandler' driver.
DEBUG - 2025-12-29 06:21:10 --> Session: Class initialized using 'CodeIgniter\Session\Handlers\FileHandler' driver.
DEBUG - 2025-12-29 06:21:10 --> Session: Class initialized using 'CodeIgniter\Session\Handlers\FileHandler' driver.
DEBUG - 2025-12-29 06:21:12 --> Session: Class initialized using 'CodeIgniter\Session\Handlers\FileHandler' driver.
INFO - 2025-12-29 06:21:12 --> SKIPPED defaults for Day 1 (date 2026-02-05) - using pre-loaded data (had_saved: yes, force_fresh: no)
INFO - 2025-12-29 06:21:12 --> SKIPPED defaults for Day 2 (date 2026-02-06) - using pre-loaded data (had_saved: yes, force_fresh: no)
INFO - 2025-12-29 06:21:12 --> Expansion date 2026-02-05: DB Total=36km, Saved SS=200km, Derived Base=0km (display base; JS adds current SS)
INFO - 2025-12-29 06:21:12 --> Expansion date 2026-02-05: DB Total=36km, Saved SS=200km, Derived Base=0km (display base; JS adds current SS)
INFO - 2025-12-29 06:21:12 --> Expansion date 2026-02-05: DB Total=36km, Saved SS=200km, Derived Base=0km (display base; JS adds current SS)
INFO - 2025-12-29 06:21:12 --> Expansion date 2026-02-05: DB Total=36km, Saved SS=200km, Derived Base=0km (display base; JS adds current SS)
INFO - 2025-12-29 06:21:12 --> Expansion date 2026-02-06: DB Total=36km, Saved SS=0km, Derived Base=36km (display base; JS adds current SS)
INFO - 2025-12-29 06:21:12 --> Expansion date 2026-02-06: DB Total=36km, Saved SS=0km, Derived Base=36km (display base; JS adds current SS)
INFO - 2025-12-29 06:21:12 --> Expansion date 2026-02-06: DB Total=36km, Saved SS=0km, Derived Base=36km (display base; JS adds current SS)
INFO - 2025-12-29 06:21:12 --> Expansion date 2026-02-06: DB Total=36km, Saved SS=0km, Derived Base=36km (display base; JS adds current SS)
INFO - 2025-12-29 06:21:12 --> Itinerary expansion date 2026-02-05: Derived Base=36km (no SS added)
INFO - 2025-12-29 06:21:12 --> Itinerary expansion date 2026-02-05: Derived Base=36km (no SS added)
INFO - 2025-12-29 06:21:12 --> Itinerary expansion date 2026-02-05: Derived Base=36km (no SS added)
INFO - 2025-12-29 06:21:12 --> Itinerary expansion date 2026-02-05: Derived Base=36km (no SS added)
INFO - 2025-12-29 06:21:12 --> Itinerary expansion date 2026-02-06: Derived Base=0km (no SS added)
INFO - 2025-12-29 06:21:12 --> Itinerary expansion date 2026-02-06: Derived Base=0km (no SS added)
INFO - 2025-12-29 06:21:12 --> Itinerary expansion date 2026-02-06: Derived Base=0km (no SS added)
INFO - 2025-12-29 06:21:12 --> Itinerary expansion date 2026-02-06: Derived Base=0km (no SS added)
DEBUG - 2025-12-29 06:21:15 --> Session: Class initialized using 'CodeIgniter\Session\Handlers\FileHandler' driver.
DEBUG - 2025-12-29 06:21:15 --> Session: Class initialized using 'CodeIgniter\Session\Handlers\FileHandler' driver.
DEBUG - 2025-12-29 06:21:16 --> Session: Class initialized using 'CodeIgniter\Session\Handlers\FileHandler' driver.
INFO - 2025-12-29 06:21:17 --> SKIPPED defaults for Day 1 (date 2026-02-05) - using pre-loaded data (had_saved: yes, force_fresh: no)
INFO - 2025-12-29 06:21:17 --> SKIPPED defaults for Day 2 (date 2026-02-06) - using pre-loaded data (had_saved: yes, force_fresh: no)
INFO - 2025-12-29 06:21:17 --> Expansion date 2026-02-05: DB Total=36km, Saved SS=200km, Derived Base=0km (display base; JS adds current SS)
INFO - 2025-12-29 06:21:17 --> Expansion date 2026-02-05: DB Total=36km, Saved SS=200km, Derived Base=0km (display base; JS adds current SS)
INFO - 2025-12-29 06:21:17 --> Expansion date 2026-02-05: DB Total=36km, Saved SS=200km, Derived Base=0km (display base; JS adds current SS)
INFO - 2025-12-29 06:21:17 --> Expansion date 2026-02-05: DB Total=36km, Saved SS=200km, Derived Base=0km (display base; JS adds current SS)
INFO - 2025-12-29 06:21:17 --> Expansion date 2026-02-06: DB Total=36km, Saved SS=0km, Derived Base=36km (display base; JS adds current SS)
INFO - 2025-12-29 06:21:17 --> Expansion date 2026-02-06: DB Total=36km, Saved SS=0km, Derived Base=36km (display base; JS adds current SS)
INFO - 2025-12-29 06:21:17 --> Expansion date 2026-02-06: DB Total=36km, Saved SS=0km, Derived Base=36km (display base; JS adds current SS)
INFO - 2025-12-29 06:21:17 --> Expansion date 2026-02-06: DB Total=36km, Saved SS=0km, Derived Base=36km (display base; JS adds current SS)
INFO - 2025-12-29 06:21:17 --> Itinerary expansion date 2026-02-05: Derived Base=36km (no SS added)
INFO - 2025-12-29 06:21:17 --> Itinerary expansion date 2026-02-05: Derived Base=36km (no SS added)
INFO - 2025-12-29 06:21:17 --> Itinerary expansion date 2026-02-05: Derived Base=36km (no SS added)
INFO - 2025-12-29 06:21:17 --> Itinerary expansion date 2026-02-05: Derived Base=36km (no SS added)
INFO - 2025-12-29 06:21:17 --> Itinerary expansion date 2026-02-06: Derived Base=0km (no SS added)
INFO - 2025-12-29 06:21:17 --> Itinerary expansion date 2026-02-06: Derived Base=0km (no SS added)
INFO - 2025-12-29 06:21:17 --> Itinerary expansion date 2026-02-06: Derived Base=0km (no SS added)
INFO - 2025-12-29 06:21:17 --> Itinerary expansion date 2026-02-06: Derived Base=0km (no SS added)
DEBUG - 2025-12-29 06:21:22 --> Session: Class initialized using 'CodeIgniter\Session\Handlers\FileHandler' driver.
DEBUG - 2025-12-29 06:21:22 --> Session: Class initialized using 'CodeIgniter\Session\Handlers\FileHandler' driver.
DEBUG - 2025-12-29 06:21:23 --> Session: Class initialized using 'CodeIgniter\Session\Handlers\FileHandler' driver.
INFO - 2025-12-29 06:21:23 --> === MAKE CURRENT MODE ===
INFO - 2025-12-29 06:21:23 --> Loading previous itinerary for tour_plan_ref_id: 1982
INFO - 2025-12-29 06:21:23 --> Current extension_ref_id: 576
INFO - 2025-12-29 06:21:23 --> Getting previous itinerary for specific tour plan: tour_plan_ref_id=1982, extension_ref_id=576
INFO - 2025-12-29 06:21:23 --> Found tour_details_id: 1982 for tour_plan_ref_id: 1982
INFO - 2025-12-29 06:21:23 --> No previous extension found for tour_details_id: 1982
INFO - 2025-12-29 06:21:23 --> Loaded 0 records from SPECIFIC tour plan previous version
INFO - 2025-12-29 11:51:23 --> SKIPPED defaults for Day 1 (date 2026-02-05) - using pre-loaded data (had_saved: yes, force_fresh: no)
INFO - 2025-12-29 11:51:23 --> SKIPPED defaults for Day 2 (date 2026-02-06) - using pre-loaded data (had_saved: yes, force_fresh: no)
INFO - 2025-12-29 11:51:23 --> Expansion date 2026-02-05: DB Total=36km, Saved SS=200km, Derived Base=0km (display base; JS adds current SS)
INFO - 2025-12-29 11:51:23 --> Expansion date 2026-02-05: DB Total=36km, Saved SS=200km, Derived Base=0km (display base; JS adds current SS)
INFO - 2025-12-29 11:51:23 --> Expansion date 2026-02-05: DB Total=36km, Saved SS=200km, Derived Base=0km (display base; JS adds current SS)
INFO - 2025-12-29 11:51:23 --> Expansion date 2026-02-05: DB Total=36km, Saved SS=200km, Derived Base=0km (display base; JS adds current SS)
INFO - 2025-12-29 11:51:23 --> Expansion date 2026-02-06: DB Total=36km, Saved SS=0km, Derived Base=36km (display base; JS adds current SS)
INFO - 2025-12-29 11:51:23 --> Expansion date 2026-02-06: DB Total=36km, Saved SS=0km, Derived Base=36km (display base; JS adds current SS)
INFO - 2025-12-29 11:51:23 --> Expansion date 2026-02-06: DB Total=36km, Saved SS=0km, Derived Base=36km (display base; JS adds current SS)
INFO - 2025-12-29 11:51:23 --> Expansion date 2026-02-06: DB Total=36km, Saved SS=0km, Derived Base=36km (display base; JS adds current SS)
INFO - 2025-12-29 11:51:23 --> Itinerary expansion date 2026-02-05: Derived Base=36km (no SS added)
INFO - 2025-12-29 11:51:23 --> Itinerary expansion date 2026-02-05: Derived Base=36km (no SS added)
INFO - 2025-12-29 11:51:23 --> Itinerary expansion date 2026-02-05: Derived Base=36km (no SS added)
INFO - 2025-12-29 11:51:23 --> Itinerary expansion date 2026-02-05: Derived Base=36km (no SS added)
INFO - 2025-12-29 11:51:23 --> Itinerary expansion date 2026-02-06: Derived Base=0km (no SS added)
INFO - 2025-12-29 11:51:23 --> Itinerary expansion date 2026-02-06: Derived Base=0km (no SS added)
INFO - 2025-12-29 11:51:23 --> Itinerary expansion date 2026-02-06: Derived Base=0km (no SS added)
INFO - 2025-12-29 11:51:23 --> Itinerary expansion date 2026-02-06: Derived Base=0km (no SS added)
DEBUG - 2025-12-29 06:21:26 --> Session: Class initialized using 'CodeIgniter\Session\Handlers\FileHandler' driver.
DEBUG - 2025-12-29 06:21:26 --> Session: Class initialized using 'CodeIgniter\Session\Handlers\FileHandler' driver.
DEBUG - 2025-12-29 06:21:28 --> Session: Class initialized using 'CodeIgniter\Session\Handlers\FileHandler' driver.
DEBUG - 2025-12-29 06:21:29 --> Session: Class initialized using 'CodeIgniter\Session\Handlers\FileHandler' driver.
DEBUG - 2025-12-29 06:21:32 --> Session: Class initialized using 'CodeIgniter\Session\Handlers\FileHandler' driver.
DEBUG - 2025-12-29 06:21:32 --> Session: Class initialized using 'CodeIgniter\Session\Handlers\FileHandler' driver.
DEBUG - 2025-12-29 06:21:33 --> Session: Class initialized using 'CodeIgniter\Session\Handlers\FileHandler' driver.
INFO - 2025-12-29 06:21:33 --> SKIPPED defaults for Day 1 (date 2026-02-05) - using pre-loaded data (had_saved: yes, force_fresh: no)
INFO - 2025-12-29 06:21:33 --> SKIPPED defaults for Day 2 (date 2026-02-06) - using pre-loaded data (had_saved: yes, force_fresh: no)
INFO - 2025-12-29 06:21:33 --> Expansion date 2026-02-05: DB Total=36km, Saved SS=400km, Derived Base=0km (display base; JS adds current SS)
INFO - 2025-12-29 06:21:33 --> Expansion date 2026-02-05: DB Total=36km, Saved SS=400km, Derived Base=0km (display base; JS adds current SS)
INFO - 2025-12-29 06:21:33 --> Expansion date 2026-02-05: DB Total=36km, Saved SS=400km, Derived Base=0km (display base; JS adds current SS)
INFO - 2025-12-29 06:21:33 --> Expansion date 2026-02-05: DB Total=36km, Saved SS=400km, Derived Base=0km (display base; JS adds current SS)
INFO - 2025-12-29 06:21:33 --> Expansion date 2026-02-06: DB Total=36km, Saved SS=0km, Derived Base=36km (display base; JS adds current SS)
INFO - 2025-12-29 06:21:33 --> Expansion date 2026-02-06: DB Total=36km, Saved SS=0km, Derived Base=36km (display base; JS adds current SS)
INFO - 2025-12-29 06:21:33 --> Expansion date 2026-02-06: DB Total=36km, Saved SS=0km, Derived Base=36km (display base; JS adds current SS)
INFO - 2025-12-29 06:21:33 --> Expansion date 2026-02-06: DB Total=36km, Saved SS=0km, Derived Base=36km (display base; JS adds current SS)
INFO - 2025-12-29 06:21:33 --> Itinerary expansion date 2026-02-05: Derived Base=236km (no SS added)
INFO - 2025-12-29 06:21:33 --> Itinerary expansion date 2026-02-05: Derived Base=236km (no SS added)
INFO - 2025-12-29 06:21:33 --> Itinerary expansion date 2026-02-05: Derived Base=236km (no SS added)
INFO - 2025-12-29 06:21:33 --> Itinerary expansion date 2026-02-05: Derived Base=236km (no SS added)
INFO - 2025-12-29 06:21:33 --> Itinerary expansion date 2026-02-06: Derived Base=0km (no SS added)
INFO - 2025-12-29 06:21:33 --> Itinerary expansion date 2026-02-06: Derived Base=0km (no SS added)
INFO - 2025-12-29 06:21:33 --> Itinerary expansion date 2026-02-06: Derived Base=0km (no SS added)
INFO - 2025-12-29 06:21:33 --> Itinerary expansion date 2026-02-06: Derived Base=0km (no SS added)
DEBUG - 2025-12-29 06:21:43 --> Session: Class initialized using 'CodeIgniter\Session\Handlers\FileHandler' driver.
DEBUG - 2025-12-29 06:21:43 --> Session: Class initialized using 'CodeIgniter\Session\Handlers\FileHandler' driver.
DEBUG - 2025-12-29 06:21:45 --> Session: Class initialized using 'CodeIgniter\Session\Handlers\FileHandler' driver.
DEBUG - 2025-12-29 06:21:47 --> Session: Class initialized using 'CodeIgniter\Session\Handlers\FileHandler' driver.
DEBUG - 2025-12-29 06:39:27 --> Session: Class initialized using 'CodeIgniter\Session\Handlers\FileHandler' driver.
DEBUG - 2025-12-29 06:39:28 --> Session: Class initialized using 'CodeIgniter\Session\Handlers\FileHandler' driver.
DEBUG - 2025-12-29 06:39:29 --> Session: Class initialized using 'CodeIgniter\Session\Handlers\FileHandler' driver.
INFO - 2025-12-29 06:39:29 --> SKIPPED defaults for Day 1 (date 2026-02-05) - using pre-loaded data (had_saved: yes, force_fresh: no)
INFO - 2025-12-29 06:39:29 --> SKIPPED defaults for Day 2 (date 2026-02-06) - using pre-loaded data (had_saved: yes, force_fresh: no)
INFO - 2025-12-29 06:39:29 --> Expansion date 2026-02-05: DB Total=36km, Saved SS=400km, Derived Base=0km (display base; JS adds current SS)
INFO - 2025-12-29 06:39:29 --> Expansion date 2026-02-05: DB Total=36km, Saved SS=400km, Derived Base=0km (display base; JS adds current SS)
INFO - 2025-12-29 06:39:29 --> Expansion date 2026-02-05: DB Total=36km, Saved SS=400km, Derived Base=0km (display base; JS adds current SS)
INFO - 2025-12-29 06:39:29 --> Expansion date 2026-02-05: DB Total=36km, Saved SS=400km, Derived Base=0km (display base; JS adds current SS)
INFO - 2025-12-29 06:39:29 --> Expansion date 2026-02-06: DB Total=36km, Saved SS=0km, Derived Base=36km (display base; JS adds current SS)
INFO - 2025-12-29 06:39:29 --> Expansion date 2026-02-06: DB Total=36km, Saved SS=0km, Derived Base=36km (display base; JS adds current SS)
INFO - 2025-12-29 06:39:29 --> Expansion date 2026-02-06: DB Total=36km, Saved SS=0km, Derived Base=36km (display base; JS adds current SS)
INFO - 2025-12-29 06:39:29 --> Expansion date 2026-02-06: DB Total=36km, Saved SS=0km, Derived Base=36km (display base; JS adds current SS)
INFO - 2025-12-29 06:39:29 --> Itinerary expansion date 2026-02-05: Derived Base=236km (no SS added)
INFO - 2025-12-29 06:39:29 --> Itinerary expansion date 2026-02-05: Derived Base=236km (no SS added)
INFO - 2025-12-29 06:39:29 --> Itinerary expansion date 2026-02-05: Derived Base=236km (no SS added)
INFO - 2025-12-29 06:39:29 --> Itinerary expansion date 2026-02-05: Derived Base=236km (no SS added)
INFO - 2025-12-29 06:39:29 --> Itinerary expansion date 2026-02-06: Derived Base=0km (no SS added)
INFO - 2025-12-29 06:39:29 --> Itinerary expansion date 2026-02-06: Derived Base=0km (no SS added)
INFO - 2025-12-29 06:39:29 --> Itinerary expansion date 2026-02-06: Derived Base=0km (no SS added)
INFO - 2025-12-29 06:39:29 --> Itinerary expansion date 2026-02-06: Derived Base=0km (no SS added)
DEBUG - 2025-12-29 06:39:34 --> Session: Class initialized using 'CodeIgniter\Session\Handlers\FileHandler' driver.
DEBUG - 2025-12-29 06:39:34 --> Session: Class initialized using 'CodeIgniter\Session\Handlers\FileHandler' driver.
DEBUG - 2025-12-29 06:39:36 --> Session: Class initialized using 'CodeIgniter\Session\Handlers\FileHandler' driver.
DEBUG - 2025-12-29 06:39:37 --> Session: Class initialized using 'CodeIgniter\Session\Handlers\FileHandler' driver.
DEBUG - 2025-12-29 06:39:38 --> Session: Class initialized using 'CodeIgniter\Session\Handlers\FileHandler' driver.
DEBUG - 2025-12-29 06:39:39 --> Session: Class initialized using 'CodeIgniter\Session\Handlers\FileHandler' driver.
DEBUG - 2025-12-29 06:39:39 --> Session: Class initialized using 'CodeIgniter\Session\Handlers\FileHandler' driver.
DEBUG - 2025-12-29 06:39:39 --> Session: Class initialized using 'CodeIgniter\Session\Handlers\FileHandler' driver.
DEBUG - 2025-12-29 06:39:49 --> Session: Class initialized using 'CodeIgniter\Session\Handlers\FileHandler' driver.
DEBUG - 2025-12-29 06:39:52 --> Session: Class initialized using 'CodeIgniter\Session\Handlers\FileHandler' driver.
DEBUG - 2025-12-29 06:39:52 --> Session: Class initialized using 'CodeIgniter\Session\Handlers\FileHandler' driver.
DEBUG - 2025-12-29 06:39:54 --> Session: Class initialized using 'CodeIgniter\Session\Handlers\FileHandler' driver.
INFO - 2025-12-29 06:39:54 --> === FRESH ITINERARY MODE ===
INFO - 2025-12-29 06:39:54 --> Loading from last saved itinerary, extension_ref_id: 577
INFO - 2025-12-29 06:39:54 --> Getting itinerary by extension_ref_id only: 577
INFO - 2025-12-29 06:39:54 --> Loaded 3 records from last saved itinerary
DEBUG - 2025-12-29 06:39:54 --> Fresh SS match check: Day 1 (date 2026-02-05) | Current: tour_id=1984, location='9', hotel_id=401 | Prev Day 1: tour_id=1983, location='9', hotel_id=401, ext_ref=577 | LocationMatch=YES | HotelMatch=YES
INFO - 2025-12-29 06:39:54 --> Fresh: SUCCESSFULLY pre-loaded SS, Special Events & Addons for Day 1 (date 2026-02-05) from extension_ref_id 577 | SS count: 2
INFO - 2025-12-29 06:39:54 --> SKIPPED defaults for Day 1 (date 2026-02-05) - using pre-loaded data (had_saved: yes, force_fresh: yes)
DEBUG - 2025-12-29 06:39:54 --> Fresh SS match check: Day 2 (date 2026-02-06) | Current: tour_id=1984, location='9', hotel_id=401 | Prev Day 1: tour_id=1983, location='9', hotel_id=401, ext_ref=577 | LocationMatch=YES | HotelMatch=YES
DEBUG - 2025-12-29 06:39:54 --> Fresh SS match check: Day 2 (date 2026-02-06) | Current: tour_id=1984, location='9', hotel_id=401 | Prev Day 2: tour_id=1983, location='9', hotel_id=401, ext_ref=577 | LocationMatch=YES | HotelMatch=YES
INFO - 2025-12-29 06:39:54 --> Fresh: SUCCESSFULLY pre-loaded SS, Special Events & Addons for Day 2 (date 2026-02-06) from extension_ref_id 577 | SS count: 0
INFO - 2025-12-29 06:39:54 --> SKIPPED defaults for Day 2 (date 2026-02-06) - using pre-loaded data (had_saved: yes, force_fresh: yes)
INFO - 2025-12-29 06:39:54 --> Expansion date 2026-02-05: DB Total=36km, Saved SS=400km, Derived Base=0km (display base; JS adds current SS)
INFO - 2025-12-29 06:39:54 --> Expansion date 2026-02-05: DB Total=36km, Saved SS=400km, Derived Base=0km (display base; JS adds current SS)
INFO - 2025-12-29 06:39:54 --> Expansion date 2026-02-05: DB Total=36km, Saved SS=400km, Derived Base=0km (display base; JS adds current SS)
INFO - 2025-12-29 06:39:54 --> Expansion date 2026-02-05: DB Total=36km, Saved SS=400km, Derived Base=0km (display base; JS adds current SS)
INFO - 2025-12-29 06:39:54 --> Expansion date 2026-02-06: DB Total=36km, Saved SS=0km, Derived Base=36km (display base; JS adds current SS)
INFO - 2025-12-29 06:39:54 --> Expansion date 2026-02-06: DB Total=36km, Saved SS=0km, Derived Base=36km (display base; JS adds current SS)
INFO - 2025-12-29 06:39:54 --> Expansion date 2026-02-06: DB Total=36km, Saved SS=0km, Derived Base=36km (display base; JS adds current SS)
INFO - 2025-12-29 06:39:54 --> Expansion date 2026-02-06: DB Total=36km, Saved SS=0km, Derived Base=36km (display base; JS adds current SS)
DEBUG - 2025-12-29 06:40:24 --> Session: Class initialized using 'CodeIgniter\Session\Handlers\FileHandler' driver.
DEBUG - 2025-12-29 06:40:24 --> Session: Class initialized using 'CodeIgniter\Session\Handlers\FileHandler' driver.
DEBUG - 2025-12-29 06:40:27 --> Session: Class initialized using 'CodeIgniter\Session\Handlers\FileHandler' driver.
INFO - 2025-12-29 06:40:27 --> Loading defaults for Day 1 (date 2026-02-05) - no saved/previous/draft data found
INFO - 2025-12-29 06:40:27 --> Loading defaults for Day 2 (date 2026-02-06) - no saved/previous/draft data found
INFO - 2025-12-29 06:40:27 --> Loaded default SS for Day 2 (date 2026-02-06): 1 items
INFO - 2025-12-29 06:40:27 --> Expansion date 2026-02-05: DB Total=36km, Saved SS=0km, Derived Base=36km (display base; JS adds current SS)
INFO - 2025-12-29 06:40:27 --> Expansion date 2026-02-05: DB Total=36km, Saved SS=0km, Derived Base=36km (display base; JS adds current SS)
INFO - 2025-12-29 06:40:27 --> Expansion date 2026-02-05: DB Total=36km, Saved SS=0km, Derived Base=36km (display base; JS adds current SS)
INFO - 2025-12-29 06:40:27 --> Expansion date 2026-02-05: DB Total=36km, Saved SS=0km, Derived Base=36km (display base; JS adds current SS)
INFO - 2025-12-29 06:40:27 --> Expansion date 2026-02-06: DB Total=36km, Saved SS=200km, Derived Base=0km (display base; JS adds current SS)
INFO - 2025-12-29 06:40:27 --> Expansion date 2026-02-06: DB Total=36km, Saved SS=200km, Derived Base=0km (display base; JS adds current SS)
INFO - 2025-12-29 06:40:27 --> Expansion date 2026-02-06: DB Total=36km, Saved SS=200km, Derived Base=0km (display base; JS adds current SS)
INFO - 2025-12-29 06:40:27 --> Expansion date 2026-02-06: DB Total=36km, Saved SS=200km, Derived Base=0km (display base; JS adds current SS)
DEBUG - 2025-12-29 06:40:34 --> Session: Class initialized using 'CodeIgniter\Session\Handlers\FileHandler' driver.
DEBUG - 2025-12-29 06:40:34 --> Session: Class initialized using 'CodeIgniter\Session\Handlers\FileHandler' driver.
DEBUG - 2025-12-29 06:40:35 --> Session: Class initialized using 'CodeIgniter\Session\Handlers\FileHandler' driver.
INFO - 2025-12-29 06:40:36 --> Loading defaults for Day 1 (date 2026-02-05) - no saved/previous/draft data found
INFO - 2025-12-29 06:40:36 --> Loading defaults for Day 2 (date 2026-02-06) - no saved/previous/draft data found
INFO - 2025-12-29 06:40:36 --> Loaded default SS for Day 2 (date 2026-02-06): 1 items
INFO - 2025-12-29 06:40:36 --> Expansion date 2026-02-05: DB Total=36km, Saved SS=0km, Derived Base=36km (display base; JS adds current SS)
INFO - 2025-12-29 06:40:36 --> Expansion date 2026-02-05: DB Total=36km, Saved SS=0km, Derived Base=36km (display base; JS adds current SS)
INFO - 2025-12-29 06:40:36 --> Expansion date 2026-02-05: DB Total=36km, Saved SS=0km, Derived Base=36km (display base; JS adds current SS)
INFO - 2025-12-29 06:40:36 --> Expansion date 2026-02-05: DB Total=36km, Saved SS=0km, Derived Base=36km (display base; JS adds current SS)
INFO - 2025-12-29 06:40:36 --> Expansion date 2026-02-06: DB Total=36km, Saved SS=200km, Derived Base=0km (display base; JS adds current SS)
INFO - 2025-12-29 06:40:36 --> Expansion date 2026-02-06: DB Total=36km, Saved SS=200km, Derived Base=0km (display base; JS adds current SS)
INFO - 2025-12-29 06:40:36 --> Expansion date 2026-02-06: DB Total=36km, Saved SS=200km, Derived Base=0km (display base; JS adds current SS)
INFO - 2025-12-29 06:40:36 --> Expansion date 2026-02-06: DB Total=36km, Saved SS=200km, Derived Base=0km (display base; JS adds current SS)
DEBUG - 2025-12-29 06:40:40 --> Session: Class initialized using 'CodeIgniter\Session\Handlers\FileHandler' driver.
DEBUG - 2025-12-29 06:40:40 --> Session: Class initialized using 'CodeIgniter\Session\Handlers\FileHandler' driver.
DEBUG - 2025-12-29 06:40:41 --> Session: Class initialized using 'CodeIgniter\Session\Handlers\FileHandler' driver.
INFO - 2025-12-29 06:40:41 --> === MAKE CURRENT MODE ===
INFO - 2025-12-29 06:40:41 --> Loading previous itinerary for tour_plan_ref_id: 1983
INFO - 2025-12-29 06:40:41 --> Current extension_ref_id: 577
INFO - 2025-12-29 06:40:41 --> Getting previous itinerary for specific tour plan: tour_plan_ref_id=1983, extension_ref_id=577
INFO - 2025-12-29 06:40:41 --> Found tour_details_id: 1983 for tour_plan_ref_id: 1983
INFO - 2025-12-29 06:40:41 --> No previous extension found for tour_details_id: 1983
INFO - 2025-12-29 06:40:41 --> Loaded 0 records from SPECIFIC tour plan previous version
INFO - 2025-12-29 12:10:42 --> SKIPPED defaults for Day 1 (date 2026-02-05) - using pre-loaded data (had_saved: yes, force_fresh: no)
INFO - 2025-12-29 12:10:42 --> SKIPPED defaults for Day 2 (date 2026-02-06) - using pre-loaded data (had_saved: yes, force_fresh: no)
INFO - 2025-12-29 12:10:42 --> Expansion date 2026-02-05: DB Total=36km, Saved SS=400km, Derived Base=0km (display base; JS adds current SS)
INFO - 2025-12-29 12:10:42 --> Expansion date 2026-02-05: DB Total=36km, Saved SS=400km, Derived Base=0km (display base; JS adds current SS)
INFO - 2025-12-29 12:10:42 --> Expansion date 2026-02-05: DB Total=36km, Saved SS=400km, Derived Base=0km (display base; JS adds current SS)
INFO - 2025-12-29 12:10:42 --> Expansion date 2026-02-05: DB Total=36km, Saved SS=400km, Derived Base=0km (display base; JS adds current SS)
INFO - 2025-12-29 12:10:42 --> Expansion date 2026-02-06: DB Total=36km, Saved SS=0km, Derived Base=36km (display base; JS adds current SS)
INFO - 2025-12-29 12:10:42 --> Expansion date 2026-02-06: DB Total=36km, Saved SS=0km, Derived Base=36km (display base; JS adds current SS)
INFO - 2025-12-29 12:10:42 --> Expansion date 2026-02-06: DB Total=36km, Saved SS=0km, Derived Base=36km (display base; JS adds current SS)
INFO - 2025-12-29 12:10:42 --> Expansion date 2026-02-06: DB Total=36km, Saved SS=0km, Derived Base=36km (display base; JS adds current SS)
INFO - 2025-12-29 12:10:42 --> Itinerary expansion date 2026-02-05: Derived Base=236km (no SS added)
INFO - 2025-12-29 12:10:42 --> Itinerary expansion date 2026-02-05: Derived Base=236km (no SS added)
INFO - 2025-12-29 12:10:42 --> Itinerary expansion date 2026-02-05: Derived Base=236km (no SS added)
INFO - 2025-12-29 12:10:42 --> Itinerary expansion date 2026-02-05: Derived Base=236km (no SS added)
INFO - 2025-12-29 12:10:42 --> Itinerary expansion date 2026-02-06: Derived Base=0km (no SS added)
INFO - 2025-12-29 12:10:42 --> Itinerary expansion date 2026-02-06: Derived Base=0km (no SS added)
INFO - 2025-12-29 12:10:42 --> Itinerary expansion date 2026-02-06: Derived Base=0km (no SS added)
INFO - 2025-12-29 12:10:42 --> Itinerary expansion date 2026-02-06: Derived Base=0km (no SS added)
DEBUG - 2025-12-29 06:40:45 --> Session: Class initialized using 'CodeIgniter\Session\Handlers\FileHandler' driver.
DEBUG - 2025-12-29 06:40:45 --> Session: Class initialized using 'CodeIgniter\Session\Handlers\FileHandler' driver.
DEBUG - 2025-12-29 06:40:48 --> Session: Class initialized using 'CodeIgniter\Session\Handlers\FileHandler' driver.
DEBUG - 2025-12-29 06:40:51 --> Session: Class initialized using 'CodeIgniter\Session\Handlers\FileHandler' driver.
DEBUG - 2025-12-29 06:40:51 --> Session: Class initialized using 'CodeIgniter\Session\Handlers\FileHandler' driver.
DEBUG - 2025-12-29 06:40:52 --> Session: Class initialized using 'CodeIgniter\Session\Handlers\FileHandler' driver.
DEBUG - 2025-12-29 06:40:53 --> Session: Class initialized using 'CodeIgniter\Session\Handlers\FileHandler' driver.
DEBUG - 2025-12-29 06:40:54 --> Session: Class initialized using 'CodeIgniter\Session\Handlers\FileHandler' driver.
DEBUG - 2025-12-29 06:40:54 --> Session: Class initialized using 'CodeIgniter\Session\Handlers\FileHandler' driver.
DEBUG - 2025-12-29 06:40:55 --> Session: Class initialized using 'CodeIgniter\Session\Handlers\FileHandler' driver.
INFO - 2025-12-29 06:40:55 --> SKIPPED defaults for Day 1 (date 2026-02-05) - using pre-loaded data (had_saved: yes, force_fresh: no)
INFO - 2025-12-29 06:40:55 --> SKIPPED defaults for Day 2 (date 2026-02-06) - using pre-loaded data (had_saved: yes, force_fresh: no)
INFO - 2025-12-29 06:40:55 --> Expansion date 2026-02-05: DB Total=36km, Saved SS=400km, Derived Base=0km (display base; JS adds current SS)
INFO - 2025-12-29 06:40:55 --> Expansion date 2026-02-05: DB Total=36km, Saved SS=400km, Derived Base=0km (display base; JS adds current SS)
INFO - 2025-12-29 06:40:55 --> Expansion date 2026-02-05: DB Total=36km, Saved SS=400km, Derived Base=0km (display base; JS adds current SS)
INFO - 2025-12-29 06:40:55 --> Expansion date 2026-02-05: DB Total=36km, Saved SS=400km, Derived Base=0km (display base; JS adds current SS)
INFO - 2025-12-29 06:40:55 --> Expansion date 2026-02-06: DB Total=36km, Saved SS=0km, Derived Base=36km (display base; JS adds current SS)
INFO - 2025-12-29 06:40:55 --> Expansion date 2026-02-06: DB Total=36km, Saved SS=0km, Derived Base=36km (display base; JS adds current SS)
INFO - 2025-12-29 06:40:55 --> Expansion date 2026-02-06: DB Total=36km, Saved SS=0km, Derived Base=36km (display base; JS adds current SS)
INFO - 2025-12-29 06:40:55 --> Expansion date 2026-02-06: DB Total=36km, Saved SS=0km, Derived Base=36km (display base; JS adds current SS)
INFO - 2025-12-29 06:40:55 --> Itinerary expansion date 2026-02-05: Derived Base=236km (no SS added)
INFO - 2025-12-29 06:40:55 --> Itinerary expansion date 2026-02-05: Derived Base=236km (no SS added)
INFO - 2025-12-29 06:40:55 --> Itinerary expansion date 2026-02-05: Derived Base=236km (no SS added)
INFO - 2025-12-29 06:40:55 --> Itinerary expansion date 2026-02-05: Derived Base=236km (no SS added)
INFO - 2025-12-29 06:40:55 --> Itinerary expansion date 2026-02-06: Derived Base=0km (no SS added)
INFO - 2025-12-29 06:40:55 --> Itinerary expansion date 2026-02-06: Derived Base=0km (no SS added)
INFO - 2025-12-29 06:40:55 --> Itinerary expansion date 2026-02-06: Derived Base=0km (no SS added)
INFO - 2025-12-29 06:40:55 --> Itinerary expansion date 2026-02-06: Derived Base=0km (no SS added)
DEBUG - 2025-12-29 06:41:00 --> Session: Class initialized using 'CodeIgniter\Session\Handlers\FileHandler' driver.
DEBUG - 2025-12-29 06:41:00 --> Session: Class initialized using 'CodeIgniter\Session\Handlers\FileHandler' driver.
DEBUG - 2025-12-29 06:41:02 --> Session: Class initialized using 'CodeIgniter\Session\Handlers\FileHandler' driver.
DEBUG - 2025-12-29 06:41:04 --> Session: Class initialized using 'CodeIgniter\Session\Handlers\FileHandler' driver.
DEBUG - 2025-12-29 06:41:07 --> Session: Class initialized using 'CodeIgniter\Session\Handlers\FileHandler' driver.
DEBUG - 2025-12-29 06:41:08 --> Session: Class initialized using 'CodeIgniter\Session\Handlers\FileHandler' driver.
DEBUG - 2025-12-29 06:41:09 --> Session: Class initialized using 'CodeIgniter\Session\Handlers\FileHandler' driver.
INFO - 2025-12-29 06:41:09 --> SKIPPED defaults for Day 1 (date 2026-02-05) - using pre-loaded data (had_saved: yes, force_fresh: no)
INFO - 2025-12-29 06:41:09 --> SKIPPED defaults for Day 2 (date 2026-02-06) - using pre-loaded data (had_saved: yes, force_fresh: no)
INFO - 2025-12-29 06:41:09 --> Expansion date 2026-02-05: DB Total=36km, Saved SS=200km, Derived Base=0km (display base; JS adds current SS)
INFO - 2025-12-29 06:41:09 --> Expansion date 2026-02-05: DB Total=36km, Saved SS=200km, Derived Base=0km (display base; JS adds current SS)
INFO - 2025-12-29 06:41:09 --> Expansion date 2026-02-05: DB Total=36km, Saved SS=200km, Derived Base=0km (display base; JS adds current SS)
INFO - 2025-12-29 06:41:09 --> Expansion date 2026-02-05: DB Total=36km, Saved SS=200km, Derived Base=0km (display base; JS adds current SS)
INFO - 2025-12-29 06:41:09 --> Expansion date 2026-02-06: DB Total=36km, Saved SS=0km, Derived Base=36km (display base; JS adds current SS)
INFO - 2025-12-29 06:41:09 --> Expansion date 2026-02-06: DB Total=36km, Saved SS=0km, Derived Base=36km (display base; JS adds current SS)
INFO - 2025-12-29 06:41:09 --> Expansion date 2026-02-06: DB Total=36km, Saved SS=0km, Derived Base=36km (display base; JS adds current SS)
INFO - 2025-12-29 06:41:09 --> Expansion date 2026-02-06: DB Total=36km, Saved SS=0km, Derived Base=36km (display base; JS adds current SS)
INFO - 2025-12-29 06:41:09 --> Itinerary expansion date 2026-02-05: Derived Base=36km (no SS added)
INFO - 2025-12-29 06:41:09 --> Itinerary expansion date 2026-02-05: Derived Base=36km (no SS added)
INFO - 2025-12-29 06:41:09 --> Itinerary expansion date 2026-02-05: Derived Base=36km (no SS added)
INFO - 2025-12-29 06:41:09 --> Itinerary expansion date 2026-02-05: Derived Base=36km (no SS added)
INFO - 2025-12-29 06:41:09 --> Itinerary expansion date 2026-02-06: Derived Base=0km (no SS added)
INFO - 2025-12-29 06:41:09 --> Itinerary expansion date 2026-02-06: Derived Base=0km (no SS added)
INFO - 2025-12-29 06:41:09 --> Itinerary expansion date 2026-02-06: Derived Base=0km (no SS added)
INFO - 2025-12-29 06:41:09 --> Itinerary expansion date 2026-02-06: Derived Base=0km (no SS added)
DEBUG - 2025-12-29 07:03:00 --> Session: Class initialized using 'CodeIgniter\Session\Handlers\FileHandler' driver.
DEBUG - 2025-12-29 07:03:02 --> Session: Class initialized using 'CodeIgniter\Session\Handlers\FileHandler' driver.
DEBUG - 2025-12-29 07:03:02 --> Session: Class initialized using 'CodeIgniter\Session\Handlers\FileHandler' driver.
DEBUG - 2025-12-29 07:03:05 --> Session: Class initialized using 'CodeIgniter\Session\Handlers\FileHandler' driver.
DEBUG - 2025-12-29 07:03:06 --> Session: Class initialized using 'CodeIgniter\Session\Handlers\FileHandler' driver.
DEBUG - 2025-12-29 07:03:30 --> Session: Class initialized using 'CodeIgniter\Session\Handlers\FileHandler' driver.
DEBUG - 2025-12-29 07:03:32 --> Session: Class initialized using 'CodeIgniter\Session\Handlers\FileHandler' driver.
DEBUG - 2025-12-29 07:03:32 --> Session: Class initialized using 'CodeIgniter\Session\Handlers\FileHandler' driver.
DEBUG - 2025-12-29 07:03:32 --> Session: Class initialized using 'CodeIgniter\Session\Handlers\FileHandler' driver.
DEBUG - 2025-12-29 07:03:36 --> Session: Class initialized using 'CodeIgniter\Session\Handlers\FileHandler' driver.
DEBUG - 2025-12-29 07:03:38 --> Session: Class initialized using 'CodeIgniter\Session\Handlers\FileHandler' driver.
DEBUG - 2025-12-29 07:03:38 --> Session: Class initialized using 'CodeIgniter\Session\Handlers\FileHandler' driver.
DEBUG - 2025-12-29 07:03:39 --> Session: Class initialized using 'CodeIgniter\Session\Handlers\FileHandler' driver.
INFO - 2025-12-29 07:03:39 --> === FRESH ITINERARY MODE ===
INFO - 2025-12-29 07:03:39 --> Loading from last saved itinerary, extension_ref_id: 577
INFO - 2025-12-29 07:03:39 --> Getting itinerary by extension_ref_id only: 577
INFO - 2025-12-29 07:03:39 --> Loaded 3 records from last saved itinerary
DEBUG - 2025-12-29 07:03:39 --> Fresh SS match check: Day 1 (date 2026-02-05) | Current: tour_id=1985, location='9', hotel_id=401 | Prev Day 1: tour_id=1983, location='9', hotel_id=401, ext_ref=577 | LocationMatch=YES | HotelMatch=YES
INFO - 2025-12-29 07:03:39 --> Fresh: SUCCESSFULLY pre-loaded SS, Special Events & Addons for Day 1 (date 2026-02-05) from extension_ref_id 577 | SS count: 2
INFO - 2025-12-29 07:03:39 --> SKIPPED defaults for Day 1 (date 2026-02-05) - using pre-loaded data (had_saved: yes, force_fresh: yes)
DEBUG - 2025-12-29 07:03:39 --> Fresh SS match check: Day 2 (date 2026-02-06) | Current: tour_id=1985, location='9', hotel_id=401 | Prev Day 1: tour_id=1983, location='9', hotel_id=401, ext_ref=577 | LocationMatch=YES | HotelMatch=YES
DEBUG - 2025-12-29 07:03:39 --> Fresh SS match check: Day 2 (date 2026-02-06) | Current: tour_id=1985, location='9', hotel_id=401 | Prev Day 2: tour_id=1983, location='9', hotel_id=401, ext_ref=577 | LocationMatch=YES | HotelMatch=YES
INFO - 2025-12-29 07:03:39 --> Fresh: SUCCESSFULLY pre-loaded SS, Special Events & Addons for Day 2 (date 2026-02-06) from extension_ref_id 577 | SS count: 0
INFO - 2025-12-29 07:03:39 --> SKIPPED defaults for Day 2 (date 2026-02-06) - using pre-loaded data (had_saved: yes, force_fresh: yes)
INFO - 2025-12-29 07:03:39 --> Expansion date 2026-02-05: DB Total=36km, Saved SS=400km, Derived Base=0km (display base; JS adds current SS)
INFO - 2025-12-29 07:03:39 --> Expansion date 2026-02-05: DB Total=36km, Saved SS=400km, Derived Base=0km (display base; JS adds current SS)
INFO - 2025-12-29 07:03:39 --> Expansion date 2026-02-05: DB Total=36km, Saved SS=400km, Derived Base=0km (display base; JS adds current SS)
INFO - 2025-12-29 07:03:39 --> Expansion date 2026-02-05: DB Total=36km, Saved SS=400km, Derived Base=0km (display base; JS adds current SS)
INFO - 2025-12-29 07:03:39 --> Expansion date 2026-02-06: DB Total=36km, Saved SS=0km, Derived Base=36km (display base; JS adds current SS)
INFO - 2025-12-29 07:03:39 --> Expansion date 2026-02-06: DB Total=36km, Saved SS=0km, Derived Base=36km (display base; JS adds current SS)
INFO - 2025-12-29 07:03:39 --> Expansion date 2026-02-06: DB Total=36km, Saved SS=0km, Derived Base=36km (display base; JS adds current SS)
INFO - 2025-12-29 07:03:39 --> Expansion date 2026-02-06: DB Total=36km, Saved SS=0km, Derived Base=36km (display base; JS adds current SS)
DEBUG - 2025-12-29 07:03:45 --> Session: Class initialized using 'CodeIgniter\Session\Handlers\FileHandler' driver.
DEBUG - 2025-12-29 07:03:45 --> Session: Class initialized using 'CodeIgniter\Session\Handlers\FileHandler' driver.
INFO - 2025-12-29 07:03:45 --> === FRESH ITINERARY MODE ===
INFO - 2025-12-29 07:03:45 --> Loading from last saved itinerary, extension_ref_id: 577
INFO - 2025-12-29 07:03:45 --> Getting itinerary by extension_ref_id only: 577
INFO - 2025-12-29 07:03:45 --> Loaded 3 records from last saved itinerary
INFO - 2025-12-29 07:03:45 --> SKIPPED defaults for Day 1 (date 2026-02-05) - using pre-loaded data (had_saved: yes, force_fresh: no)
INFO - 2025-12-29 07:03:45 --> SKIPPED defaults for Day 2 (date 2026-02-06) - using pre-loaded data (had_saved: yes, force_fresh: no)
INFO - 2025-12-29 07:03:45 --> Expansion date 2026-02-05: DB Total=36km, Saved SS=400km, Derived Base=0km (display base; JS adds current SS)
INFO - 2025-12-29 07:03:45 --> Expansion date 2026-02-05: DB Total=36km, Saved SS=400km, Derived Base=0km (display base; JS adds current SS)
INFO - 2025-12-29 07:03:45 --> Expansion date 2026-02-05: DB Total=36km, Saved SS=400km, Derived Base=0km (display base; JS adds current SS)
INFO - 2025-12-29 07:03:45 --> Expansion date 2026-02-05: DB Total=36km, Saved SS=400km, Derived Base=0km (display base; JS adds current SS)
INFO - 2025-12-29 07:03:45 --> Expansion date 2026-02-06: DB Total=36km, Saved SS=0km, Derived Base=36km (display base; JS adds current SS)
INFO - 2025-12-29 07:03:45 --> Expansion date 2026-02-06: DB Total=36km, Saved SS=0km, Derived Base=36km (display base; JS adds current SS)
INFO - 2025-12-29 07:03:45 --> Expansion date 2026-02-06: DB Total=36km, Saved SS=0km, Derived Base=36km (display base; JS adds current SS)
INFO - 2025-12-29 07:03:45 --> Expansion date 2026-02-06: DB Total=36km, Saved SS=0km, Derived Base=36km (display base; JS adds current SS)
INFO - 2025-12-29 07:03:45 --> Itinerary expansion date 2026-02-05: Derived Base=636km (no SS added)
INFO - 2025-12-29 07:03:45 --> Itinerary expansion date 2026-02-05: Derived Base=636km (no SS added)
INFO - 2025-12-29 07:03:45 --> Itinerary expansion date 2026-02-05: Derived Base=636km (no SS added)
INFO - 2025-12-29 07:03:45 --> Itinerary expansion date 2026-02-05: Derived Base=636km (no SS added)
INFO - 2025-12-29 07:03:45 --> Itinerary expansion date 2026-02-06: Derived Base=0km (no SS added)
INFO - 2025-12-29 07:03:45 --> Itinerary expansion date 2026-02-06: Derived Base=0km (no SS added)
INFO - 2025-12-29 07:03:45 --> Itinerary expansion date 2026-02-06: Derived Base=0km (no SS added)
INFO - 2025-12-29 07:03:45 --> Itinerary expansion date 2026-02-06: Derived Base=0km (no SS added)
DEBUG - 2025-12-29 07:09:38 --> Session: Class initialized using 'CodeIgniter\Session\Handlers\FileHandler' driver.
DEBUG - 2025-12-29 07:09:38 --> Session: Class initialized using 'CodeIgniter\Session\Handlers\FileHandler' driver.
DEBUG - 2025-12-29 07:09:39 --> Session: Class initialized using 'CodeIgniter\Session\Handlers\FileHandler' driver.
DEBUG - 2025-12-29 07:09:39 --> Session: Class initialized using 'CodeIgniter\Session\Handlers\FileHandler' driver.
DEBUG - 2025-12-29 07:09:45 --> Session: Class initialized using 'CodeIgniter\Session\Handlers\FileHandler' driver.
DEBUG - 2025-12-29 07:09:45 --> Session: Class initialized using 'CodeIgniter\Session\Handlers\FileHandler' driver.
DEBUG - 2025-12-29 07:09:48 --> Session: Class initialized using 'CodeIgniter\Session\Handlers\FileHandler' driver.
DEBUG - 2025-12-29 07:09:50 --> Session: Class initialized using 'CodeIgniter\Session\Handlers\FileHandler' driver.
DEBUG - 2025-12-29 07:09:52 --> Session: Class initialized using 'CodeIgniter\Session\Handlers\FileHandler' driver.
DEBUG - 2025-12-29 07:09:52 --> Session: Class initialized using 'CodeIgniter\Session\Handlers\FileHandler' driver.
DEBUG - 2025-12-29 07:09:53 --> Session: Class initialized using 'CodeIgniter\Session\Handlers\FileHandler' driver.
DEBUG - 2025-12-29 07:09:53 --> Session: Class initialized using 'CodeIgniter\Session\Handlers\FileHandler' driver.
DEBUG - 2025-12-29 07:10:29 --> Session: Class initialized using 'CodeIgniter\Session\Handlers\FileHandler' driver.
DEBUG - 2025-12-29 07:10:30 --> Session: Class initialized using 'CodeIgniter\Session\Handlers\FileHandler' driver.
DEBUG - 2025-12-29 08:45:58 --> Session: Class initialized using 'CodeIgniter\Session\Handlers\FileHandler' driver.
INFO - 2025-12-29 08:45:58 --> === MAKE CURRENT MODE ===
INFO - 2025-12-29 08:45:58 --> Loading previous itinerary for tour_plan_ref_id: 1982
INFO - 2025-12-29 08:45:58 --> Current extension_ref_id: 576
INFO - 2025-12-29 08:45:58 --> Getting previous itinerary for specific tour plan: tour_plan_ref_id=1982
INFO - 2025-12-29 08:45:58 --> Loading from source tour_details_id: 1982
INFO - 2025-12-29 08:45:58 --> Found extension_ref_id: 576 for source tour plan
INFO - 2025-12-29 08:45:58 --> Loaded 3 previous itinerary records
INFO - 2025-12-29 08:45:58 --> Loaded 3 records from SPECIFIC tour plan previous version
DEBUG - 2025-12-29 08:45:58 --> Previous record: tour_date=2026-02-05, tour_details_id=1982, extension_ref_id=576
DEBUG - 2025-12-29 08:45:58 --> Previous record: tour_date=2026-02-06, tour_details_id=1982, extension_ref_id=576
DEBUG - 2025-12-29 08:45:58 --> Previous record: tour_date=2026-02-07, tour_details_id=1982, extension_ref_id=576
INFO - 2025-12-29 14:15:58 --> SKIPPED defaults for Day 1 (date 2026-02-05) - using pre-loaded data (had_saved: yes, force_fresh: no)
INFO - 2025-12-29 14:15:58 --> SKIPPED defaults for Day 2 (date 2026-02-06) - using pre-loaded data (had_saved: yes, force_fresh: no)
INFO - 2025-12-29 14:15:58 --> Expansion date 2026-02-05: DB Total=36km, Saved SS=200km, Derived Base=0km (display base; JS adds current SS)
INFO - 2025-12-29 14:15:58 --> Expansion date 2026-02-05: DB Total=36km, Saved SS=200km, Derived Base=0km (display base; JS adds current SS)
INFO - 2025-12-29 14:15:58 --> Expansion date 2026-02-05: DB Total=36km, Saved SS=200km, Derived Base=0km (display base; JS adds current SS)
INFO - 2025-12-29 14:15:58 --> Expansion date 2026-02-05: DB Total=36km, Saved SS=200km, Derived Base=0km (display base; JS adds current SS)
INFO - 2025-12-29 14:15:58 --> Expansion date 2026-02-06: DB Total=36km, Saved SS=0km, Derived Base=36km (display base; JS adds current SS)
INFO - 2025-12-29 14:15:58 --> Expansion date 2026-02-06: DB Total=36km, Saved SS=0km, Derived Base=36km (display base; JS adds current SS)
INFO - 2025-12-29 14:15:58 --> Expansion date 2026-02-06: DB Total=36km, Saved SS=0km, Derived Base=36km (display base; JS adds current SS)
INFO - 2025-12-29 14:15:58 --> Expansion date 2026-02-06: DB Total=36km, Saved SS=0km, Derived Base=36km (display base; JS adds current SS)
INFO - 2025-12-29 14:15:58 --> Itinerary expansion date 2026-02-05: Derived Base=36km (no SS added)
INFO - 2025-12-29 14:15:58 --> Itinerary expansion date 2026-02-05: Derived Base=36km (no SS added)
INFO - 2025-12-29 14:15:58 --> Itinerary expansion date 2026-02-05: Derived Base=36km (no SS added)
INFO - 2025-12-29 14:15:58 --> Itinerary expansion date 2026-02-05: Derived Base=36km (no SS added)
INFO - 2025-12-29 14:15:58 --> Itinerary expansion date 2026-02-06: Derived Base=0km (no SS added)
INFO - 2025-12-29 14:15:58 --> Itinerary expansion date 2026-02-06: Derived Base=0km (no SS added)
INFO - 2025-12-29 14:15:58 --> Itinerary expansion date 2026-02-06: Derived Base=0km (no SS added)
INFO - 2025-12-29 14:15:58 --> Itinerary expansion date 2026-02-06: Derived Base=0km (no SS added)
DEBUG - 2025-12-29 08:46:04 --> Session: Class initialized using 'CodeIgniter\Session\Handlers\FileHandler' driver.
DEBUG - 2025-12-29 08:46:04 --> Session: Class initialized using 'CodeIgniter\Session\Handlers\FileHandler' driver.
DEBUG - 2025-12-29 08:46:07 --> Session: Class initialized using 'CodeIgniter\Session\Handlers\FileHandler' driver.
INFO - 2025-12-29 08:46:07 --> SKIPPED defaults for Day 1 (date 2026-02-05) - using pre-loaded data (had_saved: yes, force_fresh: no)
INFO - 2025-12-29 08:46:07 --> SKIPPED defaults for Day 2 (date 2026-02-06) - using pre-loaded data (had_saved: yes, force_fresh: no)
INFO - 2025-12-29 08:46:07 --> Expansion date 2026-02-05: DB Total=36km, Saved SS=200km, Derived Base=0km (display base; JS adds current SS)
INFO - 2025-12-29 08:46:07 --> Expansion date 2026-02-05: DB Total=36km, Saved SS=200km, Derived Base=0km (display base; JS adds current SS)
INFO - 2025-12-29 08:46:07 --> Expansion date 2026-02-05: DB Total=36km, Saved SS=200km, Derived Base=0km (display base; JS adds current SS)
INFO - 2025-12-29 08:46:07 --> Expansion date 2026-02-05: DB Total=36km, Saved SS=200km, Derived Base=0km (display base; JS adds current SS)
INFO - 2025-12-29 08:46:07 --> Expansion date 2026-02-06: DB Total=36km, Saved SS=0km, Derived Base=36km (display base; JS adds current SS)
INFO - 2025-12-29 08:46:07 --> Expansion date 2026-02-06: DB Total=36km, Saved SS=0km, Derived Base=36km (display base; JS adds current SS)
INFO - 2025-12-29 08:46:07 --> Expansion date 2026-02-06: DB Total=36km, Saved SS=0km, Derived Base=36km (display base; JS adds current SS)
INFO - 2025-12-29 08:46:07 --> Expansion date 2026-02-06: DB Total=36km, Saved SS=0km, Derived Base=36km (display base; JS adds current SS)
INFO - 2025-12-29 08:46:07 --> Itinerary expansion date 2026-02-05: Derived Base=36km (no SS added)
INFO - 2025-12-29 08:46:07 --> Itinerary expansion date 2026-02-05: Derived Base=36km (no SS added)
INFO - 2025-12-29 08:46:07 --> Itinerary expansion date 2026-02-05: Derived Base=36km (no SS added)
INFO - 2025-12-29 08:46:07 --> Itinerary expansion date 2026-02-05: Derived Base=36km (no SS added)
INFO - 2025-12-29 08:46:07 --> Itinerary expansion date 2026-02-06: Derived Base=0km (no SS added)
INFO - 2025-12-29 08:46:07 --> Itinerary expansion date 2026-02-06: Derived Base=0km (no SS added)
INFO - 2025-12-29 08:46:07 --> Itinerary expansion date 2026-02-06: Derived Base=0km (no SS added)
INFO - 2025-12-29 08:46:07 --> Itinerary expansion date 2026-02-06: Derived Base=0km (no SS added)
DEBUG - 2025-12-29 08:46:10 --> Session: Class initialized using 'CodeIgniter\Session\Handlers\FileHandler' driver.
DEBUG - 2025-12-29 08:46:10 --> Session: Class initialized using 'CodeIgniter\Session\Handlers\FileHandler' driver.
DEBUG - 2025-12-29 08:46:12 --> Session: Class initialized using 'CodeIgniter\Session\Handlers\FileHandler' driver.
DEBUG - 2025-12-29 08:46:13 --> Session: Class initialized using 'CodeIgniter\Session\Handlers\FileHandler' driver.
DEBUG - 2025-12-29 08:46:15 --> Session: Class initialized using 'CodeIgniter\Session\Handlers\FileHandler' driver.
DEBUG - 2025-12-29 08:46:15 --> Session: Class initialized using 'CodeIgniter\Session\Handlers\FileHandler' driver.
DEBUG - 2025-12-29 08:46:16 --> Session: Class initialized using 'CodeIgniter\Session\Handlers\FileHandler' driver.
INFO - 2025-12-29 08:46:16 --> SKIPPED defaults for Day 1 (date 2026-02-05) - using pre-loaded data (had_saved: yes, force_fresh: no)
INFO - 2025-12-29 08:46:16 --> SKIPPED defaults for Day 2 (date 2026-02-06) - using pre-loaded data (had_saved: yes, force_fresh: no)
INFO - 2025-12-29 08:46:16 --> Expansion date 2026-02-05: DB Total=36km, Saved SS=400km, Derived Base=0km (display base; JS adds current SS)
INFO - 2025-12-29 08:46:16 --> Expansion date 2026-02-05: DB Total=36km, Saved SS=400km, Derived Base=0km (display base; JS adds current SS)
INFO - 2025-12-29 08:46:16 --> Expansion date 2026-02-05: DB Total=36km, Saved SS=400km, Derived Base=0km (display base; JS adds current SS)
INFO - 2025-12-29 08:46:16 --> Expansion date 2026-02-05: DB Total=36km, Saved SS=400km, Derived Base=0km (display base; JS adds current SS)
INFO - 2025-12-29 08:46:16 --> Expansion date 2026-02-06: DB Total=36km, Saved SS=0km, Derived Base=36km (display base; JS adds current SS)
INFO - 2025-12-29 08:46:16 --> Expansion date 2026-02-06: DB Total=36km, Saved SS=0km, Derived Base=36km (display base; JS adds current SS)
INFO - 2025-12-29 08:46:16 --> Expansion date 2026-02-06: DB Total=36km, Saved SS=0km, Derived Base=36km (display base; JS adds current SS)
INFO - 2025-12-29 08:46:16 --> Expansion date 2026-02-06: DB Total=36km, Saved SS=0km, Derived Base=36km (display base; JS adds current SS)
INFO - 2025-12-29 08:46:16 --> Itinerary expansion date 2026-02-05: Derived Base=236km (no SS added)
INFO - 2025-12-29 08:46:16 --> Itinerary expansion date 2026-02-05: Derived Base=236km (no SS added)
INFO - 2025-12-29 08:46:16 --> Itinerary expansion date 2026-02-05: Derived Base=236km (no SS added)
INFO - 2025-12-29 08:46:16 --> Itinerary expansion date 2026-02-05: Derived Base=236km (no SS added)
INFO - 2025-12-29 08:46:16 --> Itinerary expansion date 2026-02-06: Derived Base=0km (no SS added)
INFO - 2025-12-29 08:46:16 --> Itinerary expansion date 2026-02-06: Derived Base=0km (no SS added)
INFO - 2025-12-29 08:46:16 --> Itinerary expansion date 2026-02-06: Derived Base=0km (no SS added)
INFO - 2025-12-29 08:46:16 --> Itinerary expansion date 2026-02-06: Derived Base=0km (no SS added)
DEBUG - 2025-12-29 08:46:19 --> Session: Class initialized using 'CodeIgniter\Session\Handlers\FileHandler' driver.
DEBUG - 2025-12-29 08:46:19 --> Session: Class initialized using 'CodeIgniter\Session\Handlers\FileHandler' driver.
DEBUG - 2025-12-29 08:46:21 --> Session: Class initialized using 'CodeIgniter\Session\Handlers\FileHandler' driver.
DEBUG - 2025-12-29 08:46:22 --> Session: Class initialized using 'CodeIgniter\Session\Handlers\FileHandler' driver.
DEBUG - 2025-12-29 08:46:23 --> Session: Class initialized using 'CodeIgniter\Session\Handlers\FileHandler' driver.
INFO - 2025-12-29 08:46:23 --> SKIPPED defaults for Day 1 (date 2026-02-05) - using pre-loaded data (had_saved: yes, force_fresh: no)
INFO - 2025-12-29 08:46:23 --> SKIPPED defaults for Day 2 (date 2026-02-06) - using pre-loaded data (had_saved: yes, force_fresh: no)
INFO - 2025-12-29 08:46:23 --> Expansion date 2026-02-05: DB Total=36km, Saved SS=200km, Derived Base=0km (display base; JS adds current SS)
INFO - 2025-12-29 08:46:23 --> Expansion date 2026-02-05: DB Total=36km, Saved SS=200km, Derived Base=0km (display base; JS adds current SS)
INFO - 2025-12-29 08:46:23 --> Expansion date 2026-02-05: DB Total=36km, Saved SS=200km, Derived Base=0km (display base; JS adds current SS)
INFO - 2025-12-29 08:46:23 --> Expansion date 2026-02-05: DB Total=36km, Saved SS=200km, Derived Base=0km (display base; JS adds current SS)
INFO - 2025-12-29 08:46:23 --> Expansion date 2026-02-06: DB Total=36km, Saved SS=0km, Derived Base=36km (display base; JS adds current SS)
INFO - 2025-12-29 08:46:23 --> Expansion date 2026-02-06: DB Total=36km, Saved SS=0km, Derived Base=36km (display base; JS adds current SS)
INFO - 2025-12-29 08:46:23 --> Expansion date 2026-02-06: DB Total=36km, Saved SS=0km, Derived Base=36km (display base; JS adds current SS)
INFO - 2025-12-29 08:46:23 --> Expansion date 2026-02-06: DB Total=36km, Saved SS=0km, Derived Base=36km (display base; JS adds current SS)
INFO - 2025-12-29 08:46:23 --> Itinerary expansion date 2026-02-05: Derived Base=36km (no SS added)
INFO - 2025-12-29 08:46:23 --> Itinerary expansion date 2026-02-05: Derived Base=36km (no SS added)
INFO - 2025-12-29 08:46:23 --> Itinerary expansion date 2026-02-05: Derived Base=36km (no SS added)
INFO - 2025-12-29 08:46:23 --> Itinerary expansion date 2026-02-05: Derived Base=36km (no SS added)
INFO - 2025-12-29 08:46:23 --> Itinerary expansion date 2026-02-06: Derived Base=0km (no SS added)
INFO - 2025-12-29 08:46:23 --> Itinerary expansion date 2026-02-06: Derived Base=0km (no SS added)
INFO - 2025-12-29 08:46:23 --> Itinerary expansion date 2026-02-06: Derived Base=0km (no SS added)
INFO - 2025-12-29 08:46:23 --> Itinerary expansion date 2026-02-06: Derived Base=0km (no SS added)
DEBUG - 2025-12-29 08:46:31 --> Session: Class initialized using 'CodeIgniter\Session\Handlers\FileHandler' driver.
DEBUG - 2025-12-29 08:46:31 --> Session: Class initialized using 'CodeIgniter\Session\Handlers\FileHandler' driver.
DEBUG - 2025-12-29 08:46:33 --> Session: Class initialized using 'CodeIgniter\Session\Handlers\FileHandler' driver.
DEBUG - 2025-12-29 08:46:35 --> Session: Class initialized using 'CodeIgniter\Session\Handlers\FileHandler' driver.
DEBUG - 2025-12-29 08:46:35 --> Session: Class initialized using 'CodeIgniter\Session\Handlers\FileHandler' driver.
DEBUG - 2025-12-29 08:46:35 --> Session: Class initialized using 'CodeIgniter\Session\Handlers\FileHandler' driver.
DEBUG - 2025-12-29 08:46:39 --> Session: Class initialized using 'CodeIgniter\Session\Handlers\FileHandler' driver.
DEBUG - 2025-12-29 08:46:50 --> Session: Class initialized using 'CodeIgniter\Session\Handlers\FileHandler' driver.
DEBUG - 2025-12-29 08:46:52 --> Session: Class initialized using 'CodeIgniter\Session\Handlers\FileHandler' driver.
DEBUG - 2025-12-29 08:46:52 --> Session: Class initialized using 'CodeIgniter\Session\Handlers\FileHandler' driver.
DEBUG - 2025-12-29 08:46:53 --> Session: Class initialized using 'CodeIgniter\Session\Handlers\FileHandler' driver.
INFO - 2025-12-29 08:46:53 --> === FRESH ITINERARY MODE ===
INFO - 2025-12-29 08:46:53 --> Loading from last saved itinerary, extension_ref_id: 577
INFO - 2025-12-29 08:46:53 --> Loaded 3 records from last saved itinerary
DEBUG - 2025-12-29 08:46:53 --> Fresh SS match check: Day 1 (date 2026-02-05) | Current: tour_id=1986, location='9', hotel_id=401 | Prev Day 1: tour_id=1983, location='9', hotel_id=401, ext_ref=577 | LocationMatch=YES | HotelMatch=YES
INFO - 2025-12-29 08:46:53 --> Fresh: SUCCESSFULLY pre-loaded SS, Special Events & Addons for Day 1 (date 2026-02-05) from extension_ref_id 577 | SS count: 2
INFO - 2025-12-29 08:46:53 --> SKIPPED defaults for Day 1 (date 2026-02-05) - using pre-loaded data (had_saved: yes, force_fresh: yes)
DEBUG - 2025-12-29 08:46:53 --> Fresh SS match check: Day 2 (date 2026-02-06) | Current: tour_id=1986, location='9', hotel_id=401 | Prev Day 1: tour_id=1983, location='9', hotel_id=401, ext_ref=577 | LocationMatch=YES | HotelMatch=YES
DEBUG - 2025-12-29 08:46:53 --> Fresh SS match check: Day 2 (date 2026-02-06) | Current: tour_id=1986, location='9', hotel_id=401 | Prev Day 2: tour_id=1983, location='9', hotel_id=401, ext_ref=577 | LocationMatch=YES | HotelMatch=YES
INFO - 2025-12-29 08:46:53 --> Fresh: SUCCESSFULLY pre-loaded SS, Special Events & Addons for Day 2 (date 2026-02-06) from extension_ref_id 577 | SS count: 0
INFO - 2025-12-29 08:46:53 --> SKIPPED defaults for Day 2 (date 2026-02-06) - using pre-loaded data (had_saved: yes, force_fresh: yes)
INFO - 2025-12-29 08:46:53 --> Expansion date 2026-02-05: DB Total=36km, Saved SS=400km, Derived Base=0km (display base; JS adds current SS)
INFO - 2025-12-29 08:46:53 --> Expansion date 2026-02-05: DB Total=36km, Saved SS=400km, Derived Base=0km (display base; JS adds current SS)
INFO - 2025-12-29 08:46:53 --> Expansion date 2026-02-05: DB Total=36km, Saved SS=400km, Derived Base=0km (display base; JS adds current SS)
INFO - 2025-12-29 08:46:53 --> Expansion date 2026-02-05: DB Total=36km, Saved SS=400km, Derived Base=0km (display base; JS adds current SS)
INFO - 2025-12-29 08:46:53 --> Expansion date 2026-02-06: DB Total=36km, Saved SS=0km, Derived Base=36km (display base; JS adds current SS)
INFO - 2025-12-29 08:46:53 --> Expansion date 2026-02-06: DB Total=36km, Saved SS=0km, Derived Base=36km (display base; JS adds current SS)
INFO - 2025-12-29 08:46:53 --> Expansion date 2026-02-06: DB Total=36km, Saved SS=0km, Derived Base=36km (display base; JS adds current SS)
INFO - 2025-12-29 08:46:53 --> Expansion date 2026-02-06: DB Total=36km, Saved SS=0km, Derived Base=36km (display base; JS adds current SS)
DEBUG - 2025-12-29 08:54:15 --> Session: Class initialized using 'CodeIgniter\Session\Handlers\FileHandler' driver.
DEBUG - 2025-12-29 08:54:15 --> Session: Class initialized using 'CodeIgniter\Session\Handlers\FileHandler' driver.
DEBUG - 2025-12-29 08:54:16 --> Session: Class initialized using 'CodeIgniter\Session\Handlers\FileHandler' driver.
DEBUG - 2025-12-29 08:54:16 --> Session: Class initialized using 'CodeIgniter\Session\Handlers\FileHandler' driver.
DEBUG - 2025-12-29 08:54:20 --> Session: Class initialized using 'CodeIgniter\Session\Handlers\FileHandler' driver.
DEBUG - 2025-12-29 08:54:21 --> Session: Class initialized using 'CodeIgniter\Session\Handlers\FileHandler' driver.
DEBUG - 2025-12-29 08:54:36 --> Session: Class initialized using 'CodeIgniter\Session\Handlers\FileHandler' driver.
DEBUG - 2025-12-29 08:54:37 --> Session: Class initialized using 'CodeIgniter\Session\Handlers\FileHandler' driver.
DEBUG - 2025-12-29 08:54:37 --> Session: Class initialized using 'CodeIgniter\Session\Handlers\FileHandler' driver.
DEBUG - 2025-12-29 08:54:38 --> Session: Class initialized using 'CodeIgniter\Session\Handlers\FileHandler' driver.
DEBUG - 2025-12-29 08:54:41 --> Session: Class initialized using 'CodeIgniter\Session\Handlers\FileHandler' driver.
DEBUG - 2025-12-29 08:54:42 --> Session: Class initialized using 'CodeIgniter\Session\Handlers\FileHandler' driver.
DEBUG - 2025-12-29 08:54:42 --> Session: Class initialized using 'CodeIgniter\Session\Handlers\FileHandler' driver.
DEBUG - 2025-12-29 08:54:42 --> Session: Class initialized using 'CodeIgniter\Session\Handlers\FileHandler' driver.
DEBUG - 2025-12-29 08:54:44 --> Session: Class initialized using 'CodeIgniter\Session\Handlers\FileHandler' driver.
DEBUG - 2025-12-29 08:54:45 --> Session: Class initialized using 'CodeIgniter\Session\Handlers\FileHandler' driver.
DEBUG - 2025-12-29 08:54:46 --> Session: Class initialized using 'CodeIgniter\Session\Handlers\FileHandler' driver.
INFO - 2025-12-29 08:54:46 --> === FRESH ITINERARY MODE ===
INFO - 2025-12-29 08:54:46 --> Loading from last saved itinerary, extension_ref_id: 577
INFO - 2025-12-29 08:54:46 --> Loaded 3 records from last saved itinerary
DEBUG - 2025-12-29 08:54:46 --> Fresh SS match check: Day 1 (date 2026-02-05) | Current: tour_id=1987, location='9', hotel_id=401 | Prev Day 1: tour_id=1983, location='9', hotel_id=401, ext_ref=577 | LocationMatch=YES | HotelMatch=YES
INFO - 2025-12-29 08:54:46 --> Fresh: SUCCESSFULLY pre-loaded SS, Special Events & Addons for Day 1 (date 2026-02-05) from extension_ref_id 577 | SS count: 2
INFO - 2025-12-29 08:54:46 --> SKIPPED defaults for Day 1 (date 2026-02-05) - using pre-loaded data (had_saved: yes, force_fresh: yes)
DEBUG - 2025-12-29 08:54:46 --> Fresh SS match check: Day 2 (date 2026-02-06) | Current: tour_id=1987, location='9', hotel_id=401 | Prev Day 1: tour_id=1983, location='9', hotel_id=401, ext_ref=577 | LocationMatch=YES | HotelMatch=YES
DEBUG - 2025-12-29 08:54:46 --> Fresh SS match check: Day 2 (date 2026-02-06) | Current: tour_id=1987, location='9', hotel_id=401 | Prev Day 2: tour_id=1983, location='9', hotel_id=401, ext_ref=577 | LocationMatch=YES | HotelMatch=YES
INFO - 2025-12-29 08:54:46 --> Fresh: SUCCESSFULLY pre-loaded SS, Special Events & Addons for Day 2 (date 2026-02-06) from extension_ref_id 577 | SS count: 0
INFO - 2025-12-29 08:54:46 --> SKIPPED defaults for Day 2 (date 2026-02-06) - using pre-loaded data (had_saved: yes, force_fresh: yes)
INFO - 2025-12-29 08:54:46 --> Expansion date 2026-02-05: DB Total=36km, Saved SS=400km, Derived Base=0km (display base; JS adds current SS)
INFO - 2025-12-29 08:54:46 --> Expansion date 2026-02-05: DB Total=36km, Saved SS=400km, Derived Base=0km (display base; JS adds current SS)
INFO - 2025-12-29 08:54:46 --> Expansion date 2026-02-05: DB Total=36km, Saved SS=400km, Derived Base=0km (display base; JS adds current SS)
INFO - 2025-12-29 08:54:46 --> Expansion date 2026-02-05: DB Total=36km, Saved SS=400km, Derived Base=0km (display base; JS adds current SS)
INFO - 2025-12-29 08:54:46 --> Expansion date 2026-02-06: DB Total=36km, Saved SS=0km, Derived Base=36km (display base; JS adds current SS)
INFO - 2025-12-29 08:54:46 --> Expansion date 2026-02-06: DB Total=36km, Saved SS=0km, Derived Base=36km (display base; JS adds current SS)
INFO - 2025-12-29 08:54:46 --> Expansion date 2026-02-06: DB Total=36km, Saved SS=0km, Derived Base=36km (display base; JS adds current SS)
INFO - 2025-12-29 08:54:46 --> Expansion date 2026-02-06: DB Total=36km, Saved SS=0km, Derived Base=36km (display base; JS adds current SS)
DEBUG - 2025-12-29 08:56:46 --> Session: Class initialized using 'CodeIgniter\Session\Handlers\FileHandler' driver.
DEBUG - 2025-12-29 08:56:46 --> Session: Class initialized using 'CodeIgniter\Session\Handlers\FileHandler' driver.
DEBUG - 2025-12-29 08:56:49 --> Session: Class initialized using 'CodeIgniter\Session\Handlers\FileHandler' driver.
DEBUG - 2025-12-29 08:56:50 --> Session: Class initialized using 'CodeIgniter\Session\Handlers\FileHandler' driver.
DEBUG - 2025-12-29 08:56:52 --> Session: Class initialized using 'CodeIgniter\Session\Handlers\FileHandler' driver.
DEBUG - 2025-12-29 08:56:54 --> Session: Class initialized using 'CodeIgniter\Session\Handlers\FileHandler' driver.
DEBUG - 2025-12-29 08:56:55 --> Session: Class initialized using 'CodeIgniter\Session\Handlers\FileHandler' driver.
DEBUG - 2025-12-29 08:56:56 --> Session: Class initialized using 'CodeIgniter\Session\Handlers\FileHandler' driver.
DEBUG - 2025-12-29 08:56:57 --> Session: Class initialized using 'CodeIgniter\Session\Handlers\FileHandler' driver.
DEBUG - 2025-12-29 08:56:57 --> Session: Class initialized using 'CodeIgniter\Session\Handlers\FileHandler' driver.
DEBUG - 2025-12-29 08:57:02 --> Session: Class initialized using 'CodeIgniter\Session\Handlers\FileHandler' driver.
DEBUG - 2025-12-29 08:57:04 --> Session: Class initialized using 'CodeIgniter\Session\Handlers\FileHandler' driver.
DEBUG - 2025-12-29 08:57:04 --> Session: Class initialized using 'CodeIgniter\Session\Handlers\FileHandler' driver.
DEBUG - 2025-12-29 09:09:21 --> Session: Class initialized using 'CodeIgniter\Session\Handlers\FileHandler' driver.
DEBUG - 2025-12-29 09:09:21 --> Session: Class initialized using 'CodeIgniter\Session\Handlers\FileHandler' driver.
DEBUG - 2025-12-29 09:09:22 --> Session: Class initialized using 'CodeIgniter\Session\Handlers\FileHandler' driver.
DEBUG - 2025-12-29 09:09:22 --> Session: Class initialized using 'CodeIgniter\Session\Handlers\FileHandler' driver.
DEBUG - 2025-12-29 09:09:26 --> Session: Class initialized using 'CodeIgniter\Session\Handlers\FileHandler' driver.
DEBUG - 2025-12-29 09:09:27 --> Session: Class initialized using 'CodeIgniter\Session\Handlers\FileHandler' driver.
DEBUG - 2025-12-29 09:09:27 --> Session: Class initialized using 'CodeIgniter\Session\Handlers\FileHandler' driver.
DEBUG - 2025-12-29 09:09:27 --> Session: Class initialized using 'CodeIgniter\Session\Handlers\FileHandler' driver.
DEBUG - 2025-12-29 09:09:31 --> Session: Class initialized using 'CodeIgniter\Session\Handlers\FileHandler' driver.
DEBUG - 2025-12-29 09:09:33 --> Session: Class initialized using 'CodeIgniter\Session\Handlers\FileHandler' driver.
DEBUG - 2025-12-29 09:09:33 --> Session: Class initialized using 'CodeIgniter\Session\Handlers\FileHandler' driver.
DEBUG - 2025-12-29 09:10:21 --> Session: Class initialized using 'CodeIgniter\Session\Handlers\FileHandler' driver.
DEBUG - 2025-12-29 09:10:22 --> Session: Class initialized using 'CodeIgniter\Session\Handlers\FileHandler' driver.
DEBUG - 2025-12-29 09:10:22 --> Session: Class initialized using 'CodeIgniter\Session\Handlers\FileHandler' driver.
DEBUG - 2025-12-29 09:10:22 --> Session: Class initialized using 'CodeIgniter\Session\Handlers\FileHandler' driver.
DEBUG - 2025-12-29 09:10:26 --> Session: Class initialized using 'CodeIgniter\Session\Handlers\FileHandler' driver.
DEBUG - 2025-12-29 09:10:31 --> Session: Class initialized using 'CodeIgniter\Session\Handlers\FileHandler' driver.
DEBUG - 2025-12-29 09:10:31 --> Session: Class initialized using 'CodeIgniter\Session\Handlers\FileHandler' driver.
DEBUG - 2025-12-29 09:10:32 --> Session: Class initialized using 'CodeIgniter\Session\Handlers\FileHandler' driver.
INFO - 2025-12-29 09:10:32 --> === FRESH ITINERARY MODE ===
INFO - 2025-12-29 09:10:32 --> Loading from last saved itinerary, extension_ref_id: 575
INFO - 2025-12-29 09:10:32 --> Loaded 3 records from last saved itinerary
DEBUG - 2025-12-29 09:10:32 --> Fresh SS match check: Day 1 (date 2026-01-03) | Current: tour_id=1990, location='16', hotel_id=2018 | Prev Day 1: tour_id=1980, location='16', hotel_id=2018, ext_ref=575 | LocationMatch=YES | HotelMatch=YES
INFO - 2025-12-29 09:10:32 --> Fresh: SUCCESSFULLY pre-loaded SS, Special Events & Addons for Day 1 (date 2026-01-03) from extension_ref_id 575 | SS count: 2
INFO - 2025-12-29 09:10:32 --> SKIPPED defaults for Day 1 (date 2026-01-03) - using pre-loaded data (had_saved: yes, force_fresh: yes)
DEBUG - 2025-12-29 09:10:32 --> Fresh SS match check: Day 2 (date 2026-01-04) | Current: tour_id=1990, location='16', hotel_id=2018 | Prev Day 1: tour_id=1980, location='16', hotel_id=2018, ext_ref=575 | LocationMatch=YES | HotelMatch=YES
DEBUG - 2025-12-29 09:10:32 --> Fresh SS match check: Day 2 (date 2026-01-04) | Current: tour_id=1990, location='16', hotel_id=2018 | Prev Day 2: tour_id=1980, location='16', hotel_id=2018, ext_ref=575 | LocationMatch=YES | HotelMatch=YES
INFO - 2025-12-29 09:10:32 --> Fresh: SUCCESSFULLY pre-loaded SS, Special Events & Addons for Day 2 (date 2026-01-04) from extension_ref_id 575 | SS count: 2
INFO - 2025-12-29 09:10:32 --> SKIPPED defaults for Day 2 (date 2026-01-04) - using pre-loaded data (had_saved: yes, force_fresh: yes)
INFO - 2025-12-29 09:10:32 --> Expansion date 2026-01-03: DB Total=176km, Saved SS=200km, Derived Base=0km (display base; JS adds current SS)
INFO - 2025-12-29 09:10:32 --> Expansion date 2026-01-03: DB Total=176km, Saved SS=200km, Derived Base=0km (display base; JS adds current SS)
INFO - 2025-12-29 09:10:32 --> Expansion date 2026-01-03: DB Total=176km, Saved SS=200km, Derived Base=0km (display base; JS adds current SS)
INFO - 2025-12-29 09:10:32 --> Expansion date 2026-01-03: DB Total=176km, Saved SS=200km, Derived Base=0km (display base; JS adds current SS)
INFO - 2025-12-29 09:10:32 --> Expansion date 2026-01-04: DB Total=176km, Saved SS=200km, Derived Base=0km (display base; JS adds current SS)
INFO - 2025-12-29 09:10:32 --> Expansion date 2026-01-04: DB Total=176km, Saved SS=200km, Derived Base=0km (display base; JS adds current SS)
INFO - 2025-12-29 09:10:32 --> Expansion date 2026-01-04: DB Total=176km, Saved SS=200km, Derived Base=0km (display base; JS adds current SS)
INFO - 2025-12-29 09:10:32 --> Expansion date 2026-01-04: DB Total=176km, Saved SS=200km, Derived Base=0km (display base; JS adds current SS)
DEBUG - 2025-12-29 09:11:23 --> Session: Class initialized using 'CodeIgniter\Session\Handlers\FileHandler' driver.
DEBUG - 2025-12-29 09:11:25 --> Session: Class initialized using 'CodeIgniter\Session\Handlers\FileHandler' driver.
DEBUG - 2025-12-29 09:11:27 --> Session: Class initialized using 'CodeIgniter\Session\Handlers\FileHandler' driver.
DEBUG - 2025-12-29 09:11:27 --> Session: Class initialized using 'CodeIgniter\Session\Handlers\FileHandler' driver.
DEBUG - 2025-12-29 09:11:27 --> Session: Class initialized using 'CodeIgniter\Session\Handlers\FileHandler' driver.
DEBUG - 2025-12-29 09:11:37 --> Session: Class initialized using 'CodeIgniter\Session\Handlers\FileHandler' driver.
DEBUG - 2025-12-29 09:11:39 --> Session: Class initialized using 'CodeIgniter\Session\Handlers\FileHandler' driver.
DEBUG - 2025-12-29 09:11:39 --> Session: Class initialized using 'CodeIgniter\Session\Handlers\FileHandler' driver.
DEBUG - 2025-12-29 09:11:40 --> Session: Class initialized using 'CodeIgniter\Session\Handlers\FileHandler' driver.
INFO - 2025-12-29 09:11:40 --> === FRESH ITINERARY MODE ===
INFO - 2025-12-29 09:11:40 --> Loading from last saved itinerary, extension_ref_id: 575
INFO - 2025-12-29 09:11:40 --> Loaded 3 records from last saved itinerary
DEBUG - 2025-12-29 09:11:40 --> Fresh SS match check: Day 1 (date 2026-01-03) | Current: tour_id=1991, location='16', hotel_id=2018 | Prev Day 1: tour_id=1980, location='16', hotel_id=2018, ext_ref=575 | LocationMatch=YES | HotelMatch=YES
INFO - 2025-12-29 09:11:40 --> Fresh: SUCCESSFULLY pre-loaded SS, Special Events & Addons for Day 1 (date 2026-01-03) from extension_ref_id 575 | SS count: 2
INFO - 2025-12-29 09:11:40 --> SKIPPED defaults for Day 1 (date 2026-01-03) - using pre-loaded data (had_saved: yes, force_fresh: yes)
DEBUG - 2025-12-29 09:11:40 --> Fresh SS match check: Day 2 (date 2026-01-04) | Current: tour_id=1991, location='16', hotel_id=2018 | Prev Day 1: tour_id=1980, location='16', hotel_id=2018, ext_ref=575 | LocationMatch=YES | HotelMatch=YES
DEBUG - 2025-12-29 09:11:40 --> Fresh SS match check: Day 2 (date 2026-01-04) | Current: tour_id=1991, location='16', hotel_id=2018 | Prev Day 2: tour_id=1980, location='16', hotel_id=2018, ext_ref=575 | LocationMatch=YES | HotelMatch=YES
INFO - 2025-12-29 09:11:40 --> Fresh: SUCCESSFULLY pre-loaded SS, Special Events & Addons for Day 2 (date 2026-01-04) from extension_ref_id 575 | SS count: 2
INFO - 2025-12-29 09:11:40 --> SKIPPED defaults for Day 2 (date 2026-01-04) - using pre-loaded data (had_saved: yes, force_fresh: yes)
INFO - 2025-12-29 09:11:40 --> Expansion date 2026-01-03: DB Total=176km, Saved SS=200km, Derived Base=0km (display base; JS adds current SS)
INFO - 2025-12-29 09:11:40 --> Expansion date 2026-01-03: DB Total=176km, Saved SS=200km, Derived Base=0km (display base; JS adds current SS)
INFO - 2025-12-29 09:11:40 --> Expansion date 2026-01-03: DB Total=176km, Saved SS=200km, Derived Base=0km (display base; JS adds current SS)
INFO - 2025-12-29 09:11:40 --> Expansion date 2026-01-03: DB Total=176km, Saved SS=200km, Derived Base=0km (display base; JS adds current SS)
INFO - 2025-12-29 09:11:40 --> Expansion date 2026-01-04: DB Total=176km, Saved SS=200km, Derived Base=0km (display base; JS adds current SS)
INFO - 2025-12-29 09:11:40 --> Expansion date 2026-01-04: DB Total=176km, Saved SS=200km, Derived Base=0km (display base; JS adds current SS)
INFO - 2025-12-29 09:11:40 --> Expansion date 2026-01-04: DB Total=176km, Saved SS=200km, Derived Base=0km (display base; JS adds current SS)
INFO - 2025-12-29 09:11:40 --> Expansion date 2026-01-04: DB Total=176km, Saved SS=200km, Derived Base=0km (display base; JS adds current SS)
DEBUG - 2025-12-29 09:12:27 --> Session: Class initialized using 'CodeIgniter\Session\Handlers\FileHandler' driver.
DEBUG - 2025-12-29 09:12:27 --> Session: Class initialized using 'CodeIgniter\Session\Handlers\FileHandler' driver.
DEBUG - 2025-12-29 09:12:30 --> Session: Class initialized using 'CodeIgniter\Session\Handlers\FileHandler' driver.
DEBUG - 2025-12-29 09:12:30 --> Session: Class initialized using 'CodeIgniter\Session\Handlers\FileHandler' driver.
DEBUG - 2025-12-29 09:12:32 --> Session: Class initialized using 'CodeIgniter\Session\Handlers\FileHandler' driver.
DEBUG - 2025-12-29 09:12:34 --> Session: Class initialized using 'CodeIgniter\Session\Handlers\FileHandler' driver.
DEBUG - 2025-12-29 09:12:35 --> Session: Class initialized using 'CodeIgniter\Session\Handlers\FileHandler' driver.
DEBUG - 2025-12-29 09:12:36 --> Session: Class initialized using 'CodeIgniter\Session\Handlers\FileHandler' driver.
DEBUG - 2025-12-29 09:12:36 --> Session: Class initialized using 'CodeIgniter\Session\Handlers\FileHandler' driver.
DEBUG - 2025-12-29 09:12:37 --> Session: Class initialized using 'CodeIgniter\Session\Handlers\FileHandler' driver.
DEBUG - 2025-12-29 09:12:41 --> Session: Class initialized using 'CodeIgniter\Session\Handlers\FileHandler' driver.
DEBUG - 2025-12-29 09:12:46 --> Session: Class initialized using 'CodeIgniter\Session\Handlers\FileHandler' driver.
DEBUG - 2025-12-29 09:12:46 --> Session: Class initialized using 'CodeIgniter\Session\Handlers\FileHandler' driver.
DEBUG - 2025-12-29 09:13:17 --> Session: Class initialized using 'CodeIgniter\Session\Handlers\FileHandler' driver.
DEBUG - 2025-12-29 09:13:19 --> Session: Class initialized using 'CodeIgniter\Session\Handlers\FileHandler' driver.
DEBUG - 2025-12-29 09:13:19 --> Session: Class initialized using 'CodeIgniter\Session\Handlers\FileHandler' driver.
DEBUG - 2025-12-29 09:13:19 --> Session: Class initialized using 'CodeIgniter\Session\Handlers\FileHandler' driver.
DEBUG - 2025-12-29 09:13:22 --> Session: Class initialized using 'CodeIgniter\Session\Handlers\FileHandler' driver.
DEBUG - 2025-12-29 09:13:28 --> Session: Class initialized using 'CodeIgniter\Session\Handlers\FileHandler' driver.
DEBUG - 2025-12-29 09:13:28 --> Session: Class initialized using 'CodeIgniter\Session\Handlers\FileHandler' driver.
DEBUG - 2025-12-29 09:14:48 --> Session: Class initialized using 'CodeIgniter\Session\Handlers\FileHandler' driver.
DEBUG - 2025-12-29 09:14:49 --> Session: Class initialized using 'CodeIgniter\Session\Handlers\FileHandler' driver.
DEBUG - 2025-12-29 09:14:50 --> Session: Class initialized using 'CodeIgniter\Session\Handlers\FileHandler' driver.
DEBUG - 2025-12-29 09:14:50 --> Session: Class initialized using 'CodeIgniter\Session\Handlers\FileHandler' driver.
DEBUG - 2025-12-29 09:14:53 --> Session: Class initialized using 'CodeIgniter\Session\Handlers\FileHandler' driver.
DEBUG - 2025-12-29 09:14:59 --> Session: Class initialized using 'CodeIgniter\Session\Handlers\FileHandler' driver.
CRITICAL - 2025-12-29 14:44:59 --> CodeIgniter\Database\Exceptions\DatabaseException: You must set the database table to be used with your query.
[Method: POST, Route: Enquiry/saveTourPlan]
in SYSTEMPATH\Database\BaseConnection.php on line 927.
 1 SYSTEMPATH\Model.php(714): CodeIgniter\Database\BaseConnection->table(null)
 2 SYSTEMPATH\Model.php(920): CodeIgniter\Model->builder()
 3 APPPATH\Controllers\Enquiry.php(3714): CodeIgniter\Model->__call('get_active_tour_by_location', [...])
 4 SYSTEMPATH\CodeIgniter.php(933): App\Controllers\Enquiry->saveTourPlan()
 5 SYSTEMPATH\CodeIgniter.php(509): CodeIgniter\CodeIgniter->runController(Object(App\Controllers\Enquiry))
 6 SYSTEMPATH\CodeIgniter.php(355): CodeIgniter\CodeIgniter->handleRequest(null, Object(Config\Cache), false)
 7 SYSTEMPATH\Boot.php(334): CodeIgniter\CodeIgniter->run()
 8 SYSTEMPATH\Boot.php(67): CodeIgniter\Boot::runCodeIgniter(Object(CodeIgniter\CodeIgniter))
 9 FCPATH\index.php(56): CodeIgniter\Boot::bootWeb(Object(Config\Paths))
DEBUG - 2025-12-29 09:17:54 --> Session: Class initialized using 'CodeIgniter\Session\Handlers\FileHandler' driver.
CRITICAL - 2025-12-29 14:47:54 --> CodeIgniter\Database\Exceptions\DatabaseException: You must set the database table to be used with your query.
[Method: POST, Route: Enquiry/saveTourPlan]
in SYSTEMPATH\Database\BaseConnection.php on line 927.
 1 SYSTEMPATH\Model.php(714): CodeIgniter\Database\BaseConnection->table(null)
 2 SYSTEMPATH\Model.php(920): CodeIgniter\Model->builder()
 3 APPPATH\Controllers\Enquiry.php(3279): CodeIgniter\Model->__call('get_active_tour_details_ids', [...])
 4 SYSTEMPATH\CodeIgniter.php(933): App\Controllers\Enquiry->saveTourPlan()
 5 SYSTEMPATH\CodeIgniter.php(509): CodeIgniter\CodeIgniter->runController(Object(App\Controllers\Enquiry))
 6 SYSTEMPATH\CodeIgniter.php(355): CodeIgniter\CodeIgniter->handleRequest(null, Object(Config\Cache), false)
 7 SYSTEMPATH\Boot.php(334): CodeIgniter\CodeIgniter->run()
 8 SYSTEMPATH\Boot.php(67): CodeIgniter\Boot::runCodeIgniter(Object(CodeIgniter\CodeIgniter))
 9 FCPATH\index.php(56): CodeIgniter\Boot::bootWeb(Object(Config\Paths))
DEBUG - 2025-12-29 09:17:56 --> Session: Class initialized using 'CodeIgniter\Session\Handlers\FileHandler' driver.
DEBUG - 2025-12-29 09:17:59 --> Session: Class initialized using 'CodeIgniter\Session\Handlers\FileHandler' driver.
DEBUG - 2025-12-29 09:17:59 --> Session: Class initialized using 'CodeIgniter\Session\Handlers\FileHandler' driver.
DEBUG - 2025-12-29 09:18:01 --> Session: Class initialized using 'CodeIgniter\Session\Handlers\FileHandler' driver.
DEBUG - 2025-12-29 09:18:04 --> Session: Class initialized using 'CodeIgniter\Session\Handlers\FileHandler' driver.
DEBUG - 2025-12-29 09:18:04 --> Session: Class initialized using 'CodeIgniter\Session\Handlers\FileHandler' driver.
DEBUG - 2025-12-29 09:18:06 --> Session: Class initialized using 'CodeIgniter\Session\Handlers\FileHandler' driver.
DEBUG - 2025-12-29 09:18:07 --> Session: Class initialized using 'CodeIgniter\Session\Handlers\FileHandler' driver.
DEBUG - 2025-12-29 09:18:08 --> Session: Class initialized using 'CodeIgniter\Session\Handlers\FileHandler' driver.
DEBUG - 2025-12-29 09:18:10 --> Session: Class initialized using 'CodeIgniter\Session\Handlers\FileHandler' driver.
DEBUG - 2025-12-29 09:18:10 --> Session: Class initialized using 'CodeIgniter\Session\Handlers\FileHandler' driver.
DEBUG - 2025-12-29 09:18:10 --> Session: Class initialized using 'CodeIgniter\Session\Handlers\FileHandler' driver.
DEBUG - 2025-12-29 09:18:14 --> Session: Class initialized using 'CodeIgniter\Session\Handlers\FileHandler' driver.
DEBUG - 2025-12-29 09:18:16 --> Session: Class initialized using 'CodeIgniter\Session\Handlers\FileHandler' driver.
CRITICAL - 2025-12-29 14:48:16 --> CodeIgniter\Database\Exceptions\DatabaseException: You must set the database table to be used with your query.
[Method: POST, Route: Enquiry/saveTourPlan]
in SYSTEMPATH\Database\BaseConnection.php on line 927.
 1 SYSTEMPATH\Model.php(714): CodeIgniter\Database\BaseConnection->table(null)
 2 SYSTEMPATH\Model.php(920): CodeIgniter\Model->builder()
 3 APPPATH\Controllers\Enquiry.php(3279): CodeIgniter\Model->__call('get_active_tour_details_ids', [...])
 4 SYSTEMPATH\CodeIgniter.php(933): App\Controllers\Enquiry->saveTourPlan()
 5 SYSTEMPATH\CodeIgniter.php(509): CodeIgniter\CodeIgniter->runController(Object(App\Controllers\Enquiry))
 6 SYSTEMPATH\CodeIgniter.php(355): CodeIgniter\CodeIgniter->handleRequest(null, Object(Config\Cache), false)
 7 SYSTEMPATH\Boot.php(334): CodeIgniter\CodeIgniter->run()
 8 SYSTEMPATH\Boot.php(67): CodeIgniter\Boot::runCodeIgniter(Object(CodeIgniter\CodeIgniter))
 9 FCPATH\index.php(56): CodeIgniter\Boot::bootWeb(Object(Config\Paths))
DEBUG - 2025-12-29 09:19:40 --> Session: Class initialized using 'CodeIgniter\Session\Handlers\FileHandler' driver.
DEBUG - 2025-12-29 09:19:41 --> Session: Class initialized using 'CodeIgniter\Session\Handlers\FileHandler' driver.
DEBUG - 2025-12-29 09:36:50 --> Session: Class initialized using 'CodeIgniter\Session\Handlers\FileHandler' driver.
DEBUG - 2025-12-29 09:36:51 --> Session: Class initialized using 'CodeIgniter\Session\Handlers\FileHandler' driver.
DEBUG - 2025-12-29 09:36:51 --> Session: Class initialized using 'CodeIgniter\Session\Handlers\FileHandler' driver.
DEBUG - 2025-12-29 09:36:51 --> Session: Class initialized using 'CodeIgniter\Session\Handlers\FileHandler' driver.
DEBUG - 2025-12-29 09:36:54 --> Session: Class initialized using 'CodeIgniter\Session\Handlers\FileHandler' driver.
DEBUG - 2025-12-29 09:36:55 --> Session: Class initialized using 'CodeIgniter\Session\Handlers\FileHandler' driver.
DEBUG - 2025-12-29 09:36:55 --> Session: Class initialized using 'CodeIgniter\Session\Handlers\FileHandler' driver.
DEBUG - 2025-12-29 09:36:55 --> Session: Class initialized using 'CodeIgniter\Session\Handlers\FileHandler' driver.
DEBUG - 2025-12-29 09:36:58 --> Session: Class initialized using 'CodeIgniter\Session\Handlers\FileHandler' driver.
DEBUG - 2025-12-29 09:37:00 --> Session: Class initialized using 'CodeIgniter\Session\Handlers\FileHandler' driver.
DEBUG - 2025-12-29 09:37:01 --> Session: Class initialized using 'CodeIgniter\Session\Handlers\FileHandler' driver.
DEBUG - 2025-12-29 09:37:02 --> Session: Class initialized using 'CodeIgniter\Session\Handlers\FileHandler' driver.
INFO - 2025-12-29 09:37:02 --> === FRESH ITINERARY MODE ===
INFO - 2025-12-29 09:37:02 --> Loading from last saved itinerary, extension_ref_id: 575
INFO - 2025-12-29 09:37:02 --> Loaded 3 records from last saved itinerary
DEBUG - 2025-12-29 09:37:02 --> Fresh SS match check: Day 1 (date 2026-01-03) | Current: tour_id=1995, location='16', hotel_id=2018 | Prev Day 1: tour_id=1980, location='16', hotel_id=2018, ext_ref=575 | LocationMatch=YES | HotelMatch=YES
INFO - 2025-12-29 09:37:02 --> Fresh: SUCCESSFULLY pre-loaded SS, Special Events & Addons for Day 1 (date 2026-01-03) from extension_ref_id 575 | SS count: 2
INFO - 2025-12-29 09:37:02 --> SKIPPED defaults for Day 1 (date 2026-01-03) - using pre-loaded data (had_saved: yes, force_fresh: yes)
DEBUG - 2025-12-29 09:37:02 --> Fresh SS match check: Day 2 (date 2026-01-04) | Current: tour_id=1995, location='16', hotel_id=2018 | Prev Day 1: tour_id=1980, location='16', hotel_id=2018, ext_ref=575 | LocationMatch=YES | HotelMatch=YES
DEBUG - 2025-12-29 09:37:02 --> Fresh SS match check: Day 2 (date 2026-01-04) | Current: tour_id=1995, location='16', hotel_id=2018 | Prev Day 2: tour_id=1980, location='16', hotel_id=2018, ext_ref=575 | LocationMatch=YES | HotelMatch=YES
INFO - 2025-12-29 09:37:02 --> Fresh: SUCCESSFULLY pre-loaded SS, Special Events & Addons for Day 2 (date 2026-01-04) from extension_ref_id 575 | SS count: 2
INFO - 2025-12-29 09:37:02 --> SKIPPED defaults for Day 2 (date 2026-01-04) - using pre-loaded data (had_saved: yes, force_fresh: yes)
INFO - 2025-12-29 09:37:02 --> Expansion date 2026-01-03: DB Total=176km, Saved SS=200km, Derived Base=0km (display base; JS adds current SS)
INFO - 2025-12-29 09:37:02 --> Expansion date 2026-01-03: DB Total=176km, Saved SS=200km, Derived Base=0km (display base; JS adds current SS)
INFO - 2025-12-29 09:37:02 --> Expansion date 2026-01-03: DB Total=176km, Saved SS=200km, Derived Base=0km (display base; JS adds current SS)
INFO - 2025-12-29 09:37:02 --> Expansion date 2026-01-03: DB Total=176km, Saved SS=200km, Derived Base=0km (display base; JS adds current SS)
INFO - 2025-12-29 09:37:02 --> Expansion date 2026-01-04: DB Total=176km, Saved SS=200km, Derived Base=0km (display base; JS adds current SS)
INFO - 2025-12-29 09:37:02 --> Expansion date 2026-01-04: DB Total=176km, Saved SS=200km, Derived Base=0km (display base; JS adds current SS)
INFO - 2025-12-29 09:37:02 --> Expansion date 2026-01-04: DB Total=176km, Saved SS=200km, Derived Base=0km (display base; JS adds current SS)
INFO - 2025-12-29 09:37:02 --> Expansion date 2026-01-04: DB Total=176km, Saved SS=200km, Derived Base=0km (display base; JS adds current SS)
DEBUG - 2025-12-29 09:37:50 --> Session: Class initialized using 'CodeIgniter\Session\Handlers\FileHandler' driver.
DEBUG - 2025-12-29 09:37:50 --> Session: Class initialized using 'CodeIgniter\Session\Handlers\FileHandler' driver.
DEBUG - 2025-12-29 09:37:52 --> Session: Class initialized using 'CodeIgniter\Session\Handlers\FileHandler' driver.
DEBUG - 2025-12-29 09:37:52 --> Session: Class initialized using 'CodeIgniter\Session\Handlers\FileHandler' driver.
DEBUG - 2025-12-29 09:37:55 --> Session: Class initialized using 'CodeIgniter\Session\Handlers\FileHandler' driver.
DEBUG - 2025-12-29 09:37:56 --> Session: Class initialized using 'CodeIgniter\Session\Handlers\FileHandler' driver.
DEBUG - 2025-12-29 09:37:57 --> Session: Class initialized using 'CodeIgniter\Session\Handlers\FileHandler' driver.
DEBUG - 2025-12-29 09:37:58 --> Session: Class initialized using 'CodeIgniter\Session\Handlers\FileHandler' driver.
DEBUG - 2025-12-29 09:38:02 --> Session: Class initialized using 'CodeIgniter\Session\Handlers\FileHandler' driver.
DEBUG - 2025-12-29 09:38:03 --> Session: Class initialized using 'CodeIgniter\Session\Handlers\FileHandler' driver.
DEBUG - 2025-12-29 09:38:06 --> Session: Class initialized using 'CodeIgniter\Session\Handlers\FileHandler' driver.
DEBUG - 2025-12-29 09:38:07 --> Session: Class initialized using 'CodeIgniter\Session\Handlers\FileHandler' driver.
DEBUG - 2025-12-29 09:38:07 --> Session: Class initialized using 'CodeIgniter\Session\Handlers\FileHandler' driver.
DEBUG - 2025-12-29 09:38:08 --> Session: Class initialized using 'CodeIgniter\Session\Handlers\FileHandler' driver.
DEBUG - 2025-12-29 09:38:13 --> Session: Class initialized using 'CodeIgniter\Session\Handlers\FileHandler' driver.
DEBUG - 2025-12-29 09:38:15 --> Session: Class initialized using 'CodeIgniter\Session\Handlers\FileHandler' driver.
DEBUG - 2025-12-29 09:38:15 --> Session: Class initialized using 'CodeIgniter\Session\Handlers\FileHandler' driver.
DEBUG - 2025-12-29 09:41:27 --> Session: Class initialized using 'CodeIgniter\Session\Handlers\FileHandler' driver.
DEBUG - 2025-12-29 09:41:27 --> Session: Class initialized using 'CodeIgniter\Session\Handlers\FileHandler' driver.
DEBUG - 2025-12-29 09:41:30 --> Session: Class initialized using 'CodeIgniter\Session\Handlers\FileHandler' driver.
DEBUG - 2025-12-29 09:41:30 --> Session: Class initialized using 'CodeIgniter\Session\Handlers\FileHandler' driver.
DEBUG - 2025-12-29 09:41:40 --> Session: Class initialized using 'CodeIgniter\Session\Handlers\FileHandler' driver.
DEBUG - 2025-12-29 09:41:42 --> Session: Class initialized using 'CodeIgniter\Session\Handlers\FileHandler' driver.
DEBUG - 2025-12-29 09:43:27 --> Session: Class initialized using 'CodeIgniter\Session\Handlers\FileHandler' driver.
DEBUG - 2025-12-29 09:43:28 --> Session: Class initialized using 'CodeIgniter\Session\Handlers\FileHandler' driver.
DEBUG - 2025-12-29 09:43:30 --> Session: Class initialized using 'CodeIgniter\Session\Handlers\FileHandler' driver.
DEBUG - 2025-12-29 09:43:33 --> Session: Class initialized using 'CodeIgniter\Session\Handlers\FileHandler' driver.
DEBUG - 2025-12-29 09:43:35 --> Session: Class initialized using 'CodeIgniter\Session\Handlers\FileHandler' driver.
DEBUG - 2025-12-29 09:44:10 --> Session: Class initialized using 'CodeIgniter\Session\Handlers\FileHandler' driver.
DEBUG - 2025-12-29 09:44:59 --> Session: Class initialized using 'CodeIgniter\Session\Handlers\FileHandler' driver.
DEBUG - 2025-12-29 09:45:01 --> Session: Class initialized using 'CodeIgniter\Session\Handlers\FileHandler' driver.
DEBUG - 2025-12-29 09:45:04 --> Session: Class initialized using 'CodeIgniter\Session\Handlers\FileHandler' driver.
DEBUG - 2025-12-29 09:45:16 --> Session: Class initialized using 'CodeIgniter\Session\Handlers\FileHandler' driver.
ERROR - 2025-12-29 15:15:18 --> Email: Unable to send email using SMTP. Your server might not be configured to send mail using this method.
ERROR - 2025-12-29 15:15:18 --> 220 smtp.gmail.com ESMTP d9443c01a7336-2a2f3c9c0acsm267183255ad.44 - gsmtp

hello: 250-smtp.gmail.com at your service, [122.167.184.116]
250-SIZE 35882577
250-8BITMIME
250-AUTH LOGIN PLAIN XOAUTH2 PLAIN-CLIENTTOKEN OAUTHBEARER XOAUTH
250-ENHANCEDSTATUSCODES
250-PIPELINING
250-CHUNKING
250 SMTPUTF8

Failed to authenticate password. Error: 535-5.7.8 Username and Password not accepted. For more information, go to
535 5.7.8  https://support.google.com/mail/?p=BadCredentials d9443c01a7336-2a2f3c9c0acsm267183255ad.44 - gsmtp

DEBUG - 2025-12-29 09:45:18 --> Session: Class initialized using 'CodeIgniter\Session\Handlers\FileHandler' driver.
DEBUG - 2025-12-29 09:45:18 --> Session: Class initialized using 'CodeIgniter\Session\Handlers\FileHandler' driver.
DEBUG - 2025-12-29 09:45:24 --> Session: Class initialized using 'CodeIgniter\Session\Handlers\FileHandler' driver.
DEBUG - 2025-12-29 09:45:35 --> Session: Class initialized using 'CodeIgniter\Session\Handlers\FileHandler' driver.
DEBUG - 2025-12-29 09:45:35 --> Session: Class initialized using 'CodeIgniter\Session\Handlers\FileHandler' driver.
DEBUG - 2025-12-29 09:45:38 --> Session: Class initialized using 'CodeIgniter\Session\Handlers\FileHandler' driver.
DEBUG - 2025-12-29 09:45:45 --> Session: Class initialized using 'CodeIgniter\Session\Handlers\FileHandler' driver.
DEBUG - 2025-12-29 09:45:45 --> Session: Class initialized using 'CodeIgniter\Session\Handlers\FileHandler' driver.
DEBUG - 2025-12-29 09:45:45 --> Session: Class initialized using 'CodeIgniter\Session\Handlers\FileHandler' driver.
DEBUG - 2025-12-29 09:45:45 --> Session: Class initialized using 'CodeIgniter\Session\Handlers\FileHandler' driver.
DEBUG - 2025-12-29 09:45:45 --> Session: Class initialized using 'CodeIgniter\Session\Handlers\FileHandler' driver.
DEBUG - 2025-12-29 09:45:45 --> Session: Class initialized using 'CodeIgniter\Session\Handlers\FileHandler' driver.
DEBUG - 2025-12-29 09:45:45 --> Session: Class initialized using 'CodeIgniter\Session\Handlers\FileHandler' driver.
DEBUG - 2025-12-29 09:45:45 --> Session: Class initialized using 'CodeIgniter\Session\Handlers\FileHandler' driver.
DEBUG - 2025-12-29 09:45:45 --> Session: Class initialized using 'CodeIgniter\Session\Handlers\FileHandler' driver.
DEBUG - 2025-12-29 09:45:45 --> Session: Class initialized using 'CodeIgniter\Session\Handlers\FileHandler' driver.
DEBUG - 2025-12-29 09:46:04 --> Session: Class initialized using 'CodeIgniter\Session\Handlers\FileHandler' driver.
DEBUG - 2025-12-29 09:46:04 --> Session: Class initialized using 'CodeIgniter\Session\Handlers\FileHandler' driver.
DEBUG - 2025-12-29 09:46:07 --> Session: Class initialized using 'CodeIgniter\Session\Handlers\FileHandler' driver.
DEBUG - 2025-12-29 09:46:12 --> Session: Class initialized using 'CodeIgniter\Session\Handlers\FileHandler' driver.
DEBUG - 2025-12-29 09:46:12 --> Session: Class initialized using 'CodeIgniter\Session\Handlers\FileHandler' driver.
DEBUG - 2025-12-29 09:46:12 --> Session: Class initialized using 'CodeIgniter\Session\Handlers\FileHandler' driver.
DEBUG - 2025-12-29 09:46:12 --> Session: Class initialized using 'CodeIgniter\Session\Handlers\FileHandler' driver.
DEBUG - 2025-12-29 09:46:12 --> Session: Class initialized using 'CodeIgniter\Session\Handlers\FileHandler' driver.
DEBUG - 2025-12-29 09:46:15 --> Session: Class initialized using 'CodeIgniter\Session\Handlers\FileHandler' driver.
DEBUG - 2025-12-29 09:46:15 --> Session: Class initialized using 'CodeIgniter\Session\Handlers\FileHandler' driver.
DEBUG - 2025-12-29 09:46:15 --> Session: Class initialized using 'CodeIgniter\Session\Handlers\FileHandler' driver.
DEBUG - 2025-12-29 09:46:16 --> Session: Class initialized using 'CodeIgniter\Session\Handlers\FileHandler' driver.
DEBUG - 2025-12-29 09:46:24 --> Session: Class initialized using 'CodeIgniter\Session\Handlers\FileHandler' driver.
DEBUG - 2025-12-29 09:46:24 --> Session: Class initialized using 'CodeIgniter\Session\Handlers\FileHandler' driver.
DEBUG - 2025-12-29 09:46:27 --> Session: Class initialized using 'CodeIgniter\Session\Handlers\FileHandler' driver.
DEBUG - 2025-12-29 09:46:27 --> Session: Class initialized using 'CodeIgniter\Session\Handlers\FileHandler' driver.
DEBUG - 2025-12-29 09:46:29 --> Session: Class initialized using 'CodeIgniter\Session\Handlers\FileHandler' driver.
INFO - 2025-12-29 09:46:29 --> === FRESH ITINERARY MODE ===
INFO - 2025-12-29 09:46:29 --> No previous itinerary found
INFO - 2025-12-29 09:46:29 --> SKIPPED defaults for Day 1 (date 2026-01-06) - using pre-loaded data (had_saved: no, force_fresh: yes)
INFO - 2025-12-29 09:46:29 --> SKIPPED defaults for Day 2 (date 2026-01-07) - using pre-loaded data (had_saved: no, force_fresh: yes)
INFO - 2025-12-29 09:46:29 --> Expansion date 2026-01-06: DB Total=191km, Saved SS=0km, Derived Base=191km (display base; JS adds current SS)
INFO - 2025-12-29 09:46:29 --> Expansion date 2026-01-06: DB Total=191km, Saved SS=0km, Derived Base=191km (display base; JS adds current SS)
INFO - 2025-12-29 09:46:29 --> Expansion date 2026-01-06: DB Total=191km, Saved SS=0km, Derived Base=191km (display base; JS adds current SS)
INFO - 2025-12-29 09:46:29 --> Expansion date 2026-01-06: DB Total=191km, Saved SS=0km, Derived Base=191km (display base; JS adds current SS)
INFO - 2025-12-29 09:46:29 --> Expansion date 2026-01-06: DB Total=191km, Saved SS=0km, Derived Base=191km (display base; JS adds current SS)
INFO - 2025-12-29 09:46:29 --> Expansion date 2026-01-07: DB Total=0km, Saved SS=0km, Derived Base=0km (display base; JS adds current SS)
INFO - 2025-12-29 09:46:29 --> Expansion date 2026-01-07: DB Total=0km, Saved SS=0km, Derived Base=0km (display base; JS adds current SS)
INFO - 2025-12-29 09:46:29 --> Expansion date 2026-01-07: DB Total=0km, Saved SS=0km, Derived Base=0km (display base; JS adds current SS)
INFO - 2025-12-29 09:46:29 --> Expansion date 2026-01-07: DB Total=0km, Saved SS=0km, Derived Base=0km (display base; JS adds current SS)
INFO - 2025-12-29 09:46:29 --> Expansion date 2026-01-07: DB Total=0km, Saved SS=0km, Derived Base=0km (display base; JS adds current SS)
INFO - 2025-12-29 09:46:29 --> SKIPPED defaults for Day 1 (date 2026-01-08) - using pre-loaded data (had_saved: no, force_fresh: yes)
INFO - 2025-12-29 09:46:29 --> Expansion date 2026-01-08: DB Total=226km, Saved SS=0km, Derived Base=226km (display base; JS adds current SS)
INFO - 2025-12-29 09:46:29 --> Expansion date 2026-01-08: DB Total=226km, Saved SS=0km, Derived Base=226km (display base; JS adds current SS)
INFO - 2025-12-29 09:46:29 --> Expansion date 2026-01-08: DB Total=226km, Saved SS=0km, Derived Base=226km (display base; JS adds current SS)
INFO - 2025-12-29 09:46:29 --> Expansion date 2026-01-08: DB Total=226km, Saved SS=0km, Derived Base=226km (display base; JS adds current SS)
INFO - 2025-12-29 09:46:29 --> Expansion date 2026-01-08: DB Total=226km, Saved SS=0km, Derived Base=226km (display base; JS adds current SS)
DEBUG - 2025-12-29 09:47:21 --> Session: Class initialized using 'CodeIgniter\Session\Handlers\FileHandler' driver.
DEBUG - 2025-12-29 09:47:21 --> Session: Class initialized using 'CodeIgniter\Session\Handlers\FileHandler' driver.
INFO - 2025-12-29 09:47:21 --> === FRESH ITINERARY MODE ===
INFO - 2025-12-29 09:47:21 --> No previous itinerary found
INFO - 2025-12-29 09:47:21 --> SKIPPED defaults for Day 1 (date 2026-01-06) - using pre-loaded data (had_saved: yes, force_fresh: no)
INFO - 2025-12-29 09:47:21 --> SKIPPED defaults for Day 2 (date 2026-01-07) - using pre-loaded data (had_saved: yes, force_fresh: no)
INFO - 2025-12-29 09:47:21 --> Expansion date 2026-01-06: DB Total=191km, Saved SS=150km, Derived Base=41km (display base; JS adds current SS)
INFO - 2025-12-29 09:47:21 --> Expansion date 2026-01-06: DB Total=191km, Saved SS=150km, Derived Base=41km (display base; JS adds current SS)
INFO - 2025-12-29 09:47:21 --> Expansion date 2026-01-06: DB Total=191km, Saved SS=150km, Derived Base=41km (display base; JS adds current SS)
INFO - 2025-12-29 09:47:21 --> Expansion date 2026-01-06: DB Total=191km, Saved SS=150km, Derived Base=41km (display base; JS adds current SS)
INFO - 2025-12-29 09:47:21 --> Expansion date 2026-01-06: DB Total=191km, Saved SS=150km, Derived Base=41km (display base; JS adds current SS)
INFO - 2025-12-29 09:47:21 --> Expansion date 2026-01-07: DB Total=0km, Saved SS=150km, Derived Base=0km (display base; JS adds current SS)
INFO - 2025-12-29 09:47:21 --> Expansion date 2026-01-07: DB Total=0km, Saved SS=150km, Derived Base=0km (display base; JS adds current SS)
INFO - 2025-12-29 09:47:21 --> Expansion date 2026-01-07: DB Total=0km, Saved SS=150km, Derived Base=0km (display base; JS adds current SS)
INFO - 2025-12-29 09:47:21 --> Expansion date 2026-01-07: DB Total=0km, Saved SS=150km, Derived Base=0km (display base; JS adds current SS)
INFO - 2025-12-29 09:47:21 --> Expansion date 2026-01-07: DB Total=0km, Saved SS=150km, Derived Base=0km (display base; JS adds current SS)
INFO - 2025-12-29 09:47:21 --> SKIPPED defaults for Day 1 (date 2026-01-08) - using pre-loaded data (had_saved: yes, force_fresh: no)
INFO - 2025-12-29 09:47:21 --> Expansion date 2026-01-08: DB Total=226km, Saved SS=0km, Derived Base=226km (display base; JS adds current SS)
INFO - 2025-12-29 09:47:21 --> Expansion date 2026-01-08: DB Total=226km, Saved SS=0km, Derived Base=226km (display base; JS adds current SS)
INFO - 2025-12-29 09:47:21 --> Expansion date 2026-01-08: DB Total=226km, Saved SS=0km, Derived Base=226km (display base; JS adds current SS)
INFO - 2025-12-29 09:47:21 --> Expansion date 2026-01-08: DB Total=226km, Saved SS=0km, Derived Base=226km (display base; JS adds current SS)
INFO - 2025-12-29 09:47:21 --> Expansion date 2026-01-08: DB Total=226km, Saved SS=0km, Derived Base=226km (display base; JS adds current SS)
INFO - 2025-12-29 09:47:21 --> Itinerary expansion date 2026-01-06: Derived Base=191km (no SS added)
INFO - 2025-12-29 09:47:21 --> Itinerary expansion date 2026-01-06: Derived Base=191km (no SS added)
INFO - 2025-12-29 09:47:21 --> Itinerary expansion date 2026-01-06: Derived Base=191km (no SS added)
INFO - 2025-12-29 09:47:21 --> Itinerary expansion date 2026-01-06: Derived Base=191km (no SS added)
INFO - 2025-12-29 09:47:21 --> Itinerary expansion date 2026-01-06: Derived Base=191km (no SS added)
INFO - 2025-12-29 09:47:21 --> Itinerary expansion date 2026-01-07: Derived Base=0km (no SS added)
INFO - 2025-12-29 09:47:21 --> Itinerary expansion date 2026-01-07: Derived Base=0km (no SS added)
INFO - 2025-12-29 09:47:21 --> Itinerary expansion date 2026-01-07: Derived Base=0km (no SS added)
INFO - 2025-12-29 09:47:21 --> Itinerary expansion date 2026-01-07: Derived Base=0km (no SS added)
INFO - 2025-12-29 09:47:21 --> Itinerary expansion date 2026-01-07: Derived Base=0km (no SS added)
INFO - 2025-12-29 09:47:21 --> Itinerary expansion date 2026-01-08: Derived Base=190km (no SS added)
INFO - 2025-12-29 09:47:21 --> Itinerary expansion date 2026-01-08: Derived Base=190km (no SS added)
INFO - 2025-12-29 09:47:21 --> Itinerary expansion date 2026-01-08: Derived Base=190km (no SS added)
INFO - 2025-12-29 09:47:21 --> Itinerary expansion date 2026-01-08: Derived Base=190km (no SS added)
INFO - 2025-12-29 09:47:21 --> Itinerary expansion date 2026-01-08: Derived Base=190km (no SS added)
DEBUG - 2025-12-29 09:47:32 --> Session: Class initialized using 'CodeIgniter\Session\Handlers\FileHandler' driver.
DEBUG - 2025-12-29 09:47:32 --> Session: Class initialized using 'CodeIgniter\Session\Handlers\FileHandler' driver.
DEBUG - 2025-12-29 09:47:32 --> Session: Class initialized using 'CodeIgniter\Session\Handlers\FileHandler' driver.
DEBUG - 2025-12-29 09:47:36 --> Session: Class initialized using 'CodeIgniter\Session\Handlers\FileHandler' driver.
DEBUG - 2025-12-29 09:47:36 --> Session: Class initialized using 'CodeIgniter\Session\Handlers\FileHandler' driver.
DEBUG - 2025-12-29 09:47:43 --> Session: Class initialized using 'CodeIgniter\Session\Handlers\FileHandler' driver.
DEBUG - 2025-12-29 09:48:02 --> Session: Class initialized using 'CodeIgniter\Session\Handlers\FileHandler' driver.
DEBUG - 2025-12-29 09:48:02 --> Session: Class initialized using 'CodeIgniter\Session\Handlers\FileHandler' driver.
DEBUG - 2025-12-29 09:48:02 --> Session: Class initialized using 'CodeIgniter\Session\Handlers\FileHandler' driver.
DEBUG - 2025-12-29 09:48:03 --> Session: Class initialized using 'CodeIgniter\Session\Handlers\FileHandler' driver.
DEBUG - 2025-12-29 09:48:03 --> Session: Class initialized using 'CodeIgniter\Session\Handlers\FileHandler' driver.
DEBUG - 2025-12-29 09:48:22 --> Session: Class initialized using 'CodeIgniter\Session\Handlers\FileHandler' driver.
DEBUG - 2025-12-29 09:48:23 --> Session: Class initialized using 'CodeIgniter\Session\Handlers\FileHandler' driver.
DEBUG - 2025-12-29 09:48:34 --> Session: Class initialized using 'CodeIgniter\Session\Handlers\FileHandler' driver.
DEBUG - 2025-12-29 09:48:35 --> Session: Class initialized using 'CodeIgniter\Session\Handlers\FileHandler' driver.
DEBUG - 2025-12-29 09:48:37 --> Session: Class initialized using 'CodeIgniter\Session\Handlers\FileHandler' driver.
INFO - 2025-12-29 09:48:37 --> === FRESH ITINERARY MODE ===
INFO - 2025-12-29 09:48:37 --> Loading from last saved itinerary, extension_ref_id: 578
INFO - 2025-12-29 09:48:37 --> Loaded 4 records from last saved itinerary
DEBUG - 2025-12-29 09:48:37 --> Fresh SS match check: Day 1 (date 2026-01-06) | Current: tour_id=1999, location='56', hotel_id=131 | Prev Day 1: tour_id=1997, location='56', hotel_id=131, ext_ref=578 | LocationMatch=YES | HotelMatch=YES
INFO - 2025-12-29 09:48:37 --> Fresh: SUCCESSFULLY pre-loaded SS, Special Events & Addons for Day 1 (date 2026-01-06) from extension_ref_id 578 | SS count: 1
INFO - 2025-12-29 09:48:37 --> SKIPPED defaults for Day 1 (date 2026-01-06) - using pre-loaded data (had_saved: yes, force_fresh: yes)
DEBUG - 2025-12-29 09:48:37 --> Fresh SS match check: Day 2 (date 2026-01-07) | Current: tour_id=1999, location='56', hotel_id=131 | Prev Day 1: tour_id=1997, location='56', hotel_id=131, ext_ref=578 | LocationMatch=YES | HotelMatch=YES
DEBUG - 2025-12-29 09:48:37 --> Fresh SS match check: Day 2 (date 2026-01-07) | Current: tour_id=1999, location='56', hotel_id=131 | Prev Day 2: tour_id=1997, location='56', hotel_id=131, ext_ref=578 | LocationMatch=YES | HotelMatch=YES
INFO - 2025-12-29 09:48:37 --> Fresh: SUCCESSFULLY pre-loaded SS, Special Events & Addons for Day 2 (date 2026-01-07) from extension_ref_id 578 | SS count: 1
INFO - 2025-12-29 09:48:37 --> SKIPPED defaults for Day 2 (date 2026-01-07) - using pre-loaded data (had_saved: yes, force_fresh: yes)
INFO - 2025-12-29 09:48:37 --> Expansion date 2026-01-06: DB Total=191km, Saved SS=150km, Derived Base=41km (display base; JS adds current SS)
INFO - 2025-12-29 09:48:37 --> Expansion date 2026-01-06: DB Total=191km, Saved SS=150km, Derived Base=41km (display base; JS adds current SS)
INFO - 2025-12-29 09:48:37 --> Expansion date 2026-01-06: DB Total=191km, Saved SS=150km, Derived Base=41km (display base; JS adds current SS)
INFO - 2025-12-29 09:48:37 --> Expansion date 2026-01-06: DB Total=191km, Saved SS=150km, Derived Base=41km (display base; JS adds current SS)
INFO - 2025-12-29 09:48:37 --> Expansion date 2026-01-06: DB Total=191km, Saved SS=150km, Derived Base=41km (display base; JS adds current SS)
INFO - 2025-12-29 09:48:37 --> Expansion date 2026-01-07: DB Total=0km, Saved SS=150km, Derived Base=0km (display base; JS adds current SS)
INFO - 2025-12-29 09:48:37 --> Expansion date 2026-01-07: DB Total=0km, Saved SS=150km, Derived Base=0km (display base; JS adds current SS)
INFO - 2025-12-29 09:48:37 --> Expansion date 2026-01-07: DB Total=0km, Saved SS=150km, Derived Base=0km (display base; JS adds current SS)
INFO - 2025-12-29 09:48:37 --> Expansion date 2026-01-07: DB Total=0km, Saved SS=150km, Derived Base=0km (display base; JS adds current SS)
INFO - 2025-12-29 09:48:37 --> Expansion date 2026-01-07: DB Total=0km, Saved SS=150km, Derived Base=0km (display base; JS adds current SS)
DEBUG - 2025-12-29 09:48:37 --> Fresh SS match check: Day 1 (date 2026-01-08) | Current: tour_id=2000, location='9', hotel_id=401 | Prev Day 1: tour_id=1997, location='56', hotel_id=131, ext_ref=578 | LocationMatch=NO | HotelMatch=NO
DEBUG - 2025-12-29 09:48:37 --> Fresh SS match check: Day 1 (date 2026-01-08) | Current: tour_id=2000, location='9', hotel_id=401 | Prev Day 2: tour_id=1997, location='56', hotel_id=131, ext_ref=578 | LocationMatch=NO | HotelMatch=NO
DEBUG - 2025-12-29 09:48:37 --> Fresh SS match check: Day 1 (date 2026-01-08) | Current: tour_id=2000, location='9', hotel_id=401 | Prev Day 3: tour_id=1998, location='9', hotel_id=401, ext_ref=578 | LocationMatch=YES | HotelMatch=YES
DEBUG - 2025-12-29 09:48:37 --> Fresh SS match check: Day 1 (date 2026-01-08) | Current: tour_id=2000, location='9', hotel_id=401 | Prev Day 4: tour_id=1998, location='9', hotel_id=0, ext_ref=578 | LocationMatch=YES | HotelMatch=NO
INFO - 2025-12-29 09:48:37 --> Fresh: NO previous match found for Day 1 (date 2026-01-08)
INFO - 2025-12-29 09:48:37 --> SKIPPED defaults for Day 1 (date 2026-01-08) - using pre-loaded data (had_saved: no, force_fresh: yes)
INFO - 2025-12-29 09:48:37 --> Expansion date 2026-01-08: DB Total=226km, Saved SS=0km, Derived Base=226km (display base; JS adds current SS)
INFO - 2025-12-29 09:48:37 --> Expansion date 2026-01-08: DB Total=226km, Saved SS=0km, Derived Base=226km (display base; JS adds current SS)
INFO - 2025-12-29 09:48:37 --> Expansion date 2026-01-08: DB Total=226km, Saved SS=0km, Derived Base=226km (display base; JS adds current SS)
INFO - 2025-12-29 09:48:37 --> Expansion date 2026-01-08: DB Total=226km, Saved SS=0km, Derived Base=226km (display base; JS adds current SS)
INFO - 2025-12-29 09:48:37 --> Expansion date 2026-01-08: DB Total=226km, Saved SS=0km, Derived Base=226km (display base; JS adds current SS)
DEBUG - 2025-12-29 09:49:34 --> Session: Class initialized using 'CodeIgniter\Session\Handlers\FileHandler' driver.
DEBUG - 2025-12-29 09:49:36 --> Session: Class initialized using 'CodeIgniter\Session\Handlers\FileHandler' driver.
DEBUG - 2025-12-29 09:49:37 --> Session: Class initialized using 'CodeIgniter\Session\Handlers\FileHandler' driver.
DEBUG - 2025-12-29 09:49:37 --> Session: Class initialized using 'CodeIgniter\Session\Handlers\FileHandler' driver.
DEBUG - 2025-12-29 09:49:37 --> Session: Class initialized using 'CodeIgniter\Session\Handlers\FileHandler' driver.
DEBUG - 2025-12-29 09:49:38 --> Session: Class initialized using 'CodeIgniter\Session\Handlers\FileHandler' driver.
DEBUG - 2025-12-29 09:49:38 --> Session: Class initialized using 'CodeIgniter\Session\Handlers\FileHandler' driver.
DEBUG - 2025-12-29 09:49:48 --> Session: Class initialized using 'CodeIgniter\Session\Handlers\FileHandler' driver.
DEBUG - 2025-12-29 09:49:48 --> Session: Class initialized using 'CodeIgniter\Session\Handlers\FileHandler' driver.
DEBUG - 2025-12-29 09:50:11 --> Session: Class initialized using 'CodeIgniter\Session\Handlers\FileHandler' driver.
DEBUG - 2025-12-29 09:50:12 --> Session: Class initialized using 'CodeIgniter\Session\Handlers\FileHandler' driver.
DEBUG - 2025-12-29 09:50:23 --> Session: Class initialized using 'CodeIgniter\Session\Handlers\FileHandler' driver.
DEBUG - 2025-12-29 09:50:23 --> Session: Class initialized using 'CodeIgniter\Session\Handlers\FileHandler' driver.
DEBUG - 2025-12-29 09:50:25 --> Session: Class initialized using 'CodeIgniter\Session\Handlers\FileHandler' driver.
DEBUG - 2025-12-29 09:50:25 --> Session: Class initialized using 'CodeIgniter\Session\Handlers\FileHandler' driver.
DEBUG - 2025-12-29 09:50:27 --> Session: Class initialized using 'CodeIgniter\Session\Handlers\FileHandler' driver.
INFO - 2025-12-29 09:50:27 --> === FRESH ITINERARY MODE ===
INFO - 2025-12-29 09:50:27 --> Loading from last saved itinerary, extension_ref_id: 578
INFO - 2025-12-29 09:50:27 --> Loaded 4 records from last saved itinerary
DEBUG - 2025-12-29 09:50:27 --> Fresh SS match check: Day 1 (date 2026-01-06) | Current: tour_id=2001, location='56', hotel_id=131 | Prev Day 1: tour_id=1997, location='56', hotel_id=131, ext_ref=578 | LocationMatch=YES | HotelMatch=YES
INFO - 2025-12-29 09:50:27 --> Fresh: SUCCESSFULLY pre-loaded SS, Special Events & Addons for Day 1 (date 2026-01-06) from extension_ref_id 578 | SS count: 1
INFO - 2025-12-29 09:50:27 --> SKIPPED defaults for Day 1 (date 2026-01-06) - using pre-loaded data (had_saved: yes, force_fresh: yes)
DEBUG - 2025-12-29 09:50:27 --> Fresh SS match check: Day 2 (date 2026-01-07) | Current: tour_id=2001, location='56', hotel_id=131 | Prev Day 1: tour_id=1997, location='56', hotel_id=131, ext_ref=578 | LocationMatch=YES | HotelMatch=YES
DEBUG - 2025-12-29 09:50:27 --> Fresh SS match check: Day 2 (date 2026-01-07) | Current: tour_id=2001, location='56', hotel_id=131 | Prev Day 2: tour_id=1997, location='56', hotel_id=131, ext_ref=578 | LocationMatch=YES | HotelMatch=YES
INFO - 2025-12-29 09:50:27 --> Fresh: SUCCESSFULLY pre-loaded SS, Special Events & Addons for Day 2 (date 2026-01-07) from extension_ref_id 578 | SS count: 1
INFO - 2025-12-29 09:50:27 --> SKIPPED defaults for Day 2 (date 2026-01-07) - using pre-loaded data (had_saved: yes, force_fresh: yes)
INFO - 2025-12-29 09:50:27 --> Expansion date 2026-01-06: DB Total=191km, Saved SS=150km, Derived Base=41km (display base; JS adds current SS)
INFO - 2025-12-29 09:50:27 --> Expansion date 2026-01-06: DB Total=191km, Saved SS=150km, Derived Base=41km (display base; JS adds current SS)
INFO - 2025-12-29 09:50:27 --> Expansion date 2026-01-06: DB Total=191km, Saved SS=150km, Derived Base=41km (display base; JS adds current SS)
INFO - 2025-12-29 09:50:27 --> Expansion date 2026-01-06: DB Total=191km, Saved SS=150km, Derived Base=41km (display base; JS adds current SS)
INFO - 2025-12-29 09:50:27 --> Expansion date 2026-01-06: DB Total=191km, Saved SS=150km, Derived Base=41km (display base; JS adds current SS)
INFO - 2025-12-29 09:50:27 --> Expansion date 2026-01-07: DB Total=0km, Saved SS=150km, Derived Base=0km (display base; JS adds current SS)
INFO - 2025-12-29 09:50:27 --> Expansion date 2026-01-07: DB Total=0km, Saved SS=150km, Derived Base=0km (display base; JS adds current SS)
INFO - 2025-12-29 09:50:27 --> Expansion date 2026-01-07: DB Total=0km, Saved SS=150km, Derived Base=0km (display base; JS adds current SS)
INFO - 2025-12-29 09:50:27 --> Expansion date 2026-01-07: DB Total=0km, Saved SS=150km, Derived Base=0km (display base; JS adds current SS)
INFO - 2025-12-29 09:50:27 --> Expansion date 2026-01-07: DB Total=0km, Saved SS=150km, Derived Base=0km (display base; JS adds current SS)
DEBUG - 2025-12-29 09:50:27 --> Fresh SS match check: Day 1 (date 2026-01-08) | Current: tour_id=2002, location='9', hotel_id=401 | Prev Day 1: tour_id=1997, location='56', hotel_id=131, ext_ref=578 | LocationMatch=NO | HotelMatch=NO
DEBUG - 2025-12-29 09:50:27 --> Fresh SS match check: Day 1 (date 2026-01-08) | Current: tour_id=2002, location='9', hotel_id=401 | Prev Day 2: tour_id=1997, location='56', hotel_id=131, ext_ref=578 | LocationMatch=NO | HotelMatch=NO
DEBUG - 2025-12-29 09:50:27 --> Fresh SS match check: Day 1 (date 2026-01-08) | Current: tour_id=2002, location='9', hotel_id=401 | Prev Day 3: tour_id=1998, location='9', hotel_id=401, ext_ref=578 | LocationMatch=YES | HotelMatch=YES
DEBUG - 2025-12-29 09:50:27 --> Fresh SS match check: Day 1 (date 2026-01-08) | Current: tour_id=2002, location='9', hotel_id=401 | Prev Day 4: tour_id=1998, location='9', hotel_id=0, ext_ref=578 | LocationMatch=YES | HotelMatch=NO
INFO - 2025-12-29 09:50:27 --> Fresh: NO previous match found for Day 1 (date 2026-01-08)
INFO - 2025-12-29 09:50:27 --> SKIPPED defaults for Day 1 (date 2026-01-08) - using pre-loaded data (had_saved: no, force_fresh: yes)
INFO - 2025-12-29 09:50:27 --> Expansion date 2026-01-08: DB Total=226km, Saved SS=0km, Derived Base=226km (display base; JS adds current SS)
INFO - 2025-12-29 09:50:27 --> Expansion date 2026-01-08: DB Total=226km, Saved SS=0km, Derived Base=226km (display base; JS adds current SS)
INFO - 2025-12-29 09:50:27 --> Expansion date 2026-01-08: DB Total=226km, Saved SS=0km, Derived Base=226km (display base; JS adds current SS)
INFO - 2025-12-29 09:50:27 --> Expansion date 2026-01-08: DB Total=226km, Saved SS=0km, Derived Base=226km (display base; JS adds current SS)
INFO - 2025-12-29 09:50:27 --> Expansion date 2026-01-08: DB Total=226km, Saved SS=0km, Derived Base=226km (display base; JS adds current SS)
DEBUG - 2025-12-29 09:50:52 --> Session: Class initialized using 'CodeIgniter\Session\Handlers\FileHandler' driver.
DEBUG - 2025-12-29 09:50:53 --> Session: Class initialized using 'CodeIgniter\Session\Handlers\FileHandler' driver.
DEBUG - 2025-12-29 09:50:55 --> Session: Class initialized using 'CodeIgniter\Session\Handlers\FileHandler' driver.
DEBUG - 2025-12-29 09:50:55 --> Session: Class initialized using 'CodeIgniter\Session\Handlers\FileHandler' driver.
DEBUG - 2025-12-29 09:50:57 --> Session: Class initialized using 'CodeIgniter\Session\Handlers\FileHandler' driver.
DEBUG - 2025-12-29 09:50:57 --> Session: Class initialized using 'CodeIgniter\Session\Handlers\FileHandler' driver.
DEBUG - 2025-12-29 09:51:02 --> Session: Class initialized using 'CodeIgniter\Session\Handlers\FileHandler' driver.
DEBUG - 2025-12-29 09:51:02 --> Session: Class initialized using 'CodeIgniter\Session\Handlers\FileHandler' driver.
DEBUG - 2025-12-29 09:51:03 --> Session: Class initialized using 'CodeIgniter\Session\Handlers\FileHandler' driver.
DEBUG - 2025-12-29 09:51:03 --> Session: Class initialized using 'CodeIgniter\Session\Handlers\FileHandler' driver.
DEBUG - 2025-12-29 09:51:04 --> Session: Class initialized using 'CodeIgniter\Session\Handlers\FileHandler' driver.
DEBUG - 2025-12-29 09:51:06 --> Session: Class initialized using 'CodeIgniter\Session\Handlers\FileHandler' driver.
DEBUG - 2025-12-29 09:51:06 --> Session: Class initialized using 'CodeIgniter\Session\Handlers\FileHandler' driver.
DEBUG - 2025-12-29 09:51:06 --> Session: Class initialized using 'CodeIgniter\Session\Handlers\FileHandler' driver.
DEBUG - 2025-12-29 09:51:07 --> Session: Class initialized using 'CodeIgniter\Session\Handlers\FileHandler' driver.
DEBUG - 2025-12-29 09:51:07 --> Session: Class initialized using 'CodeIgniter\Session\Handlers\FileHandler' driver.
DEBUG - 2025-12-29 09:51:23 --> Session: Class initialized using 'CodeIgniter\Session\Handlers\FileHandler' driver.
DEBUG - 2025-12-29 09:51:26 --> Session: Class initialized using 'CodeIgniter\Session\Handlers\FileHandler' driver.
DEBUG - 2025-12-29 09:51:26 --> Session: Class initialized using 'CodeIgniter\Session\Handlers\FileHandler' driver.
DEBUG - 2025-12-29 09:51:26 --> Session: Class initialized using 'CodeIgniter\Session\Handlers\FileHandler' driver.
DEBUG - 2025-12-29 09:51:26 --> Session: Class initialized using 'CodeIgniter\Session\Handlers\FileHandler' driver.
DEBUG - 2025-12-29 09:51:26 --> Session: Class initialized using 'CodeIgniter\Session\Handlers\FileHandler' driver.
DEBUG - 2025-12-29 09:51:26 --> Session: Class initialized using 'CodeIgniter\Session\Handlers\FileHandler' driver.
DEBUG - 2025-12-29 09:51:33 --> Session: Class initialized using 'CodeIgniter\Session\Handlers\FileHandler' driver.
DEBUG - 2025-12-29 09:51:36 --> Session: Class initialized using 'CodeIgniter\Session\Handlers\FileHandler' driver.
DEBUG - 2025-12-29 09:51:36 --> Session: Class initialized using 'CodeIgniter\Session\Handlers\FileHandler' driver.
DEBUG - 2025-12-29 09:51:36 --> Session: Class initialized using 'CodeIgniter\Session\Handlers\FileHandler' driver.
DEBUG - 2025-12-29 09:51:36 --> Session: Class initialized using 'CodeIgniter\Session\Handlers\FileHandler' driver.
DEBUG - 2025-12-29 09:51:36 --> Session: Class initialized using 'CodeIgniter\Session\Handlers\FileHandler' driver.
DEBUG - 2025-12-29 09:51:36 --> Session: Class initialized using 'CodeIgniter\Session\Handlers\FileHandler' driver.
DEBUG - 2025-12-29 09:51:46 --> Session: Class initialized using 'CodeIgniter\Session\Handlers\FileHandler' driver.
DEBUG - 2025-12-29 09:51:46 --> Session: Class initialized using 'CodeIgniter\Session\Handlers\FileHandler' driver.
DEBUG - 2025-12-29 09:51:48 --> Session: Class initialized using 'CodeIgniter\Session\Handlers\FileHandler' driver.
DEBUG - 2025-12-29 09:51:48 --> Session: Class initialized using 'CodeIgniter\Session\Handlers\FileHandler' driver.
DEBUG - 2025-12-29 09:51:50 --> Session: Class initialized using 'CodeIgniter\Session\Handlers\FileHandler' driver.
INFO - 2025-12-29 09:51:50 --> === FRESH ITINERARY MODE ===
INFO - 2025-12-29 09:51:50 --> Loading from last saved itinerary, extension_ref_id: 578
INFO - 2025-12-29 09:51:50 --> Loaded 4 records from last saved itinerary
DEBUG - 2025-12-29 09:51:50 --> Fresh SS match check: Day 1 (date 2026-01-06) | Current: tour_id=2003, location='56', hotel_id=131 | Prev Day 1: tour_id=1997, location='56', hotel_id=131, ext_ref=578 | LocationMatch=YES | HotelMatch=YES
INFO - 2025-12-29 09:51:50 --> Fresh: SUCCESSFULLY pre-loaded SS, Special Events & Addons for Day 1 (date 2026-01-06) from extension_ref_id 578 | SS count: 1
INFO - 2025-12-29 09:51:50 --> SKIPPED defaults for Day 1 (date 2026-01-06) - using pre-loaded data (had_saved: yes, force_fresh: yes)
DEBUG - 2025-12-29 09:51:50 --> Fresh SS match check: Day 2 (date 2026-01-07) | Current: tour_id=2003, location='56', hotel_id=131 | Prev Day 1: tour_id=1997, location='56', hotel_id=131, ext_ref=578 | LocationMatch=YES | HotelMatch=YES
DEBUG - 2025-12-29 09:51:50 --> Fresh SS match check: Day 2 (date 2026-01-07) | Current: tour_id=2003, location='56', hotel_id=131 | Prev Day 2: tour_id=1997, location='56', hotel_id=131, ext_ref=578 | LocationMatch=YES | HotelMatch=YES
INFO - 2025-12-29 09:51:50 --> Fresh: SUCCESSFULLY pre-loaded SS, Special Events & Addons for Day 2 (date 2026-01-07) from extension_ref_id 578 | SS count: 1
INFO - 2025-12-29 09:51:50 --> SKIPPED defaults for Day 2 (date 2026-01-07) - using pre-loaded data (had_saved: yes, force_fresh: yes)
INFO - 2025-12-29 09:51:50 --> Expansion date 2026-01-06: DB Total=191km, Saved SS=150km, Derived Base=41km (display base; JS adds current SS)
INFO - 2025-12-29 09:51:50 --> Expansion date 2026-01-06: DB Total=191km, Saved SS=150km, Derived Base=41km (display base; JS adds current SS)
INFO - 2025-12-29 09:51:50 --> Expansion date 2026-01-06: DB Total=191km, Saved SS=150km, Derived Base=41km (display base; JS adds current SS)
INFO - 2025-12-29 09:51:50 --> Expansion date 2026-01-06: DB Total=191km, Saved SS=150km, Derived Base=41km (display base; JS adds current SS)
INFO - 2025-12-29 09:51:50 --> Expansion date 2026-01-06: DB Total=191km, Saved SS=150km, Derived Base=41km (display base; JS adds current SS)
INFO - 2025-12-29 09:51:50 --> Expansion date 2026-01-07: DB Total=0km, Saved SS=150km, Derived Base=0km (display base; JS adds current SS)
INFO - 2025-12-29 09:51:50 --> Expansion date 2026-01-07: DB Total=0km, Saved SS=150km, Derived Base=0km (display base; JS adds current SS)
INFO - 2025-12-29 09:51:50 --> Expansion date 2026-01-07: DB Total=0km, Saved SS=150km, Derived Base=0km (display base; JS adds current SS)
INFO - 2025-12-29 09:51:50 --> Expansion date 2026-01-07: DB Total=0km, Saved SS=150km, Derived Base=0km (display base; JS adds current SS)
INFO - 2025-12-29 09:51:50 --> Expansion date 2026-01-07: DB Total=0km, Saved SS=150km, Derived Base=0km (display base; JS adds current SS)
DEBUG - 2025-12-29 09:51:50 --> Fresh SS match check: Day 1 (date 2026-01-08) | Current: tour_id=2004, location='9', hotel_id=443 | Prev Day 1: tour_id=1997, location='56', hotel_id=131, ext_ref=578 | LocationMatch=NO | HotelMatch=NO
DEBUG - 2025-12-29 09:51:50 --> Fresh SS match check: Day 1 (date 2026-01-08) | Current: tour_id=2004, location='9', hotel_id=443 | Prev Day 2: tour_id=1997, location='56', hotel_id=131, ext_ref=578 | LocationMatch=NO | HotelMatch=NO
DEBUG - 2025-12-29 09:51:50 --> Fresh SS match check: Day 1 (date 2026-01-08) | Current: tour_id=2004, location='9', hotel_id=443 | Prev Day 3: tour_id=1998, location='9', hotel_id=401, ext_ref=578 | LocationMatch=YES | HotelMatch=NO
DEBUG - 2025-12-29 09:51:50 --> Fresh SS match check: Day 1 (date 2026-01-08) | Current: tour_id=2004, location='9', hotel_id=443 | Prev Day 4: tour_id=1998, location='9', hotel_id=0, ext_ref=578 | LocationMatch=YES | HotelMatch=NO
INFO - 2025-12-29 09:51:50 --> Fresh: NO previous match found for Day 1 (date 2026-01-08)
INFO - 2025-12-29 09:51:50 --> SKIPPED defaults for Day 1 (date 2026-01-08) - using pre-loaded data (had_saved: no, force_fresh: yes)
INFO - 2025-12-29 09:51:50 --> Expansion date 2026-01-08: DB Total=226km, Saved SS=0km, Derived Base=226km (display base; JS adds current SS)
INFO - 2025-12-29 09:51:50 --> Expansion date 2026-01-08: DB Total=226km, Saved SS=0km, Derived Base=226km (display base; JS adds current SS)
INFO - 2025-12-29 09:51:50 --> Expansion date 2026-01-08: DB Total=226km, Saved SS=0km, Derived Base=226km (display base; JS adds current SS)
INFO - 2025-12-29 09:51:50 --> Expansion date 2026-01-08: DB Total=226km, Saved SS=0km, Derived Base=226km (display base; JS adds current SS)
INFO - 2025-12-29 09:51:50 --> Expansion date 2026-01-08: DB Total=226km, Saved SS=0km, Derived Base=226km (display base; JS adds current SS)
DEBUG - 2025-12-29 09:52:18 --> Session: Class initialized using 'CodeIgniter\Session\Handlers\FileHandler' driver.
DEBUG - 2025-12-29 09:52:19 --> Session: Class initialized using 'CodeIgniter\Session\Handlers\FileHandler' driver.
INFO - 2025-12-29 09:52:19 --> === FRESH ITINERARY MODE ===
INFO - 2025-12-29 09:52:19 --> Loading from last saved itinerary, extension_ref_id: 578
INFO - 2025-12-29 09:52:19 --> Loaded 4 records from last saved itinerary
INFO - 2025-12-29 09:52:19 --> SKIPPED defaults for Day 1 (date 2026-01-06) - using pre-loaded data (had_saved: yes, force_fresh: no)
INFO - 2025-12-29 09:52:19 --> SKIPPED defaults for Day 2 (date 2026-01-07) - using pre-loaded data (had_saved: yes, force_fresh: no)
INFO - 2025-12-29 09:52:19 --> Expansion date 2026-01-06: DB Total=191km, Saved SS=150km, Derived Base=41km (display base; JS adds current SS)
INFO - 2025-12-29 09:52:19 --> Expansion date 2026-01-06: DB Total=191km, Saved SS=150km, Derived Base=41km (display base; JS adds current SS)
INFO - 2025-12-29 09:52:19 --> Expansion date 2026-01-06: DB Total=191km, Saved SS=150km, Derived Base=41km (display base; JS adds current SS)
INFO - 2025-12-29 09:52:19 --> Expansion date 2026-01-06: DB Total=191km, Saved SS=150km, Derived Base=41km (display base; JS adds current SS)
INFO - 2025-12-29 09:52:19 --> Expansion date 2026-01-06: DB Total=191km, Saved SS=150km, Derived Base=41km (display base; JS adds current SS)
INFO - 2025-12-29 09:52:19 --> Expansion date 2026-01-07: DB Total=0km, Saved SS=0km, Derived Base=0km (display base; JS adds current SS)
INFO - 2025-12-29 09:52:19 --> Expansion date 2026-01-07: DB Total=0km, Saved SS=0km, Derived Base=0km (display base; JS adds current SS)
INFO - 2025-12-29 09:52:19 --> Expansion date 2026-01-07: DB Total=0km, Saved SS=0km, Derived Base=0km (display base; JS adds current SS)
INFO - 2025-12-29 09:52:19 --> Expansion date 2026-01-07: DB Total=0km, Saved SS=0km, Derived Base=0km (display base; JS adds current SS)
INFO - 2025-12-29 09:52:19 --> Expansion date 2026-01-07: DB Total=0km, Saved SS=0km, Derived Base=0km (display base; JS adds current SS)
INFO - 2025-12-29 09:52:19 --> SKIPPED defaults for Day 1 (date 2026-01-08) - using pre-loaded data (had_saved: yes, force_fresh: no)
INFO - 2025-12-29 09:52:19 --> Expansion date 2026-01-08: DB Total=226km, Saved SS=0km, Derived Base=226km (display base; JS adds current SS)
INFO - 2025-12-29 09:52:19 --> Expansion date 2026-01-08: DB Total=226km, Saved SS=0km, Derived Base=226km (display base; JS adds current SS)
INFO - 2025-12-29 09:52:19 --> Expansion date 2026-01-08: DB Total=226km, Saved SS=0km, Derived Base=226km (display base; JS adds current SS)
INFO - 2025-12-29 09:52:19 --> Expansion date 2026-01-08: DB Total=226km, Saved SS=0km, Derived Base=226km (display base; JS adds current SS)
INFO - 2025-12-29 09:52:19 --> Expansion date 2026-01-08: DB Total=226km, Saved SS=0km, Derived Base=226km (display base; JS adds current SS)
INFO - 2025-12-29 09:52:19 --> Itinerary expansion date 2026-01-06: Derived Base=341km (no SS added)
INFO - 2025-12-29 09:52:19 --> Itinerary expansion date 2026-01-06: Derived Base=341km (no SS added)
INFO - 2025-12-29 09:52:19 --> Itinerary expansion date 2026-01-06: Derived Base=341km (no SS added)
INFO - 2025-12-29 09:52:19 --> Itinerary expansion date 2026-01-06: Derived Base=341km (no SS added)
INFO - 2025-12-29 09:52:19 --> Itinerary expansion date 2026-01-06: Derived Base=341km (no SS added)
INFO - 2025-12-29 09:52:19 --> Itinerary expansion date 2026-01-07: Derived Base=150km (no SS added)
INFO - 2025-12-29 09:52:19 --> Itinerary expansion date 2026-01-07: Derived Base=150km (no SS added)
INFO - 2025-12-29 09:52:19 --> Itinerary expansion date 2026-01-07: Derived Base=150km (no SS added)
INFO - 2025-12-29 09:52:19 --> Itinerary expansion date 2026-01-07: Derived Base=150km (no SS added)
INFO - 2025-12-29 09:52:19 --> Itinerary expansion date 2026-01-07: Derived Base=150km (no SS added)
INFO - 2025-12-29 09:52:19 --> Itinerary expansion date 2026-01-08: Derived Base=190km (no SS added)
INFO - 2025-12-29 09:52:19 --> Itinerary expansion date 2026-01-08: Derived Base=190km (no SS added)
INFO - 2025-12-29 09:52:19 --> Itinerary expansion date 2026-01-08: Derived Base=190km (no SS added)
INFO - 2025-12-29 09:52:19 --> Itinerary expansion date 2026-01-08: Derived Base=190km (no SS added)
INFO - 2025-12-29 09:52:19 --> Itinerary expansion date 2026-01-08: Derived Base=190km (no SS added)
DEBUG - 2025-12-29 09:52:30 --> Session: Class initialized using 'CodeIgniter\Session\Handlers\FileHandler' driver.
DEBUG - 2025-12-29 09:52:31 --> Session: Class initialized using 'CodeIgniter\Session\Handlers\FileHandler' driver.
DEBUG - 2025-12-29 09:52:31 --> Session: Class initialized using 'CodeIgniter\Session\Handlers\FileHandler' driver.
DEBUG - 2025-12-29 09:52:33 --> Session: Class initialized using 'CodeIgniter\Session\Handlers\FileHandler' driver.
DEBUG - 2025-12-29 09:52:33 --> Session: Class initialized using 'CodeIgniter\Session\Handlers\FileHandler' driver.
DEBUG - 2025-12-29 09:52:40 --> Session: Class initialized using 'CodeIgniter\Session\Handlers\FileHandler' driver.
INFO - 2025-12-29 09:52:40 --> SKIPPED defaults for Day 1 (date 2026-01-06) - using pre-loaded data (had_saved: yes, force_fresh: no)
INFO - 2025-12-29 09:52:40 --> SKIPPED defaults for Day 2 (date 2026-01-07) - using pre-loaded data (had_saved: yes, force_fresh: no)
INFO - 2025-12-29 09:52:40 --> Expansion date 2026-01-06: DB Total=191km, Saved SS=150km, Derived Base=41km (display base; JS adds current SS)
INFO - 2025-12-29 09:52:40 --> Expansion date 2026-01-06: DB Total=191km, Saved SS=150km, Derived Base=41km (display base; JS adds current SS)
INFO - 2025-12-29 09:52:40 --> Expansion date 2026-01-06: DB Total=191km, Saved SS=150km, Derived Base=41km (display base; JS adds current SS)
INFO - 2025-12-29 09:52:40 --> Expansion date 2026-01-06: DB Total=191km, Saved SS=150km, Derived Base=41km (display base; JS adds current SS)
INFO - 2025-12-29 09:52:40 --> Expansion date 2026-01-06: DB Total=191km, Saved SS=150km, Derived Base=41km (display base; JS adds current SS)
INFO - 2025-12-29 09:52:40 --> Expansion date 2026-01-07: DB Total=0km, Saved SS=0km, Derived Base=0km (display base; JS adds current SS)
INFO - 2025-12-29 09:52:40 --> Expansion date 2026-01-07: DB Total=0km, Saved SS=0km, Derived Base=0km (display base; JS adds current SS)
INFO - 2025-12-29 09:52:40 --> Expansion date 2026-01-07: DB Total=0km, Saved SS=0km, Derived Base=0km (display base; JS adds current SS)
INFO - 2025-12-29 09:52:40 --> Expansion date 2026-01-07: DB Total=0km, Saved SS=0km, Derived Base=0km (display base; JS adds current SS)
INFO - 2025-12-29 09:52:40 --> Expansion date 2026-01-07: DB Total=0km, Saved SS=0km, Derived Base=0km (display base; JS adds current SS)
INFO - 2025-12-29 09:52:40 --> SKIPPED defaults for Day 1 (date 2026-01-08) - using pre-loaded data (had_saved: yes, force_fresh: no)
INFO - 2025-12-29 09:52:40 --> Expansion date 2026-01-08: DB Total=226km, Saved SS=0km, Derived Base=226km (display base; JS adds current SS)
INFO - 2025-12-29 09:52:40 --> Expansion date 2026-01-08: DB Total=226km, Saved SS=0km, Derived Base=226km (display base; JS adds current SS)
INFO - 2025-12-29 09:52:40 --> Expansion date 2026-01-08: DB Total=226km, Saved SS=0km, Derived Base=226km (display base; JS adds current SS)
INFO - 2025-12-29 09:52:40 --> Expansion date 2026-01-08: DB Total=226km, Saved SS=0km, Derived Base=226km (display base; JS adds current SS)
INFO - 2025-12-29 09:52:40 --> Expansion date 2026-01-08: DB Total=226km, Saved SS=0km, Derived Base=226km (display base; JS adds current SS)
INFO - 2025-12-29 09:52:40 --> Itinerary expansion date 2026-01-06: Derived Base=341km (no SS added)
INFO - 2025-12-29 09:52:40 --> Itinerary expansion date 2026-01-06: Derived Base=341km (no SS added)
INFO - 2025-12-29 09:52:40 --> Itinerary expansion date 2026-01-06: Derived Base=341km (no SS added)
INFO - 2025-12-29 09:52:40 --> Itinerary expansion date 2026-01-06: Derived Base=341km (no SS added)
INFO - 2025-12-29 09:52:40 --> Itinerary expansion date 2026-01-06: Derived Base=341km (no SS added)
INFO - 2025-12-29 09:52:40 --> Itinerary expansion date 2026-01-07: Derived Base=150km (no SS added)
INFO - 2025-12-29 09:52:40 --> Itinerary expansion date 2026-01-07: Derived Base=150km (no SS added)
INFO - 2025-12-29 09:52:40 --> Itinerary expansion date 2026-01-07: Derived Base=150km (no SS added)
INFO - 2025-12-29 09:52:40 --> Itinerary expansion date 2026-01-07: Derived Base=150km (no SS added)
INFO - 2025-12-29 09:52:40 --> Itinerary expansion date 2026-01-07: Derived Base=150km (no SS added)
INFO - 2025-12-29 09:52:40 --> Itinerary expansion date 2026-01-08: Derived Base=190km (no SS added)
INFO - 2025-12-29 09:52:40 --> Itinerary expansion date 2026-01-08: Derived Base=190km (no SS added)
INFO - 2025-12-29 09:52:40 --> Itinerary expansion date 2026-01-08: Derived Base=190km (no SS added)
INFO - 2025-12-29 09:52:40 --> Itinerary expansion date 2026-01-08: Derived Base=190km (no SS added)
INFO - 2025-12-29 09:52:40 --> Itinerary expansion date 2026-01-08: Derived Base=190km (no SS added)
DEBUG - 2025-12-29 09:52:50 --> Session: Class initialized using 'CodeIgniter\Session\Handlers\FileHandler' driver.
DEBUG - 2025-12-29 09:52:50 --> Session: Class initialized using 'CodeIgniter\Session\Handlers\FileHandler' driver.
DEBUG - 2025-12-29 09:52:58 --> Session: Class initialized using 'CodeIgniter\Session\Handlers\FileHandler' driver.
INFO - 2025-12-29 09:52:58 --> === MAKE CURRENT MODE ===
INFO - 2025-12-29 09:52:58 --> Loading previous itinerary for tour_plan_ref_id: 1997
INFO - 2025-12-29 09:52:58 --> Current extension_ref_id: 578
INFO - 2025-12-29 09:52:58 --> Getting previous itinerary for specific tour plan: tour_plan_ref_id=1997
INFO - 2025-12-29 09:52:58 --> Loading from source tour_details_id: 1
INFO - 2025-12-29 09:52:58 --> No previous extension found
INFO - 2025-12-29 09:52:58 --> Loaded 0 records from SPECIFIC tour plan previous version
INFO - 2025-12-29 15:22:58 --> SKIPPED defaults for Day 1 (date 2026-01-06) - using pre-loaded data (had_saved: yes, force_fresh: no)
INFO - 2025-12-29 15:22:58 --> SKIPPED defaults for Day 2 (date 2026-01-07) - using pre-loaded data (had_saved: yes, force_fresh: no)
INFO - 2025-12-29 15:22:58 --> Expansion date 2026-01-06: DB Total=191km, Saved SS=150km, Derived Base=41km (display base; JS adds current SS)
INFO - 2025-12-29 15:22:58 --> Expansion date 2026-01-06: DB Total=191km, Saved SS=150km, Derived Base=41km (display base; JS adds current SS)
INFO - 2025-12-29 15:22:58 --> Expansion date 2026-01-06: DB Total=191km, Saved SS=150km, Derived Base=41km (display base; JS adds current SS)
INFO - 2025-12-29 15:22:58 --> Expansion date 2026-01-06: DB Total=191km, Saved SS=150km, Derived Base=41km (display base; JS adds current SS)
INFO - 2025-12-29 15:22:58 --> Expansion date 2026-01-06: DB Total=191km, Saved SS=150km, Derived Base=41km (display base; JS adds current SS)
INFO - 2025-12-29 15:22:58 --> Expansion date 2026-01-07: DB Total=0km, Saved SS=150km, Derived Base=0km (display base; JS adds current SS)
INFO - 2025-12-29 15:22:58 --> Expansion date 2026-01-07: DB Total=0km, Saved SS=150km, Derived Base=0km (display base; JS adds current SS)
INFO - 2025-12-29 15:22:58 --> Expansion date 2026-01-07: DB Total=0km, Saved SS=150km, Derived Base=0km (display base; JS adds current SS)
INFO - 2025-12-29 15:22:58 --> Expansion date 2026-01-07: DB Total=0km, Saved SS=150km, Derived Base=0km (display base; JS adds current SS)
INFO - 2025-12-29 15:22:58 --> Expansion date 2026-01-07: DB Total=0km, Saved SS=150km, Derived Base=0km (display base; JS adds current SS)
INFO - 2025-12-29 15:22:58 --> SKIPPED defaults for Day 1 (date 2026-01-08) - using pre-loaded data (had_saved: yes, force_fresh: no)
INFO - 2025-12-29 15:22:58 --> Expansion date 2026-01-08: DB Total=226km, Saved SS=0km, Derived Base=226km (display base; JS adds current SS)
INFO - 2025-12-29 15:22:58 --> Expansion date 2026-01-08: DB Total=226km, Saved SS=0km, Derived Base=226km (display base; JS adds current SS)
INFO - 2025-12-29 15:22:58 --> Expansion date 2026-01-08: DB Total=226km, Saved SS=0km, Derived Base=226km (display base; JS adds current SS)
INFO - 2025-12-29 15:22:58 --> Expansion date 2026-01-08: DB Total=226km, Saved SS=0km, Derived Base=226km (display base; JS adds current SS)
INFO - 2025-12-29 15:22:58 --> Expansion date 2026-01-08: DB Total=226km, Saved SS=0km, Derived Base=226km (display base; JS adds current SS)
INFO - 2025-12-29 15:22:58 --> Itinerary expansion date 2026-01-06: Derived Base=191km (no SS added)
INFO - 2025-12-29 15:22:58 --> Itinerary expansion date 2026-01-06: Derived Base=191km (no SS added)
INFO - 2025-12-29 15:22:58 --> Itinerary expansion date 2026-01-06: Derived Base=191km (no SS added)
INFO - 2025-12-29 15:22:58 --> Itinerary expansion date 2026-01-06: Derived Base=191km (no SS added)
INFO - 2025-12-29 15:22:58 --> Itinerary expansion date 2026-01-06: Derived Base=191km (no SS added)
INFO - 2025-12-29 15:22:58 --> Itinerary expansion date 2026-01-07: Derived Base=0km (no SS added)
INFO - 2025-12-29 15:22:58 --> Itinerary expansion date 2026-01-07: Derived Base=0km (no SS added)
INFO - 2025-12-29 15:22:58 --> Itinerary expansion date 2026-01-07: Derived Base=0km (no SS added)
INFO - 2025-12-29 15:22:58 --> Itinerary expansion date 2026-01-07: Derived Base=0km (no SS added)
INFO - 2025-12-29 15:22:58 --> Itinerary expansion date 2026-01-07: Derived Base=0km (no SS added)
INFO - 2025-12-29 15:22:58 --> Itinerary expansion date 2026-01-08: Derived Base=190km (no SS added)
INFO - 2025-12-29 15:22:58 --> Itinerary expansion date 2026-01-08: Derived Base=190km (no SS added)
INFO - 2025-12-29 15:22:58 --> Itinerary expansion date 2026-01-08: Derived Base=190km (no SS added)
INFO - 2025-12-29 15:22:58 --> Itinerary expansion date 2026-01-08: Derived Base=190km (no SS added)
INFO - 2025-12-29 15:22:58 --> Itinerary expansion date 2026-01-08: Derived Base=190km (no SS added)
DEBUG - 2025-12-29 09:53:08 --> Session: Class initialized using 'CodeIgniter\Session\Handlers\FileHandler' driver.
DEBUG - 2025-12-29 09:53:08 --> Session: Class initialized using 'CodeIgniter\Session\Handlers\FileHandler' driver.
DEBUG - 2025-12-29 09:53:12 --> Session: Class initialized using 'CodeIgniter\Session\Handlers\FileHandler' driver.
DEBUG - 2025-12-29 09:53:14 --> Session: Class initialized using 'CodeIgniter\Session\Handlers\FileHandler' driver.
DEBUG - 2025-12-29 09:53:18 --> Session: Class initialized using 'CodeIgniter\Session\Handlers\FileHandler' driver.
DEBUG - 2025-12-29 09:53:20 --> Session: Class initialized using 'CodeIgniter\Session\Handlers\FileHandler' driver.
DEBUG - 2025-12-29 09:53:20 --> Session: Class initialized using 'CodeIgniter\Session\Handlers\FileHandler' driver.
DEBUG - 2025-12-29 09:53:20 --> Session: Class initialized using 'CodeIgniter\Session\Handlers\FileHandler' driver.
DEBUG - 2025-12-29 09:53:21 --> Session: Class initialized using 'CodeIgniter\Session\Handlers\FileHandler' driver.
DEBUG - 2025-12-29 09:53:21 --> Session: Class initialized using 'CodeIgniter\Session\Handlers\FileHandler' driver.
DEBUG - 2025-12-29 09:53:33 --> Session: Class initialized using 'CodeIgniter\Session\Handlers\FileHandler' driver.
DEBUG - 2025-12-29 09:53:33 --> Session: Class initialized using 'CodeIgniter\Session\Handlers\FileHandler' driver.
DEBUG - 2025-12-29 09:53:36 --> Session: Class initialized using 'CodeIgniter\Session\Handlers\FileHandler' driver.
DEBUG - 2025-12-29 09:53:36 --> Session: Class initialized using 'CodeIgniter\Session\Handlers\FileHandler' driver.
DEBUG - 2025-12-29 09:53:38 --> Session: Class initialized using 'CodeIgniter\Session\Handlers\FileHandler' driver.
INFO - 2025-12-29 09:53:38 --> === FRESH ITINERARY MODE ===
INFO - 2025-12-29 09:53:38 --> Loading from last saved itinerary, extension_ref_id: 579
INFO - 2025-12-29 09:53:38 --> Loaded 4 records from last saved itinerary
DEBUG - 2025-12-29 09:53:38 --> Fresh SS match check: Day 1 (date 2026-01-06) | Current: tour_id=2005, location='56', hotel_id=131 | Prev Day 1: tour_id=2003, location='56', hotel_id=131, ext_ref=579 | LocationMatch=YES | HotelMatch=YES
INFO - 2025-12-29 09:53:38 --> Fresh: SUCCESSFULLY pre-loaded SS, Special Events & Addons for Day 1 (date 2026-01-06) from extension_ref_id 579 | SS count: 1
INFO - 2025-12-29 09:53:38 --> SKIPPED defaults for Day 1 (date 2026-01-06) - using pre-loaded data (had_saved: yes, force_fresh: yes)
DEBUG - 2025-12-29 09:53:38 --> Fresh SS match check: Day 2 (date 2026-01-07) | Current: tour_id=2005, location='56', hotel_id=131 | Prev Day 1: tour_id=2003, location='56', hotel_id=131, ext_ref=579 | LocationMatch=YES | HotelMatch=YES
DEBUG - 2025-12-29 09:53:38 --> Fresh SS match check: Day 2 (date 2026-01-07) | Current: tour_id=2005, location='56', hotel_id=131 | Prev Day 2: tour_id=2003, location='56', hotel_id=131, ext_ref=579 | LocationMatch=YES | HotelMatch=YES
INFO - 2025-12-29 09:53:38 --> Fresh: SUCCESSFULLY pre-loaded SS, Special Events & Addons for Day 2 (date 2026-01-07) from extension_ref_id 579 | SS count: 0
INFO - 2025-12-29 09:53:38 --> SKIPPED defaults for Day 2 (date 2026-01-07) - using pre-loaded data (had_saved: yes, force_fresh: yes)
INFO - 2025-12-29 09:53:38 --> Expansion date 2026-01-06: DB Total=191km, Saved SS=150km, Derived Base=41km (display base; JS adds current SS)
INFO - 2025-12-29 09:53:38 --> Expansion date 2026-01-06: DB Total=191km, Saved SS=150km, Derived Base=41km (display base; JS adds current SS)
INFO - 2025-12-29 09:53:38 --> Expansion date 2026-01-06: DB Total=191km, Saved SS=150km, Derived Base=41km (display base; JS adds current SS)
INFO - 2025-12-29 09:53:38 --> Expansion date 2026-01-06: DB Total=191km, Saved SS=150km, Derived Base=41km (display base; JS adds current SS)
INFO - 2025-12-29 09:53:38 --> Expansion date 2026-01-06: DB Total=191km, Saved SS=150km, Derived Base=41km (display base; JS adds current SS)
INFO - 2025-12-29 09:53:38 --> Expansion date 2026-01-07: DB Total=0km, Saved SS=0km, Derived Base=0km (display base; JS adds current SS)
INFO - 2025-12-29 09:53:38 --> Expansion date 2026-01-07: DB Total=0km, Saved SS=0km, Derived Base=0km (display base; JS adds current SS)
INFO - 2025-12-29 09:53:38 --> Expansion date 2026-01-07: DB Total=0km, Saved SS=0km, Derived Base=0km (display base; JS adds current SS)
INFO - 2025-12-29 09:53:38 --> Expansion date 2026-01-07: DB Total=0km, Saved SS=0km, Derived Base=0km (display base; JS adds current SS)
INFO - 2025-12-29 09:53:38 --> Expansion date 2026-01-07: DB Total=0km, Saved SS=0km, Derived Base=0km (display base; JS adds current SS)
DEBUG - 2025-12-29 09:53:38 --> Fresh SS match check: Day 1 (date 2026-01-08) | Current: tour_id=2006, location='9', hotel_id=401 | Prev Day 1: tour_id=2003, location='56', hotel_id=131, ext_ref=579 | LocationMatch=NO | HotelMatch=NO
DEBUG - 2025-12-29 09:53:38 --> Fresh SS match check: Day 1 (date 2026-01-08) | Current: tour_id=2006, location='9', hotel_id=401 | Prev Day 2: tour_id=2003, location='56', hotel_id=131, ext_ref=579 | LocationMatch=NO | HotelMatch=NO
DEBUG - 2025-12-29 09:53:38 --> Fresh SS match check: Day 1 (date 2026-01-08) | Current: tour_id=2006, location='9', hotel_id=401 | Prev Day 3: tour_id=2004, location='9', hotel_id=443, ext_ref=579 | LocationMatch=YES | HotelMatch=NO
DEBUG - 2025-12-29 09:53:38 --> Fresh SS match check: Day 1 (date 2026-01-08) | Current: tour_id=2006, location='9', hotel_id=401 | Prev Day 4: tour_id=2004, location='9', hotel_id=0, ext_ref=579 | LocationMatch=YES | HotelMatch=NO
INFO - 2025-12-29 09:53:38 --> Fresh: NO previous match found for Day 1 (date 2026-01-08)
INFO - 2025-12-29 09:53:38 --> SKIPPED defaults for Day 1 (date 2026-01-08) - using pre-loaded data (had_saved: no, force_fresh: yes)
INFO - 2025-12-29 09:53:38 --> Expansion date 2026-01-08: DB Total=226km, Saved SS=0km, Derived Base=226km (display base; JS adds current SS)
INFO - 2025-12-29 09:53:38 --> Expansion date 2026-01-08: DB Total=226km, Saved SS=0km, Derived Base=226km (display base; JS adds current SS)
INFO - 2025-12-29 09:53:38 --> Expansion date 2026-01-08: DB Total=226km, Saved SS=0km, Derived Base=226km (display base; JS adds current SS)
INFO - 2025-12-29 09:53:38 --> Expansion date 2026-01-08: DB Total=226km, Saved SS=0km, Derived Base=226km (display base; JS adds current SS)
INFO - 2025-12-29 09:53:38 --> Expansion date 2026-01-08: DB Total=226km, Saved SS=0km, Derived Base=226km (display base; JS adds current SS)
DEBUG - 2025-12-29 09:54:18 --> Session: Class initialized using 'CodeIgniter\Session\Handlers\FileHandler' driver.
DEBUG - 2025-12-29 09:54:18 --> Session: Class initialized using 'CodeIgniter\Session\Handlers\FileHandler' driver.
INFO - 2025-12-29 09:54:18 --> === FRESH ITINERARY MODE ===
INFO - 2025-12-29 09:54:18 --> Loading from last saved itinerary, extension_ref_id: 579
INFO - 2025-12-29 09:54:18 --> Loaded 4 records from last saved itinerary
INFO - 2025-12-29 09:54:18 --> SKIPPED defaults for Day 1 (date 2026-01-06) - using pre-loaded data (had_saved: yes, force_fresh: no)
INFO - 2025-12-29 09:54:18 --> SKIPPED defaults for Day 2 (date 2026-01-07) - using pre-loaded data (had_saved: yes, force_fresh: no)
INFO - 2025-12-29 09:54:18 --> Expansion date 2026-01-06: DB Total=191km, Saved SS=150km, Derived Base=41km (display base; JS adds current SS)
INFO - 2025-12-29 09:54:18 --> Expansion date 2026-01-06: DB Total=191km, Saved SS=150km, Derived Base=41km (display base; JS adds current SS)
INFO - 2025-12-29 09:54:18 --> Expansion date 2026-01-06: DB Total=191km, Saved SS=150km, Derived Base=41km (display base; JS adds current SS)
INFO - 2025-12-29 09:54:18 --> Expansion date 2026-01-06: DB Total=191km, Saved SS=150km, Derived Base=41km (display base; JS adds current SS)
INFO - 2025-12-29 09:54:18 --> Expansion date 2026-01-06: DB Total=191km, Saved SS=150km, Derived Base=41km (display base; JS adds current SS)
INFO - 2025-12-29 09:54:18 --> Expansion date 2026-01-07: DB Total=0km, Saved SS=0km, Derived Base=0km (display base; JS adds current SS)
INFO - 2025-12-29 09:54:18 --> Expansion date 2026-01-07: DB Total=0km, Saved SS=0km, Derived Base=0km (display base; JS adds current SS)
INFO - 2025-12-29 09:54:18 --> Expansion date 2026-01-07: DB Total=0km, Saved SS=0km, Derived Base=0km (display base; JS adds current SS)
INFO - 2025-12-29 09:54:18 --> Expansion date 2026-01-07: DB Total=0km, Saved SS=0km, Derived Base=0km (display base; JS adds current SS)
INFO - 2025-12-29 09:54:18 --> Expansion date 2026-01-07: DB Total=0km, Saved SS=0km, Derived Base=0km (display base; JS adds current SS)
INFO - 2025-12-29 09:54:18 --> SKIPPED defaults for Day 1 (date 2026-01-08) - using pre-loaded data (had_saved: yes, force_fresh: no)
INFO - 2025-12-29 09:54:18 --> Expansion date 2026-01-08: DB Total=226km, Saved SS=0km, Derived Base=226km (display base; JS adds current SS)
INFO - 2025-12-29 09:54:18 --> Expansion date 2026-01-08: DB Total=226km, Saved SS=0km, Derived Base=226km (display base; JS adds current SS)
INFO - 2025-12-29 09:54:18 --> Expansion date 2026-01-08: DB Total=226km, Saved SS=0km, Derived Base=226km (display base; JS adds current SS)
INFO - 2025-12-29 09:54:18 --> Expansion date 2026-01-08: DB Total=226km, Saved SS=0km, Derived Base=226km (display base; JS adds current SS)
INFO - 2025-12-29 09:54:18 --> Expansion date 2026-01-08: DB Total=226km, Saved SS=0km, Derived Base=226km (display base; JS adds current SS)
INFO - 2025-12-29 09:54:18 --> Itinerary expansion date 2026-01-06: Derived Base=491km (no SS added)
INFO - 2025-12-29 09:54:18 --> Itinerary expansion date 2026-01-06: Derived Base=491km (no SS added)
INFO - 2025-12-29 09:54:18 --> Itinerary expansion date 2026-01-06: Derived Base=491km (no SS added)
INFO - 2025-12-29 09:54:18 --> Itinerary expansion date 2026-01-06: Derived Base=491km (no SS added)
INFO - 2025-12-29 09:54:18 --> Itinerary expansion date 2026-01-06: Derived Base=491km (no SS added)
INFO - 2025-12-29 09:54:18 --> Itinerary expansion date 2026-01-07: Derived Base=150km (no SS added)
INFO - 2025-12-29 09:54:18 --> Itinerary expansion date 2026-01-07: Derived Base=150km (no SS added)
INFO - 2025-12-29 09:54:18 --> Itinerary expansion date 2026-01-07: Derived Base=150km (no SS added)
INFO - 2025-12-29 09:54:18 --> Itinerary expansion date 2026-01-07: Derived Base=150km (no SS added)
INFO - 2025-12-29 09:54:18 --> Itinerary expansion date 2026-01-07: Derived Base=150km (no SS added)
INFO - 2025-12-29 09:54:18 --> Itinerary expansion date 2026-01-08: Derived Base=190km (no SS added)
INFO - 2025-12-29 09:54:18 --> Itinerary expansion date 2026-01-08: Derived Base=190km (no SS added)
INFO - 2025-12-29 09:54:18 --> Itinerary expansion date 2026-01-08: Derived Base=190km (no SS added)
INFO - 2025-12-29 09:54:18 --> Itinerary expansion date 2026-01-08: Derived Base=190km (no SS added)
INFO - 2025-12-29 09:54:18 --> Itinerary expansion date 2026-01-08: Derived Base=190km (no SS added)
DEBUG - 2025-12-29 09:54:30 --> Session: Class initialized using 'CodeIgniter\Session\Handlers\FileHandler' driver.
DEBUG - 2025-12-29 09:54:30 --> Session: Class initialized using 'CodeIgniter\Session\Handlers\FileHandler' driver.
DEBUG - 2025-12-29 09:54:31 --> Session: Class initialized using 'CodeIgniter\Session\Handlers\FileHandler' driver.
DEBUG - 2025-12-29 09:54:33 --> Session: Class initialized using 'CodeIgniter\Session\Handlers\FileHandler' driver.
DEBUG - 2025-12-29 09:54:33 --> Session: Class initialized using 'CodeIgniter\Session\Handlers\FileHandler' driver.
DEBUG - 2025-12-29 09:54:47 --> Session: Class initialized using 'CodeIgniter\Session\Handlers\FileHandler' driver.
INFO - 2025-12-29 09:54:47 --> === MAKE CURRENT MODE ===
INFO - 2025-12-29 09:54:47 --> Loading previous itinerary for tour_plan_ref_id: 1997
INFO - 2025-12-29 09:54:47 --> Current extension_ref_id: 578
INFO - 2025-12-29 09:54:47 --> Getting previous itinerary for specific tour plan: tour_plan_ref_id=1997
INFO - 2025-12-29 09:54:47 --> Loading from source tour_details_id: 1
INFO - 2025-12-29 09:54:47 --> No previous extension found
INFO - 2025-12-29 09:54:47 --> Loaded 0 records from SPECIFIC tour plan previous version
INFO - 2025-12-29 15:24:47 --> SKIPPED defaults for Day 1 (date 2026-01-06) - using pre-loaded data (had_saved: yes, force_fresh: no)
INFO - 2025-12-29 15:24:47 --> SKIPPED defaults for Day 2 (date 2026-01-07) - using pre-loaded data (had_saved: yes, force_fresh: no)
INFO - 2025-12-29 15:24:47 --> Expansion date 2026-01-06: DB Total=191km, Saved SS=150km, Derived Base=41km (display base; JS adds current SS)
INFO - 2025-12-29 15:24:47 --> Expansion date 2026-01-06: DB Total=191km, Saved SS=150km, Derived Base=41km (display base; JS adds current SS)
INFO - 2025-12-29 15:24:47 --> Expansion date 2026-01-06: DB Total=191km, Saved SS=150km, Derived Base=41km (display base; JS adds current SS)
INFO - 2025-12-29 15:24:47 --> Expansion date 2026-01-06: DB Total=191km, Saved SS=150km, Derived Base=41km (display base; JS adds current SS)
INFO - 2025-12-29 15:24:47 --> Expansion date 2026-01-06: DB Total=191km, Saved SS=150km, Derived Base=41km (display base; JS adds current SS)
INFO - 2025-12-29 15:24:47 --> Expansion date 2026-01-07: DB Total=0km, Saved SS=150km, Derived Base=0km (display base; JS adds current SS)
INFO - 2025-12-29 15:24:47 --> Expansion date 2026-01-07: DB Total=0km, Saved SS=150km, Derived Base=0km (display base; JS adds current SS)
INFO - 2025-12-29 15:24:47 --> Expansion date 2026-01-07: DB Total=0km, Saved SS=150km, Derived Base=0km (display base; JS adds current SS)
INFO - 2025-12-29 15:24:47 --> Expansion date 2026-01-07: DB Total=0km, Saved SS=150km, Derived Base=0km (display base; JS adds current SS)
INFO - 2025-12-29 15:24:47 --> Expansion date 2026-01-07: DB Total=0km, Saved SS=150km, Derived Base=0km (display base; JS adds current SS)
INFO - 2025-12-29 15:24:47 --> SKIPPED defaults for Day 1 (date 2026-01-08) - using pre-loaded data (had_saved: yes, force_fresh: no)
INFO - 2025-12-29 15:24:47 --> Expansion date 2026-01-08: DB Total=226km, Saved SS=0km, Derived Base=226km (display base; JS adds current SS)
INFO - 2025-12-29 15:24:47 --> Expansion date 2026-01-08: DB Total=226km, Saved SS=0km, Derived Base=226km (display base; JS adds current SS)
INFO - 2025-12-29 15:24:47 --> Expansion date 2026-01-08: DB Total=226km, Saved SS=0km, Derived Base=226km (display base; JS adds current SS)
INFO - 2025-12-29 15:24:47 --> Expansion date 2026-01-08: DB Total=226km, Saved SS=0km, Derived Base=226km (display base; JS adds current SS)
INFO - 2025-12-29 15:24:47 --> Expansion date 2026-01-08: DB Total=226km, Saved SS=0km, Derived Base=226km (display base; JS adds current SS)
INFO - 2025-12-29 15:24:47 --> Itinerary expansion date 2026-01-06: Derived Base=191km (no SS added)
INFO - 2025-12-29 15:24:47 --> Itinerary expansion date 2026-01-06: Derived Base=191km (no SS added)
INFO - 2025-12-29 15:24:47 --> Itinerary expansion date 2026-01-06: Derived Base=191km (no SS added)
INFO - 2025-12-29 15:24:47 --> Itinerary expansion date 2026-01-06: Derived Base=191km (no SS added)
INFO - 2025-12-29 15:24:47 --> Itinerary expansion date 2026-01-06: Derived Base=191km (no SS added)
INFO - 2025-12-29 15:24:47 --> Itinerary expansion date 2026-01-07: Derived Base=0km (no SS added)
INFO - 2025-12-29 15:24:47 --> Itinerary expansion date 2026-01-07: Derived Base=0km (no SS added)
INFO - 2025-12-29 15:24:47 --> Itinerary expansion date 2026-01-07: Derived Base=0km (no SS added)
INFO - 2025-12-29 15:24:47 --> Itinerary expansion date 2026-01-07: Derived Base=0km (no SS added)
INFO - 2025-12-29 15:24:47 --> Itinerary expansion date 2026-01-07: Derived Base=0km (no SS added)
INFO - 2025-12-29 15:24:47 --> Itinerary expansion date 2026-01-08: Derived Base=190km (no SS added)
INFO - 2025-12-29 15:24:47 --> Itinerary expansion date 2026-01-08: Derived Base=190km (no SS added)
INFO - 2025-12-29 15:24:47 --> Itinerary expansion date 2026-01-08: Derived Base=190km (no SS added)
INFO - 2025-12-29 15:24:47 --> Itinerary expansion date 2026-01-08: Derived Base=190km (no SS added)
INFO - 2025-12-29 15:24:47 --> Itinerary expansion date 2026-01-08: Derived Base=190km (no SS added)
DEBUG - 2025-12-29 09:54:57 --> Session: Class initialized using 'CodeIgniter\Session\Handlers\FileHandler' driver.
DEBUG - 2025-12-29 09:54:57 --> Session: Class initialized using 'CodeIgniter\Session\Handlers\FileHandler' driver.
DEBUG - 2025-12-29 09:55:04 --> Session: Class initialized using 'CodeIgniter\Session\Handlers\FileHandler' driver.
DEBUG - 2025-12-29 09:55:05 --> Session: Class initialized using 'CodeIgniter\Session\Handlers\FileHandler' driver.
DEBUG - 2025-12-29 09:55:08 --> Session: Class initialized using 'CodeIgniter\Session\Handlers\FileHandler' driver.
DEBUG - 2025-12-29 09:55:10 --> Session: Class initialized using 'CodeIgniter\Session\Handlers\FileHandler' driver.
DEBUG - 2025-12-29 09:55:10 --> Session: Class initialized using 'CodeIgniter\Session\Handlers\FileHandler' driver.
DEBUG - 2025-12-29 09:55:10 --> Session: Class initialized using 'CodeIgniter\Session\Handlers\FileHandler' driver.
DEBUG - 2025-12-29 09:55:11 --> Session: Class initialized using 'CodeIgniter\Session\Handlers\FileHandler' driver.
DEBUG - 2025-12-29 09:55:11 --> Session: Class initialized using 'CodeIgniter\Session\Handlers\FileHandler' driver.
DEBUG - 2025-12-29 09:55:27 --> Session: Class initialized using 'CodeIgniter\Session\Handlers\FileHandler' driver.
DEBUG - 2025-12-29 09:55:27 --> Session: Class initialized using 'CodeIgniter\Session\Handlers\FileHandler' driver.
DEBUG - 2025-12-29 09:55:29 --> Session: Class initialized using 'CodeIgniter\Session\Handlers\FileHandler' driver.
DEBUG - 2025-12-29 09:55:29 --> Session: Class initialized using 'CodeIgniter\Session\Handlers\FileHandler' driver.
DEBUG - 2025-12-29 09:55:31 --> Session: Class initialized using 'CodeIgniter\Session\Handlers\FileHandler' driver.
INFO - 2025-12-29 09:55:31 --> === FRESH ITINERARY MODE ===
INFO - 2025-12-29 09:55:31 --> Loading from last saved itinerary, extension_ref_id: 580
INFO - 2025-12-29 09:55:31 --> Loaded 4 records from last saved itinerary
DEBUG - 2025-12-29 09:55:31 --> Fresh SS match check: Day 1 (date 2026-01-06) | Current: tour_id=2007, location='56', hotel_id=131 | Prev Day 1: tour_id=2005, location='56', hotel_id=131, ext_ref=580 | LocationMatch=YES | HotelMatch=YES
INFO - 2025-12-29 09:55:31 --> Fresh: SUCCESSFULLY pre-loaded SS, Special Events & Addons for Day 1 (date 2026-01-06) from extension_ref_id 580 | SS count: 1
INFO - 2025-12-29 09:55:31 --> SKIPPED defaults for Day 1 (date 2026-01-06) - using pre-loaded data (had_saved: yes, force_fresh: yes)
DEBUG - 2025-12-29 09:55:31 --> Fresh SS match check: Day 2 (date 2026-01-07) | Current: tour_id=2007, location='56', hotel_id=131 | Prev Day 1: tour_id=2005, location='56', hotel_id=131, ext_ref=580 | LocationMatch=YES | HotelMatch=YES
DEBUG - 2025-12-29 09:55:31 --> Fresh SS match check: Day 2 (date 2026-01-07) | Current: tour_id=2007, location='56', hotel_id=131 | Prev Day 2: tour_id=2005, location='56', hotel_id=131, ext_ref=580 | LocationMatch=YES | HotelMatch=YES
INFO - 2025-12-29 09:55:31 --> Fresh: SUCCESSFULLY pre-loaded SS, Special Events & Addons for Day 2 (date 2026-01-07) from extension_ref_id 580 | SS count: 0
INFO - 2025-12-29 09:55:31 --> SKIPPED defaults for Day 2 (date 2026-01-07) - using pre-loaded data (had_saved: yes, force_fresh: yes)
INFO - 2025-12-29 09:55:31 --> Expansion date 2026-01-06: DB Total=191km, Saved SS=150km, Derived Base=41km (display base; JS adds current SS)
INFO - 2025-12-29 09:55:31 --> Expansion date 2026-01-06: DB Total=191km, Saved SS=150km, Derived Base=41km (display base; JS adds current SS)
INFO - 2025-12-29 09:55:31 --> Expansion date 2026-01-06: DB Total=191km, Saved SS=150km, Derived Base=41km (display base; JS adds current SS)
INFO - 2025-12-29 09:55:31 --> Expansion date 2026-01-06: DB Total=191km, Saved SS=150km, Derived Base=41km (display base; JS adds current SS)
INFO - 2025-12-29 09:55:31 --> Expansion date 2026-01-06: DB Total=191km, Saved SS=150km, Derived Base=41km (display base; JS adds current SS)
INFO - 2025-12-29 09:55:31 --> Expansion date 2026-01-07: DB Total=0km, Saved SS=0km, Derived Base=0km (display base; JS adds current SS)
INFO - 2025-12-29 09:55:31 --> Expansion date 2026-01-07: DB Total=0km, Saved SS=0km, Derived Base=0km (display base; JS adds current SS)
INFO - 2025-12-29 09:55:31 --> Expansion date 2026-01-07: DB Total=0km, Saved SS=0km, Derived Base=0km (display base; JS adds current SS)
INFO - 2025-12-29 09:55:31 --> Expansion date 2026-01-07: DB Total=0km, Saved SS=0km, Derived Base=0km (display base; JS adds current SS)
INFO - 2025-12-29 09:55:31 --> Expansion date 2026-01-07: DB Total=0km, Saved SS=0km, Derived Base=0km (display base; JS adds current SS)
DEBUG - 2025-12-29 09:55:31 --> Fresh SS match check: Day 1 (date 2026-01-08) | Current: tour_id=2008, location='9', hotel_id=401 | Prev Day 1: tour_id=2005, location='56', hotel_id=131, ext_ref=580 | LocationMatch=NO | HotelMatch=NO
DEBUG - 2025-12-29 09:55:31 --> Fresh SS match check: Day 1 (date 2026-01-08) | Current: tour_id=2008, location='9', hotel_id=401 | Prev Day 2: tour_id=2005, location='56', hotel_id=131, ext_ref=580 | LocationMatch=NO | HotelMatch=NO
DEBUG - 2025-12-29 09:55:31 --> Fresh SS match check: Day 1 (date 2026-01-08) | Current: tour_id=2008, location='9', hotel_id=401 | Prev Day 3: tour_id=2006, location='9', hotel_id=401, ext_ref=580 | LocationMatch=YES | HotelMatch=YES
DEBUG - 2025-12-29 09:55:31 --> Fresh SS match check: Day 1 (date 2026-01-08) | Current: tour_id=2008, location='9', hotel_id=401 | Prev Day 4: tour_id=2006, location='9', hotel_id=0, ext_ref=580 | LocationMatch=YES | HotelMatch=NO
INFO - 2025-12-29 09:55:31 --> Fresh: NO previous match found for Day 1 (date 2026-01-08)
INFO - 2025-12-29 09:55:31 --> SKIPPED defaults for Day 1 (date 2026-01-08) - using pre-loaded data (had_saved: no, force_fresh: yes)
INFO - 2025-12-29 09:55:31 --> Expansion date 2026-01-08: DB Total=226km, Saved SS=0km, Derived Base=226km (display base; JS adds current SS)
INFO - 2025-12-29 09:55:31 --> Expansion date 2026-01-08: DB Total=226km, Saved SS=0km, Derived Base=226km (display base; JS adds current SS)
INFO - 2025-12-29 09:55:31 --> Expansion date 2026-01-08: DB Total=226km, Saved SS=0km, Derived Base=226km (display base; JS adds current SS)
INFO - 2025-12-29 09:55:31 --> Expansion date 2026-01-08: DB Total=226km, Saved SS=0km, Derived Base=226km (display base; JS adds current SS)
INFO - 2025-12-29 09:55:31 --> Expansion date 2026-01-08: DB Total=226km, Saved SS=0km, Derived Base=226km (display base; JS adds current SS)
DEBUG - 2025-12-29 09:55:48 --> Session: Class initialized using 'CodeIgniter\Session\Handlers\FileHandler' driver.
DEBUG - 2025-12-29 09:55:49 --> Session: Class initialized using 'CodeIgniter\Session\Handlers\FileHandler' driver.
DEBUG - 2025-12-29 09:55:50 --> Session: Class initialized using 'CodeIgniter\Session\Handlers\FileHandler' driver.
DEBUG - 2025-12-29 09:55:51 --> Session: Class initialized using 'CodeIgniter\Session\Handlers\FileHandler' driver.
DEBUG - 2025-12-29 09:55:52 --> Session: Class initialized using 'CodeIgniter\Session\Handlers\FileHandler' driver.
DEBUG - 2025-12-29 09:55:52 --> Session: Class initialized using 'CodeIgniter\Session\Handlers\FileHandler' driver.
DEBUG - 2025-12-29 09:55:57 --> Session: Class initialized using 'CodeIgniter\Session\Handlers\FileHandler' driver.
DEBUG - 2025-12-29 09:55:57 --> Session: Class initialized using 'CodeIgniter\Session\Handlers\FileHandler' driver.
DEBUG - 2025-12-29 09:56:03 --> Session: Class initialized using 'CodeIgniter\Session\Handlers\FileHandler' driver.
DEBUG - 2025-12-29 09:56:06 --> Session: Class initialized using 'CodeIgniter\Session\Handlers\FileHandler' driver.
DEBUG - 2025-12-29 09:56:08 --> Session: Class initialized using 'CodeIgniter\Session\Handlers\FileHandler' driver.
DEBUG - 2025-12-29 09:56:42 --> Session: Class initialized using 'CodeIgniter\Session\Handlers\FileHandler' driver.
DEBUG - 2025-12-29 09:57:22 --> Session: Class initialized using 'CodeIgniter\Session\Handlers\FileHandler' driver.
DEBUG - 2025-12-29 09:57:25 --> Session: Class initialized using 'CodeIgniter\Session\Handlers\FileHandler' driver.
DEBUG - 2025-12-29 09:57:29 --> Session: Class initialized using 'CodeIgniter\Session\Handlers\FileHandler' driver.
ERROR - 2025-12-29 15:27:30 --> Email: Unable to send email using SMTP. Your server might not be configured to send mail using this method.
ERROR - 2025-12-29 15:27:30 --> 220 smtp.gmail.com ESMTP 41be03b00d2f7-c1e7961c8a2sm25331676a12.6 - gsmtp

hello: 250-smtp.gmail.com at your service, [122.167.184.116]
250-SIZE 35882577
250-8BITMIME
250-AUTH LOGIN PLAIN XOAUTH2 PLAIN-CLIENTTOKEN OAUTHBEARER XOAUTH
250-ENHANCEDSTATUSCODES
250-PIPELINING
250-CHUNKING
250 SMTPUTF8

Failed to authenticate password. Error: 535-5.7.8 Username and Password not accepted. For more information, go to
535 5.7.8  https://support.google.com/mail/?p=BadCredentials 41be03b00d2f7-c1e7961c8a2sm25331676a12.6 - gsmtp

DEBUG - 2025-12-29 09:57:30 --> Session: Class initialized using 'CodeIgniter\Session\Handlers\FileHandler' driver.
DEBUG - 2025-12-29 09:57:30 --> Session: Class initialized using 'CodeIgniter\Session\Handlers\FileHandler' driver.
DEBUG - 2025-12-29 09:57:33 --> Session: Class initialized using 'CodeIgniter\Session\Handlers\FileHandler' driver.
DEBUG - 2025-12-29 09:57:41 --> Session: Class initialized using 'CodeIgniter\Session\Handlers\FileHandler' driver.
DEBUG - 2025-12-29 09:57:42 --> Session: Class initialized using 'CodeIgniter\Session\Handlers\FileHandler' driver.
DEBUG - 2025-12-29 09:57:46 --> Session: Class initialized using 'CodeIgniter\Session\Handlers\FileHandler' driver.
DEBUG - 2025-12-29 09:57:50 --> Session: Class initialized using 'CodeIgniter\Session\Handlers\FileHandler' driver.
DEBUG - 2025-12-29 09:57:50 --> Session: Class initialized using 'CodeIgniter\Session\Handlers\FileHandler' driver.
DEBUG - 2025-12-29 09:57:50 --> Session: Class initialized using 'CodeIgniter\Session\Handlers\FileHandler' driver.
DEBUG - 2025-12-29 09:57:50 --> Session: Class initialized using 'CodeIgniter\Session\Handlers\FileHandler' driver.
DEBUG - 2025-12-29 09:57:50 --> Session: Class initialized using 'CodeIgniter\Session\Handlers\FileHandler' driver.
DEBUG - 2025-12-29 09:57:50 --> Session: Class initialized using 'CodeIgniter\Session\Handlers\FileHandler' driver.
DEBUG - 2025-12-29 09:57:50 --> Session: Class initialized using 'CodeIgniter\Session\Handlers\FileHandler' driver.
DEBUG - 2025-12-29 09:57:51 --> Session: Class initialized using 'CodeIgniter\Session\Handlers\FileHandler' driver.
DEBUG - 2025-12-29 09:57:51 --> Session: Class initialized using 'CodeIgniter\Session\Handlers\FileHandler' driver.
DEBUG - 2025-12-29 09:57:51 --> Session: Class initialized using 'CodeIgniter\Session\Handlers\FileHandler' driver.
DEBUG - 2025-12-29 09:57:57 --> Session: Class initialized using 'CodeIgniter\Session\Handlers\FileHandler' driver.
DEBUG - 2025-12-29 09:57:57 --> Session: Class initialized using 'CodeIgniter\Session\Handlers\FileHandler' driver.
DEBUG - 2025-12-29 09:58:00 --> Session: Class initialized using 'CodeIgniter\Session\Handlers\FileHandler' driver.
DEBUG - 2025-12-29 09:58:04 --> Session: Class initialized using 'CodeIgniter\Session\Handlers\FileHandler' driver.
DEBUG - 2025-12-29 09:58:04 --> Session: Class initialized using 'CodeIgniter\Session\Handlers\FileHandler' driver.
DEBUG - 2025-12-29 09:58:04 --> Session: Class initialized using 'CodeIgniter\Session\Handlers\FileHandler' driver.
DEBUG - 2025-12-29 09:58:04 --> Session: Class initialized using 'CodeIgniter\Session\Handlers\FileHandler' driver.
DEBUG - 2025-12-29 09:58:04 --> Session: Class initialized using 'CodeIgniter\Session\Handlers\FileHandler' driver.
DEBUG - 2025-12-29 09:58:08 --> Session: Class initialized using 'CodeIgniter\Session\Handlers\FileHandler' driver.
DEBUG - 2025-12-29 09:58:08 --> Session: Class initialized using 'CodeIgniter\Session\Handlers\FileHandler' driver.
DEBUG - 2025-12-29 09:58:08 --> Session: Class initialized using 'CodeIgniter\Session\Handlers\FileHandler' driver.
DEBUG - 2025-12-29 09:58:09 --> Session: Class initialized using 'CodeIgniter\Session\Handlers\FileHandler' driver.
DEBUG - 2025-12-29 09:58:14 --> Session: Class initialized using 'CodeIgniter\Session\Handlers\FileHandler' driver.
DEBUG - 2025-12-29 09:58:15 --> Session: Class initialized using 'CodeIgniter\Session\Handlers\FileHandler' driver.
DEBUG - 2025-12-29 09:58:16 --> Session: Class initialized using 'CodeIgniter\Session\Handlers\FileHandler' driver.
DEBUG - 2025-12-29 09:58:16 --> Session: Class initialized using 'CodeIgniter\Session\Handlers\FileHandler' driver.
DEBUG - 2025-12-29 09:58:18 --> Session: Class initialized using 'CodeIgniter\Session\Handlers\FileHandler' driver.
INFO - 2025-12-29 09:58:18 --> === FRESH ITINERARY MODE ===
INFO - 2025-12-29 09:58:18 --> No previous itinerary found
INFO - 2025-12-29 09:58:18 --> SKIPPED defaults for Day 1 (date 2026-01-06) - using pre-loaded data (had_saved: no, force_fresh: yes)
INFO - 2025-12-29 09:58:18 --> SKIPPED defaults for Day 2 (date 2026-01-07) - using pre-loaded data (had_saved: no, force_fresh: yes)
INFO - 2025-12-29 09:58:18 --> Expansion date 2026-01-06: DB Total=176km, Saved SS=0km, Derived Base=176km (display base; JS adds current SS)
INFO - 2025-12-29 09:58:18 --> Expansion date 2026-01-06: DB Total=176km, Saved SS=0km, Derived Base=176km (display base; JS adds current SS)
INFO - 2025-12-29 09:58:18 --> Expansion date 2026-01-06: DB Total=176km, Saved SS=0km, Derived Base=176km (display base; JS adds current SS)
INFO - 2025-12-29 09:58:18 --> Expansion date 2026-01-06: DB Total=176km, Saved SS=0km, Derived Base=176km (display base; JS adds current SS)
INFO - 2025-12-29 09:58:18 --> Expansion date 2026-01-06: DB Total=176km, Saved SS=0km, Derived Base=176km (display base; JS adds current SS)
INFO - 2025-12-29 09:58:18 --> Expansion date 2026-01-07: DB Total=0km, Saved SS=0km, Derived Base=0km (display base; JS adds current SS)
INFO - 2025-12-29 09:58:18 --> Expansion date 2026-01-07: DB Total=0km, Saved SS=0km, Derived Base=0km (display base; JS adds current SS)
INFO - 2025-12-29 09:58:18 --> Expansion date 2026-01-07: DB Total=0km, Saved SS=0km, Derived Base=0km (display base; JS adds current SS)
INFO - 2025-12-29 09:58:18 --> Expansion date 2026-01-07: DB Total=0km, Saved SS=0km, Derived Base=0km (display base; JS adds current SS)
INFO - 2025-12-29 09:58:18 --> Expansion date 2026-01-07: DB Total=0km, Saved SS=0km, Derived Base=0km (display base; JS adds current SS)
INFO - 2025-12-29 09:58:18 --> SKIPPED defaults for Day 1 (date 2026-01-08) - using pre-loaded data (had_saved: no, force_fresh: yes)
INFO - 2025-12-29 09:58:18 --> Expansion date 2026-01-08: DB Total=211km, Saved SS=0km, Derived Base=211km (display base; JS adds current SS)
INFO - 2025-12-29 09:58:18 --> Expansion date 2026-01-08: DB Total=211km, Saved SS=0km, Derived Base=211km (display base; JS adds current SS)
INFO - 2025-12-29 09:58:18 --> Expansion date 2026-01-08: DB Total=211km, Saved SS=0km, Derived Base=211km (display base; JS adds current SS)
INFO - 2025-12-29 09:58:18 --> Expansion date 2026-01-08: DB Total=211km, Saved SS=0km, Derived Base=211km (display base; JS adds current SS)
INFO - 2025-12-29 09:58:18 --> Expansion date 2026-01-08: DB Total=211km, Saved SS=0km, Derived Base=211km (display base; JS adds current SS)
DEBUG - 2025-12-29 09:58:34 --> Session: Class initialized using 'CodeIgniter\Session\Handlers\FileHandler' driver.
DEBUG - 2025-12-29 09:58:35 --> Session: Class initialized using 'CodeIgniter\Session\Handlers\FileHandler' driver.
INFO - 2025-12-29 09:58:35 --> === FRESH ITINERARY MODE ===
INFO - 2025-12-29 09:58:35 --> No previous itinerary found
INFO - 2025-12-29 09:58:35 --> SKIPPED defaults for Day 1 (date 2026-01-06) - using pre-loaded data (had_saved: yes, force_fresh: no)
INFO - 2025-12-29 09:58:35 --> SKIPPED defaults for Day 2 (date 2026-01-07) - using pre-loaded data (had_saved: yes, force_fresh: no)
INFO - 2025-12-29 09:58:35 --> Expansion date 2026-01-06: DB Total=176km, Saved SS=90km, Derived Base=86km (display base; JS adds current SS)
INFO - 2025-12-29 09:58:35 --> Expansion date 2026-01-06: DB Total=176km, Saved SS=90km, Derived Base=86km (display base; JS adds current SS)
INFO - 2025-12-29 09:58:35 --> Expansion date 2026-01-06: DB Total=176km, Saved SS=90km, Derived Base=86km (display base; JS adds current SS)
INFO - 2025-12-29 09:58:35 --> Expansion date 2026-01-06: DB Total=176km, Saved SS=90km, Derived Base=86km (display base; JS adds current SS)
INFO - 2025-12-29 09:58:35 --> Expansion date 2026-01-06: DB Total=176km, Saved SS=90km, Derived Base=86km (display base; JS adds current SS)
INFO - 2025-12-29 09:58:35 --> Expansion date 2026-01-07: DB Total=0km, Saved SS=100km, Derived Base=0km (display base; JS adds current SS)
INFO - 2025-12-29 09:58:35 --> Expansion date 2026-01-07: DB Total=0km, Saved SS=100km, Derived Base=0km (display base; JS adds current SS)
INFO - 2025-12-29 09:58:35 --> Expansion date 2026-01-07: DB Total=0km, Saved SS=100km, Derived Base=0km (display base; JS adds current SS)
INFO - 2025-12-29 09:58:35 --> Expansion date 2026-01-07: DB Total=0km, Saved SS=100km, Derived Base=0km (display base; JS adds current SS)
INFO - 2025-12-29 09:58:35 --> Expansion date 2026-01-07: DB Total=0km, Saved SS=100km, Derived Base=0km (display base; JS adds current SS)
INFO - 2025-12-29 09:58:35 --> SKIPPED defaults for Day 1 (date 2026-01-08) - using pre-loaded data (had_saved: yes, force_fresh: no)
INFO - 2025-12-29 09:58:35 --> Expansion date 2026-01-08: DB Total=211km, Saved SS=0km, Derived Base=211km (display base; JS adds current SS)
INFO - 2025-12-29 09:58:35 --> Expansion date 2026-01-08: DB Total=211km, Saved SS=0km, Derived Base=211km (display base; JS adds current SS)
INFO - 2025-12-29 09:58:35 --> Expansion date 2026-01-08: DB Total=211km, Saved SS=0km, Derived Base=211km (display base; JS adds current SS)
INFO - 2025-12-29 09:58:35 --> Expansion date 2026-01-08: DB Total=211km, Saved SS=0km, Derived Base=211km (display base; JS adds current SS)
INFO - 2025-12-29 09:58:35 --> Expansion date 2026-01-08: DB Total=211km, Saved SS=0km, Derived Base=211km (display base; JS adds current SS)
INFO - 2025-12-29 09:58:35 --> Itinerary expansion date 2026-01-06: Derived Base=176km (no SS added)
INFO - 2025-12-29 09:58:35 --> Itinerary expansion date 2026-01-06: Derived Base=176km (no SS added)
INFO - 2025-12-29 09:58:35 --> Itinerary expansion date 2026-01-06: Derived Base=176km (no SS added)
INFO - 2025-12-29 09:58:35 --> Itinerary expansion date 2026-01-06: Derived Base=176km (no SS added)
INFO - 2025-12-29 09:58:35 --> Itinerary expansion date 2026-01-06: Derived Base=176km (no SS added)
INFO - 2025-12-29 09:58:35 --> Itinerary expansion date 2026-01-07: Derived Base=0km (no SS added)
INFO - 2025-12-29 09:58:35 --> Itinerary expansion date 2026-01-07: Derived Base=0km (no SS added)
INFO - 2025-12-29 09:58:35 --> Itinerary expansion date 2026-01-07: Derived Base=0km (no SS added)
INFO - 2025-12-29 09:58:35 --> Itinerary expansion date 2026-01-07: Derived Base=0km (no SS added)
INFO - 2025-12-29 09:58:35 --> Itinerary expansion date 2026-01-07: Derived Base=0km (no SS added)
INFO - 2025-12-29 09:58:35 --> Itinerary expansion date 2026-01-08: Derived Base=175km (no SS added)
INFO - 2025-12-29 09:58:35 --> Itinerary expansion date 2026-01-08: Derived Base=175km (no SS added)
INFO - 2025-12-29 09:58:35 --> Itinerary expansion date 2026-01-08: Derived Base=175km (no SS added)
INFO - 2025-12-29 09:58:35 --> Itinerary expansion date 2026-01-08: Derived Base=175km (no SS added)
INFO - 2025-12-29 09:58:35 --> Itinerary expansion date 2026-01-08: Derived Base=175km (no SS added)
DEBUG - 2025-12-29 09:58:42 --> Session: Class initialized using 'CodeIgniter\Session\Handlers\FileHandler' driver.
DEBUG - 2025-12-29 09:58:42 --> Session: Class initialized using 'CodeIgniter\Session\Handlers\FileHandler' driver.
DEBUG - 2025-12-29 09:58:42 --> Session: Class initialized using 'CodeIgniter\Session\Handlers\FileHandler' driver.
DEBUG - 2025-12-29 09:58:46 --> Session: Class initialized using 'CodeIgniter\Session\Handlers\FileHandler' driver.
DEBUG - 2025-12-29 09:58:46 --> Session: Class initialized using 'CodeIgniter\Session\Handlers\FileHandler' driver.
DEBUG - 2025-12-29 09:58:50 --> Session: Class initialized using 'CodeIgniter\Session\Handlers\FileHandler' driver.
DEBUG - 2025-12-29 09:58:52 --> Session: Class initialized using 'CodeIgniter\Session\Handlers\FileHandler' driver.
DEBUG - 2025-12-29 09:58:52 --> Session: Class initialized using 'CodeIgniter\Session\Handlers\FileHandler' driver.
DEBUG - 2025-12-29 09:58:52 --> Session: Class initialized using 'CodeIgniter\Session\Handlers\FileHandler' driver.
DEBUG - 2025-12-29 09:58:53 --> Session: Class initialized using 'CodeIgniter\Session\Handlers\FileHandler' driver.
DEBUG - 2025-12-29 09:58:53 --> Session: Class initialized using 'CodeIgniter\Session\Handlers\FileHandler' driver.
DEBUG - 2025-12-29 09:59:04 --> Session: Class initialized using 'CodeIgniter\Session\Handlers\FileHandler' driver.
DEBUG - 2025-12-29 09:59:04 --> Session: Class initialized using 'CodeIgniter\Session\Handlers\FileHandler' driver.
DEBUG - 2025-12-29 09:59:06 --> Session: Class initialized using 'CodeIgniter\Session\Handlers\FileHandler' driver.
DEBUG - 2025-12-29 09:59:06 --> Session: Class initialized using 'CodeIgniter\Session\Handlers\FileHandler' driver.
DEBUG - 2025-12-29 09:59:08 --> Session: Class initialized using 'CodeIgniter\Session\Handlers\FileHandler' driver.
INFO - 2025-12-29 09:59:08 --> === FRESH ITINERARY MODE ===
INFO - 2025-12-29 09:59:08 --> Loading from last saved itinerary, extension_ref_id: 581
INFO - 2025-12-29 09:59:08 --> Loaded 4 records from last saved itinerary
DEBUG - 2025-12-29 09:59:08 --> Fresh SS match check: Day 1 (date 2026-01-06) | Current: tour_id=2011, location='16', hotel_id=1190 | Prev Day 1: tour_id=2009, location='16', hotel_id=1190, ext_ref=581 | LocationMatch=YES | HotelMatch=YES
INFO - 2025-12-29 09:59:08 --> Fresh: SUCCESSFULLY pre-loaded SS, Special Events & Addons for Day 1 (date 2026-01-06) from extension_ref_id 581 | SS count: 1
INFO - 2025-12-29 09:59:08 --> SKIPPED defaults for Day 1 (date 2026-01-06) - using pre-loaded data (had_saved: yes, force_fresh: yes)
DEBUG - 2025-12-29 09:59:08 --> Fresh SS match check: Day 2 (date 2026-01-07) | Current: tour_id=2011, location='16', hotel_id=1190 | Prev Day 1: tour_id=2009, location='16', hotel_id=1190, ext_ref=581 | LocationMatch=YES | HotelMatch=YES
DEBUG - 2025-12-29 09:59:08 --> Fresh SS match check: Day 2 (date 2026-01-07) | Current: tour_id=2011, location='16', hotel_id=1190 | Prev Day 2: tour_id=2009, location='16', hotel_id=1190, ext_ref=581 | LocationMatch=YES | HotelMatch=YES
INFO - 2025-12-29 09:59:08 --> Fresh: SUCCESSFULLY pre-loaded SS, Special Events & Addons for Day 2 (date 2026-01-07) from extension_ref_id 581 | SS count: 1
INFO - 2025-12-29 09:59:08 --> SKIPPED defaults for Day 2 (date 2026-01-07) - using pre-loaded data (had_saved: yes, force_fresh: yes)
INFO - 2025-12-29 09:59:08 --> Expansion date 2026-01-06: DB Total=176km, Saved SS=90km, Derived Base=86km (display base; JS adds current SS)
INFO - 2025-12-29 09:59:08 --> Expansion date 2026-01-06: DB Total=176km, Saved SS=90km, Derived Base=86km (display base; JS adds current SS)
INFO - 2025-12-29 09:59:08 --> Expansion date 2026-01-06: DB Total=176km, Saved SS=90km, Derived Base=86km (display base; JS adds current SS)
INFO - 2025-12-29 09:59:08 --> Expansion date 2026-01-06: DB Total=176km, Saved SS=90km, Derived Base=86km (display base; JS adds current SS)
INFO - 2025-12-29 09:59:08 --> Expansion date 2026-01-06: DB Total=176km, Saved SS=90km, Derived Base=86km (display base; JS adds current SS)
INFO - 2025-12-29 09:59:08 --> Expansion date 2026-01-07: DB Total=0km, Saved SS=100km, Derived Base=0km (display base; JS adds current SS)
INFO - 2025-12-29 09:59:08 --> Expansion date 2026-01-07: DB Total=0km, Saved SS=100km, Derived Base=0km (display base; JS adds current SS)
INFO - 2025-12-29 09:59:08 --> Expansion date 2026-01-07: DB Total=0km, Saved SS=100km, Derived Base=0km (display base; JS adds current SS)
INFO - 2025-12-29 09:59:08 --> Expansion date 2026-01-07: DB Total=0km, Saved SS=100km, Derived Base=0km (display base; JS adds current SS)
INFO - 2025-12-29 09:59:08 --> Expansion date 2026-01-07: DB Total=0km, Saved SS=100km, Derived Base=0km (display base; JS adds current SS)
DEBUG - 2025-12-29 09:59:08 --> Fresh SS match check: Day 1 (date 2026-01-08) | Current: tour_id=2012, location='9', hotel_id=401 | Prev Day 1: tour_id=2009, location='16', hotel_id=1190, ext_ref=581 | LocationMatch=NO | HotelMatch=NO
DEBUG - 2025-12-29 09:59:08 --> Fresh SS match check: Day 1 (date 2026-01-08) | Current: tour_id=2012, location='9', hotel_id=401 | Prev Day 2: tour_id=2009, location='16', hotel_id=1190, ext_ref=581 | LocationMatch=NO | HotelMatch=NO
DEBUG - 2025-12-29 09:59:08 --> Fresh SS match check: Day 1 (date 2026-01-08) | Current: tour_id=2012, location='9', hotel_id=401 | Prev Day 3: tour_id=2010, location='9', hotel_id=401, ext_ref=581 | LocationMatch=YES | HotelMatch=YES
DEBUG - 2025-12-29 09:59:08 --> Fresh SS match check: Day 1 (date 2026-01-08) | Current: tour_id=2012, location='9', hotel_id=401 | Prev Day 4: tour_id=2010, location='9', hotel_id=0, ext_ref=581 | LocationMatch=YES | HotelMatch=NO
INFO - 2025-12-29 09:59:08 --> Fresh: NO previous match found for Day 1 (date 2026-01-08)
INFO - 2025-12-29 09:59:08 --> SKIPPED defaults for Day 1 (date 2026-01-08) - using pre-loaded data (had_saved: no, force_fresh: yes)
INFO - 2025-12-29 09:59:08 --> Expansion date 2026-01-08: DB Total=211km, Saved SS=0km, Derived Base=211km (display base; JS adds current SS)
INFO - 2025-12-29 09:59:08 --> Expansion date 2026-01-08: DB Total=211km, Saved SS=0km, Derived Base=211km (display base; JS adds current SS)
INFO - 2025-12-29 09:59:08 --> Expansion date 2026-01-08: DB Total=211km, Saved SS=0km, Derived Base=211km (display base; JS adds current SS)
INFO - 2025-12-29 09:59:08 --> Expansion date 2026-01-08: DB Total=211km, Saved SS=0km, Derived Base=211km (display base; JS adds current SS)
INFO - 2025-12-29 09:59:08 --> Expansion date 2026-01-08: DB Total=211km, Saved SS=0km, Derived Base=211km (display base; JS adds current SS)
DEBUG - 2025-12-29 09:59:32 --> Session: Class initialized using 'CodeIgniter\Session\Handlers\FileHandler' driver.
DEBUG - 2025-12-29 09:59:32 --> Session: Class initialized using 'CodeIgniter\Session\Handlers\FileHandler' driver.
INFO - 2025-12-29 09:59:32 --> === FRESH ITINERARY MODE ===
INFO - 2025-12-29 09:59:32 --> Loading from last saved itinerary, extension_ref_id: 581
INFO - 2025-12-29 09:59:32 --> Loaded 4 records from last saved itinerary
INFO - 2025-12-29 09:59:32 --> SKIPPED defaults for Day 1 (date 2026-01-06) - using pre-loaded data (had_saved: yes, force_fresh: no)
INFO - 2025-12-29 09:59:32 --> SKIPPED defaults for Day 2 (date 2026-01-07) - using pre-loaded data (had_saved: yes, force_fresh: no)
INFO - 2025-12-29 09:59:32 --> Expansion date 2026-01-06: DB Total=176km, Saved SS=90km, Derived Base=86km (display base; JS adds current SS)
INFO - 2025-12-29 09:59:32 --> Expansion date 2026-01-06: DB Total=176km, Saved SS=90km, Derived Base=86km (display base; JS adds current SS)
INFO - 2025-12-29 09:59:32 --> Expansion date 2026-01-06: DB Total=176km, Saved SS=90km, Derived Base=86km (display base; JS adds current SS)
INFO - 2025-12-29 09:59:32 --> Expansion date 2026-01-06: DB Total=176km, Saved SS=90km, Derived Base=86km (display base; JS adds current SS)
INFO - 2025-12-29 09:59:32 --> Expansion date 2026-01-06: DB Total=176km, Saved SS=90km, Derived Base=86km (display base; JS adds current SS)
INFO - 2025-12-29 09:59:32 --> Expansion date 2026-01-07: DB Total=0km, Saved SS=100km, Derived Base=0km (display base; JS adds current SS)
INFO - 2025-12-29 09:59:32 --> Expansion date 2026-01-07: DB Total=0km, Saved SS=100km, Derived Base=0km (display base; JS adds current SS)
INFO - 2025-12-29 09:59:32 --> Expansion date 2026-01-07: DB Total=0km, Saved SS=100km, Derived Base=0km (display base; JS adds current SS)
INFO - 2025-12-29 09:59:32 --> Expansion date 2026-01-07: DB Total=0km, Saved SS=100km, Derived Base=0km (display base; JS adds current SS)
INFO - 2025-12-29 09:59:32 --> Expansion date 2026-01-07: DB Total=0km, Saved SS=100km, Derived Base=0km (display base; JS adds current SS)
INFO - 2025-12-29 09:59:32 --> SKIPPED defaults for Day 1 (date 2026-01-08) - using pre-loaded data (had_saved: yes, force_fresh: no)
INFO - 2025-12-29 09:59:32 --> Expansion date 2026-01-08: DB Total=211km, Saved SS=0km, Derived Base=211km (display base; JS adds current SS)
INFO - 2025-12-29 09:59:32 --> Expansion date 2026-01-08: DB Total=211km, Saved SS=0km, Derived Base=211km (display base; JS adds current SS)
INFO - 2025-12-29 09:59:32 --> Expansion date 2026-01-08: DB Total=211km, Saved SS=0km, Derived Base=211km (display base; JS adds current SS)
INFO - 2025-12-29 09:59:32 --> Expansion date 2026-01-08: DB Total=211km, Saved SS=0km, Derived Base=211km (display base; JS adds current SS)
INFO - 2025-12-29 09:59:32 --> Expansion date 2026-01-08: DB Total=211km, Saved SS=0km, Derived Base=211km (display base; JS adds current SS)
INFO - 2025-12-29 09:59:32 --> Itinerary expansion date 2026-01-06: Derived Base=266km (no SS added)
INFO - 2025-12-29 09:59:32 --> Itinerary expansion date 2026-01-06: Derived Base=266km (no SS added)
INFO - 2025-12-29 09:59:32 --> Itinerary expansion date 2026-01-06: Derived Base=266km (no SS added)
INFO - 2025-12-29 09:59:32 --> Itinerary expansion date 2026-01-06: Derived Base=266km (no SS added)
INFO - 2025-12-29 09:59:32 --> Itinerary expansion date 2026-01-06: Derived Base=266km (no SS added)
INFO - 2025-12-29 09:59:32 --> Itinerary expansion date 2026-01-07: Derived Base=100km (no SS added)
INFO - 2025-12-29 09:59:32 --> Itinerary expansion date 2026-01-07: Derived Base=100km (no SS added)
INFO - 2025-12-29 09:59:32 --> Itinerary expansion date 2026-01-07: Derived Base=100km (no SS added)
INFO - 2025-12-29 09:59:32 --> Itinerary expansion date 2026-01-07: Derived Base=100km (no SS added)
INFO - 2025-12-29 09:59:32 --> Itinerary expansion date 2026-01-07: Derived Base=100km (no SS added)
INFO - 2025-12-29 09:59:32 --> Itinerary expansion date 2026-01-08: Derived Base=175km (no SS added)
INFO - 2025-12-29 09:59:32 --> Itinerary expansion date 2026-01-08: Derived Base=175km (no SS added)
INFO - 2025-12-29 09:59:32 --> Itinerary expansion date 2026-01-08: Derived Base=175km (no SS added)
INFO - 2025-12-29 09:59:32 --> Itinerary expansion date 2026-01-08: Derived Base=175km (no SS added)
INFO - 2025-12-29 09:59:32 --> Itinerary expansion date 2026-01-08: Derived Base=175km (no SS added)
DEBUG - 2025-12-29 09:59:39 --> Session: Class initialized using 'CodeIgniter\Session\Handlers\FileHandler' driver.
DEBUG - 2025-12-29 09:59:39 --> Session: Class initialized using 'CodeIgniter\Session\Handlers\FileHandler' driver.
DEBUG - 2025-12-29 09:59:39 --> Session: Class initialized using 'CodeIgniter\Session\Handlers\FileHandler' driver.
DEBUG - 2025-12-29 09:59:41 --> Session: Class initialized using 'CodeIgniter\Session\Handlers\FileHandler' driver.
DEBUG - 2025-12-29 09:59:41 --> Session: Class initialized using 'CodeIgniter\Session\Handlers\FileHandler' driver.
DEBUG - 2025-12-29 09:59:42 --> Session: Class initialized using 'CodeIgniter\Session\Handlers\FileHandler' driver.
INFO - 2025-12-29 09:59:42 --> === MAKE CURRENT MODE ===
INFO - 2025-12-29 09:59:42 --> Loading previous itinerary for tour_plan_ref_id: 2009
INFO - 2025-12-29 09:59:42 --> Current extension_ref_id: 581
INFO - 2025-12-29 09:59:42 --> Getting previous itinerary for specific tour plan: tour_plan_ref_id=2009
INFO - 2025-12-29 09:59:42 --> Loading from source tour_details_id: 1
INFO - 2025-12-29 09:59:42 --> No previous extension found
INFO - 2025-12-29 09:59:42 --> Loaded 0 records from SPECIFIC tour plan previous version
INFO - 2025-12-29 15:29:42 --> SKIPPED defaults for Day 1 (date 2026-01-06) - using pre-loaded data (had_saved: yes, force_fresh: no)
INFO - 2025-12-29 15:29:42 --> SKIPPED defaults for Day 2 (date 2026-01-07) - using pre-loaded data (had_saved: yes, force_fresh: no)
INFO - 2025-12-29 15:29:42 --> Expansion date 2026-01-06: DB Total=176km, Saved SS=90km, Derived Base=86km (display base; JS adds current SS)
INFO - 2025-12-29 15:29:42 --> Expansion date 2026-01-06: DB Total=176km, Saved SS=90km, Derived Base=86km (display base; JS adds current SS)
INFO - 2025-12-29 15:29:42 --> Expansion date 2026-01-06: DB Total=176km, Saved SS=90km, Derived Base=86km (display base; JS adds current SS)
INFO - 2025-12-29 15:29:42 --> Expansion date 2026-01-06: DB Total=176km, Saved SS=90km, Derived Base=86km (display base; JS adds current SS)
INFO - 2025-12-29 15:29:42 --> Expansion date 2026-01-06: DB Total=176km, Saved SS=90km, Derived Base=86km (display base; JS adds current SS)
INFO - 2025-12-29 15:29:42 --> Expansion date 2026-01-07: DB Total=0km, Saved SS=100km, Derived Base=0km (display base; JS adds current SS)
INFO - 2025-12-29 15:29:42 --> Expansion date 2026-01-07: DB Total=0km, Saved SS=100km, Derived Base=0km (display base; JS adds current SS)
INFO - 2025-12-29 15:29:42 --> Expansion date 2026-01-07: DB Total=0km, Saved SS=100km, Derived Base=0km (display base; JS adds current SS)
INFO - 2025-12-29 15:29:42 --> Expansion date 2026-01-07: DB Total=0km, Saved SS=100km, Derived Base=0km (display base; JS adds current SS)
INFO - 2025-12-29 15:29:42 --> Expansion date 2026-01-07: DB Total=0km, Saved SS=100km, Derived Base=0km (display base; JS adds current SS)
INFO - 2025-12-29 15:29:42 --> SKIPPED defaults for Day 1 (date 2026-01-08) - using pre-loaded data (had_saved: yes, force_fresh: no)
INFO - 2025-12-29 15:29:42 --> Expansion date 2026-01-08: DB Total=211km, Saved SS=0km, Derived Base=211km (display base; JS adds current SS)
INFO - 2025-12-29 15:29:42 --> Expansion date 2026-01-08: DB Total=211km, Saved SS=0km, Derived Base=211km (display base; JS adds current SS)
INFO - 2025-12-29 15:29:42 --> Expansion date 2026-01-08: DB Total=211km, Saved SS=0km, Derived Base=211km (display base; JS adds current SS)
INFO - 2025-12-29 15:29:42 --> Expansion date 2026-01-08: DB Total=211km, Saved SS=0km, Derived Base=211km (display base; JS adds current SS)
INFO - 2025-12-29 15:29:42 --> Expansion date 2026-01-08: DB Total=211km, Saved SS=0km, Derived Base=211km (display base; JS adds current SS)
INFO - 2025-12-29 15:29:42 --> Itinerary expansion date 2026-01-06: Derived Base=176km (no SS added)
INFO - 2025-12-29 15:29:42 --> Itinerary expansion date 2026-01-06: Derived Base=176km (no SS added)
INFO - 2025-12-29 15:29:42 --> Itinerary expansion date 2026-01-06: Derived Base=176km (no SS added)
INFO - 2025-12-29 15:29:42 --> Itinerary expansion date 2026-01-06: Derived Base=176km (no SS added)
INFO - 2025-12-29 15:29:42 --> Itinerary expansion date 2026-01-06: Derived Base=176km (no SS added)
INFO - 2025-12-29 15:29:42 --> Itinerary expansion date 2026-01-07: Derived Base=0km (no SS added)
INFO - 2025-12-29 15:29:42 --> Itinerary expansion date 2026-01-07: Derived Base=0km (no SS added)
INFO - 2025-12-29 15:29:42 --> Itinerary expansion date 2026-01-07: Derived Base=0km (no SS added)
INFO - 2025-12-29 15:29:42 --> Itinerary expansion date 2026-01-07: Derived Base=0km (no SS added)
INFO - 2025-12-29 15:29:42 --> Itinerary expansion date 2026-01-07: Derived Base=0km (no SS added)
INFO - 2025-12-29 15:29:42 --> Itinerary expansion date 2026-01-08: Derived Base=175km (no SS added)
INFO - 2025-12-29 15:29:42 --> Itinerary expansion date 2026-01-08: Derived Base=175km (no SS added)
INFO - 2025-12-29 15:29:42 --> Itinerary expansion date 2026-01-08: Derived Base=175km (no SS added)
INFO - 2025-12-29 15:29:42 --> Itinerary expansion date 2026-01-08: Derived Base=175km (no SS added)
INFO - 2025-12-29 15:29:42 --> Itinerary expansion date 2026-01-08: Derived Base=175km (no SS added)
DEBUG - 2025-12-29 09:59:56 --> Session: Class initialized using 'CodeIgniter\Session\Handlers\FileHandler' driver.
DEBUG - 2025-12-29 09:59:56 --> Session: Class initialized using 'CodeIgniter\Session\Handlers\FileHandler' driver.
DEBUG - 2025-12-29 09:59:58 --> Session: Class initialized using 'CodeIgniter\Session\Handlers\FileHandler' driver.
INFO - 2025-12-29 09:59:58 --> SKIPPED defaults for Day 1 (date 2026-01-06) - using pre-loaded data (had_saved: yes, force_fresh: no)
INFO - 2025-12-29 09:59:58 --> SKIPPED defaults for Day 2 (date 2026-01-07) - using pre-loaded data (had_saved: yes, force_fresh: no)
INFO - 2025-12-29 09:59:58 --> Expansion date 2026-01-06: DB Total=176km, Saved SS=90km, Derived Base=86km (display base; JS adds current SS)
INFO - 2025-12-29 09:59:58 --> Expansion date 2026-01-06: DB Total=176km, Saved SS=90km, Derived Base=86km (display base; JS adds current SS)
INFO - 2025-12-29 09:59:58 --> Expansion date 2026-01-06: DB Total=176km, Saved SS=90km, Derived Base=86km (display base; JS adds current SS)
INFO - 2025-12-29 09:59:58 --> Expansion date 2026-01-06: DB Total=176km, Saved SS=90km, Derived Base=86km (display base; JS adds current SS)
INFO - 2025-12-29 09:59:58 --> Expansion date 2026-01-06: DB Total=176km, Saved SS=90km, Derived Base=86km (display base; JS adds current SS)
INFO - 2025-12-29 09:59:58 --> Expansion date 2026-01-07: DB Total=0km, Saved SS=100km, Derived Base=0km (display base; JS adds current SS)
INFO - 2025-12-29 09:59:58 --> Expansion date 2026-01-07: DB Total=0km, Saved SS=100km, Derived Base=0km (display base; JS adds current SS)
INFO - 2025-12-29 09:59:58 --> Expansion date 2026-01-07: DB Total=0km, Saved SS=100km, Derived Base=0km (display base; JS adds current SS)
INFO - 2025-12-29 09:59:58 --> Expansion date 2026-01-07: DB Total=0km, Saved SS=100km, Derived Base=0km (display base; JS adds current SS)
INFO - 2025-12-29 09:59:58 --> Expansion date 2026-01-07: DB Total=0km, Saved SS=100km, Derived Base=0km (display base; JS adds current SS)
INFO - 2025-12-29 09:59:58 --> SKIPPED defaults for Day 1 (date 2026-01-08) - using pre-loaded data (had_saved: yes, force_fresh: no)
INFO - 2025-12-29 09:59:58 --> Expansion date 2026-01-08: DB Total=211km, Saved SS=0km, Derived Base=211km (display base; JS adds current SS)
INFO - 2025-12-29 09:59:58 --> Expansion date 2026-01-08: DB Total=211km, Saved SS=0km, Derived Base=211km (display base; JS adds current SS)
INFO - 2025-12-29 09:59:58 --> Expansion date 2026-01-08: DB Total=211km, Saved SS=0km, Derived Base=211km (display base; JS adds current SS)
INFO - 2025-12-29 09:59:58 --> Expansion date 2026-01-08: DB Total=211km, Saved SS=0km, Derived Base=211km (display base; JS adds current SS)
INFO - 2025-12-29 09:59:58 --> Expansion date 2026-01-08: DB Total=211km, Saved SS=0km, Derived Base=211km (display base; JS adds current SS)
INFO - 2025-12-29 09:59:58 --> Itinerary expansion date 2026-01-06: Derived Base=176km (no SS added)
INFO - 2025-12-29 09:59:58 --> Itinerary expansion date 2026-01-06: Derived Base=176km (no SS added)
INFO - 2025-12-29 09:59:58 --> Itinerary expansion date 2026-01-06: Derived Base=176km (no SS added)
INFO - 2025-12-29 09:59:58 --> Itinerary expansion date 2026-01-06: Derived Base=176km (no SS added)
INFO - 2025-12-29 09:59:58 --> Itinerary expansion date 2026-01-06: Derived Base=176km (no SS added)
INFO - 2025-12-29 09:59:58 --> Itinerary expansion date 2026-01-07: Derived Base=0km (no SS added)
INFO - 2025-12-29 09:59:58 --> Itinerary expansion date 2026-01-07: Derived Base=0km (no SS added)
INFO - 2025-12-29 09:59:58 --> Itinerary expansion date 2026-01-07: Derived Base=0km (no SS added)
INFO - 2025-12-29 09:59:58 --> Itinerary expansion date 2026-01-07: Derived Base=0km (no SS added)
INFO - 2025-12-29 09:59:58 --> Itinerary expansion date 2026-01-07: Derived Base=0km (no SS added)
INFO - 2025-12-29 09:59:58 --> Itinerary expansion date 2026-01-08: Derived Base=175km (no SS added)
INFO - 2025-12-29 09:59:58 --> Itinerary expansion date 2026-01-08: Derived Base=175km (no SS added)
INFO - 2025-12-29 09:59:58 --> Itinerary expansion date 2026-01-08: Derived Base=175km (no SS added)
INFO - 2025-12-29 09:59:58 --> Itinerary expansion date 2026-01-08: Derived Base=175km (no SS added)
INFO - 2025-12-29 09:59:58 --> Itinerary expansion date 2026-01-08: Derived Base=175km (no SS added)
DEBUG - 2025-12-29 10:00:56 --> Session: Class initialized using 'CodeIgniter\Session\Handlers\FileHandler' driver.
DEBUG - 2025-12-29 10:00:56 --> Session: Class initialized using 'CodeIgniter\Session\Handlers\FileHandler' driver.
DEBUG - 2025-12-29 10:00:59 --> Session: Class initialized using 'CodeIgniter\Session\Handlers\FileHandler' driver.
DEBUG - 2025-12-29 10:00:59 --> Session: Class initialized using 'CodeIgniter\Session\Handlers\FileHandler' driver.
DEBUG - 2025-12-29 10:01:01 --> Session: Class initialized using 'CodeIgniter\Session\Handlers\FileHandler' driver.
INFO - 2025-12-29 10:01:01 --> === MAKE CURRENT MODE ===
INFO - 2025-12-29 10:01:01 --> Loading previous itinerary for tour_plan_ref_id: 2009
INFO - 2025-12-29 10:01:01 --> Current extension_ref_id: 581
INFO - 2025-12-29 10:01:01 --> Getting previous itinerary for specific tour plan: tour_plan_ref_id=2009
INFO - 2025-12-29 10:01:01 --> Loading from source tour_details_id: 1
INFO - 2025-12-29 10:01:01 --> No previous extension found
INFO - 2025-12-29 10:01:01 --> Loaded 0 records from SPECIFIC tour plan previous version
INFO - 2025-12-29 15:31:01 --> SKIPPED defaults for Day 1 (date 2026-01-06) - using pre-loaded data (had_saved: yes, force_fresh: no)
INFO - 2025-12-29 15:31:01 --> SKIPPED defaults for Day 2 (date 2026-01-07) - using pre-loaded data (had_saved: yes, force_fresh: no)
INFO - 2025-12-29 15:31:01 --> Expansion date 2026-01-06: DB Total=176km, Saved SS=90km, Derived Base=86km (display base; JS adds current SS)
INFO - 2025-12-29 15:31:01 --> Expansion date 2026-01-06: DB Total=176km, Saved SS=90km, Derived Base=86km (display base; JS adds current SS)
INFO - 2025-12-29 15:31:01 --> Expansion date 2026-01-06: DB Total=176km, Saved SS=90km, Derived Base=86km (display base; JS adds current SS)
INFO - 2025-12-29 15:31:01 --> Expansion date 2026-01-06: DB Total=176km, Saved SS=90km, Derived Base=86km (display base; JS adds current SS)
INFO - 2025-12-29 15:31:01 --> Expansion date 2026-01-06: DB Total=176km, Saved SS=90km, Derived Base=86km (display base; JS adds current SS)
INFO - 2025-12-29 15:31:01 --> Expansion date 2026-01-07: DB Total=0km, Saved SS=100km, Derived Base=0km (display base; JS adds current SS)
INFO - 2025-12-29 15:31:01 --> Expansion date 2026-01-07: DB Total=0km, Saved SS=100km, Derived Base=0km (display base; JS adds current SS)
INFO - 2025-12-29 15:31:01 --> Expansion date 2026-01-07: DB Total=0km, Saved SS=100km, Derived Base=0km (display base; JS adds current SS)
INFO - 2025-12-29 15:31:01 --> Expansion date 2026-01-07: DB Total=0km, Saved SS=100km, Derived Base=0km (display base; JS adds current SS)
INFO - 2025-12-29 15:31:01 --> Expansion date 2026-01-07: DB Total=0km, Saved SS=100km, Derived Base=0km (display base; JS adds current SS)
INFO - 2025-12-29 15:31:01 --> SKIPPED defaults for Day 1 (date 2026-01-08) - using pre-loaded data (had_saved: yes, force_fresh: no)
INFO - 2025-12-29 15:31:01 --> Expansion date 2026-01-08: DB Total=211km, Saved SS=0km, Derived Base=211km (display base; JS adds current SS)
INFO - 2025-12-29 15:31:01 --> Expansion date 2026-01-08: DB Total=211km, Saved SS=0km, Derived Base=211km (display base; JS adds current SS)
INFO - 2025-12-29 15:31:01 --> Expansion date 2026-01-08: DB Total=211km, Saved SS=0km, Derived Base=211km (display base; JS adds current SS)
INFO - 2025-12-29 15:31:01 --> Expansion date 2026-01-08: DB Total=211km, Saved SS=0km, Derived Base=211km (display base; JS adds current SS)
INFO - 2025-12-29 15:31:01 --> Expansion date 2026-01-08: DB Total=211km, Saved SS=0km, Derived Base=211km (display base; JS adds current SS)
INFO - 2025-12-29 15:31:01 --> Itinerary expansion date 2026-01-06: Derived Base=176km (no SS added)
INFO - 2025-12-29 15:31:01 --> Itinerary expansion date 2026-01-06: Derived Base=176km (no SS added)
INFO - 2025-12-29 15:31:01 --> Itinerary expansion date 2026-01-06: Derived Base=176km (no SS added)
INFO - 2025-12-29 15:31:01 --> Itinerary expansion date 2026-01-06: Derived Base=176km (no SS added)
INFO - 2025-12-29 15:31:01 --> Itinerary expansion date 2026-01-06: Derived Base=176km (no SS added)
INFO - 2025-12-29 15:31:01 --> Itinerary expansion date 2026-01-07: Derived Base=0km (no SS added)
INFO - 2025-12-29 15:31:01 --> Itinerary expansion date 2026-01-07: Derived Base=0km (no SS added)
INFO - 2025-12-29 15:31:01 --> Itinerary expansion date 2026-01-07: Derived Base=0km (no SS added)
INFO - 2025-12-29 15:31:01 --> Itinerary expansion date 2026-01-07: Derived Base=0km (no SS added)
INFO - 2025-12-29 15:31:01 --> Itinerary expansion date 2026-01-07: Derived Base=0km (no SS added)
INFO - 2025-12-29 15:31:01 --> Itinerary expansion date 2026-01-08: Derived Base=175km (no SS added)
INFO - 2025-12-29 15:31:01 --> Itinerary expansion date 2026-01-08: Derived Base=175km (no SS added)
INFO - 2025-12-29 15:31:01 --> Itinerary expansion date 2026-01-08: Derived Base=175km (no SS added)
INFO - 2025-12-29 15:31:01 --> Itinerary expansion date 2026-01-08: Derived Base=175km (no SS added)
INFO - 2025-12-29 15:31:01 --> Itinerary expansion date 2026-01-08: Derived Base=175km (no SS added)
DEBUG - 2025-12-29 10:01:14 --> Session: Class initialized using 'CodeIgniter\Session\Handlers\FileHandler' driver.
DEBUG - 2025-12-29 10:01:14 --> Session: Class initialized using 'CodeIgniter\Session\Handlers\FileHandler' driver.
DEBUG - 2025-12-29 10:01:19 --> Session: Class initialized using 'CodeIgniter\Session\Handlers\FileHandler' driver.
DEBUG - 2025-12-29 10:01:20 --> Session: Class initialized using 'CodeIgniter\Session\Handlers\FileHandler' driver.
DEBUG - 2025-12-29 10:01:21 --> Session: Class initialized using 'CodeIgniter\Session\Handlers\FileHandler' driver.
DEBUG - 2025-12-29 10:01:23 --> Session: Class initialized using 'CodeIgniter\Session\Handlers\FileHandler' driver.
DEBUG - 2025-12-29 10:01:23 --> Session: Class initialized using 'CodeIgniter\Session\Handlers\FileHandler' driver.
DEBUG - 2025-12-29 10:01:23 --> Session: Class initialized using 'CodeIgniter\Session\Handlers\FileHandler' driver.
DEBUG - 2025-12-29 10:01:24 --> Session: Class initialized using 'CodeIgniter\Session\Handlers\FileHandler' driver.
DEBUG - 2025-12-29 10:01:24 --> Session: Class initialized using 'CodeIgniter\Session\Handlers\FileHandler' driver.
DEBUG - 2025-12-29 10:01:32 --> Session: Class initialized using 'CodeIgniter\Session\Handlers\FileHandler' driver.
DEBUG - 2025-12-29 10:01:33 --> Session: Class initialized using 'CodeIgniter\Session\Handlers\FileHandler' driver.
DEBUG - 2025-12-29 10:01:35 --> Session: Class initialized using 'CodeIgniter\Session\Handlers\FileHandler' driver.
DEBUG - 2025-12-29 10:01:35 --> Session: Class initialized using 'CodeIgniter\Session\Handlers\FileHandler' driver.
DEBUG - 2025-12-29 10:01:36 --> Session: Class initialized using 'CodeIgniter\Session\Handlers\FileHandler' driver.
INFO - 2025-12-29 10:01:36 --> === FRESH ITINERARY MODE ===
INFO - 2025-12-29 10:01:36 --> Loading from last saved itinerary, extension_ref_id: 582
INFO - 2025-12-29 10:01:36 --> Loaded 4 records from last saved itinerary
DEBUG - 2025-12-29 10:01:36 --> Fresh SS match check: Day 1 (date 2026-01-06) | Current: tour_id=2013, location='16', hotel_id=1190 | Prev Day 1: tour_id=2011, location='16', hotel_id=1190, ext_ref=582 | LocationMatch=YES | HotelMatch=YES
INFO - 2025-12-29 10:01:36 --> Fresh: SUCCESSFULLY pre-loaded SS, Special Events & Addons for Day 1 (date 2026-01-06) from extension_ref_id 582 | SS count: 1
INFO - 2025-12-29 10:01:36 --> SKIPPED defaults for Day 1 (date 2026-01-06) - using pre-loaded data (had_saved: yes, force_fresh: yes)
DEBUG - 2025-12-29 10:01:36 --> Fresh SS match check: Day 2 (date 2026-01-07) | Current: tour_id=2013, location='16', hotel_id=1190 | Prev Day 1: tour_id=2011, location='16', hotel_id=1190, ext_ref=582 | LocationMatch=YES | HotelMatch=YES
DEBUG - 2025-12-29 10:01:36 --> Fresh SS match check: Day 2 (date 2026-01-07) | Current: tour_id=2013, location='16', hotel_id=1190 | Prev Day 2: tour_id=2011, location='16', hotel_id=1190, ext_ref=582 | LocationMatch=YES | HotelMatch=YES
INFO - 2025-12-29 10:01:36 --> Fresh: SUCCESSFULLY pre-loaded SS, Special Events & Addons for Day 2 (date 2026-01-07) from extension_ref_id 582 | SS count: 1
INFO - 2025-12-29 10:01:36 --> SKIPPED defaults for Day 2 (date 2026-01-07) - using pre-loaded data (had_saved: yes, force_fresh: yes)
INFO - 2025-12-29 10:01:36 --> Expansion date 2026-01-06: DB Total=176km, Saved SS=90km, Derived Base=86km (display base; JS adds current SS)
INFO - 2025-12-29 10:01:36 --> Expansion date 2026-01-06: DB Total=176km, Saved SS=90km, Derived Base=86km (display base; JS adds current SS)
INFO - 2025-12-29 10:01:36 --> Expansion date 2026-01-06: DB Total=176km, Saved SS=90km, Derived Base=86km (display base; JS adds current SS)
INFO - 2025-12-29 10:01:36 --> Expansion date 2026-01-06: DB Total=176km, Saved SS=90km, Derived Base=86km (display base; JS adds current SS)
INFO - 2025-12-29 10:01:36 --> Expansion date 2026-01-06: DB Total=176km, Saved SS=90km, Derived Base=86km (display base; JS adds current SS)
INFO - 2025-12-29 10:01:36 --> Expansion date 2026-01-07: DB Total=0km, Saved SS=100km, Derived Base=0km (display base; JS adds current SS)
INFO - 2025-12-29 10:01:36 --> Expansion date 2026-01-07: DB Total=0km, Saved SS=100km, Derived Base=0km (display base; JS adds current SS)
INFO - 2025-12-29 10:01:36 --> Expansion date 2026-01-07: DB Total=0km, Saved SS=100km, Derived Base=0km (display base; JS adds current SS)
INFO - 2025-12-29 10:01:36 --> Expansion date 2026-01-07: DB Total=0km, Saved SS=100km, Derived Base=0km (display base; JS adds current SS)
INFO - 2025-12-29 10:01:36 --> Expansion date 2026-01-07: DB Total=0km, Saved SS=100km, Derived Base=0km (display base; JS adds current SS)
DEBUG - 2025-12-29 10:01:36 --> Fresh SS match check: Day 1 (date 2026-01-08) | Current: tour_id=2014, location='9', hotel_id=401 | Prev Day 1: tour_id=2011, location='16', hotel_id=1190, ext_ref=582 | LocationMatch=NO | HotelMatch=NO
DEBUG - 2025-12-29 10:01:36 --> Fresh SS match check: Day 1 (date 2026-01-08) | Current: tour_id=2014, location='9', hotel_id=401 | Prev Day 2: tour_id=2011, location='16', hotel_id=1190, ext_ref=582 | LocationMatch=NO | HotelMatch=NO
DEBUG - 2025-12-29 10:01:36 --> Fresh SS match check: Day 1 (date 2026-01-08) | Current: tour_id=2014, location='9', hotel_id=401 | Prev Day 3: tour_id=2012, location='9', hotel_id=401, ext_ref=582 | LocationMatch=YES | HotelMatch=YES
DEBUG - 2025-12-29 10:01:36 --> Fresh SS match check: Day 1 (date 2026-01-08) | Current: tour_id=2014, location='9', hotel_id=401 | Prev Day 4: tour_id=2012, location='9', hotel_id=0, ext_ref=582 | LocationMatch=YES | HotelMatch=NO
INFO - 2025-12-29 10:01:36 --> Fresh: NO previous match found for Day 1 (date 2026-01-08)
INFO - 2025-12-29 10:01:36 --> SKIPPED defaults for Day 1 (date 2026-01-08) - using pre-loaded data (had_saved: no, force_fresh: yes)
INFO - 2025-12-29 10:01:36 --> Expansion date 2026-01-08: DB Total=211km, Saved SS=0km, Derived Base=211km (display base; JS adds current SS)
INFO - 2025-12-29 10:01:36 --> Expansion date 2026-01-08: DB Total=211km, Saved SS=0km, Derived Base=211km (display base; JS adds current SS)
INFO - 2025-12-29 10:01:36 --> Expansion date 2026-01-08: DB Total=211km, Saved SS=0km, Derived Base=211km (display base; JS adds current SS)
INFO - 2025-12-29 10:01:36 --> Expansion date 2026-01-08: DB Total=211km, Saved SS=0km, Derived Base=211km (display base; JS adds current SS)
INFO - 2025-12-29 10:01:36 --> Expansion date 2026-01-08: DB Total=211km, Saved SS=0km, Derived Base=211km (display base; JS adds current SS)
DEBUG - 2025-12-29 10:02:05 --> Session: Class initialized using 'CodeIgniter\Session\Handlers\FileHandler' driver.
DEBUG - 2025-12-29 10:02:05 --> Session: Class initialized using 'CodeIgniter\Session\Handlers\FileHandler' driver.
DEBUG - 2025-12-29 10:02:07 --> Session: Class initialized using 'CodeIgniter\Session\Handlers\FileHandler' driver.
DEBUG - 2025-12-29 10:02:07 --> Session: Class initialized using 'CodeIgniter\Session\Handlers\FileHandler' driver.
DEBUG - 2025-12-29 10:02:13 --> Session: Class initialized using 'CodeIgniter\Session\Handlers\FileHandler' driver.
INFO - 2025-12-29 10:02:14 --> Loading defaults for Day 1 (date 2026-01-06) - no saved/previous/draft data found
INFO - 2025-12-29 10:02:14 --> Loading defaults for Day 2 (date 2026-01-07) - no saved/previous/draft data found
INFO - 2025-12-29 10:02:14 --> Loaded default SS for Day 2 (date 2026-01-07): 1 items
INFO - 2025-12-29 10:02:14 --> Expansion date 2026-01-06: DB Total=176km, Saved SS=0km, Derived Base=176km (display base; JS adds current SS)
INFO - 2025-12-29 10:02:14 --> Expansion date 2026-01-06: DB Total=176km, Saved SS=0km, Derived Base=176km (display base; JS adds current SS)
INFO - 2025-12-29 10:02:14 --> Expansion date 2026-01-06: DB Total=176km, Saved SS=0km, Derived Base=176km (display base; JS adds current SS)
INFO - 2025-12-29 10:02:14 --> Expansion date 2026-01-06: DB Total=176km, Saved SS=0km, Derived Base=176km (display base; JS adds current SS)
INFO - 2025-12-29 10:02:14 --> Expansion date 2026-01-06: DB Total=176km, Saved SS=0km, Derived Base=176km (display base; JS adds current SS)
INFO - 2025-12-29 10:02:14 --> Expansion date 2026-01-07: DB Total=0km, Saved SS=90km, Derived Base=0km (display base; JS adds current SS)
INFO - 2025-12-29 10:02:14 --> Expansion date 2026-01-07: DB Total=0km, Saved SS=90km, Derived Base=0km (display base; JS adds current SS)
INFO - 2025-12-29 10:02:14 --> Expansion date 2026-01-07: DB Total=0km, Saved SS=90km, Derived Base=0km (display base; JS adds current SS)
INFO - 2025-12-29 10:02:14 --> Expansion date 2026-01-07: DB Total=0km, Saved SS=90km, Derived Base=0km (display base; JS adds current SS)
INFO - 2025-12-29 10:02:14 --> Expansion date 2026-01-07: DB Total=0km, Saved SS=90km, Derived Base=0km (display base; JS adds current SS)
INFO - 2025-12-29 10:02:14 --> Loading defaults for Day 1 (date 2026-01-08) - no saved/previous/draft data found
INFO - 2025-12-29 10:02:14 --> Expansion date 2026-01-08: DB Total=211km, Saved SS=0km, Derived Base=211km (display base; JS adds current SS)
INFO - 2025-12-29 10:02:14 --> Expansion date 2026-01-08: DB Total=211km, Saved SS=0km, Derived Base=211km (display base; JS adds current SS)
INFO - 2025-12-29 10:02:14 --> Expansion date 2026-01-08: DB Total=211km, Saved SS=0km, Derived Base=211km (display base; JS adds current SS)
INFO - 2025-12-29 10:02:14 --> Expansion date 2026-01-08: DB Total=211km, Saved SS=0km, Derived Base=211km (display base; JS adds current SS)
INFO - 2025-12-29 10:02:14 --> Expansion date 2026-01-08: DB Total=211km, Saved SS=0km, Derived Base=211km (display base; JS adds current SS)
DEBUG - 2025-12-29 10:02:18 --> Session: Class initialized using 'CodeIgniter\Session\Handlers\FileHandler' driver.
DEBUG - 2025-12-29 10:02:18 --> Session: Class initialized using 'CodeIgniter\Session\Handlers\FileHandler' driver.
DEBUG - 2025-12-29 10:02:20 --> Session: Class initialized using 'CodeIgniter\Session\Handlers\FileHandler' driver.
DEBUG - 2025-12-29 10:02:21 --> Session: Class initialized using 'CodeIgniter\Session\Handlers\FileHandler' driver.
DEBUG - 2025-12-29 10:02:21 --> Session: Class initialized using 'CodeIgniter\Session\Handlers\FileHandler' driver.
DEBUG - 2025-12-29 10:02:21 --> Session: Class initialized using 'CodeIgniter\Session\Handlers\FileHandler' driver.
DEBUG - 2025-12-29 10:02:22 --> Session: Class initialized using 'CodeIgniter\Session\Handlers\FileHandler' driver.
DEBUG - 2025-12-29 10:02:22 --> Session: Class initialized using 'CodeIgniter\Session\Handlers\FileHandler' driver.
DEBUG - 2025-12-29 10:02:29 --> Session: Class initialized using 'CodeIgniter\Session\Handlers\FileHandler' driver.
DEBUG - 2025-12-29 10:02:30 --> Session: Class initialized using 'CodeIgniter\Session\Handlers\FileHandler' driver.
DEBUG - 2025-12-29 10:02:31 --> Session: Class initialized using 'CodeIgniter\Session\Handlers\FileHandler' driver.
DEBUG - 2025-12-29 10:02:31 --> Session: Class initialized using 'CodeIgniter\Session\Handlers\FileHandler' driver.
DEBUG - 2025-12-29 10:02:33 --> Session: Class initialized using 'CodeIgniter\Session\Handlers\FileHandler' driver.
INFO - 2025-12-29 10:02:33 --> === FRESH ITINERARY MODE ===
INFO - 2025-12-29 10:02:33 --> Loading from last saved itinerary, extension_ref_id: 582
INFO - 2025-12-29 10:02:33 --> Loaded 4 records from last saved itinerary
DEBUG - 2025-12-29 10:02:33 --> Fresh SS match check: Day 1 (date 2026-01-06) | Current: tour_id=2015, location='16', hotel_id=1190 | Prev Day 1: tour_id=2011, location='16', hotel_id=1190, ext_ref=582 | LocationMatch=YES | HotelMatch=YES
INFO - 2025-12-29 10:02:33 --> Fresh: SUCCESSFULLY pre-loaded SS, Special Events & Addons for Day 1 (date 2026-01-06) from extension_ref_id 582 | SS count: 1
INFO - 2025-12-29 10:02:33 --> SKIPPED defaults for Day 1 (date 2026-01-06) - using pre-loaded data (had_saved: yes, force_fresh: yes)
DEBUG - 2025-12-29 10:02:33 --> Fresh SS match check: Day 2 (date 2026-01-07) | Current: tour_id=2015, location='16', hotel_id=1190 | Prev Day 1: tour_id=2011, location='16', hotel_id=1190, ext_ref=582 | LocationMatch=YES | HotelMatch=YES
DEBUG - 2025-12-29 10:02:33 --> Fresh SS match check: Day 2 (date 2026-01-07) | Current: tour_id=2015, location='16', hotel_id=1190 | Prev Day 2: tour_id=2011, location='16', hotel_id=1190, ext_ref=582 | LocationMatch=YES | HotelMatch=YES
INFO - 2025-12-29 10:02:33 --> Fresh: SUCCESSFULLY pre-loaded SS, Special Events & Addons for Day 2 (date 2026-01-07) from extension_ref_id 582 | SS count: 1
INFO - 2025-12-29 10:02:33 --> SKIPPED defaults for Day 2 (date 2026-01-07) - using pre-loaded data (had_saved: yes, force_fresh: yes)
INFO - 2025-12-29 10:02:33 --> Expansion date 2026-01-06: DB Total=176km, Saved SS=90km, Derived Base=86km (display base; JS adds current SS)
INFO - 2025-12-29 10:02:33 --> Expansion date 2026-01-06: DB Total=176km, Saved SS=90km, Derived Base=86km (display base; JS adds current SS)
INFO - 2025-12-29 10:02:33 --> Expansion date 2026-01-06: DB Total=176km, Saved SS=90km, Derived Base=86km (display base; JS adds current SS)
INFO - 2025-12-29 10:02:33 --> Expansion date 2026-01-06: DB Total=176km, Saved SS=90km, Derived Base=86km (display base; JS adds current SS)
INFO - 2025-12-29 10:02:33 --> Expansion date 2026-01-06: DB Total=176km, Saved SS=90km, Derived Base=86km (display base; JS adds current SS)
INFO - 2025-12-29 10:02:33 --> Expansion date 2026-01-07: DB Total=0km, Saved SS=100km, Derived Base=0km (display base; JS adds current SS)
INFO - 2025-12-29 10:02:33 --> Expansion date 2026-01-07: DB Total=0km, Saved SS=100km, Derived Base=0km (display base; JS adds current SS)
INFO - 2025-12-29 10:02:33 --> Expansion date 2026-01-07: DB Total=0km, Saved SS=100km, Derived Base=0km (display base; JS adds current SS)
INFO - 2025-12-29 10:02:33 --> Expansion date 2026-01-07: DB Total=0km, Saved SS=100km, Derived Base=0km (display base; JS adds current SS)
INFO - 2025-12-29 10:02:33 --> Expansion date 2026-01-07: DB Total=0km, Saved SS=100km, Derived Base=0km (display base; JS adds current SS)
DEBUG - 2025-12-29 10:02:33 --> Fresh SS match check: Day 1 (date 2026-01-08) | Current: tour_id=2016, location='9', hotel_id=401 | Prev Day 1: tour_id=2011, location='16', hotel_id=1190, ext_ref=582 | LocationMatch=NO | HotelMatch=NO
DEBUG - 2025-12-29 10:02:33 --> Fresh SS match check: Day 1 (date 2026-01-08) | Current: tour_id=2016, location='9', hotel_id=401 | Prev Day 2: tour_id=2011, location='16', hotel_id=1190, ext_ref=582 | LocationMatch=NO | HotelMatch=NO
DEBUG - 2025-12-29 10:02:33 --> Fresh SS match check: Day 1 (date 2026-01-08) | Current: tour_id=2016, location='9', hotel_id=401 | Prev Day 3: tour_id=2012, location='9', hotel_id=401, ext_ref=582 | LocationMatch=YES | HotelMatch=YES
DEBUG - 2025-12-29 10:02:33 --> Fresh SS match check: Day 1 (date 2026-01-08) | Current: tour_id=2016, location='9', hotel_id=401 | Prev Day 4: tour_id=2012, location='9', hotel_id=0, ext_ref=582 | LocationMatch=YES | HotelMatch=NO
INFO - 2025-12-29 10:02:33 --> Fresh: NO previous match found for Day 1 (date 2026-01-08)
INFO - 2025-12-29 10:02:33 --> SKIPPED defaults for Day 1 (date 2026-01-08) - using pre-loaded data (had_saved: no, force_fresh: yes)
INFO - 2025-12-29 10:02:33 --> Expansion date 2026-01-08: DB Total=211km, Saved SS=0km, Derived Base=211km (display base; JS adds current SS)
INFO - 2025-12-29 10:02:33 --> Expansion date 2026-01-08: DB Total=211km, Saved SS=0km, Derived Base=211km (display base; JS adds current SS)
INFO - 2025-12-29 10:02:33 --> Expansion date 2026-01-08: DB Total=211km, Saved SS=0km, Derived Base=211km (display base; JS adds current SS)
INFO - 2025-12-29 10:02:33 --> Expansion date 2026-01-08: DB Total=211km, Saved SS=0km, Derived Base=211km (display base; JS adds current SS)
INFO - 2025-12-29 10:02:33 --> Expansion date 2026-01-08: DB Total=211km, Saved SS=0km, Derived Base=211km (display base; JS adds current SS)
DEBUG - 2025-12-29 10:02:51 --> Session: Class initialized using 'CodeIgniter\Session\Handlers\FileHandler' driver.
DEBUG - 2025-12-29 10:02:51 --> Session: Class initialized using 'CodeIgniter\Session\Handlers\FileHandler' driver.
INFO - 2025-12-29 10:02:51 --> === FRESH ITINERARY MODE ===
INFO - 2025-12-29 10:02:51 --> Loading from last saved itinerary, extension_ref_id: 582
INFO - 2025-12-29 10:02:51 --> Loaded 4 records from last saved itinerary
INFO - 2025-12-29 10:02:51 --> SKIPPED defaults for Day 1 (date 2026-01-06) - using pre-loaded data (had_saved: yes, force_fresh: no)
INFO - 2025-12-29 10:02:51 --> SKIPPED defaults for Day 2 (date 2026-01-07) - using pre-loaded data (had_saved: yes, force_fresh: no)
INFO - 2025-12-29 10:02:51 --> Expansion date 2026-01-06: DB Total=176km, Saved SS=270km, Derived Base=0km (display base; JS adds current SS)
INFO - 2025-12-29 10:02:51 --> Expansion date 2026-01-06: DB Total=176km, Saved SS=270km, Derived Base=0km (display base; JS adds current SS)
INFO - 2025-12-29 10:02:51 --> Expansion date 2026-01-06: DB Total=176km, Saved SS=270km, Derived Base=0km (display base; JS adds current SS)
INFO - 2025-12-29 10:02:51 --> Expansion date 2026-01-06: DB Total=176km, Saved SS=270km, Derived Base=0km (display base; JS adds current SS)
INFO - 2025-12-29 10:02:51 --> Expansion date 2026-01-06: DB Total=176km, Saved SS=270km, Derived Base=0km (display base; JS adds current SS)
INFO - 2025-12-29 10:02:51 --> Expansion date 2026-01-07: DB Total=0km, Saved SS=100km, Derived Base=0km (display base; JS adds current SS)
INFO - 2025-12-29 10:02:51 --> Expansion date 2026-01-07: DB Total=0km, Saved SS=100km, Derived Base=0km (display base; JS adds current SS)
INFO - 2025-12-29 10:02:51 --> Expansion date 2026-01-07: DB Total=0km, Saved SS=100km, Derived Base=0km (display base; JS adds current SS)
INFO - 2025-12-29 10:02:51 --> Expansion date 2026-01-07: DB Total=0km, Saved SS=100km, Derived Base=0km (display base; JS adds current SS)
INFO - 2025-12-29 10:02:51 --> Expansion date 2026-01-07: DB Total=0km, Saved SS=100km, Derived Base=0km (display base; JS adds current SS)
INFO - 2025-12-29 10:02:51 --> SKIPPED defaults for Day 1 (date 2026-01-08) - using pre-loaded data (had_saved: yes, force_fresh: no)
INFO - 2025-12-29 10:02:51 --> Expansion date 2026-01-08: DB Total=211km, Saved SS=0km, Derived Base=211km (display base; JS adds current SS)
INFO - 2025-12-29 10:02:51 --> Expansion date 2026-01-08: DB Total=211km, Saved SS=0km, Derived Base=211km (display base; JS adds current SS)
INFO - 2025-12-29 10:02:51 --> Expansion date 2026-01-08: DB Total=211km, Saved SS=0km, Derived Base=211km (display base; JS adds current SS)
INFO - 2025-12-29 10:02:51 --> Expansion date 2026-01-08: DB Total=211km, Saved SS=0km, Derived Base=211km (display base; JS adds current SS)
INFO - 2025-12-29 10:02:51 --> Expansion date 2026-01-08: DB Total=211km, Saved SS=0km, Derived Base=211km (display base; JS adds current SS)
INFO - 2025-12-29 10:02:51 --> Itinerary expansion date 2026-01-06: Derived Base=356km (no SS added)
INFO - 2025-12-29 10:02:51 --> Itinerary expansion date 2026-01-06: Derived Base=356km (no SS added)
INFO - 2025-12-29 10:02:51 --> Itinerary expansion date 2026-01-06: Derived Base=356km (no SS added)
INFO - 2025-12-29 10:02:51 --> Itinerary expansion date 2026-01-06: Derived Base=356km (no SS added)
INFO - 2025-12-29 10:02:51 --> Itinerary expansion date 2026-01-06: Derived Base=356km (no SS added)
INFO - 2025-12-29 10:02:51 --> Itinerary expansion date 2026-01-07: Derived Base=200km (no SS added)
INFO - 2025-12-29 10:02:51 --> Itinerary expansion date 2026-01-07: Derived Base=200km (no SS added)
INFO - 2025-12-29 10:02:51 --> Itinerary expansion date 2026-01-07: Derived Base=200km (no SS added)
INFO - 2025-12-29 10:02:51 --> Itinerary expansion date 2026-01-07: Derived Base=200km (no SS added)
INFO - 2025-12-29 10:02:51 --> Itinerary expansion date 2026-01-07: Derived Base=200km (no SS added)
INFO - 2025-12-29 10:02:51 --> Itinerary expansion date 2026-01-08: Derived Base=175km (no SS added)
INFO - 2025-12-29 10:02:51 --> Itinerary expansion date 2026-01-08: Derived Base=175km (no SS added)
INFO - 2025-12-29 10:02:51 --> Itinerary expansion date 2026-01-08: Derived Base=175km (no SS added)
INFO - 2025-12-29 10:02:51 --> Itinerary expansion date 2026-01-08: Derived Base=175km (no SS added)
INFO - 2025-12-29 10:02:51 --> Itinerary expansion date 2026-01-08: Derived Base=175km (no SS added)
DEBUG - 2025-12-29 10:02:57 --> Session: Class initialized using 'CodeIgniter\Session\Handlers\FileHandler' driver.
DEBUG - 2025-12-29 10:02:57 --> Session: Class initialized using 'CodeIgniter\Session\Handlers\FileHandler' driver.
DEBUG - 2025-12-29 10:02:58 --> Session: Class initialized using 'CodeIgniter\Session\Handlers\FileHandler' driver.
DEBUG - 2025-12-29 10:02:59 --> Session: Class initialized using 'CodeIgniter\Session\Handlers\FileHandler' driver.
DEBUG - 2025-12-29 10:02:59 --> Session: Class initialized using 'CodeIgniter\Session\Handlers\FileHandler' driver.
DEBUG - 2025-12-29 10:03:03 --> Session: Class initialized using 'CodeIgniter\Session\Handlers\FileHandler' driver.
INFO - 2025-12-29 10:03:04 --> SKIPPED defaults for Day 1 (date 2026-01-06) - using pre-loaded data (had_saved: yes, force_fresh: no)
INFO - 2025-12-29 10:03:04 --> SKIPPED defaults for Day 2 (date 2026-01-07) - using pre-loaded data (had_saved: yes, force_fresh: no)
INFO - 2025-12-29 10:03:04 --> Expansion date 2026-01-06: DB Total=176km, Saved SS=270km, Derived Base=0km (display base; JS adds current SS)
INFO - 2025-12-29 10:03:04 --> Expansion date 2026-01-06: DB Total=176km, Saved SS=270km, Derived Base=0km (display base; JS adds current SS)
INFO - 2025-12-29 10:03:04 --> Expansion date 2026-01-06: DB Total=176km, Saved SS=270km, Derived Base=0km (display base; JS adds current SS)
INFO - 2025-12-29 10:03:04 --> Expansion date 2026-01-06: DB Total=176km, Saved SS=270km, Derived Base=0km (display base; JS adds current SS)
INFO - 2025-12-29 10:03:04 --> Expansion date 2026-01-06: DB Total=176km, Saved SS=270km, Derived Base=0km (display base; JS adds current SS)
INFO - 2025-12-29 10:03:04 --> Expansion date 2026-01-07: DB Total=0km, Saved SS=100km, Derived Base=0km (display base; JS adds current SS)
INFO - 2025-12-29 10:03:04 --> Expansion date 2026-01-07: DB Total=0km, Saved SS=100km, Derived Base=0km (display base; JS adds current SS)
INFO - 2025-12-29 10:03:04 --> Expansion date 2026-01-07: DB Total=0km, Saved SS=100km, Derived Base=0km (display base; JS adds current SS)
INFO - 2025-12-29 10:03:04 --> Expansion date 2026-01-07: DB Total=0km, Saved SS=100km, Derived Base=0km (display base; JS adds current SS)
INFO - 2025-12-29 10:03:04 --> Expansion date 2026-01-07: DB Total=0km, Saved SS=100km, Derived Base=0km (display base; JS adds current SS)
INFO - 2025-12-29 10:03:04 --> SKIPPED defaults for Day 1 (date 2026-01-08) - using pre-loaded data (had_saved: yes, force_fresh: no)
INFO - 2025-12-29 10:03:04 --> Expansion date 2026-01-08: DB Total=211km, Saved SS=0km, Derived Base=211km (display base; JS adds current SS)
INFO - 2025-12-29 10:03:04 --> Expansion date 2026-01-08: DB Total=211km, Saved SS=0km, Derived Base=211km (display base; JS adds current SS)
INFO - 2025-12-29 10:03:04 --> Expansion date 2026-01-08: DB Total=211km, Saved SS=0km, Derived Base=211km (display base; JS adds current SS)
INFO - 2025-12-29 10:03:04 --> Expansion date 2026-01-08: DB Total=211km, Saved SS=0km, Derived Base=211km (display base; JS adds current SS)
INFO - 2025-12-29 10:03:04 --> Expansion date 2026-01-08: DB Total=211km, Saved SS=0km, Derived Base=211km (display base; JS adds current SS)
INFO - 2025-12-29 10:03:04 --> Itinerary expansion date 2026-01-06: Derived Base=356km (no SS added)
INFO - 2025-12-29 10:03:04 --> Itinerary expansion date 2026-01-06: Derived Base=356km (no SS added)
INFO - 2025-12-29 10:03:04 --> Itinerary expansion date 2026-01-06: Derived Base=356km (no SS added)
INFO - 2025-12-29 10:03:04 --> Itinerary expansion date 2026-01-06: Derived Base=356km (no SS added)
INFO - 2025-12-29 10:03:04 --> Itinerary expansion date 2026-01-06: Derived Base=356km (no SS added)
INFO - 2025-12-29 10:03:04 --> Itinerary expansion date 2026-01-07: Derived Base=200km (no SS added)
INFO - 2025-12-29 10:03:04 --> Itinerary expansion date 2026-01-07: Derived Base=200km (no SS added)
INFO - 2025-12-29 10:03:04 --> Itinerary expansion date 2026-01-07: Derived Base=200km (no SS added)
INFO - 2025-12-29 10:03:04 --> Itinerary expansion date 2026-01-07: Derived Base=200km (no SS added)
INFO - 2025-12-29 10:03:04 --> Itinerary expansion date 2026-01-07: Derived Base=200km (no SS added)
INFO - 2025-12-29 10:03:04 --> Itinerary expansion date 2026-01-08: Derived Base=175km (no SS added)
INFO - 2025-12-29 10:03:04 --> Itinerary expansion date 2026-01-08: Derived Base=175km (no SS added)
INFO - 2025-12-29 10:03:04 --> Itinerary expansion date 2026-01-08: Derived Base=175km (no SS added)
INFO - 2025-12-29 10:03:04 --> Itinerary expansion date 2026-01-08: Derived Base=175km (no SS added)
INFO - 2025-12-29 10:03:04 --> Itinerary expansion date 2026-01-08: Derived Base=175km (no SS added)
DEBUG - 2025-12-29 10:03:09 --> Session: Class initialized using 'CodeIgniter\Session\Handlers\FileHandler' driver.
DEBUG - 2025-12-29 10:03:09 --> Session: Class initialized using 'CodeIgniter\Session\Handlers\FileHandler' driver.
DEBUG - 2025-12-29 10:03:11 --> Session: Class initialized using 'CodeIgniter\Session\Handlers\FileHandler' driver.
DEBUG - 2025-12-29 10:03:12 --> Session: Class initialized using 'CodeIgniter\Session\Handlers\FileHandler' driver.
DEBUG - 2025-12-29 10:03:14 --> Session: Class initialized using 'CodeIgniter\Session\Handlers\FileHandler' driver.
INFO - 2025-12-29 10:03:14 --> SKIPPED defaults for Day 1 (date 2026-01-06) - using pre-loaded data (had_saved: yes, force_fresh: no)
INFO - 2025-12-29 10:03:14 --> SKIPPED defaults for Day 2 (date 2026-01-07) - using pre-loaded data (had_saved: yes, force_fresh: no)
INFO - 2025-12-29 10:03:14 --> Expansion date 2026-01-06: DB Total=176km, Saved SS=90km, Derived Base=86km (display base; JS adds current SS)
INFO - 2025-12-29 10:03:14 --> Expansion date 2026-01-06: DB Total=176km, Saved SS=90km, Derived Base=86km (display base; JS adds current SS)
INFO - 2025-12-29 10:03:14 --> Expansion date 2026-01-06: DB Total=176km, Saved SS=90km, Derived Base=86km (display base; JS adds current SS)
INFO - 2025-12-29 10:03:14 --> Expansion date 2026-01-06: DB Total=176km, Saved SS=90km, Derived Base=86km (display base; JS adds current SS)
INFO - 2025-12-29 10:03:14 --> Expansion date 2026-01-06: DB Total=176km, Saved SS=90km, Derived Base=86km (display base; JS adds current SS)
INFO - 2025-12-29 10:03:14 --> Expansion date 2026-01-07: DB Total=0km, Saved SS=100km, Derived Base=0km (display base; JS adds current SS)
INFO - 2025-12-29 10:03:14 --> Expansion date 2026-01-07: DB Total=0km, Saved SS=100km, Derived Base=0km (display base; JS adds current SS)
INFO - 2025-12-29 10:03:14 --> Expansion date 2026-01-07: DB Total=0km, Saved SS=100km, Derived Base=0km (display base; JS adds current SS)
INFO - 2025-12-29 10:03:14 --> Expansion date 2026-01-07: DB Total=0km, Saved SS=100km, Derived Base=0km (display base; JS adds current SS)
INFO - 2025-12-29 10:03:14 --> Expansion date 2026-01-07: DB Total=0km, Saved SS=100km, Derived Base=0km (display base; JS adds current SS)
INFO - 2025-12-29 10:03:14 --> Loading defaults for Day 1 (date 2026-01-08) - no saved/previous/draft data found
INFO - 2025-12-29 10:03:14 --> Expansion date 2026-01-08: DB Total=211km, Saved SS=0km, Derived Base=211km (display base; JS adds current SS)
INFO - 2025-12-29 10:03:14 --> Expansion date 2026-01-08: DB Total=211km, Saved SS=0km, Derived Base=211km (display base; JS adds current SS)
INFO - 2025-12-29 10:03:14 --> Expansion date 2026-01-08: DB Total=211km, Saved SS=0km, Derived Base=211km (display base; JS adds current SS)
INFO - 2025-12-29 10:03:14 --> Expansion date 2026-01-08: DB Total=211km, Saved SS=0km, Derived Base=211km (display base; JS adds current SS)
INFO - 2025-12-29 10:03:14 --> Expansion date 2026-01-08: DB Total=211km, Saved SS=0km, Derived Base=211km (display base; JS adds current SS)
INFO - 2025-12-29 10:03:14 --> Itinerary expansion date 2026-01-06: Derived Base=176km (no SS added)
INFO - 2025-12-29 10:03:14 --> Itinerary expansion date 2026-01-06: Derived Base=176km (no SS added)
INFO - 2025-12-29 10:03:14 --> Itinerary expansion date 2026-01-06: Derived Base=176km (no SS added)
INFO - 2025-12-29 10:03:14 --> Itinerary expansion date 2026-01-06: Derived Base=176km (no SS added)
INFO - 2025-12-29 10:03:14 --> Itinerary expansion date 2026-01-06: Derived Base=176km (no SS added)
INFO - 2025-12-29 10:03:14 --> Itinerary expansion date 2026-01-07: Derived Base=0km (no SS added)
INFO - 2025-12-29 10:03:14 --> Itinerary expansion date 2026-01-07: Derived Base=0km (no SS added)
INFO - 2025-12-29 10:03:14 --> Itinerary expansion date 2026-01-07: Derived Base=0km (no SS added)
INFO - 2025-12-29 10:03:14 --> Itinerary expansion date 2026-01-07: Derived Base=0km (no SS added)
INFO - 2025-12-29 10:03:14 --> Itinerary expansion date 2026-01-07: Derived Base=0km (no SS added)
DEBUG - 2025-12-29 10:03:16 --> Session: Class initialized using 'CodeIgniter\Session\Handlers\FileHandler' driver.
DEBUG - 2025-12-29 10:03:17 --> Session: Class initialized using 'CodeIgniter\Session\Handlers\FileHandler' driver.
DEBUG - 2025-12-29 10:03:19 --> Session: Class initialized using 'CodeIgniter\Session\Handlers\FileHandler' driver.
DEBUG - 2025-12-29 10:03:20 --> Session: Class initialized using 'CodeIgniter\Session\Handlers\FileHandler' driver.
DEBUG - 2025-12-29 10:03:20 --> Session: Class initialized using 'CodeIgniter\Session\Handlers\FileHandler' driver.
DEBUG - 2025-12-29 10:03:20 --> Session: Class initialized using 'CodeIgniter\Session\Handlers\FileHandler' driver.
DEBUG - 2025-12-29 10:03:21 --> Session: Class initialized using 'CodeIgniter\Session\Handlers\FileHandler' driver.
DEBUG - 2025-12-29 10:03:21 --> Session: Class initialized using 'CodeIgniter\Session\Handlers\FileHandler' driver.
DEBUG - 2025-12-29 10:03:26 --> Session: Class initialized using 'CodeIgniter\Session\Handlers\FileHandler' driver.
DEBUG - 2025-12-29 10:03:26 --> Session: Class initialized using 'CodeIgniter\Session\Handlers\FileHandler' driver.
DEBUG - 2025-12-29 10:03:28 --> Session: Class initialized using 'CodeIgniter\Session\Handlers\FileHandler' driver.
DEBUG - 2025-12-29 10:03:28 --> Session: Class initialized using 'CodeIgniter\Session\Handlers\FileHandler' driver.
DEBUG - 2025-12-29 10:03:29 --> Session: Class initialized using 'CodeIgniter\Session\Handlers\FileHandler' driver.
INFO - 2025-12-29 10:03:29 --> === FRESH ITINERARY MODE ===
INFO - 2025-12-29 10:03:29 --> Loading from last saved itinerary, extension_ref_id: 583
INFO - 2025-12-29 10:03:29 --> Loaded 4 records from last saved itinerary
DEBUG - 2025-12-29 10:03:29 --> Fresh SS match check: Day 1 (date 2026-01-06) | Current: tour_id=2017, location='16', hotel_id=1190 | Prev Day 1: tour_id=2015, location='16', hotel_id=1190, ext_ref=583 | LocationMatch=YES | HotelMatch=YES
INFO - 2025-12-29 10:03:29 --> Fresh: SUCCESSFULLY pre-loaded SS, Special Events & Addons for Day 1 (date 2026-01-06) from extension_ref_id 583 | SS count: 3
INFO - 2025-12-29 10:03:29 --> SKIPPED defaults for Day 1 (date 2026-01-06) - using pre-loaded data (had_saved: yes, force_fresh: yes)
DEBUG - 2025-12-29 10:03:29 --> Fresh SS match check: Day 2 (date 2026-01-07) | Current: tour_id=2017, location='16', hotel_id=1190 | Prev Day 1: tour_id=2015, location='16', hotel_id=1190, ext_ref=583 | LocationMatch=YES | HotelMatch=YES
DEBUG - 2025-12-29 10:03:29 --> Fresh SS match check: Day 2 (date 2026-01-07) | Current: tour_id=2017, location='16', hotel_id=1190 | Prev Day 2: tour_id=2015, location='16', hotel_id=1190, ext_ref=583 | LocationMatch=YES | HotelMatch=YES
INFO - 2025-12-29 10:03:29 --> Fresh: SUCCESSFULLY pre-loaded SS, Special Events & Addons for Day 2 (date 2026-01-07) from extension_ref_id 583 | SS count: 1
INFO - 2025-12-29 10:03:29 --> SKIPPED defaults for Day 2 (date 2026-01-07) - using pre-loaded data (had_saved: yes, force_fresh: yes)
INFO - 2025-12-29 10:03:29 --> Expansion date 2026-01-06: DB Total=176km, Saved SS=270km, Derived Base=0km (display base; JS adds current SS)
INFO - 2025-12-29 10:03:29 --> Expansion date 2026-01-06: DB Total=176km, Saved SS=270km, Derived Base=0km (display base; JS adds current SS)
INFO - 2025-12-29 10:03:29 --> Expansion date 2026-01-06: DB Total=176km, Saved SS=270km, Derived Base=0km (display base; JS adds current SS)
INFO - 2025-12-29 10:03:29 --> Expansion date 2026-01-06: DB Total=176km, Saved SS=270km, Derived Base=0km (display base; JS adds current SS)
INFO - 2025-12-29 10:03:29 --> Expansion date 2026-01-06: DB Total=176km, Saved SS=270km, Derived Base=0km (display base; JS adds current SS)
INFO - 2025-12-29 10:03:29 --> Expansion date 2026-01-07: DB Total=0km, Saved SS=100km, Derived Base=0km (display base; JS adds current SS)
INFO - 2025-12-29 10:03:29 --> Expansion date 2026-01-07: DB Total=0km, Saved SS=100km, Derived Base=0km (display base; JS adds current SS)
INFO - 2025-12-29 10:03:29 --> Expansion date 2026-01-07: DB Total=0km, Saved SS=100km, Derived Base=0km (display base; JS adds current SS)
INFO - 2025-12-29 10:03:29 --> Expansion date 2026-01-07: DB Total=0km, Saved SS=100km, Derived Base=0km (display base; JS adds current SS)
INFO - 2025-12-29 10:03:29 --> Expansion date 2026-01-07: DB Total=0km, Saved SS=100km, Derived Base=0km (display base; JS adds current SS)
DEBUG - 2025-12-29 10:03:29 --> Fresh SS match check: Day 1 (date 2026-01-08) | Current: tour_id=2018, location='9', hotel_id=401 | Prev Day 1: tour_id=2015, location='16', hotel_id=1190, ext_ref=583 | LocationMatch=NO | HotelMatch=NO
DEBUG - 2025-12-29 10:03:29 --> Fresh SS match check: Day 1 (date 2026-01-08) | Current: tour_id=2018, location='9', hotel_id=401 | Prev Day 2: tour_id=2015, location='16', hotel_id=1190, ext_ref=583 | LocationMatch=NO | HotelMatch=NO
DEBUG - 2025-12-29 10:03:29 --> Fresh SS match check: Day 1 (date 2026-01-08) | Current: tour_id=2018, location='9', hotel_id=401 | Prev Day 3: tour_id=2016, location='9', hotel_id=401, ext_ref=583 | LocationMatch=YES | HotelMatch=YES
DEBUG - 2025-12-29 10:03:29 --> Fresh SS match check: Day 1 (date 2026-01-08) | Current: tour_id=2018, location='9', hotel_id=401 | Prev Day 4: tour_id=2016, location='9', hotel_id=0, ext_ref=583 | LocationMatch=YES | HotelMatch=NO
INFO - 2025-12-29 10:03:29 --> Fresh: NO previous match found for Day 1 (date 2026-01-08)
INFO - 2025-12-29 10:03:29 --> SKIPPED defaults for Day 1 (date 2026-01-08) - using pre-loaded data (had_saved: no, force_fresh: yes)
INFO - 2025-12-29 10:03:29 --> Expansion date 2026-01-08: DB Total=211km, Saved SS=0km, Derived Base=211km (display base; JS adds current SS)
INFO - 2025-12-29 10:03:29 --> Expansion date 2026-01-08: DB Total=211km, Saved SS=0km, Derived Base=211km (display base; JS adds current SS)
INFO - 2025-12-29 10:03:29 --> Expansion date 2026-01-08: DB Total=211km, Saved SS=0km, Derived Base=211km (display base; JS adds current SS)
INFO - 2025-12-29 10:03:29 --> Expansion date 2026-01-08: DB Total=211km, Saved SS=0km, Derived Base=211km (display base; JS adds current SS)
INFO - 2025-12-29 10:03:29 --> Expansion date 2026-01-08: DB Total=211km, Saved SS=0km, Derived Base=211km (display base; JS adds current SS)
DEBUG - 2025-12-29 10:04:58 --> Session: Class initialized using 'CodeIgniter\Session\Handlers\FileHandler' driver.
DEBUG - 2025-12-29 10:04:58 --> Session: Class initialized using 'CodeIgniter\Session\Handlers\FileHandler' driver.
DEBUG - 2025-12-29 10:05:00 --> Session: Class initialized using 'CodeIgniter\Session\Handlers\FileHandler' driver.
DEBUG - 2025-12-29 10:05:00 --> Session: Class initialized using 'CodeIgniter\Session\Handlers\FileHandler' driver.
DEBUG - 2025-12-29 10:05:02 --> Session: Class initialized using 'CodeIgniter\Session\Handlers\FileHandler' driver.
DEBUG - 2025-12-29 10:05:03 --> Session: Class initialized using 'CodeIgniter\Session\Handlers\FileHandler' driver.
DEBUG - 2025-12-29 10:05:03 --> Session: Class initialized using 'CodeIgniter\Session\Handlers\FileHandler' driver.
DEBUG - 2025-12-29 10:05:04 --> Session: Class initialized using 'CodeIgniter\Session\Handlers\FileHandler' driver.
DEBUG - 2025-12-29 10:05:04 --> Session: Class initialized using 'CodeIgniter\Session\Handlers\FileHandler' driver.
DEBUG - 2025-12-29 10:05:05 --> Session: Class initialized using 'CodeIgniter\Session\Handlers\FileHandler' driver.
DEBUG - 2025-12-29 10:05:05 --> Session: Class initialized using 'CodeIgniter\Session\Handlers\FileHandler' driver.
DEBUG - 2025-12-29 10:05:06 --> Session: Class initialized using 'CodeIgniter\Session\Handlers\FileHandler' driver.
DEBUG - 2025-12-29 10:05:08 --> Session: Class initialized using 'CodeIgniter\Session\Handlers\FileHandler' driver.
DEBUG - 2025-12-29 10:05:09 --> Session: Class initialized using 'CodeIgniter\Session\Handlers\FileHandler' driver.
DEBUG - 2025-12-29 10:07:17 --> Session: Class initialized using 'CodeIgniter\Session\Handlers\FileHandler' driver.
DEBUG - 2025-12-29 10:07:18 --> Session: Class initialized using 'CodeIgniter\Session\Handlers\FileHandler' driver.
DEBUG - 2025-12-29 10:07:18 --> Session: Class initialized using 'CodeIgniter\Session\Handlers\FileHandler' driver.
DEBUG - 2025-12-29 10:07:18 --> Session: Class initialized using 'CodeIgniter\Session\Handlers\FileHandler' driver.
DEBUG - 2025-12-29 10:07:19 --> Session: Class initialized using 'CodeIgniter\Session\Handlers\FileHandler' driver.
DEBUG - 2025-12-29 10:07:19 --> Session: Class initialized using 'CodeIgniter\Session\Handlers\FileHandler' driver.
DEBUG - 2025-12-29 10:07:25 --> Session: Class initialized using 'CodeIgniter\Session\Handlers\FileHandler' driver.
DEBUG - 2025-12-29 10:07:25 --> Session: Class initialized using 'CodeIgniter\Session\Handlers\FileHandler' driver.
DEBUG - 2025-12-29 10:07:27 --> Session: Class initialized using 'CodeIgniter\Session\Handlers\FileHandler' driver.
DEBUG - 2025-12-29 10:07:27 --> Session: Class initialized using 'CodeIgniter\Session\Handlers\FileHandler' driver.
DEBUG - 2025-12-29 10:07:30 --> Session: Class initialized using 'CodeIgniter\Session\Handlers\FileHandler' driver.
INFO - 2025-12-29 10:07:30 --> === FRESH ITINERARY MODE ===
INFO - 2025-12-29 10:07:30 --> Loading from last saved itinerary, extension_ref_id: 583
INFO - 2025-12-29 10:07:30 --> Loaded 4 records from last saved itinerary
DEBUG - 2025-12-29 10:07:30 --> Fresh SS match check: Day 1 (date 2026-01-06) | Current: tour_id=2019, location='16', hotel_id=1190 | Prev Day 1: tour_id=2015, location='16', hotel_id=1190, ext_ref=583 | LocationMatch=YES | HotelMatch=YES
INFO - 2025-12-29 10:07:30 --> Fresh: SUCCESSFULLY pre-loaded SS, Special Events & Addons for Day 1 (date 2026-01-06) from extension_ref_id 583 | SS count: 3
INFO - 2025-12-29 10:07:30 --> SKIPPED defaults for Day 1 (date 2026-01-06) - using pre-loaded data (had_saved: yes, force_fresh: yes)
DEBUG - 2025-12-29 10:07:30 --> Fresh SS match check: Day 2 (date 2026-01-07) | Current: tour_id=2019, location='16', hotel_id=1190 | Prev Day 1: tour_id=2015, location='16', hotel_id=1190, ext_ref=583 | LocationMatch=YES | HotelMatch=YES
DEBUG - 2025-12-29 10:07:30 --> Fresh SS match check: Day 2 (date 2026-01-07) | Current: tour_id=2019, location='16', hotel_id=1190 | Prev Day 2: tour_id=2015, location='16', hotel_id=1190, ext_ref=583 | LocationMatch=YES | HotelMatch=YES
INFO - 2025-12-29 10:07:30 --> Fresh: SUCCESSFULLY pre-loaded SS, Special Events & Addons for Day 2 (date 2026-01-07) from extension_ref_id 583 | SS count: 1
INFO - 2025-12-29 10:07:30 --> SKIPPED defaults for Day 2 (date 2026-01-07) - using pre-loaded data (had_saved: yes, force_fresh: yes)
INFO - 2025-12-29 10:07:30 --> Expansion date 2026-01-06: DB Total=176km, Saved SS=270km, Derived Base=0km (display base; JS adds current SS)
INFO - 2025-12-29 10:07:30 --> Expansion date 2026-01-06: DB Total=176km, Saved SS=270km, Derived Base=0km (display base; JS adds current SS)
INFO - 2025-12-29 10:07:30 --> Expansion date 2026-01-06: DB Total=176km, Saved SS=270km, Derived Base=0km (display base; JS adds current SS)
INFO - 2025-12-29 10:07:30 --> Expansion date 2026-01-06: DB Total=176km, Saved SS=270km, Derived Base=0km (display base; JS adds current SS)
INFO - 2025-12-29 10:07:30 --> Expansion date 2026-01-06: DB Total=176km, Saved SS=270km, Derived Base=0km (display base; JS adds current SS)
INFO - 2025-12-29 10:07:30 --> Expansion date 2026-01-07: DB Total=0km, Saved SS=100km, Derived Base=0km (display base; JS adds current SS)
INFO - 2025-12-29 10:07:30 --> Expansion date 2026-01-07: DB Total=0km, Saved SS=100km, Derived Base=0km (display base; JS adds current SS)
INFO - 2025-12-29 10:07:30 --> Expansion date 2026-01-07: DB Total=0km, Saved SS=100km, Derived Base=0km (display base; JS adds current SS)
INFO - 2025-12-29 10:07:30 --> Expansion date 2026-01-07: DB Total=0km, Saved SS=100km, Derived Base=0km (display base; JS adds current SS)
INFO - 2025-12-29 10:07:30 --> Expansion date 2026-01-07: DB Total=0km, Saved SS=100km, Derived Base=0km (display base; JS adds current SS)
DEBUG - 2025-12-29 10:07:30 --> Fresh SS match check: Day 1 (date 2026-01-08) | Current: tour_id=2020, location='9', hotel_id=401 | Prev Day 1: tour_id=2015, location='16', hotel_id=1190, ext_ref=583 | LocationMatch=NO | HotelMatch=NO
DEBUG - 2025-12-29 10:07:30 --> Fresh SS match check: Day 1 (date 2026-01-08) | Current: tour_id=2020, location='9', hotel_id=401 | Prev Day 2: tour_id=2015, location='16', hotel_id=1190, ext_ref=583 | LocationMatch=NO | HotelMatch=NO
DEBUG - 2025-12-29 10:07:30 --> Fresh SS match check: Day 1 (date 2026-01-08) | Current: tour_id=2020, location='9', hotel_id=401 | Prev Day 3: tour_id=2016, location='9', hotel_id=401, ext_ref=583 | LocationMatch=YES | HotelMatch=YES
DEBUG - 2025-12-29 10:07:30 --> Fresh SS match check: Day 1 (date 2026-01-08) | Current: tour_id=2020, location='9', hotel_id=401 | Prev Day 4: tour_id=2016, location='9', hotel_id=0, ext_ref=583 | LocationMatch=YES | HotelMatch=NO
INFO - 2025-12-29 10:07:30 --> Fresh: NO previous match found for Day 1 (date 2026-01-08)
INFO - 2025-12-29 10:07:30 --> SKIPPED defaults for Day 1 (date 2026-01-08) - using pre-loaded data (had_saved: no, force_fresh: yes)
INFO - 2025-12-29 10:07:30 --> Expansion date 2026-01-08: DB Total=211km, Saved SS=0km, Derived Base=211km (display base; JS adds current SS)
INFO - 2025-12-29 10:07:30 --> Expansion date 2026-01-08: DB Total=211km, Saved SS=0km, Derived Base=211km (display base; JS adds current SS)
INFO - 2025-12-29 10:07:30 --> Expansion date 2026-01-08: DB Total=211km, Saved SS=0km, Derived Base=211km (display base; JS adds current SS)
INFO - 2025-12-29 10:07:30 --> Expansion date 2026-01-08: DB Total=211km, Saved SS=0km, Derived Base=211km (display base; JS adds current SS)
INFO - 2025-12-29 10:07:30 --> Expansion date 2026-01-08: DB Total=211km, Saved SS=0km, Derived Base=211km (display base; JS adds current SS)
DEBUG - 2025-12-29 10:07:52 --> Session: Class initialized using 'CodeIgniter\Session\Handlers\FileHandler' driver.
DEBUG - 2025-12-29 10:07:52 --> Session: Class initialized using 'CodeIgniter\Session\Handlers\FileHandler' driver.
DEBUG - 2025-12-29 10:07:54 --> Session: Class initialized using 'CodeIgniter\Session\Handlers\FileHandler' driver.
DEBUG - 2025-12-29 10:07:58 --> Session: Class initialized using 'CodeIgniter\Session\Handlers\FileHandler' driver.
DEBUG - 2025-12-29 10:07:58 --> Session: Class initialized using 'CodeIgniter\Session\Handlers\FileHandler' driver.
DEBUG - 2025-12-29 10:16:34 --> Session: Class initialized using 'CodeIgniter\Session\Handlers\FileHandler' driver.
INFO - 2025-12-29 10:16:34 --> === FRESH ITINERARY MODE ===
INFO - 2025-12-29 10:16:34 --> Loading from last saved itinerary, extension_ref_id: 583
INFO - 2025-12-29 10:16:34 --> Loaded 4 records from last saved itinerary
DEBUG - 2025-12-29 10:16:35 --> Fresh SS match check: Day 1 (date 2026-01-06) | Current: tour_id=2019, location='16', hotel_id=1190 | Prev Day 1: tour_id=2015, location='16', hotel_id=1190, ext_ref=583 | LocationMatch=YES | HotelMatch=YES
INFO - 2025-12-29 10:16:35 --> Fresh: SUCCESSFULLY pre-loaded SS, Special Events & Addons for Day 1 (date 2026-01-06) from extension_ref_id 583 | SS count: 3
INFO - 2025-12-29 10:16:35 --> SKIPPED defaults for Day 1 (date 2026-01-06) - using pre-loaded data (had_saved: yes, force_fresh: yes)
DEBUG - 2025-12-29 10:16:35 --> Fresh SS match check: Day 2 (date 2026-01-07) | Current: tour_id=2019, location='16', hotel_id=1190 | Prev Day 1: tour_id=2015, location='16', hotel_id=1190, ext_ref=583 | LocationMatch=YES | HotelMatch=YES
DEBUG - 2025-12-29 10:16:35 --> Fresh SS match check: Day 2 (date 2026-01-07) | Current: tour_id=2019, location='16', hotel_id=1190 | Prev Day 2: tour_id=2015, location='16', hotel_id=1190, ext_ref=583 | LocationMatch=YES | HotelMatch=YES
INFO - 2025-12-29 10:16:35 --> Fresh: SUCCESSFULLY pre-loaded SS, Special Events & Addons for Day 2 (date 2026-01-07) from extension_ref_id 583 | SS count: 1
INFO - 2025-12-29 10:16:35 --> SKIPPED defaults for Day 2 (date 2026-01-07) - using pre-loaded data (had_saved: yes, force_fresh: yes)
INFO - 2025-12-29 10:16:35 --> Expansion date 2026-01-06: DB Total=176km, Saved SS=270km, Derived Base=0km (display base; JS adds current SS)
INFO - 2025-12-29 10:16:35 --> Expansion date 2026-01-06: DB Total=176km, Saved SS=270km, Derived Base=0km (display base; JS adds current SS)
INFO - 2025-12-29 10:16:35 --> Expansion date 2026-01-06: DB Total=176km, Saved SS=270km, Derived Base=0km (display base; JS adds current SS)
INFO - 2025-12-29 10:16:35 --> Expansion date 2026-01-06: DB Total=176km, Saved SS=270km, Derived Base=0km (display base; JS adds current SS)
INFO - 2025-12-29 10:16:35 --> Expansion date 2026-01-06: DB Total=176km, Saved SS=270km, Derived Base=0km (display base; JS adds current SS)
INFO - 2025-12-29 10:16:35 --> Expansion date 2026-01-07: DB Total=0km, Saved SS=100km, Derived Base=0km (display base; JS adds current SS)
INFO - 2025-12-29 10:16:35 --> Expansion date 2026-01-07: DB Total=0km, Saved SS=100km, Derived Base=0km (display base; JS adds current SS)
INFO - 2025-12-29 10:16:35 --> Expansion date 2026-01-07: DB Total=0km, Saved SS=100km, Derived Base=0km (display base; JS adds current SS)
INFO - 2025-12-29 10:16:35 --> Expansion date 2026-01-07: DB Total=0km, Saved SS=100km, Derived Base=0km (display base; JS adds current SS)
INFO - 2025-12-29 10:16:35 --> Expansion date 2026-01-07: DB Total=0km, Saved SS=100km, Derived Base=0km (display base; JS adds current SS)
DEBUG - 2025-12-29 10:16:35 --> Fresh SS match check: Day 1 (date 2026-01-08) | Current: tour_id=2020, location='9', hotel_id=401 | Prev Day 1: tour_id=2015, location='16', hotel_id=1190, ext_ref=583 | LocationMatch=NO | HotelMatch=NO
DEBUG - 2025-12-29 10:16:35 --> Fresh SS match check: Day 1 (date 2026-01-08) | Current: tour_id=2020, location='9', hotel_id=401 | Prev Day 2: tour_id=2015, location='16', hotel_id=1190, ext_ref=583 | LocationMatch=NO | HotelMatch=NO
DEBUG - 2025-12-29 10:16:35 --> Fresh SS match check: Day 1 (date 2026-01-08) | Current: tour_id=2020, location='9', hotel_id=401 | Prev Day 3: tour_id=2016, location='9', hotel_id=401, ext_ref=583 | LocationMatch=YES | HotelMatch=YES
DEBUG - 2025-12-29 10:16:35 --> Fresh SS match check: Day 1 (date 2026-01-08) | Current: tour_id=2020, location='9', hotel_id=401 | Prev Day 4: tour_id=2016, location='9', hotel_id=0, ext_ref=583 | LocationMatch=YES | HotelMatch=NO
INFO - 2025-12-29 10:16:35 --> Fresh: NO previous match found for Day 1 (date 2026-01-08)
INFO - 2025-12-29 10:16:35 --> SKIPPED defaults for Day 1 (date 2026-01-08) - using pre-loaded data (had_saved: no, force_fresh: yes)
INFO - 2025-12-29 10:16:35 --> Expansion date 2026-01-08: DB Total=211km, Saved SS=0km, Derived Base=211km (display base; JS adds current SS)
INFO - 2025-12-29 10:16:35 --> Expansion date 2026-01-08: DB Total=211km, Saved SS=0km, Derived Base=211km (display base; JS adds current SS)
INFO - 2025-12-29 10:16:35 --> Expansion date 2026-01-08: DB Total=211km, Saved SS=0km, Derived Base=211km (display base; JS adds current SS)
INFO - 2025-12-29 10:16:35 --> Expansion date 2026-01-08: DB Total=211km, Saved SS=0km, Derived Base=211km (display base; JS adds current SS)
INFO - 2025-12-29 10:16:35 --> Expansion date 2026-01-08: DB Total=211km, Saved SS=0km, Derived Base=211km (display base; JS adds current SS)
DEBUG - 2025-12-29 10:16:38 --> Session: Class initialized using 'CodeIgniter\Session\Handlers\FileHandler' driver.
DEBUG - 2025-12-29 10:16:38 --> Session: Class initialized using 'CodeIgniter\Session\Handlers\FileHandler' driver.
DEBUG - 2025-12-29 10:16:45 --> Session: Class initialized using 'CodeIgniter\Session\Handlers\FileHandler' driver.
INFO - 2025-12-29 10:16:45 --> Loading defaults for Day 1 (date 2026-01-06) - no saved/previous/draft data found
INFO - 2025-12-29 10:16:45 --> Loading defaults for Day 2 (date 2026-01-07) - no saved/previous/draft data found
INFO - 2025-12-29 10:16:45 --> Loaded default SS for Day 2 (date 2026-01-07): 1 items
INFO - 2025-12-29 10:16:45 --> Expansion date 2026-01-06: DB Total=176km, Saved SS=0km, Derived Base=176km (display base; JS adds current SS)
INFO - 2025-12-29 10:16:45 --> Expansion date 2026-01-06: DB Total=176km, Saved SS=0km, Derived Base=176km (display base; JS adds current SS)
INFO - 2025-12-29 10:16:45 --> Expansion date 2026-01-06: DB Total=176km, Saved SS=0km, Derived Base=176km (display base; JS adds current SS)
INFO - 2025-12-29 10:16:45 --> Expansion date 2026-01-06: DB Total=176km, Saved SS=0km, Derived Base=176km (display base; JS adds current SS)
INFO - 2025-12-29 10:16:45 --> Expansion date 2026-01-06: DB Total=176km, Saved SS=0km, Derived Base=176km (display base; JS adds current SS)
INFO - 2025-12-29 10:16:45 --> Expansion date 2026-01-07: DB Total=0km, Saved SS=90km, Derived Base=0km (display base; JS adds current SS)
INFO - 2025-12-29 10:16:45 --> Expansion date 2026-01-07: DB Total=0km, Saved SS=90km, Derived Base=0km (display base; JS adds current SS)
INFO - 2025-12-29 10:16:45 --> Expansion date 2026-01-07: DB Total=0km, Saved SS=90km, Derived Base=0km (display base; JS adds current SS)
INFO - 2025-12-29 10:16:45 --> Expansion date 2026-01-07: DB Total=0km, Saved SS=90km, Derived Base=0km (display base; JS adds current SS)
INFO - 2025-12-29 10:16:45 --> Expansion date 2026-01-07: DB Total=0km, Saved SS=90km, Derived Base=0km (display base; JS adds current SS)
INFO - 2025-12-29 10:16:45 --> Loading defaults for Day 1 (date 2026-01-08) - no saved/previous/draft data found
INFO - 2025-12-29 10:16:45 --> Expansion date 2026-01-08: DB Total=211km, Saved SS=0km, Derived Base=211km (display base; JS adds current SS)
INFO - 2025-12-29 10:16:45 --> Expansion date 2026-01-08: DB Total=211km, Saved SS=0km, Derived Base=211km (display base; JS adds current SS)
INFO - 2025-12-29 10:16:45 --> Expansion date 2026-01-08: DB Total=211km, Saved SS=0km, Derived Base=211km (display base; JS adds current SS)
INFO - 2025-12-29 10:16:45 --> Expansion date 2026-01-08: DB Total=211km, Saved SS=0km, Derived Base=211km (display base; JS adds current SS)
INFO - 2025-12-29 10:16:45 --> Expansion date 2026-01-08: DB Total=211km, Saved SS=0km, Derived Base=211km (display base; JS adds current SS)
DEBUG - 2025-12-29 10:16:47 --> Session: Class initialized using 'CodeIgniter\Session\Handlers\FileHandler' driver.
DEBUG - 2025-12-29 10:16:48 --> Session: Class initialized using 'CodeIgniter\Session\Handlers\FileHandler' driver.
DEBUG - 2025-12-29 10:16:49 --> Session: Class initialized using 'CodeIgniter\Session\Handlers\FileHandler' driver.
DEBUG - 2025-12-29 10:16:50 --> Session: Class initialized using 'CodeIgniter\Session\Handlers\FileHandler' driver.
DEBUG - 2025-12-29 10:16:51 --> Session: Class initialized using 'CodeIgniter\Session\Handlers\FileHandler' driver.
INFO - 2025-12-29 10:16:51 --> SKIPPED defaults for Day 1 (date 2026-01-06) - using pre-loaded data (had_saved: yes, force_fresh: no)
INFO - 2025-12-29 10:16:51 --> SKIPPED defaults for Day 2 (date 2026-01-07) - using pre-loaded data (had_saved: yes, force_fresh: no)
INFO - 2025-12-29 10:16:51 --> Expansion date 2026-01-06: DB Total=176km, Saved SS=90km, Derived Base=86km (display base; JS adds current SS)
INFO - 2025-12-29 10:16:51 --> Expansion date 2026-01-06: DB Total=176km, Saved SS=90km, Derived Base=86km (display base; JS adds current SS)
INFO - 2025-12-29 10:16:51 --> Expansion date 2026-01-06: DB Total=176km, Saved SS=90km, Derived Base=86km (display base; JS adds current SS)
INFO - 2025-12-29 10:16:51 --> Expansion date 2026-01-06: DB Total=176km, Saved SS=90km, Derived Base=86km (display base; JS adds current SS)
INFO - 2025-12-29 10:16:51 --> Expansion date 2026-01-06: DB Total=176km, Saved SS=90km, Derived Base=86km (display base; JS adds current SS)
INFO - 2025-12-29 10:16:51 --> Expansion date 2026-01-07: DB Total=0km, Saved SS=100km, Derived Base=0km (display base; JS adds current SS)
INFO - 2025-12-29 10:16:51 --> Expansion date 2026-01-07: DB Total=0km, Saved SS=100km, Derived Base=0km (display base; JS adds current SS)
INFO - 2025-12-29 10:16:51 --> Expansion date 2026-01-07: DB Total=0km, Saved SS=100km, Derived Base=0km (display base; JS adds current SS)
INFO - 2025-12-29 10:16:51 --> Expansion date 2026-01-07: DB Total=0km, Saved SS=100km, Derived Base=0km (display base; JS adds current SS)
INFO - 2025-12-29 10:16:51 --> Expansion date 2026-01-07: DB Total=0km, Saved SS=100km, Derived Base=0km (display base; JS adds current SS)
INFO - 2025-12-29 10:16:51 --> Loading defaults for Day 1 (date 2026-01-08) - no saved/previous/draft data found
INFO - 2025-12-29 10:16:51 --> Expansion date 2026-01-08: DB Total=211km, Saved SS=0km, Derived Base=211km (display base; JS adds current SS)
INFO - 2025-12-29 10:16:51 --> Expansion date 2026-01-08: DB Total=211km, Saved SS=0km, Derived Base=211km (display base; JS adds current SS)
INFO - 2025-12-29 10:16:51 --> Expansion date 2026-01-08: DB Total=211km, Saved SS=0km, Derived Base=211km (display base; JS adds current SS)
INFO - 2025-12-29 10:16:51 --> Expansion date 2026-01-08: DB Total=211km, Saved SS=0km, Derived Base=211km (display base; JS adds current SS)
INFO - 2025-12-29 10:16:51 --> Expansion date 2026-01-08: DB Total=211km, Saved SS=0km, Derived Base=211km (display base; JS adds current SS)
INFO - 2025-12-29 10:16:51 --> Itinerary expansion date 2026-01-06: Derived Base=176km (no SS added)
INFO - 2025-12-29 10:16:51 --> Itinerary expansion date 2026-01-06: Derived Base=176km (no SS added)
INFO - 2025-12-29 10:16:51 --> Itinerary expansion date 2026-01-06: Derived Base=176km (no SS added)
INFO - 2025-12-29 10:16:51 --> Itinerary expansion date 2026-01-06: Derived Base=176km (no SS added)
INFO - 2025-12-29 10:16:51 --> Itinerary expansion date 2026-01-06: Derived Base=176km (no SS added)
INFO - 2025-12-29 10:16:51 --> Itinerary expansion date 2026-01-07: Derived Base=0km (no SS added)
INFO - 2025-12-29 10:16:51 --> Itinerary expansion date 2026-01-07: Derived Base=0km (no SS added)
INFO - 2025-12-29 10:16:51 --> Itinerary expansion date 2026-01-07: Derived Base=0km (no SS added)
INFO - 2025-12-29 10:16:51 --> Itinerary expansion date 2026-01-07: Derived Base=0km (no SS added)
INFO - 2025-12-29 10:16:51 --> Itinerary expansion date 2026-01-07: Derived Base=0km (no SS added)
DEBUG - 2025-12-29 10:16:53 --> Session: Class initialized using 'CodeIgniter\Session\Handlers\FileHandler' driver.
DEBUG - 2025-12-29 10:16:53 --> Session: Class initialized using 'CodeIgniter\Session\Handlers\FileHandler' driver.
DEBUG - 2025-12-29 10:16:55 --> Session: Class initialized using 'CodeIgniter\Session\Handlers\FileHandler' driver.
INFO - 2025-12-29 10:16:55 --> === MAKE CURRENT MODE ===
INFO - 2025-12-29 10:16:55 --> Loading previous itinerary for tour_plan_ref_id: 2015
INFO - 2025-12-29 10:16:55 --> Current extension_ref_id: 583
INFO - 2025-12-29 10:16:55 --> Getting previous itinerary for specific tour plan: tour_plan_ref_id=2015
INFO - 2025-12-29 10:16:55 --> Loading from source tour_details_id: 2013
INFO - 2025-12-29 10:16:55 --> No previous extension found
INFO - 2025-12-29 10:16:55 --> Loaded 0 records from SPECIFIC tour plan previous version
INFO - 2025-12-29 15:46:55 --> SKIPPED defaults for Day 1 (date 2026-01-06) - using pre-loaded data (had_saved: yes, force_fresh: no)
INFO - 2025-12-29 15:46:55 --> SKIPPED defaults for Day 2 (date 2026-01-07) - using pre-loaded data (had_saved: yes, force_fresh: no)
INFO - 2025-12-29 15:46:55 --> Expansion date 2026-01-06: DB Total=176km, Saved SS=270km, Derived Base=0km (display base; JS adds current SS)
INFO - 2025-12-29 15:46:55 --> Expansion date 2026-01-06: DB Total=176km, Saved SS=270km, Derived Base=0km (display base; JS adds current SS)
INFO - 2025-12-29 15:46:55 --> Expansion date 2026-01-06: DB Total=176km, Saved SS=270km, Derived Base=0km (display base; JS adds current SS)
INFO - 2025-12-29 15:46:55 --> Expansion date 2026-01-06: DB Total=176km, Saved SS=270km, Derived Base=0km (display base; JS adds current SS)
INFO - 2025-12-29 15:46:55 --> Expansion date 2026-01-06: DB Total=176km, Saved SS=270km, Derived Base=0km (display base; JS adds current SS)
INFO - 2025-12-29 15:46:55 --> Expansion date 2026-01-07: DB Total=0km, Saved SS=100km, Derived Base=0km (display base; JS adds current SS)
INFO - 2025-12-29 15:46:55 --> Expansion date 2026-01-07: DB Total=0km, Saved SS=100km, Derived Base=0km (display base; JS adds current SS)
INFO - 2025-12-29 15:46:55 --> Expansion date 2026-01-07: DB Total=0km, Saved SS=100km, Derived Base=0km (display base; JS adds current SS)
INFO - 2025-12-29 15:46:55 --> Expansion date 2026-01-07: DB Total=0km, Saved SS=100km, Derived Base=0km (display base; JS adds current SS)
INFO - 2025-12-29 15:46:55 --> Expansion date 2026-01-07: DB Total=0km, Saved SS=100km, Derived Base=0km (display base; JS adds current SS)
INFO - 2025-12-29 15:46:55 --> SKIPPED defaults for Day 1 (date 2026-01-08) - using pre-loaded data (had_saved: yes, force_fresh: no)
INFO - 2025-12-29 15:46:55 --> Expansion date 2026-01-08: DB Total=211km, Saved SS=0km, Derived Base=211km (display base; JS adds current SS)
INFO - 2025-12-29 15:46:55 --> Expansion date 2026-01-08: DB Total=211km, Saved SS=0km, Derived Base=211km (display base; JS adds current SS)
INFO - 2025-12-29 15:46:55 --> Expansion date 2026-01-08: DB Total=211km, Saved SS=0km, Derived Base=211km (display base; JS adds current SS)
INFO - 2025-12-29 15:46:55 --> Expansion date 2026-01-08: DB Total=211km, Saved SS=0km, Derived Base=211km (display base; JS adds current SS)
INFO - 2025-12-29 15:46:55 --> Expansion date 2026-01-08: DB Total=211km, Saved SS=0km, Derived Base=211km (display base; JS adds current SS)
INFO - 2025-12-29 15:46:55 --> Itinerary expansion date 2026-01-06: Derived Base=356km (no SS added)
INFO - 2025-12-29 15:46:55 --> Itinerary expansion date 2026-01-06: Derived Base=356km (no SS added)
INFO - 2025-12-29 15:46:55 --> Itinerary expansion date 2026-01-06: Derived Base=356km (no SS added)
INFO - 2025-12-29 15:46:55 --> Itinerary expansion date 2026-01-06: Derived Base=356km (no SS added)
INFO - 2025-12-29 15:46:55 --> Itinerary expansion date 2026-01-06: Derived Base=356km (no SS added)
INFO - 2025-12-29 15:46:55 --> Itinerary expansion date 2026-01-07: Derived Base=200km (no SS added)
INFO - 2025-12-29 15:46:55 --> Itinerary expansion date 2026-01-07: Derived Base=200km (no SS added)
INFO - 2025-12-29 15:46:55 --> Itinerary expansion date 2026-01-07: Derived Base=200km (no SS added)
INFO - 2025-12-29 15:46:55 --> Itinerary expansion date 2026-01-07: Derived Base=200km (no SS added)
INFO - 2025-12-29 15:46:55 --> Itinerary expansion date 2026-01-07: Derived Base=200km (no SS added)
INFO - 2025-12-29 15:46:55 --> Itinerary expansion date 2026-01-08: Derived Base=175km (no SS added)
INFO - 2025-12-29 15:46:55 --> Itinerary expansion date 2026-01-08: Derived Base=175km (no SS added)
INFO - 2025-12-29 15:46:55 --> Itinerary expansion date 2026-01-08: Derived Base=175km (no SS added)
INFO - 2025-12-29 15:46:55 --> Itinerary expansion date 2026-01-08: Derived Base=175km (no SS added)
INFO - 2025-12-29 15:46:55 --> Itinerary expansion date 2026-01-08: Derived Base=175km (no SS added)
DEBUG - 2025-12-29 10:16:57 --> Session: Class initialized using 'CodeIgniter\Session\Handlers\FileHandler' driver.
DEBUG - 2025-12-29 10:16:57 --> Session: Class initialized using 'CodeIgniter\Session\Handlers\FileHandler' driver.
DEBUG - 2025-12-29 10:16:59 --> Session: Class initialized using 'CodeIgniter\Session\Handlers\FileHandler' driver.
INFO - 2025-12-29 10:16:59 --> SKIPPED defaults for Day 1 (date 2026-01-06) - using pre-loaded data (had_saved: yes, force_fresh: no)
INFO - 2025-12-29 10:16:59 --> SKIPPED defaults for Day 2 (date 2026-01-07) - using pre-loaded data (had_saved: yes, force_fresh: no)
INFO - 2025-12-29 10:16:59 --> Expansion date 2026-01-06: DB Total=176km, Saved SS=270km, Derived Base=0km (display base; JS adds current SS)
INFO - 2025-12-29 10:16:59 --> Expansion date 2026-01-06: DB Total=176km, Saved SS=270km, Derived Base=0km (display base; JS adds current SS)
INFO - 2025-12-29 10:16:59 --> Expansion date 2026-01-06: DB Total=176km, Saved SS=270km, Derived Base=0km (display base; JS adds current SS)
INFO - 2025-12-29 10:16:59 --> Expansion date 2026-01-06: DB Total=176km, Saved SS=270km, Derived Base=0km (display base; JS adds current SS)
INFO - 2025-12-29 10:16:59 --> Expansion date 2026-01-06: DB Total=176km, Saved SS=270km, Derived Base=0km (display base; JS adds current SS)
INFO - 2025-12-29 10:16:59 --> Expansion date 2026-01-07: DB Total=0km, Saved SS=100km, Derived Base=0km (display base; JS adds current SS)
INFO - 2025-12-29 10:16:59 --> Expansion date 2026-01-07: DB Total=0km, Saved SS=100km, Derived Base=0km (display base; JS adds current SS)
INFO - 2025-12-29 10:16:59 --> Expansion date 2026-01-07: DB Total=0km, Saved SS=100km, Derived Base=0km (display base; JS adds current SS)
INFO - 2025-12-29 10:16:59 --> Expansion date 2026-01-07: DB Total=0km, Saved SS=100km, Derived Base=0km (display base; JS adds current SS)
INFO - 2025-12-29 10:16:59 --> Expansion date 2026-01-07: DB Total=0km, Saved SS=100km, Derived Base=0km (display base; JS adds current SS)
INFO - 2025-12-29 10:16:59 --> SKIPPED defaults for Day 1 (date 2026-01-08) - using pre-loaded data (had_saved: yes, force_fresh: no)
INFO - 2025-12-29 10:16:59 --> Expansion date 2026-01-08: DB Total=211km, Saved SS=0km, Derived Base=211km (display base; JS adds current SS)
INFO - 2025-12-29 10:16:59 --> Expansion date 2026-01-08: DB Total=211km, Saved SS=0km, Derived Base=211km (display base; JS adds current SS)
INFO - 2025-12-29 10:16:59 --> Expansion date 2026-01-08: DB Total=211km, Saved SS=0km, Derived Base=211km (display base; JS adds current SS)
INFO - 2025-12-29 10:16:59 --> Expansion date 2026-01-08: DB Total=211km, Saved SS=0km, Derived Base=211km (display base; JS adds current SS)
INFO - 2025-12-29 10:16:59 --> Expansion date 2026-01-08: DB Total=211km, Saved SS=0km, Derived Base=211km (display base; JS adds current SS)
INFO - 2025-12-29 10:16:59 --> Itinerary expansion date 2026-01-06: Derived Base=356km (no SS added)
INFO - 2025-12-29 10:16:59 --> Itinerary expansion date 2026-01-06: Derived Base=356km (no SS added)
INFO - 2025-12-29 10:16:59 --> Itinerary expansion date 2026-01-06: Derived Base=356km (no SS added)
INFO - 2025-12-29 10:16:59 --> Itinerary expansion date 2026-01-06: Derived Base=356km (no SS added)
INFO - 2025-12-29 10:16:59 --> Itinerary expansion date 2026-01-06: Derived Base=356km (no SS added)
INFO - 2025-12-29 10:16:59 --> Itinerary expansion date 2026-01-07: Derived Base=200km (no SS added)
INFO - 2025-12-29 10:16:59 --> Itinerary expansion date 2026-01-07: Derived Base=200km (no SS added)
INFO - 2025-12-29 10:16:59 --> Itinerary expansion date 2026-01-07: Derived Base=200km (no SS added)
INFO - 2025-12-29 10:16:59 --> Itinerary expansion date 2026-01-07: Derived Base=200km (no SS added)
INFO - 2025-12-29 10:16:59 --> Itinerary expansion date 2026-01-07: Derived Base=200km (no SS added)
INFO - 2025-12-29 10:16:59 --> Itinerary expansion date 2026-01-08: Derived Base=175km (no SS added)
INFO - 2025-12-29 10:16:59 --> Itinerary expansion date 2026-01-08: Derived Base=175km (no SS added)
INFO - 2025-12-29 10:16:59 --> Itinerary expansion date 2026-01-08: Derived Base=175km (no SS added)
INFO - 2025-12-29 10:16:59 --> Itinerary expansion date 2026-01-08: Derived Base=175km (no SS added)
INFO - 2025-12-29 10:16:59 --> Itinerary expansion date 2026-01-08: Derived Base=175km (no SS added)
DEBUG - 2025-12-29 10:17:02 --> Session: Class initialized using 'CodeIgniter\Session\Handlers\FileHandler' driver.
DEBUG - 2025-12-29 10:17:02 --> Session: Class initialized using 'CodeIgniter\Session\Handlers\FileHandler' driver.
DEBUG - 2025-12-29 10:17:04 --> Session: Class initialized using 'CodeIgniter\Session\Handlers\FileHandler' driver.
DEBUG - 2025-12-29 10:17:05 --> Session: Class initialized using 'CodeIgniter\Session\Handlers\FileHandler' driver.
DEBUG - 2025-12-29 10:17:07 --> Session: Class initialized using 'CodeIgniter\Session\Handlers\FileHandler' driver.
DEBUG - 2025-12-29 10:17:07 --> Session: Class initialized using 'CodeIgniter\Session\Handlers\FileHandler' driver.
DEBUG - 2025-12-29 10:17:09 --> Session: Class initialized using 'CodeIgniter\Session\Handlers\FileHandler' driver.
INFO - 2025-12-29 10:17:09 --> SKIPPED defaults for Day 1 (date 2026-01-06) - using pre-loaded data (had_saved: yes, force_fresh: no)
INFO - 2025-12-29 10:17:09 --> SKIPPED defaults for Day 2 (date 2026-01-07) - using pre-loaded data (had_saved: yes, force_fresh: no)
INFO - 2025-12-29 10:17:09 --> Expansion date 2026-01-06: DB Total=176km, Saved SS=90km, Derived Base=86km (display base; JS adds current SS)
INFO - 2025-12-29 10:17:09 --> Expansion date 2026-01-06: DB Total=176km, Saved SS=90km, Derived Base=86km (display base; JS adds current SS)
INFO - 2025-12-29 10:17:09 --> Expansion date 2026-01-06: DB Total=176km, Saved SS=90km, Derived Base=86km (display base; JS adds current SS)
INFO - 2025-12-29 10:17:09 --> Expansion date 2026-01-06: DB Total=176km, Saved SS=90km, Derived Base=86km (display base; JS adds current SS)
INFO - 2025-12-29 10:17:09 --> Expansion date 2026-01-06: DB Total=176km, Saved SS=90km, Derived Base=86km (display base; JS adds current SS)
INFO - 2025-12-29 10:17:09 --> Expansion date 2026-01-07: DB Total=0km, Saved SS=100km, Derived Base=0km (display base; JS adds current SS)
INFO - 2025-12-29 10:17:09 --> Expansion date 2026-01-07: DB Total=0km, Saved SS=100km, Derived Base=0km (display base; JS adds current SS)
INFO - 2025-12-29 10:17:09 --> Expansion date 2026-01-07: DB Total=0km, Saved SS=100km, Derived Base=0km (display base; JS adds current SS)
INFO - 2025-12-29 10:17:09 --> Expansion date 2026-01-07: DB Total=0km, Saved SS=100km, Derived Base=0km (display base; JS adds current SS)
INFO - 2025-12-29 10:17:09 --> Expansion date 2026-01-07: DB Total=0km, Saved SS=100km, Derived Base=0km (display base; JS adds current SS)
INFO - 2025-12-29 10:17:09 --> Loading defaults for Day 1 (date 2026-01-08) - no saved/previous/draft data found
INFO - 2025-12-29 10:17:09 --> Expansion date 2026-01-08: DB Total=211km, Saved SS=0km, Derived Base=211km (display base; JS adds current SS)
INFO - 2025-12-29 10:17:09 --> Expansion date 2026-01-08: DB Total=211km, Saved SS=0km, Derived Base=211km (display base; JS adds current SS)
INFO - 2025-12-29 10:17:09 --> Expansion date 2026-01-08: DB Total=211km, Saved SS=0km, Derived Base=211km (display base; JS adds current SS)
INFO - 2025-12-29 10:17:09 --> Expansion date 2026-01-08: DB Total=211km, Saved SS=0km, Derived Base=211km (display base; JS adds current SS)
INFO - 2025-12-29 10:17:09 --> Expansion date 2026-01-08: DB Total=211km, Saved SS=0km, Derived Base=211km (display base; JS adds current SS)
INFO - 2025-12-29 10:17:09 --> Itinerary expansion date 2026-01-06: Derived Base=176km (no SS added)
INFO - 2025-12-29 10:17:09 --> Itinerary expansion date 2026-01-06: Derived Base=176km (no SS added)
INFO - 2025-12-29 10:17:09 --> Itinerary expansion date 2026-01-06: Derived Base=176km (no SS added)
INFO - 2025-12-29 10:17:09 --> Itinerary expansion date 2026-01-06: Derived Base=176km (no SS added)
INFO - 2025-12-29 10:17:09 --> Itinerary expansion date 2026-01-06: Derived Base=176km (no SS added)
INFO - 2025-12-29 10:17:09 --> Itinerary expansion date 2026-01-07: Derived Base=0km (no SS added)
INFO - 2025-12-29 10:17:09 --> Itinerary expansion date 2026-01-07: Derived Base=0km (no SS added)
INFO - 2025-12-29 10:17:09 --> Itinerary expansion date 2026-01-07: Derived Base=0km (no SS added)
INFO - 2025-12-29 10:17:09 --> Itinerary expansion date 2026-01-07: Derived Base=0km (no SS added)
INFO - 2025-12-29 10:17:09 --> Itinerary expansion date 2026-01-07: Derived Base=0km (no SS added)
DEBUG - 2025-12-29 10:17:12 --> Session: Class initialized using 'CodeIgniter\Session\Handlers\FileHandler' driver.
DEBUG - 2025-12-29 10:17:12 --> Session: Class initialized using 'CodeIgniter\Session\Handlers\FileHandler' driver.
DEBUG - 2025-12-29 10:17:13 --> Session: Class initialized using 'CodeIgniter\Session\Handlers\FileHandler' driver.
DEBUG - 2025-12-29 10:17:15 --> Session: Class initialized using 'CodeIgniter\Session\Handlers\FileHandler' driver.
DEBUG - 2025-12-29 10:17:15 --> Session: Class initialized using 'CodeIgniter\Session\Handlers\FileHandler' driver.
DEBUG - 2025-12-29 10:17:15 --> Session: Class initialized using 'CodeIgniter\Session\Handlers\FileHandler' driver.
DEBUG - 2025-12-29 10:17:16 --> Session: Class initialized using 'CodeIgniter\Session\Handlers\FileHandler' driver.
DEBUG - 2025-12-29 10:17:16 --> Session: Class initialized using 'CodeIgniter\Session\Handlers\FileHandler' driver.
DEBUG - 2025-12-29 10:17:21 --> Session: Class initialized using 'CodeIgniter\Session\Handlers\FileHandler' driver.
DEBUG - 2025-12-29 10:17:21 --> Session: Class initialized using 'CodeIgniter\Session\Handlers\FileHandler' driver.
DEBUG - 2025-12-29 10:17:23 --> Session: Class initialized using 'CodeIgniter\Session\Handlers\FileHandler' driver.
DEBUG - 2025-12-29 10:17:23 --> Session: Class initialized using 'CodeIgniter\Session\Handlers\FileHandler' driver.
DEBUG - 2025-12-29 10:17:24 --> Session: Class initialized using 'CodeIgniter\Session\Handlers\FileHandler' driver.
INFO - 2025-12-29 10:17:24 --> === FRESH ITINERARY MODE ===
INFO - 2025-12-29 10:17:24 --> Loading from last saved itinerary, extension_ref_id: 583
INFO - 2025-12-29 10:17:24 --> Loaded 4 records from last saved itinerary
DEBUG - 2025-12-29 10:17:24 --> Fresh SS match check: Day 1 (date 2026-01-06) | Current: tour_id=2021, location='16', hotel_id=1190 | Prev Day 1: tour_id=2015, location='16', hotel_id=1190, ext_ref=583 | LocationMatch=YES | HotelMatch=YES
INFO - 2025-12-29 10:17:24 --> Fresh: SUCCESSFULLY pre-loaded SS, Special Events & Addons for Day 1 (date 2026-01-06) from extension_ref_id 583 | SS count: 3
INFO - 2025-12-29 10:17:24 --> SKIPPED defaults for Day 1 (date 2026-01-06) - using pre-loaded data (had_saved: yes, force_fresh: yes)
DEBUG - 2025-12-29 10:17:24 --> Fresh SS match check: Day 2 (date 2026-01-07) | Current: tour_id=2021, location='16', hotel_id=1190 | Prev Day 1: tour_id=2015, location='16', hotel_id=1190, ext_ref=583 | LocationMatch=YES | HotelMatch=YES
DEBUG - 2025-12-29 10:17:24 --> Fresh SS match check: Day 2 (date 2026-01-07) | Current: tour_id=2021, location='16', hotel_id=1190 | Prev Day 2: tour_id=2015, location='16', hotel_id=1190, ext_ref=583 | LocationMatch=YES | HotelMatch=YES
INFO - 2025-12-29 10:17:24 --> Fresh: SUCCESSFULLY pre-loaded SS, Special Events & Addons for Day 2 (date 2026-01-07) from extension_ref_id 583 | SS count: 1
INFO - 2025-12-29 10:17:24 --> SKIPPED defaults for Day 2 (date 2026-01-07) - using pre-loaded data (had_saved: yes, force_fresh: yes)
INFO - 2025-12-29 10:17:24 --> Expansion date 2026-01-06: DB Total=176km, Saved SS=270km, Derived Base=0km (display base; JS adds current SS)
INFO - 2025-12-29 10:17:24 --> Expansion date 2026-01-06: DB Total=176km, Saved SS=270km, Derived Base=0km (display base; JS adds current SS)
INFO - 2025-12-29 10:17:24 --> Expansion date 2026-01-06: DB Total=176km, Saved SS=270km, Derived Base=0km (display base; JS adds current SS)
INFO - 2025-12-29 10:17:24 --> Expansion date 2026-01-06: DB Total=176km, Saved SS=270km, Derived Base=0km (display base; JS adds current SS)
INFO - 2025-12-29 10:17:24 --> Expansion date 2026-01-06: DB Total=176km, Saved SS=270km, Derived Base=0km (display base; JS adds current SS)
INFO - 2025-12-29 10:17:24 --> Expansion date 2026-01-07: DB Total=0km, Saved SS=100km, Derived Base=0km (display base; JS adds current SS)
INFO - 2025-12-29 10:17:24 --> Expansion date 2026-01-07: DB Total=0km, Saved SS=100km, Derived Base=0km (display base; JS adds current SS)
INFO - 2025-12-29 10:17:24 --> Expansion date 2026-01-07: DB Total=0km, Saved SS=100km, Derived Base=0km (display base; JS adds current SS)
INFO - 2025-12-29 10:17:24 --> Expansion date 2026-01-07: DB Total=0km, Saved SS=100km, Derived Base=0km (display base; JS adds current SS)
INFO - 2025-12-29 10:17:24 --> Expansion date 2026-01-07: DB Total=0km, Saved SS=100km, Derived Base=0km (display base; JS adds current SS)
DEBUG - 2025-12-29 10:17:25 --> Fresh SS match check: Day 1 (date 2026-01-08) | Current: tour_id=2022, location='9', hotel_id=401 | Prev Day 1: tour_id=2015, location='16', hotel_id=1190, ext_ref=583 | LocationMatch=NO | HotelMatch=NO
DEBUG - 2025-12-29 10:17:25 --> Fresh SS match check: Day 1 (date 2026-01-08) | Current: tour_id=2022, location='9', hotel_id=401 | Prev Day 2: tour_id=2015, location='16', hotel_id=1190, ext_ref=583 | LocationMatch=NO | HotelMatch=NO
DEBUG - 2025-12-29 10:17:25 --> Fresh SS match check: Day 1 (date 2026-01-08) | Current: tour_id=2022, location='9', hotel_id=401 | Prev Day 3: tour_id=2016, location='9', hotel_id=401, ext_ref=583 | LocationMatch=YES | HotelMatch=YES
DEBUG - 2025-12-29 10:17:25 --> Fresh SS match check: Day 1 (date 2026-01-08) | Current: tour_id=2022, location='9', hotel_id=401 | Prev Day 4: tour_id=2016, location='9', hotel_id=0, ext_ref=583 | LocationMatch=YES | HotelMatch=NO
INFO - 2025-12-29 10:17:25 --> Fresh: NO previous match found for Day 1 (date 2026-01-08)
INFO - 2025-12-29 10:17:25 --> SKIPPED defaults for Day 1 (date 2026-01-08) - using pre-loaded data (had_saved: no, force_fresh: yes)
INFO - 2025-12-29 10:17:25 --> Expansion date 2026-01-08: DB Total=211km, Saved SS=0km, Derived Base=211km (display base; JS adds current SS)
INFO - 2025-12-29 10:17:25 --> Expansion date 2026-01-08: DB Total=211km, Saved SS=0km, Derived Base=211km (display base; JS adds current SS)
INFO - 2025-12-29 10:17:25 --> Expansion date 2026-01-08: DB Total=211km, Saved SS=0km, Derived Base=211km (display base; JS adds current SS)
INFO - 2025-12-29 10:17:25 --> Expansion date 2026-01-08: DB Total=211km, Saved SS=0km, Derived Base=211km (display base; JS adds current SS)
INFO - 2025-12-29 10:17:25 --> Expansion date 2026-01-08: DB Total=211km, Saved SS=0km, Derived Base=211km (display base; JS adds current SS)
DEBUG - 2025-12-29 10:29:09 --> Session: Class initialized using 'CodeIgniter\Session\Handlers\FileHandler' driver.
INFO - 2025-12-29 10:29:09 --> === FRESH ITINERARY MODE ===
INFO - 2025-12-29 10:29:09 --> Loading from last saved extension_ref_id: 583
INFO - 2025-12-29 10:29:09 --> Fresh mode: Loading from extension_ref_id: 583
INFO - 2025-12-29 10:29:09 --> Loaded 4 records from fresh mode
INFO - 2025-12-29 10:29:09 --> Loaded 4 records from last saved itinerary
DEBUG - 2025-12-29 10:29:09 --> Fresh SS match check: Day 1 (date 2026-01-06) | Current: tour_id=2021, location='16', hotel_id=1190 | Prev Day 1: tour_id=2015, location='16', hotel_id=1190, ext_ref=583 | LocationMatch=YES | HotelMatch=YES
INFO - 2025-12-29 10:29:09 --> Fresh: SUCCESSFULLY pre-loaded SS, Special Events & Addons for Day 1 (date 2026-01-06) from extension_ref_id 583 | SS count: 3
INFO - 2025-12-29 10:29:09 --> SKIPPED defaults for Day 1 (date 2026-01-06) - using pre-loaded data (had_saved: yes, force_fresh: yes)
DEBUG - 2025-12-29 10:29:09 --> Fresh SS match check: Day 2 (date 2026-01-07) | Current: tour_id=2021, location='16', hotel_id=1190 | Prev Day 1: tour_id=2015, location='16', hotel_id=1190, ext_ref=583 | LocationMatch=YES | HotelMatch=YES
DEBUG - 2025-12-29 10:29:09 --> Fresh SS match check: Day 2 (date 2026-01-07) | Current: tour_id=2021, location='16', hotel_id=1190 | Prev Day 2: tour_id=2015, location='16', hotel_id=1190, ext_ref=583 | LocationMatch=YES | HotelMatch=YES
INFO - 2025-12-29 10:29:09 --> Fresh: SUCCESSFULLY pre-loaded SS, Special Events & Addons for Day 2 (date 2026-01-07) from extension_ref_id 583 | SS count: 1
INFO - 2025-12-29 10:29:09 --> SKIPPED defaults for Day 2 (date 2026-01-07) - using pre-loaded data (had_saved: yes, force_fresh: yes)
INFO - 2025-12-29 10:29:09 --> Expansion date 2026-01-06: DB Total=176km, Saved SS=270km, Derived Base=0km (display base; JS adds current SS)
INFO - 2025-12-29 10:29:09 --> Expansion date 2026-01-06: DB Total=176km, Saved SS=270km, Derived Base=0km (display base; JS adds current SS)
INFO - 2025-12-29 10:29:09 --> Expansion date 2026-01-06: DB Total=176km, Saved SS=270km, Derived Base=0km (display base; JS adds current SS)
INFO - 2025-12-29 10:29:09 --> Expansion date 2026-01-06: DB Total=176km, Saved SS=270km, Derived Base=0km (display base; JS adds current SS)
INFO - 2025-12-29 10:29:09 --> Expansion date 2026-01-06: DB Total=176km, Saved SS=270km, Derived Base=0km (display base; JS adds current SS)
INFO - 2025-12-29 10:29:09 --> Expansion date 2026-01-07: DB Total=0km, Saved SS=100km, Derived Base=0km (display base; JS adds current SS)
INFO - 2025-12-29 10:29:09 --> Expansion date 2026-01-07: DB Total=0km, Saved SS=100km, Derived Base=0km (display base; JS adds current SS)
INFO - 2025-12-29 10:29:09 --> Expansion date 2026-01-07: DB Total=0km, Saved SS=100km, Derived Base=0km (display base; JS adds current SS)
INFO - 2025-12-29 10:29:09 --> Expansion date 2026-01-07: DB Total=0km, Saved SS=100km, Derived Base=0km (display base; JS adds current SS)
INFO - 2025-12-29 10:29:09 --> Expansion date 2026-01-07: DB Total=0km, Saved SS=100km, Derived Base=0km (display base; JS adds current SS)
DEBUG - 2025-12-29 10:29:09 --> Fresh SS match check: Day 1 (date 2026-01-08) | Current: tour_id=2022, location='9', hotel_id=401 | Prev Day 1: tour_id=2015, location='16', hotel_id=1190, ext_ref=583 | LocationMatch=NO | HotelMatch=NO
DEBUG - 2025-12-29 10:29:09 --> Fresh SS match check: Day 1 (date 2026-01-08) | Current: tour_id=2022, location='9', hotel_id=401 | Prev Day 2: tour_id=2015, location='16', hotel_id=1190, ext_ref=583 | LocationMatch=NO | HotelMatch=NO
DEBUG - 2025-12-29 10:29:09 --> Fresh SS match check: Day 1 (date 2026-01-08) | Current: tour_id=2022, location='9', hotel_id=401 | Prev Day 3: tour_id=2016, location='9', hotel_id=401, ext_ref=583 | LocationMatch=YES | HotelMatch=YES
DEBUG - 2025-12-29 10:29:09 --> Fresh SS match check: Day 1 (date 2026-01-08) | Current: tour_id=2022, location='9', hotel_id=401 | Prev Day 4: tour_id=2016, location='9', hotel_id=0, ext_ref=583 | LocationMatch=YES | HotelMatch=NO
INFO - 2025-12-29 10:29:09 --> Fresh: NO previous match found for Day 1 (date 2026-01-08)
INFO - 2025-12-29 10:29:09 --> SKIPPED defaults for Day 1 (date 2026-01-08) - using pre-loaded data (had_saved: no, force_fresh: yes)
INFO - 2025-12-29 10:29:09 --> Expansion date 2026-01-08: DB Total=211km, Saved SS=0km, Derived Base=211km (display base; JS adds current SS)
INFO - 2025-12-29 10:29:09 --> Expansion date 2026-01-08: DB Total=211km, Saved SS=0km, Derived Base=211km (display base; JS adds current SS)
INFO - 2025-12-29 10:29:09 --> Expansion date 2026-01-08: DB Total=211km, Saved SS=0km, Derived Base=211km (display base; JS adds current SS)
INFO - 2025-12-29 10:29:09 --> Expansion date 2026-01-08: DB Total=211km, Saved SS=0km, Derived Base=211km (display base; JS adds current SS)
INFO - 2025-12-29 10:29:09 --> Expansion date 2026-01-08: DB Total=211km, Saved SS=0km, Derived Base=211km (display base; JS adds current SS)
DEBUG - 2025-12-29 10:29:12 --> Session: Class initialized using 'CodeIgniter\Session\Handlers\FileHandler' driver.
DEBUG - 2025-12-29 10:29:12 --> Session: Class initialized using 'CodeIgniter\Session\Handlers\FileHandler' driver.
DEBUG - 2025-12-29 10:29:14 --> Session: Class initialized using 'CodeIgniter\Session\Handlers\FileHandler' driver.
DEBUG - 2025-12-29 10:29:14 --> Session: Class initialized using 'CodeIgniter\Session\Handlers\FileHandler' driver.
DEBUG - 2025-12-29 10:29:19 --> Session: Class initialized using 'CodeIgniter\Session\Handlers\FileHandler' driver.
INFO - 2025-12-29 10:29:19 --> === MAKE CURRENT MODE ===
INFO - 2025-12-29 10:29:19 --> Tour plan ref ID: 2015
INFO - 2025-12-29 10:29:19 --> Current extension ref ID: 583
INFO - 2025-12-29 10:29:19 --> Getting previous itinerary for specific tour plan: tour_plan_ref_id=2015
INFO - 2025-12-29 10:29:19 --> Source tour_details_id for previous data: 2013
INFO - 2025-12-29 10:29:19 --> No previous extension found for source tour
INFO - 2025-12-29 10:29:19 --> Loaded 0 records from previous version of specific tour plan
INFO - 2025-12-29 15:59:19 --> SKIPPED defaults for Day 1 (date 2026-01-06) - using pre-loaded data (had_saved: yes, force_fresh: no)
INFO - 2025-12-29 15:59:19 --> SKIPPED defaults for Day 2 (date 2026-01-07) - using pre-loaded data (had_saved: yes, force_fresh: no)
INFO - 2025-12-29 15:59:19 --> Expansion date 2026-01-06: DB Total=176km, Saved SS=270km, Derived Base=0km (display base; JS adds current SS)
INFO - 2025-12-29 15:59:19 --> Expansion date 2026-01-06: DB Total=176km, Saved SS=270km, Derived Base=0km (display base; JS adds current SS)
INFO - 2025-12-29 15:59:19 --> Expansion date 2026-01-06: DB Total=176km, Saved SS=270km, Derived Base=0km (display base; JS adds current SS)
INFO - 2025-12-29 15:59:19 --> Expansion date 2026-01-06: DB Total=176km, Saved SS=270km, Derived Base=0km (display base; JS adds current SS)
INFO - 2025-12-29 15:59:19 --> Expansion date 2026-01-06: DB Total=176km, Saved SS=270km, Derived Base=0km (display base; JS adds current SS)
INFO - 2025-12-29 15:59:19 --> Expansion date 2026-01-07: DB Total=0km, Saved SS=100km, Derived Base=0km (display base; JS adds current SS)
INFO - 2025-12-29 15:59:19 --> Expansion date 2026-01-07: DB Total=0km, Saved SS=100km, Derived Base=0km (display base; JS adds current SS)
INFO - 2025-12-29 15:59:19 --> Expansion date 2026-01-07: DB Total=0km, Saved SS=100km, Derived Base=0km (display base; JS adds current SS)
INFO - 2025-12-29 15:59:19 --> Expansion date 2026-01-07: DB Total=0km, Saved SS=100km, Derived Base=0km (display base; JS adds current SS)
INFO - 2025-12-29 15:59:19 --> Expansion date 2026-01-07: DB Total=0km, Saved SS=100km, Derived Base=0km (display base; JS adds current SS)
INFO - 2025-12-29 15:59:19 --> SKIPPED defaults for Day 1 (date 2026-01-08) - using pre-loaded data (had_saved: yes, force_fresh: no)
INFO - 2025-12-29 15:59:19 --> Expansion date 2026-01-08: DB Total=211km, Saved SS=0km, Derived Base=211km (display base; JS adds current SS)
INFO - 2025-12-29 15:59:19 --> Expansion date 2026-01-08: DB Total=211km, Saved SS=0km, Derived Base=211km (display base; JS adds current SS)
INFO - 2025-12-29 15:59:19 --> Expansion date 2026-01-08: DB Total=211km, Saved SS=0km, Derived Base=211km (display base; JS adds current SS)
INFO - 2025-12-29 15:59:19 --> Expansion date 2026-01-08: DB Total=211km, Saved SS=0km, Derived Base=211km (display base; JS adds current SS)
INFO - 2025-12-29 15:59:19 --> Expansion date 2026-01-08: DB Total=211km, Saved SS=0km, Derived Base=211km (display base; JS adds current SS)
INFO - 2025-12-29 15:59:19 --> Itinerary expansion date 2026-01-06: Derived Base=356km (no SS added)
INFO - 2025-12-29 15:59:19 --> Itinerary expansion date 2026-01-06: Derived Base=356km (no SS added)
INFO - 2025-12-29 15:59:19 --> Itinerary expansion date 2026-01-06: Derived Base=356km (no SS added)
INFO - 2025-12-29 15:59:19 --> Itinerary expansion date 2026-01-06: Derived Base=356km (no SS added)
INFO - 2025-12-29 15:59:19 --> Itinerary expansion date 2026-01-06: Derived Base=356km (no SS added)
INFO - 2025-12-29 15:59:19 --> Itinerary expansion date 2026-01-07: Derived Base=200km (no SS added)
INFO - 2025-12-29 15:59:19 --> Itinerary expansion date 2026-01-07: Derived Base=200km (no SS added)
INFO - 2025-12-29 15:59:19 --> Itinerary expansion date 2026-01-07: Derived Base=200km (no SS added)
INFO - 2025-12-29 15:59:19 --> Itinerary expansion date 2026-01-07: Derived Base=200km (no SS added)
INFO - 2025-12-29 15:59:19 --> Itinerary expansion date 2026-01-07: Derived Base=200km (no SS added)
INFO - 2025-12-29 15:59:19 --> Itinerary expansion date 2026-01-08: Derived Base=175km (no SS added)
INFO - 2025-12-29 15:59:19 --> Itinerary expansion date 2026-01-08: Derived Base=175km (no SS added)
INFO - 2025-12-29 15:59:19 --> Itinerary expansion date 2026-01-08: Derived Base=175km (no SS added)
INFO - 2025-12-29 15:59:19 --> Itinerary expansion date 2026-01-08: Derived Base=175km (no SS added)
INFO - 2025-12-29 15:59:19 --> Itinerary expansion date 2026-01-08: Derived Base=175km (no SS added)
DEBUG - 2025-12-29 10:29:21 --> Session: Class initialized using 'CodeIgniter\Session\Handlers\FileHandler' driver.
DEBUG - 2025-12-29 10:29:22 --> Session: Class initialized using 'CodeIgniter\Session\Handlers\FileHandler' driver.
DEBUG - 2025-12-29 10:29:23 --> Session: Class initialized using 'CodeIgniter\Session\Handlers\FileHandler' driver.
INFO - 2025-12-29 10:29:23 --> === MAKE CURRENT MODE ===
INFO - 2025-12-29 10:29:23 --> Tour plan ref ID: 2011
INFO - 2025-12-29 10:29:23 --> Current extension ref ID: 582
INFO - 2025-12-29 10:29:23 --> Getting previous itinerary for specific tour plan: tour_plan_ref_id=2011
INFO - 2025-12-29 10:29:23 --> Source tour_details_id for previous data: 2009
INFO - 2025-12-29 10:29:23 --> Found previous extension_ref_id: 581 for source tour plan
INFO - 2025-12-29 10:29:23 --> Loaded 2 previous itinerary records
INFO - 2025-12-29 10:29:23 --> Loaded 2 records from previous version of specific tour plan
INFO - 2025-12-29 15:59:23 --> SKIPPED defaults for Day 1 (date 2026-01-06) - using pre-loaded data (had_saved: yes, force_fresh: no)
INFO - 2025-12-29 15:59:23 --> SKIPPED defaults for Day 2 (date 2026-01-07) - using pre-loaded data (had_saved: yes, force_fresh: no)
INFO - 2025-12-29 15:59:23 --> Expansion date 2026-01-06: DB Total=176km, Saved SS=90km, Derived Base=86km (display base; JS adds current SS)
INFO - 2025-12-29 15:59:23 --> Expansion date 2026-01-06: DB Total=176km, Saved SS=90km, Derived Base=86km (display base; JS adds current SS)
INFO - 2025-12-29 15:59:23 --> Expansion date 2026-01-06: DB Total=176km, Saved SS=90km, Derived Base=86km (display base; JS adds current SS)
INFO - 2025-12-29 15:59:23 --> Expansion date 2026-01-06: DB Total=176km, Saved SS=90km, Derived Base=86km (display base; JS adds current SS)
INFO - 2025-12-29 15:59:23 --> Expansion date 2026-01-06: DB Total=176km, Saved SS=90km, Derived Base=86km (display base; JS adds current SS)
INFO - 2025-12-29 15:59:23 --> Expansion date 2026-01-07: DB Total=0km, Saved SS=100km, Derived Base=0km (display base; JS adds current SS)
INFO - 2025-12-29 15:59:23 --> Expansion date 2026-01-07: DB Total=0km, Saved SS=100km, Derived Base=0km (display base; JS adds current SS)
INFO - 2025-12-29 15:59:23 --> Expansion date 2026-01-07: DB Total=0km, Saved SS=100km, Derived Base=0km (display base; JS adds current SS)
INFO - 2025-12-29 15:59:23 --> Expansion date 2026-01-07: DB Total=0km, Saved SS=100km, Derived Base=0km (display base; JS adds current SS)
INFO - 2025-12-29 15:59:23 --> Expansion date 2026-01-07: DB Total=0km, Saved SS=100km, Derived Base=0km (display base; JS adds current SS)
INFO - 2025-12-29 15:59:23 --> SKIPPED defaults for Day 1 (date 2026-01-08) - using pre-loaded data (had_saved: yes, force_fresh: no)
INFO - 2025-12-29 15:59:23 --> Expansion date 2026-01-08: DB Total=211km, Saved SS=0km, Derived Base=211km (display base; JS adds current SS)
INFO - 2025-12-29 15:59:23 --> Expansion date 2026-01-08: DB Total=211km, Saved SS=0km, Derived Base=211km (display base; JS adds current SS)
INFO - 2025-12-29 15:59:23 --> Expansion date 2026-01-08: DB Total=211km, Saved SS=0km, Derived Base=211km (display base; JS adds current SS)
INFO - 2025-12-29 15:59:23 --> Expansion date 2026-01-08: DB Total=211km, Saved SS=0km, Derived Base=211km (display base; JS adds current SS)
INFO - 2025-12-29 15:59:23 --> Expansion date 2026-01-08: DB Total=211km, Saved SS=0km, Derived Base=211km (display base; JS adds current SS)
INFO - 2025-12-29 15:59:23 --> Itinerary expansion date 2026-01-06: Derived Base=266km (no SS added)
INFO - 2025-12-29 15:59:23 --> Itinerary expansion date 2026-01-06: Derived Base=266km (no SS added)
INFO - 2025-12-29 15:59:23 --> Itinerary expansion date 2026-01-06: Derived Base=266km (no SS added)
INFO - 2025-12-29 15:59:23 --> Itinerary expansion date 2026-01-06: Derived Base=266km (no SS added)
INFO - 2025-12-29 15:59:23 --> Itinerary expansion date 2026-01-06: Derived Base=266km (no SS added)
INFO - 2025-12-29 15:59:23 --> Itinerary expansion date 2026-01-07: Derived Base=100km (no SS added)
INFO - 2025-12-29 15:59:23 --> Itinerary expansion date 2026-01-07: Derived Base=100km (no SS added)
INFO - 2025-12-29 15:59:23 --> Itinerary expansion date 2026-01-07: Derived Base=100km (no SS added)
INFO - 2025-12-29 15:59:23 --> Itinerary expansion date 2026-01-07: Derived Base=100km (no SS added)
INFO - 2025-12-29 15:59:23 --> Itinerary expansion date 2026-01-07: Derived Base=100km (no SS added)
INFO - 2025-12-29 15:59:23 --> Itinerary expansion date 2026-01-08: Derived Base=175km (no SS added)
INFO - 2025-12-29 15:59:23 --> Itinerary expansion date 2026-01-08: Derived Base=175km (no SS added)
INFO - 2025-12-29 15:59:23 --> Itinerary expansion date 2026-01-08: Derived Base=175km (no SS added)
INFO - 2025-12-29 15:59:23 --> Itinerary expansion date 2026-01-08: Derived Base=175km (no SS added)
INFO - 2025-12-29 15:59:23 --> Itinerary expansion date 2026-01-08: Derived Base=175km (no SS added)
DEBUG - 2025-12-29 10:29:25 --> Session: Class initialized using 'CodeIgniter\Session\Handlers\FileHandler' driver.
DEBUG - 2025-12-29 10:29:25 --> Session: Class initialized using 'CodeIgniter\Session\Handlers\FileHandler' driver.
DEBUG - 2025-12-29 10:29:27 --> Session: Class initialized using 'CodeIgniter\Session\Handlers\FileHandler' driver.
INFO - 2025-12-29 10:29:27 --> SKIPPED defaults for Day 1 (date 2026-01-06) - using pre-loaded data (had_saved: yes, force_fresh: no)
INFO - 2025-12-29 10:29:27 --> SKIPPED defaults for Day 2 (date 2026-01-07) - using pre-loaded data (had_saved: yes, force_fresh: no)
INFO - 2025-12-29 10:29:27 --> Expansion date 2026-01-06: DB Total=176km, Saved SS=90km, Derived Base=86km (display base; JS adds current SS)
INFO - 2025-12-29 10:29:27 --> Expansion date 2026-01-06: DB Total=176km, Saved SS=90km, Derived Base=86km (display base; JS adds current SS)
INFO - 2025-12-29 10:29:27 --> Expansion date 2026-01-06: DB Total=176km, Saved SS=90km, Derived Base=86km (display base; JS adds current SS)
INFO - 2025-12-29 10:29:27 --> Expansion date 2026-01-06: DB Total=176km, Saved SS=90km, Derived Base=86km (display base; JS adds current SS)
INFO - 2025-12-29 10:29:27 --> Expansion date 2026-01-06: DB Total=176km, Saved SS=90km, Derived Base=86km (display base; JS adds current SS)
INFO - 2025-12-29 10:29:27 --> Expansion date 2026-01-07: DB Total=0km, Saved SS=100km, Derived Base=0km (display base; JS adds current SS)
INFO - 2025-12-29 10:29:27 --> Expansion date 2026-01-07: DB Total=0km, Saved SS=100km, Derived Base=0km (display base; JS adds current SS)
INFO - 2025-12-29 10:29:27 --> Expansion date 2026-01-07: DB Total=0km, Saved SS=100km, Derived Base=0km (display base; JS adds current SS)
INFO - 2025-12-29 10:29:27 --> Expansion date 2026-01-07: DB Total=0km, Saved SS=100km, Derived Base=0km (display base; JS adds current SS)
INFO - 2025-12-29 10:29:27 --> Expansion date 2026-01-07: DB Total=0km, Saved SS=100km, Derived Base=0km (display base; JS adds current SS)
INFO - 2025-12-29 10:29:27 --> SKIPPED defaults for Day 1 (date 2026-01-08) - using pre-loaded data (had_saved: yes, force_fresh: no)
INFO - 2025-12-29 10:29:27 --> Expansion date 2026-01-08: DB Total=211km, Saved SS=0km, Derived Base=211km (display base; JS adds current SS)
INFO - 2025-12-29 10:29:27 --> Expansion date 2026-01-08: DB Total=211km, Saved SS=0km, Derived Base=211km (display base; JS adds current SS)
INFO - 2025-12-29 10:29:27 --> Expansion date 2026-01-08: DB Total=211km, Saved SS=0km, Derived Base=211km (display base; JS adds current SS)
INFO - 2025-12-29 10:29:27 --> Expansion date 2026-01-08: DB Total=211km, Saved SS=0km, Derived Base=211km (display base; JS adds current SS)
INFO - 2025-12-29 10:29:27 --> Expansion date 2026-01-08: DB Total=211km, Saved SS=0km, Derived Base=211km (display base; JS adds current SS)
INFO - 2025-12-29 10:29:27 --> Itinerary expansion date 2026-01-06: Derived Base=266km (no SS added)
INFO - 2025-12-29 10:29:27 --> Itinerary expansion date 2026-01-06: Derived Base=266km (no SS added)
INFO - 2025-12-29 10:29:27 --> Itinerary expansion date 2026-01-06: Derived Base=266km (no SS added)
INFO - 2025-12-29 10:29:27 --> Itinerary expansion date 2026-01-06: Derived Base=266km (no SS added)
INFO - 2025-12-29 10:29:27 --> Itinerary expansion date 2026-01-06: Derived Base=266km (no SS added)
INFO - 2025-12-29 10:29:27 --> Itinerary expansion date 2026-01-07: Derived Base=100km (no SS added)
INFO - 2025-12-29 10:29:27 --> Itinerary expansion date 2026-01-07: Derived Base=100km (no SS added)
INFO - 2025-12-29 10:29:27 --> Itinerary expansion date 2026-01-07: Derived Base=100km (no SS added)
INFO - 2025-12-29 10:29:27 --> Itinerary expansion date 2026-01-07: Derived Base=100km (no SS added)
INFO - 2025-12-29 10:29:27 --> Itinerary expansion date 2026-01-07: Derived Base=100km (no SS added)
INFO - 2025-12-29 10:29:27 --> Itinerary expansion date 2026-01-08: Derived Base=175km (no SS added)
INFO - 2025-12-29 10:29:27 --> Itinerary expansion date 2026-01-08: Derived Base=175km (no SS added)
INFO - 2025-12-29 10:29:27 --> Itinerary expansion date 2026-01-08: Derived Base=175km (no SS added)
INFO - 2025-12-29 10:29:27 --> Itinerary expansion date 2026-01-08: Derived Base=175km (no SS added)
INFO - 2025-12-29 10:29:27 --> Itinerary expansion date 2026-01-08: Derived Base=175km (no SS added)
DEBUG - 2025-12-29 10:29:30 --> Session: Class initialized using 'CodeIgniter\Session\Handlers\FileHandler' driver.
DEBUG - 2025-12-29 10:29:31 --> Session: Class initialized using 'CodeIgniter\Session\Handlers\FileHandler' driver.
DEBUG - 2025-12-29 10:29:31 --> Session: Class initialized using 'CodeIgniter\Session\Handlers\FileHandler' driver.
DEBUG - 2025-12-29 10:29:31 --> Session: Class initialized using 'CodeIgniter\Session\Handlers\FileHandler' driver.
DEBUG - 2025-12-29 10:29:32 --> Session: Class initialized using 'CodeIgniter\Session\Handlers\FileHandler' driver.
DEBUG - 2025-12-29 10:29:32 --> Session: Class initialized using 'CodeIgniter\Session\Handlers\FileHandler' driver.
DEBUG - 2025-12-29 10:29:37 --> Session: Class initialized using 'CodeIgniter\Session\Handlers\FileHandler' driver.
DEBUG - 2025-12-29 10:29:38 --> Session: Class initialized using 'CodeIgniter\Session\Handlers\FileHandler' driver.
DEBUG - 2025-12-29 10:29:39 --> Session: Class initialized using 'CodeIgniter\Session\Handlers\FileHandler' driver.
DEBUG - 2025-12-29 10:29:39 --> Session: Class initialized using 'CodeIgniter\Session\Handlers\FileHandler' driver.
DEBUG - 2025-12-29 10:29:41 --> Session: Class initialized using 'CodeIgniter\Session\Handlers\FileHandler' driver.
INFO - 2025-12-29 10:29:41 --> === FRESH ITINERARY MODE ===
INFO - 2025-12-29 10:29:41 --> Loading from last saved extension_ref_id: 583
INFO - 2025-12-29 10:29:41 --> Fresh mode: Loading from extension_ref_id: 583
INFO - 2025-12-29 10:29:41 --> Loaded 4 records from fresh mode
INFO - 2025-12-29 10:29:41 --> Loaded 4 records from last saved itinerary
DEBUG - 2025-12-29 10:29:41 --> Fresh SS match check: Day 1 (date 2026-01-06) | Current: tour_id=2023, location='16', hotel_id=1190 | Prev Day 1: tour_id=2015, location='16', hotel_id=1190, ext_ref=583 | LocationMatch=YES | HotelMatch=YES
INFO - 2025-12-29 10:29:41 --> Fresh: SUCCESSFULLY pre-loaded SS, Special Events & Addons for Day 1 (date 2026-01-06) from extension_ref_id 583 | SS count: 3
INFO - 2025-12-29 10:29:41 --> SKIPPED defaults for Day 1 (date 2026-01-06) - using pre-loaded data (had_saved: yes, force_fresh: yes)
DEBUG - 2025-12-29 10:29:41 --> Fresh SS match check: Day 2 (date 2026-01-07) | Current: tour_id=2023, location='16', hotel_id=1190 | Prev Day 1: tour_id=2015, location='16', hotel_id=1190, ext_ref=583 | LocationMatch=YES | HotelMatch=YES
DEBUG - 2025-12-29 10:29:41 --> Fresh SS match check: Day 2 (date 2026-01-07) | Current: tour_id=2023, location='16', hotel_id=1190 | Prev Day 2: tour_id=2015, location='16', hotel_id=1190, ext_ref=583 | LocationMatch=YES | HotelMatch=YES
INFO - 2025-12-29 10:29:41 --> Fresh: SUCCESSFULLY pre-loaded SS, Special Events & Addons for Day 2 (date 2026-01-07) from extension_ref_id 583 | SS count: 1
INFO - 2025-12-29 10:29:41 --> SKIPPED defaults for Day 2 (date 2026-01-07) - using pre-loaded data (had_saved: yes, force_fresh: yes)
INFO - 2025-12-29 10:29:41 --> Expansion date 2026-01-06: DB Total=176km, Saved SS=270km, Derived Base=0km (display base; JS adds current SS)
INFO - 2025-12-29 10:29:41 --> Expansion date 2026-01-06: DB Total=176km, Saved SS=270km, Derived Base=0km (display base; JS adds current SS)
INFO - 2025-12-29 10:29:41 --> Expansion date 2026-01-06: DB Total=176km, Saved SS=270km, Derived Base=0km (display base; JS adds current SS)
INFO - 2025-12-29 10:29:41 --> Expansion date 2026-01-06: DB Total=176km, Saved SS=270km, Derived Base=0km (display base; JS adds current SS)
INFO - 2025-12-29 10:29:41 --> Expansion date 2026-01-06: DB Total=176km, Saved SS=270km, Derived Base=0km (display base; JS adds current SS)
INFO - 2025-12-29 10:29:41 --> Expansion date 2026-01-07: DB Total=0km, Saved SS=100km, Derived Base=0km (display base; JS adds current SS)
INFO - 2025-12-29 10:29:41 --> Expansion date 2026-01-07: DB Total=0km, Saved SS=100km, Derived Base=0km (display base; JS adds current SS)
INFO - 2025-12-29 10:29:41 --> Expansion date 2026-01-07: DB Total=0km, Saved SS=100km, Derived Base=0km (display base; JS adds current SS)
INFO - 2025-12-29 10:29:41 --> Expansion date 2026-01-07: DB Total=0km, Saved SS=100km, Derived Base=0km (display base; JS adds current SS)
INFO - 2025-12-29 10:29:41 --> Expansion date 2026-01-07: DB Total=0km, Saved SS=100km, Derived Base=0km (display base; JS adds current SS)
DEBUG - 2025-12-29 10:29:41 --> Fresh SS match check: Day 1 (date 2026-01-08) | Current: tour_id=2024, location='9', hotel_id=401 | Prev Day 1: tour_id=2015, location='16', hotel_id=1190, ext_ref=583 | LocationMatch=NO | HotelMatch=NO
DEBUG - 2025-12-29 10:29:41 --> Fresh SS match check: Day 1 (date 2026-01-08) | Current: tour_id=2024, location='9', hotel_id=401 | Prev Day 2: tour_id=2015, location='16', hotel_id=1190, ext_ref=583 | LocationMatch=NO | HotelMatch=NO
DEBUG - 2025-12-29 10:29:41 --> Fresh SS match check: Day 1 (date 2026-01-08) | Current: tour_id=2024, location='9', hotel_id=401 | Prev Day 3: tour_id=2016, location='9', hotel_id=401, ext_ref=583 | LocationMatch=YES | HotelMatch=YES
DEBUG - 2025-12-29 10:29:41 --> Fresh SS match check: Day 1 (date 2026-01-08) | Current: tour_id=2024, location='9', hotel_id=401 | Prev Day 4: tour_id=2016, location='9', hotel_id=0, ext_ref=583 | LocationMatch=YES | HotelMatch=NO
INFO - 2025-12-29 10:29:41 --> Fresh: NO previous match found for Day 1 (date 2026-01-08)
INFO - 2025-12-29 10:29:41 --> SKIPPED defaults for Day 1 (date 2026-01-08) - using pre-loaded data (had_saved: no, force_fresh: yes)
INFO - 2025-12-29 10:29:41 --> Expansion date 2026-01-08: DB Total=211km, Saved SS=0km, Derived Base=211km (display base; JS adds current SS)
INFO - 2025-12-29 10:29:41 --> Expansion date 2026-01-08: DB Total=211km, Saved SS=0km, Derived Base=211km (display base; JS adds current SS)
INFO - 2025-12-29 10:29:41 --> Expansion date 2026-01-08: DB Total=211km, Saved SS=0km, Derived Base=211km (display base; JS adds current SS)
INFO - 2025-12-29 10:29:41 --> Expansion date 2026-01-08: DB Total=211km, Saved SS=0km, Derived Base=211km (display base; JS adds current SS)
INFO - 2025-12-29 10:29:41 --> Expansion date 2026-01-08: DB Total=211km, Saved SS=0km, Derived Base=211km (display base; JS adds current SS)
DEBUG - 2025-12-29 11:13:05 --> Session: Class initialized using 'CodeIgniter\Session\Handlers\FileHandler' driver.
INFO - 2025-12-29 11:13:06 --> Day 1 (date 2026-01-06): No defaults loaded
INFO - 2025-12-29 11:13:06 --> Loaded default SS for Day 2 (date 2026-01-07): 1 items
INFO - 2025-12-29 11:13:06 --> Expansion date 2026-01-06: DB Total=176km, Saved SS=0km, Derived Base=176km (display base; JS adds current SS)
INFO - 2025-12-29 11:13:06 --> Expansion date 2026-01-06: DB Total=176km, Saved SS=0km, Derived Base=176km (display base; JS adds current SS)
INFO - 2025-12-29 11:13:06 --> Expansion date 2026-01-06: DB Total=176km, Saved SS=0km, Derived Base=176km (display base; JS adds current SS)
INFO - 2025-12-29 11:13:06 --> Expansion date 2026-01-06: DB Total=176km, Saved SS=0km, Derived Base=176km (display base; JS adds current SS)
INFO - 2025-12-29 11:13:06 --> Expansion date 2026-01-06: DB Total=176km, Saved SS=0km, Derived Base=176km (display base; JS adds current SS)
INFO - 2025-12-29 11:13:06 --> Expansion date 2026-01-07: DB Total=0km, Saved SS=0km, Derived Base=0km (display base; JS adds current SS)
INFO - 2025-12-29 11:13:06 --> Expansion date 2026-01-07: DB Total=0km, Saved SS=0km, Derived Base=0km (display base; JS adds current SS)
INFO - 2025-12-29 11:13:06 --> Expansion date 2026-01-07: DB Total=0km, Saved SS=0km, Derived Base=0km (display base; JS adds current SS)
INFO - 2025-12-29 11:13:06 --> Expansion date 2026-01-07: DB Total=0km, Saved SS=0km, Derived Base=0km (display base; JS adds current SS)
INFO - 2025-12-29 11:13:06 --> Expansion date 2026-01-07: DB Total=0km, Saved SS=0km, Derived Base=0km (display base; JS adds current SS)
INFO - 2025-12-29 11:13:06 --> Day 1 (date 2026-01-08): No defaults loaded
INFO - 2025-12-29 11:13:06 --> Expansion date 2026-01-08: DB Total=211km, Saved SS=0km, Derived Base=211km (display base; JS adds current SS)
INFO - 2025-12-29 11:13:06 --> Expansion date 2026-01-08: DB Total=211km, Saved SS=0km, Derived Base=211km (display base; JS adds current SS)
INFO - 2025-12-29 11:13:06 --> Expansion date 2026-01-08: DB Total=211km, Saved SS=0km, Derived Base=211km (display base; JS adds current SS)
INFO - 2025-12-29 11:13:06 --> Expansion date 2026-01-08: DB Total=211km, Saved SS=0km, Derived Base=211km (display base; JS adds current SS)
INFO - 2025-12-29 11:13:06 --> Expansion date 2026-01-08: DB Total=211km, Saved SS=0km, Derived Base=211km (display base; JS adds current SS)
DEBUG - 2025-12-29 11:13:08 --> Session: Class initialized using 'CodeIgniter\Session\Handlers\FileHandler' driver.
DEBUG - 2025-12-29 11:13:10 --> Session: Class initialized using 'CodeIgniter\Session\Handlers\FileHandler' driver.
INFO - 2025-12-29 11:13:10 --> Day 1 (date 2026-01-06): No defaults loaded
INFO - 2025-12-29 11:13:10 --> Loaded default SS for Day 2 (date 2026-01-07): 1 items
INFO - 2025-12-29 11:13:10 --> Expansion date 2026-01-06: DB Total=176km, Saved SS=0km, Derived Base=176km (display base; JS adds current SS)
INFO - 2025-12-29 11:13:10 --> Expansion date 2026-01-06: DB Total=176km, Saved SS=0km, Derived Base=176km (display base; JS adds current SS)
INFO - 2025-12-29 11:13:10 --> Expansion date 2026-01-06: DB Total=176km, Saved SS=0km, Derived Base=176km (display base; JS adds current SS)
INFO - 2025-12-29 11:13:10 --> Expansion date 2026-01-06: DB Total=176km, Saved SS=0km, Derived Base=176km (display base; JS adds current SS)
INFO - 2025-12-29 11:13:10 --> Expansion date 2026-01-06: DB Total=176km, Saved SS=0km, Derived Base=176km (display base; JS adds current SS)
INFO - 2025-12-29 11:13:10 --> Expansion date 2026-01-07: DB Total=0km, Saved SS=0km, Derived Base=0km (display base; JS adds current SS)
INFO - 2025-12-29 11:13:10 --> Expansion date 2026-01-07: DB Total=0km, Saved SS=0km, Derived Base=0km (display base; JS adds current SS)
INFO - 2025-12-29 11:13:10 --> Expansion date 2026-01-07: DB Total=0km, Saved SS=0km, Derived Base=0km (display base; JS adds current SS)
INFO - 2025-12-29 11:13:10 --> Expansion date 2026-01-07: DB Total=0km, Saved SS=0km, Derived Base=0km (display base; JS adds current SS)
INFO - 2025-12-29 11:13:10 --> Expansion date 2026-01-07: DB Total=0km, Saved SS=0km, Derived Base=0km (display base; JS adds current SS)
INFO - 2025-12-29 11:13:10 --> Day 1 (date 2026-01-08): No defaults loaded
INFO - 2025-12-29 11:13:10 --> Expansion date 2026-01-08: DB Total=211km, Saved SS=0km, Derived Base=211km (display base; JS adds current SS)
INFO - 2025-12-29 11:13:10 --> Expansion date 2026-01-08: DB Total=211km, Saved SS=0km, Derived Base=211km (display base; JS adds current SS)
INFO - 2025-12-29 11:13:10 --> Expansion date 2026-01-08: DB Total=211km, Saved SS=0km, Derived Base=211km (display base; JS adds current SS)
INFO - 2025-12-29 11:13:10 --> Expansion date 2026-01-08: DB Total=211km, Saved SS=0km, Derived Base=211km (display base; JS adds current SS)
INFO - 2025-12-29 11:13:10 --> Expansion date 2026-01-08: DB Total=211km, Saved SS=0km, Derived Base=211km (display base; JS adds current SS)
DEBUG - 2025-12-29 11:24:10 --> Session: Class initialized using 'CodeIgniter\Session\Handlers\FileHandler' driver.
DEBUG - 2025-12-29 11:24:10 --> Session: Class initialized using 'CodeIgniter\Session\Handlers\FileHandler' driver.
DEBUG - 2025-12-29 11:24:15 --> Session: Class initialized using 'CodeIgniter\Session\Handlers\FileHandler' driver.
DEBUG - 2025-12-29 11:24:15 --> Session: Class initialized using 'CodeIgniter\Session\Handlers\FileHandler' driver.
DEBUG - 2025-12-29 11:24:16 --> Session: Class initialized using 'CodeIgniter\Session\Handlers\FileHandler' driver.
DEBUG - 2025-12-29 11:24:16 --> Session: Class initialized using 'CodeIgniter\Session\Handlers\FileHandler' driver.
DEBUG - 2025-12-29 11:24:17 --> Session: Class initialized using 'CodeIgniter\Session\Handlers\FileHandler' driver.
DEBUG - 2025-12-29 11:24:18 --> Session: Class initialized using 'CodeIgniter\Session\Handlers\FileHandler' driver.
DEBUG - 2025-12-29 11:24:18 --> Session: Class initialized using 'CodeIgniter\Session\Handlers\FileHandler' driver.
DEBUG - 2025-12-29 11:24:18 --> Session: Class initialized using 'CodeIgniter\Session\Handlers\FileHandler' driver.
DEBUG - 2025-12-29 11:24:19 --> Session: Class initialized using 'CodeIgniter\Session\Handlers\FileHandler' driver.
DEBUG - 2025-12-29 11:24:19 --> Session: Class initialized using 'CodeIgniter\Session\Handlers\FileHandler' driver.
DEBUG - 2025-12-29 11:24:30 --> Session: Class initialized using 'CodeIgniter\Session\Handlers\FileHandler' driver.
DEBUG - 2025-12-29 11:24:30 --> Session: Class initialized using 'CodeIgniter\Session\Handlers\FileHandler' driver.
DEBUG - 2025-12-29 11:24:31 --> Session: Class initialized using 'CodeIgniter\Session\Handlers\FileHandler' driver.
DEBUG - 2025-12-29 11:24:31 --> Session: Class initialized using 'CodeIgniter\Session\Handlers\FileHandler' driver.
DEBUG - 2025-12-29 11:24:31 --> Session: Class initialized using 'CodeIgniter\Session\Handlers\FileHandler' driver.
DEBUG - 2025-12-29 11:24:31 --> Session: Class initialized using 'CodeIgniter\Session\Handlers\FileHandler' driver.
DEBUG - 2025-12-29 11:24:31 --> Session: Class initialized using 'CodeIgniter\Session\Handlers\FileHandler' driver.
DEBUG - 2025-12-29 11:24:31 --> Session: Class initialized using 'CodeIgniter\Session\Handlers\FileHandler' driver.
DEBUG - 2025-12-29 11:24:31 --> Session: Class initialized using 'CodeIgniter\Session\Handlers\FileHandler' driver.
DEBUG - 2025-12-29 11:24:31 --> Session: Class initialized using 'CodeIgniter\Session\Handlers\FileHandler' driver.
DEBUG - 2025-12-29 11:24:31 --> Session: Class initialized using 'CodeIgniter\Session\Handlers\FileHandler' driver.
DEBUG - 2025-12-29 11:24:31 --> Session: Class initialized using 'CodeIgniter\Session\Handlers\FileHandler' driver.
DEBUG - 2025-12-29 11:24:31 --> Session: Class initialized using 'CodeIgniter\Session\Handlers\FileHandler' driver.
DEBUG - 2025-12-29 11:24:31 --> Session: Class initialized using 'CodeIgniter\Session\Handlers\FileHandler' driver.
DEBUG - 2025-12-29 11:24:31 --> Session: Class initialized using 'CodeIgniter\Session\Handlers\FileHandler' driver.
DEBUG - 2025-12-29 11:24:33 --> Session: Class initialized using 'CodeIgniter\Session\Handlers\FileHandler' driver.
DEBUG - 2025-12-29 11:24:33 --> Session: Class initialized using 'CodeIgniter\Session\Handlers\FileHandler' driver.
DEBUG - 2025-12-29 11:24:33 --> Session: Class initialized using 'CodeIgniter\Session\Handlers\FileHandler' driver.
DEBUG - 2025-12-29 11:24:33 --> Session: Class initialized using 'CodeIgniter\Session\Handlers\FileHandler' driver.
DEBUG - 2025-12-29 11:24:34 --> Session: Class initialized using 'CodeIgniter\Session\Handlers\FileHandler' driver.
DEBUG - 2025-12-29 11:24:34 --> Session: Class initialized using 'CodeIgniter\Session\Handlers\FileHandler' driver.
DEBUG - 2025-12-29 11:24:39 --> Session: Class initialized using 'CodeIgniter\Session\Handlers\FileHandler' driver.
DEBUG - 2025-12-29 11:24:40 --> Session: Class initialized using 'CodeIgniter\Session\Handlers\FileHandler' driver.
DEBUG - 2025-12-29 11:24:40 --> Session: Class initialized using 'CodeIgniter\Session\Handlers\FileHandler' driver.
DEBUG - 2025-12-29 11:24:41 --> Session: Class initialized using 'CodeIgniter\Session\Handlers\FileHandler' driver.
INFO - 2025-12-29 11:24:42 --> Day 1 (date 2026-01-06): No defaults loaded
INFO - 2025-12-29 11:24:42 --> Loaded default SS for Day 2 (date 2026-01-07): 1 items
INFO - 2025-12-29 11:24:42 --> Hardcoded Leisure SS auto-selected for Day 3 (date 2026-01-08, location 16)
INFO - 2025-12-29 11:24:42 --> Expansion date 2026-01-06: DB Total=176km, Saved SS=0km, Derived Base=176km (display base; JS adds current SS)
INFO - 2025-12-29 11:24:42 --> Expansion date 2026-01-06: DB Total=176km, Saved SS=0km, Derived Base=176km (display base; JS adds current SS)
INFO - 2025-12-29 11:24:42 --> Expansion date 2026-01-06: DB Total=176km, Saved SS=0km, Derived Base=176km (display base; JS adds current SS)
INFO - 2025-12-29 11:24:42 --> Expansion date 2026-01-06: DB Total=176km, Saved SS=0km, Derived Base=176km (display base; JS adds current SS)
INFO - 2025-12-29 11:24:42 --> Expansion date 2026-01-06: DB Total=176km, Saved SS=0km, Derived Base=176km (display base; JS adds current SS)
INFO - 2025-12-29 11:24:42 --> Expansion date 2026-01-07: DB Total=0km, Saved SS=0km, Derived Base=0km (display base; JS adds current SS)
INFO - 2025-12-29 11:24:42 --> Expansion date 2026-01-07: DB Total=0km, Saved SS=0km, Derived Base=0km (display base; JS adds current SS)
INFO - 2025-12-29 11:24:42 --> Expansion date 2026-01-07: DB Total=0km, Saved SS=0km, Derived Base=0km (display base; JS adds current SS)
INFO - 2025-12-29 11:24:42 --> Expansion date 2026-01-07: DB Total=0km, Saved SS=0km, Derived Base=0km (display base; JS adds current SS)
INFO - 2025-12-29 11:24:42 --> Expansion date 2026-01-07: DB Total=0km, Saved SS=0km, Derived Base=0km (display base; JS adds current SS)
INFO - 2025-12-29 11:24:42 --> Expansion date 2026-01-08: DB Total=176km, Saved SS=0km, Derived Base=176km (display base; JS adds current SS)
INFO - 2025-12-29 11:24:42 --> Expansion date 2026-01-08: DB Total=176km, Saved SS=0km, Derived Base=176km (display base; JS adds current SS)
INFO - 2025-12-29 11:24:42 --> Expansion date 2026-01-08: DB Total=176km, Saved SS=0km, Derived Base=176km (display base; JS adds current SS)
INFO - 2025-12-29 11:24:42 --> Expansion date 2026-01-08: DB Total=176km, Saved SS=0km, Derived Base=176km (display base; JS adds current SS)
INFO - 2025-12-29 11:24:42 --> Expansion date 2026-01-08: DB Total=176km, Saved SS=0km, Derived Base=176km (display base; JS adds current SS)
DEBUG - 2025-12-29 12:04:45 --> Session: Class initialized using 'CodeIgniter\Session\Handlers\FileHandler' driver.
DEBUG - 2025-12-29 12:04:45 --> Session: Class initialized using 'CodeIgniter\Session\Handlers\FileHandler' driver.
DEBUG - 2025-12-29 12:04:50 --> Session: Class initialized using 'CodeIgniter\Session\Handlers\FileHandler' driver.
DEBUG - 2025-12-29 12:04:51 --> Session: Class initialized using 'CodeIgniter\Session\Handlers\FileHandler' driver.
DEBUG - 2025-12-29 12:04:51 --> Session: Class initialized using 'CodeIgniter\Session\Handlers\FileHandler' driver.
DEBUG - 2025-12-29 12:04:51 --> Session: Class initialized using 'CodeIgniter\Session\Handlers\FileHandler' driver.
DEBUG - 2025-12-29 12:04:52 --> Session: Class initialized using 'CodeIgniter\Session\Handlers\FileHandler' driver.
DEBUG - 2025-12-29 12:04:53 --> Session: Class initialized using 'CodeIgniter\Session\Handlers\FileHandler' driver.
DEBUG - 2025-12-29 12:04:53 --> Session: Class initialized using 'CodeIgniter\Session\Handlers\FileHandler' driver.
DEBUG - 2025-12-29 12:04:54 --> Session: Class initialized using 'CodeIgniter\Session\Handlers\FileHandler' driver.
DEBUG - 2025-12-29 12:04:54 --> Session: Class initialized using 'CodeIgniter\Session\Handlers\FileHandler' driver.
DEBUG - 2025-12-29 12:05:00 --> Session: Class initialized using 'CodeIgniter\Session\Handlers\FileHandler' driver.
DEBUG - 2025-12-29 12:05:00 --> Session: Class initialized using 'CodeIgniter\Session\Handlers\FileHandler' driver.
DEBUG - 2025-12-29 12:05:02 --> Session: Class initialized using 'CodeIgniter\Session\Handlers\FileHandler' driver.
DEBUG - 2025-12-29 12:05:02 --> Session: Class initialized using 'CodeIgniter\Session\Handlers\FileHandler' driver.
DEBUG - 2025-12-29 12:05:02 --> Session: Class initialized using 'CodeIgniter\Session\Handlers\FileHandler' driver.
DEBUG - 2025-12-29 12:05:03 --> Session: Class initialized using 'CodeIgniter\Session\Handlers\FileHandler' driver.
DEBUG - 2025-12-29 12:05:05 --> Session: Class initialized using 'CodeIgniter\Session\Handlers\FileHandler' driver.
DEBUG - 2025-12-29 12:05:07 --> Session: Class initialized using 'CodeIgniter\Session\Handlers\FileHandler' driver.
DEBUG - 2025-12-29 12:05:07 --> Session: Class initialized using 'CodeIgniter\Session\Handlers\FileHandler' driver.
DEBUG - 2025-12-29 12:05:07 --> Session: Class initialized using 'CodeIgniter\Session\Handlers\FileHandler' driver.
DEBUG - 2025-12-29 12:05:12 --> Session: Class initialized using 'CodeIgniter\Session\Handlers\FileHandler' driver.
DEBUG - 2025-12-29 12:05:14 --> Session: Class initialized using 'CodeIgniter\Session\Handlers\FileHandler' driver.
DEBUG - 2025-12-29 12:05:14 --> Session: Class initialized using 'CodeIgniter\Session\Handlers\FileHandler' driver.
DEBUG - 2025-12-29 12:05:15 --> Session: Class initialized using 'CodeIgniter\Session\Handlers\FileHandler' driver.
INFO - 2025-12-29 12:05:15 --> Day 1 (date 2026-01-06): No defaults loaded
INFO - 2025-12-29 12:05:15 --> Loaded default SS for Day 2 (date 2026-01-07): 1 items
INFO - 2025-12-29 12:05:15 --> Hardcoded Leisure SS auto-selected for Day 3 (date 2026-01-08, location 16)
INFO - 2025-12-29 12:05:15 --> Expansion date 2026-01-06: DB Total=176km, Saved SS=0km, Derived Base=176km (display base; JS adds current SS)
INFO - 2025-12-29 12:05:15 --> Expansion date 2026-01-06: DB Total=176km, Saved SS=0km, Derived Base=176km (display base; JS adds current SS)
INFO - 2025-12-29 12:05:15 --> Expansion date 2026-01-06: DB Total=176km, Saved SS=0km, Derived Base=176km (display base; JS adds current SS)
INFO - 2025-12-29 12:05:15 --> Expansion date 2026-01-06: DB Total=176km, Saved SS=0km, Derived Base=176km (display base; JS adds current SS)
INFO - 2025-12-29 12:05:15 --> Expansion date 2026-01-06: DB Total=176km, Saved SS=0km, Derived Base=176km (display base; JS adds current SS)
INFO - 2025-12-29 12:05:15 --> Expansion date 2026-01-07: DB Total=0km, Saved SS=0km, Derived Base=0km (display base; JS adds current SS)
INFO - 2025-12-29 12:05:15 --> Expansion date 2026-01-07: DB Total=0km, Saved SS=0km, Derived Base=0km (display base; JS adds current SS)
INFO - 2025-12-29 12:05:15 --> Expansion date 2026-01-07: DB Total=0km, Saved SS=0km, Derived Base=0km (display base; JS adds current SS)
INFO - 2025-12-29 12:05:15 --> Expansion date 2026-01-07: DB Total=0km, Saved SS=0km, Derived Base=0km (display base; JS adds current SS)
INFO - 2025-12-29 12:05:15 --> Expansion date 2026-01-07: DB Total=0km, Saved SS=0km, Derived Base=0km (display base; JS adds current SS)
INFO - 2025-12-29 12:05:15 --> Expansion date 2026-01-08: DB Total=176km, Saved SS=0km, Derived Base=176km (display base; JS adds current SS)
INFO - 2025-12-29 12:05:15 --> Expansion date 2026-01-08: DB Total=176km, Saved SS=0km, Derived Base=176km (display base; JS adds current SS)
INFO - 2025-12-29 12:05:15 --> Expansion date 2026-01-08: DB Total=176km, Saved SS=0km, Derived Base=176km (display base; JS adds current SS)
INFO - 2025-12-29 12:05:15 --> Expansion date 2026-01-08: DB Total=176km, Saved SS=0km, Derived Base=176km (display base; JS adds current SS)
INFO - 2025-12-29 12:05:15 --> Expansion date 2026-01-08: DB Total=176km, Saved SS=0km, Derived Base=176km (display base; JS adds current SS)
DEBUG - 2025-12-29 12:05:27 --> Session: Class initialized using 'CodeIgniter\Session\Handlers\FileHandler' driver.
DEBUG - 2025-12-29 12:05:42 --> Session: Class initialized using 'CodeIgniter\Session\Handlers\FileHandler' driver.
DEBUG - 2025-12-29 12:05:43 --> Session: Class initialized using 'CodeIgniter\Session\Handlers\FileHandler' driver.
INFO - 2025-12-29 12:05:43 --> Expansion date 2026-01-06: DB Total=176km, Saved SS=270km, Derived Base=0km (display base; JS adds current SS)
INFO - 2025-12-29 12:05:43 --> Expansion date 2026-01-06: DB Total=176km, Saved SS=270km, Derived Base=0km (display base; JS adds current SS)
INFO - 2025-12-29 12:05:43 --> Expansion date 2026-01-06: DB Total=176km, Saved SS=270km, Derived Base=0km (display base; JS adds current SS)
INFO - 2025-12-29 12:05:43 --> Expansion date 2026-01-06: DB Total=176km, Saved SS=270km, Derived Base=0km (display base; JS adds current SS)
INFO - 2025-12-29 12:05:43 --> Expansion date 2026-01-06: DB Total=176km, Saved SS=270km, Derived Base=0km (display base; JS adds current SS)
INFO - 2025-12-29 12:05:43 --> Expansion date 2026-01-07: DB Total=0km, Saved SS=90km, Derived Base=0km (display base; JS adds current SS)
INFO - 2025-12-29 12:05:43 --> Expansion date 2026-01-07: DB Total=0km, Saved SS=90km, Derived Base=0km (display base; JS adds current SS)
INFO - 2025-12-29 12:05:43 --> Expansion date 2026-01-07: DB Total=0km, Saved SS=90km, Derived Base=0km (display base; JS adds current SS)
INFO - 2025-12-29 12:05:43 --> Expansion date 2026-01-07: DB Total=0km, Saved SS=90km, Derived Base=0km (display base; JS adds current SS)
INFO - 2025-12-29 12:05:43 --> Expansion date 2026-01-07: DB Total=0km, Saved SS=90km, Derived Base=0km (display base; JS adds current SS)
INFO - 2025-12-29 12:05:43 --> Expansion date 2026-01-08: DB Total=176km, Saved SS=0km, Derived Base=176km (display base; JS adds current SS)
INFO - 2025-12-29 12:05:43 --> Expansion date 2026-01-08: DB Total=176km, Saved SS=0km, Derived Base=176km (display base; JS adds current SS)
INFO - 2025-12-29 12:05:43 --> Expansion date 2026-01-08: DB Total=176km, Saved SS=0km, Derived Base=176km (display base; JS adds current SS)
INFO - 2025-12-29 12:05:43 --> Expansion date 2026-01-08: DB Total=176km, Saved SS=0km, Derived Base=176km (display base; JS adds current SS)
INFO - 2025-12-29 12:05:43 --> Expansion date 2026-01-08: DB Total=176km, Saved SS=0km, Derived Base=176km (display base; JS adds current SS)
INFO - 2025-12-29 12:05:43 --> Itinerary expansion date 2026-01-06: Derived Base=176km (no SS added)
INFO - 2025-12-29 12:05:43 --> Itinerary expansion date 2026-01-06: Derived Base=176km (no SS added)
INFO - 2025-12-29 12:05:43 --> Itinerary expansion date 2026-01-06: Derived Base=176km (no SS added)
INFO - 2025-12-29 12:05:43 --> Itinerary expansion date 2026-01-06: Derived Base=176km (no SS added)
INFO - 2025-12-29 12:05:43 --> Itinerary expansion date 2026-01-06: Derived Base=176km (no SS added)
INFO - 2025-12-29 12:05:43 --> Itinerary expansion date 2026-01-07: Derived Base=0km (no SS added)
INFO - 2025-12-29 12:05:43 --> Itinerary expansion date 2026-01-07: Derived Base=0km (no SS added)
INFO - 2025-12-29 12:05:43 --> Itinerary expansion date 2026-01-07: Derived Base=0km (no SS added)
INFO - 2025-12-29 12:05:43 --> Itinerary expansion date 2026-01-07: Derived Base=0km (no SS added)
INFO - 2025-12-29 12:05:43 --> Itinerary expansion date 2026-01-07: Derived Base=0km (no SS added)
INFO - 2025-12-29 12:05:43 --> Itinerary expansion date 2026-01-08: Derived Base=0km (no SS added)
INFO - 2025-12-29 12:05:43 --> Itinerary expansion date 2026-01-08: Derived Base=0km (no SS added)
INFO - 2025-12-29 12:05:43 --> Itinerary expansion date 2026-01-08: Derived Base=0km (no SS added)
INFO - 2025-12-29 12:05:43 --> Itinerary expansion date 2026-01-08: Derived Base=0km (no SS added)
INFO - 2025-12-29 12:05:43 --> Itinerary expansion date 2026-01-08: Derived Base=0km (no SS added)
DEBUG - 2025-12-29 12:05:49 --> Session: Class initialized using 'CodeIgniter\Session\Handlers\FileHandler' driver.
DEBUG - 2025-12-29 12:05:49 --> Session: Class initialized using 'CodeIgniter\Session\Handlers\FileHandler' driver.
DEBUG - 2025-12-29 12:05:49 --> Session: Class initialized using 'CodeIgniter\Session\Handlers\FileHandler' driver.
DEBUG - 2025-12-29 12:05:52 --> Session: Class initialized using 'CodeIgniter\Session\Handlers\FileHandler' driver.
DEBUG - 2025-12-29 12:05:52 --> Session: Class initialized using 'CodeIgniter\Session\Handlers\FileHandler' driver.
DEBUG - 2025-12-29 12:05:54 --> Session: Class initialized using 'CodeIgniter\Session\Handlers\FileHandler' driver.
INFO - 2025-12-29 12:05:54 --> Expansion date 2026-01-06: DB Total=176km, Saved SS=270km, Derived Base=0km (display base; JS adds current SS)
INFO - 2025-12-29 12:05:54 --> Expansion date 2026-01-06: DB Total=176km, Saved SS=270km, Derived Base=0km (display base; JS adds current SS)
INFO - 2025-12-29 12:05:54 --> Expansion date 2026-01-06: DB Total=176km, Saved SS=270km, Derived Base=0km (display base; JS adds current SS)
INFO - 2025-12-29 12:05:54 --> Expansion date 2026-01-06: DB Total=176km, Saved SS=270km, Derived Base=0km (display base; JS adds current SS)
INFO - 2025-12-29 12:05:54 --> Expansion date 2026-01-06: DB Total=176km, Saved SS=270km, Derived Base=0km (display base; JS adds current SS)
INFO - 2025-12-29 12:05:54 --> Expansion date 2026-01-07: DB Total=0km, Saved SS=90km, Derived Base=0km (display base; JS adds current SS)
INFO - 2025-12-29 12:05:54 --> Expansion date 2026-01-07: DB Total=0km, Saved SS=90km, Derived Base=0km (display base; JS adds current SS)
INFO - 2025-12-29 12:05:54 --> Expansion date 2026-01-07: DB Total=0km, Saved SS=90km, Derived Base=0km (display base; JS adds current SS)
INFO - 2025-12-29 12:05:54 --> Expansion date 2026-01-07: DB Total=0km, Saved SS=90km, Derived Base=0km (display base; JS adds current SS)
INFO - 2025-12-29 12:05:54 --> Expansion date 2026-01-07: DB Total=0km, Saved SS=90km, Derived Base=0km (display base; JS adds current SS)
INFO - 2025-12-29 12:05:54 --> Expansion date 2026-01-08: DB Total=176km, Saved SS=0km, Derived Base=176km (display base; JS adds current SS)
INFO - 2025-12-29 12:05:54 --> Expansion date 2026-01-08: DB Total=176km, Saved SS=0km, Derived Base=176km (display base; JS adds current SS)
INFO - 2025-12-29 12:05:54 --> Expansion date 2026-01-08: DB Total=176km, Saved SS=0km, Derived Base=176km (display base; JS adds current SS)
INFO - 2025-12-29 12:05:54 --> Expansion date 2026-01-08: DB Total=176km, Saved SS=0km, Derived Base=176km (display base; JS adds current SS)
INFO - 2025-12-29 12:05:54 --> Expansion date 2026-01-08: DB Total=176km, Saved SS=0km, Derived Base=176km (display base; JS adds current SS)
INFO - 2025-12-29 12:05:54 --> Itinerary expansion date 2026-01-06: Derived Base=176km (no SS added)
INFO - 2025-12-29 12:05:54 --> Itinerary expansion date 2026-01-06: Derived Base=176km (no SS added)
INFO - 2025-12-29 12:05:54 --> Itinerary expansion date 2026-01-06: Derived Base=176km (no SS added)
INFO - 2025-12-29 12:05:54 --> Itinerary expansion date 2026-01-06: Derived Base=176km (no SS added)
INFO - 2025-12-29 12:05:54 --> Itinerary expansion date 2026-01-06: Derived Base=176km (no SS added)
INFO - 2025-12-29 12:05:54 --> Itinerary expansion date 2026-01-07: Derived Base=0km (no SS added)
INFO - 2025-12-29 12:05:54 --> Itinerary expansion date 2026-01-07: Derived Base=0km (no SS added)
INFO - 2025-12-29 12:05:54 --> Itinerary expansion date 2026-01-07: Derived Base=0km (no SS added)
INFO - 2025-12-29 12:05:54 --> Itinerary expansion date 2026-01-07: Derived Base=0km (no SS added)
INFO - 2025-12-29 12:05:54 --> Itinerary expansion date 2026-01-07: Derived Base=0km (no SS added)
INFO - 2025-12-29 12:05:54 --> Itinerary expansion date 2026-01-08: Derived Base=0km (no SS added)
INFO - 2025-12-29 12:05:54 --> Itinerary expansion date 2026-01-08: Derived Base=0km (no SS added)
INFO - 2025-12-29 12:05:54 --> Itinerary expansion date 2026-01-08: Derived Base=0km (no SS added)
INFO - 2025-12-29 12:05:54 --> Itinerary expansion date 2026-01-08: Derived Base=0km (no SS added)
INFO - 2025-12-29 12:05:54 --> Itinerary expansion date 2026-01-08: Derived Base=0km (no SS added)
DEBUG - 2025-12-29 12:06:15 --> Session: Class initialized using 'CodeIgniter\Session\Handlers\FileHandler' driver.
INFO - 2025-12-29 12:06:15 --> Expansion date 2026-01-06: DB Total=176km, Saved SS=270km, Derived Base=0km (display base; JS adds current SS)
INFO - 2025-12-29 12:06:15 --> Expansion date 2026-01-06: DB Total=176km, Saved SS=270km, Derived Base=0km (display base; JS adds current SS)
INFO - 2025-12-29 12:06:15 --> Expansion date 2026-01-06: DB Total=176km, Saved SS=270km, Derived Base=0km (display base; JS adds current SS)
INFO - 2025-12-29 12:06:15 --> Expansion date 2026-01-06: DB Total=176km, Saved SS=270km, Derived Base=0km (display base; JS adds current SS)
INFO - 2025-12-29 12:06:15 --> Expansion date 2026-01-06: DB Total=176km, Saved SS=270km, Derived Base=0km (display base; JS adds current SS)
INFO - 2025-12-29 12:06:15 --> Expansion date 2026-01-07: DB Total=0km, Saved SS=90km, Derived Base=0km (display base; JS adds current SS)
INFO - 2025-12-29 12:06:15 --> Expansion date 2026-01-07: DB Total=0km, Saved SS=90km, Derived Base=0km (display base; JS adds current SS)
INFO - 2025-12-29 12:06:15 --> Expansion date 2026-01-07: DB Total=0km, Saved SS=90km, Derived Base=0km (display base; JS adds current SS)
INFO - 2025-12-29 12:06:15 --> Expansion date 2026-01-07: DB Total=0km, Saved SS=90km, Derived Base=0km (display base; JS adds current SS)
INFO - 2025-12-29 12:06:15 --> Expansion date 2026-01-07: DB Total=0km, Saved SS=90km, Derived Base=0km (display base; JS adds current SS)
INFO - 2025-12-29 12:06:15 --> Expansion date 2026-01-08: DB Total=176km, Saved SS=0km, Derived Base=176km (display base; JS adds current SS)
INFO - 2025-12-29 12:06:15 --> Expansion date 2026-01-08: DB Total=176km, Saved SS=0km, Derived Base=176km (display base; JS adds current SS)
INFO - 2025-12-29 12:06:15 --> Expansion date 2026-01-08: DB Total=176km, Saved SS=0km, Derived Base=176km (display base; JS adds current SS)
INFO - 2025-12-29 12:06:15 --> Expansion date 2026-01-08: DB Total=176km, Saved SS=0km, Derived Base=176km (display base; JS adds current SS)
INFO - 2025-12-29 12:06:15 --> Expansion date 2026-01-08: DB Total=176km, Saved SS=0km, Derived Base=176km (display base; JS adds current SS)
INFO - 2025-12-29 12:06:15 --> Itinerary expansion date 2026-01-06: Derived Base=176km (no SS added)
INFO - 2025-12-29 12:06:15 --> Itinerary expansion date 2026-01-06: Derived Base=176km (no SS added)
INFO - 2025-12-29 12:06:15 --> Itinerary expansion date 2026-01-06: Derived Base=176km (no SS added)
INFO - 2025-12-29 12:06:15 --> Itinerary expansion date 2026-01-06: Derived Base=176km (no SS added)
INFO - 2025-12-29 12:06:15 --> Itinerary expansion date 2026-01-06: Derived Base=176km (no SS added)
INFO - 2025-12-29 12:06:15 --> Itinerary expansion date 2026-01-07: Derived Base=0km (no SS added)
INFO - 2025-12-29 12:06:15 --> Itinerary expansion date 2026-01-07: Derived Base=0km (no SS added)
INFO - 2025-12-29 12:06:15 --> Itinerary expansion date 2026-01-07: Derived Base=0km (no SS added)
INFO - 2025-12-29 12:06:15 --> Itinerary expansion date 2026-01-07: Derived Base=0km (no SS added)
INFO - 2025-12-29 12:06:15 --> Itinerary expansion date 2026-01-07: Derived Base=0km (no SS added)
INFO - 2025-12-29 12:06:15 --> Itinerary expansion date 2026-01-08: Derived Base=0km (no SS added)
INFO - 2025-12-29 12:06:15 --> Itinerary expansion date 2026-01-08: Derived Base=0km (no SS added)
INFO - 2025-12-29 12:06:15 --> Itinerary expansion date 2026-01-08: Derived Base=0km (no SS added)
INFO - 2025-12-29 12:06:15 --> Itinerary expansion date 2026-01-08: Derived Base=0km (no SS added)
INFO - 2025-12-29 12:06:15 --> Itinerary expansion date 2026-01-08: Derived Base=0km (no SS added)
DEBUG - 2025-12-29 12:06:27 --> Session: Class initialized using 'CodeIgniter\Session\Handlers\FileHandler' driver.
DEBUG - 2025-12-29 12:06:27 --> Session: Class initialized using 'CodeIgniter\Session\Handlers\FileHandler' driver.
DEBUG - 2025-12-29 12:06:29 --> Session: Class initialized using 'CodeIgniter\Session\Handlers\FileHandler' driver.
DEBUG - 2025-12-29 12:06:31 --> Session: Class initialized using 'CodeIgniter\Session\Handlers\FileHandler' driver.
DEBUG - 2025-12-29 12:06:31 --> Session: Class initialized using 'CodeIgniter\Session\Handlers\FileHandler' driver.
DEBUG - 2025-12-29 12:06:31 --> Session: Class initialized using 'CodeIgniter\Session\Handlers\FileHandler' driver.
DEBUG - 2025-12-29 12:06:35 --> Session: Class initialized using 'CodeIgniter\Session\Handlers\FileHandler' driver.
DEBUG - 2025-12-29 12:06:38 --> Session: Class initialized using 'CodeIgniter\Session\Handlers\FileHandler' driver.
DEBUG - 2025-12-29 12:06:38 --> Session: Class initialized using 'CodeIgniter\Session\Handlers\FileHandler' driver.
DEBUG - 2025-12-29 12:06:39 --> Session: Class initialized using 'CodeIgniter\Session\Handlers\FileHandler' driver.
INFO - 2025-12-29 12:06:39 --> Day 1 (date 2026-01-06): No defaults loaded
INFO - 2025-12-29 12:06:39 --> Loaded default SS for Day 2 (date 2026-01-07): 1 items
INFO - 2025-12-29 12:06:39 --> Hardcoded Leisure SS auto-selected for Day 3 (date 2026-01-08, location 16)
INFO - 2025-12-29 12:06:39 --> Expansion date 2026-01-06: DB Total=176km, Saved SS=0km, Derived Base=176km (display base; JS adds current SS)
INFO - 2025-12-29 12:06:39 --> Expansion date 2026-01-06: DB Total=176km, Saved SS=0km, Derived Base=176km (display base; JS adds current SS)
INFO - 2025-12-29 12:06:39 --> Expansion date 2026-01-06: DB Total=176km, Saved SS=0km, Derived Base=176km (display base; JS adds current SS)
INFO - 2025-12-29 12:06:39 --> Expansion date 2026-01-06: DB Total=176km, Saved SS=0km, Derived Base=176km (display base; JS adds current SS)
INFO - 2025-12-29 12:06:39 --> Expansion date 2026-01-06: DB Total=176km, Saved SS=0km, Derived Base=176km (display base; JS adds current SS)
INFO - 2025-12-29 12:06:39 --> Expansion date 2026-01-07: DB Total=0km, Saved SS=0km, Derived Base=0km (display base; JS adds current SS)
INFO - 2025-12-29 12:06:39 --> Expansion date 2026-01-07: DB Total=0km, Saved SS=0km, Derived Base=0km (display base; JS adds current SS)
INFO - 2025-12-29 12:06:39 --> Expansion date 2026-01-07: DB Total=0km, Saved SS=0km, Derived Base=0km (display base; JS adds current SS)
INFO - 2025-12-29 12:06:39 --> Expansion date 2026-01-07: DB Total=0km, Saved SS=0km, Derived Base=0km (display base; JS adds current SS)
INFO - 2025-12-29 12:06:39 --> Expansion date 2026-01-07: DB Total=0km, Saved SS=0km, Derived Base=0km (display base; JS adds current SS)
INFO - 2025-12-29 12:06:39 --> Expansion date 2026-01-08: DB Total=176km, Saved SS=0km, Derived Base=176km (display base; JS adds current SS)
INFO - 2025-12-29 12:06:39 --> Expansion date 2026-01-08: DB Total=176km, Saved SS=0km, Derived Base=176km (display base; JS adds current SS)
INFO - 2025-12-29 12:06:39 --> Expansion date 2026-01-08: DB Total=176km, Saved SS=0km, Derived Base=176km (display base; JS adds current SS)
INFO - 2025-12-29 12:06:39 --> Expansion date 2026-01-08: DB Total=176km, Saved SS=0km, Derived Base=176km (display base; JS adds current SS)
INFO - 2025-12-29 12:06:39 --> Expansion date 2026-01-08: DB Total=176km, Saved SS=0km, Derived Base=176km (display base; JS adds current SS)
DEBUG - 2025-12-29 12:12:35 --> Session: Class initialized using 'CodeIgniter\Session\Handlers\FileHandler' driver.
INFO - 2025-12-29 12:12:35 --> Loading previous itinerary data from previous_active_tour_id: 2026
INFO - 2025-12-29 12:12:35 --> Loading itinerary for tour_details_id: 2026, extension_ref_id: 584
INFO - 2025-12-29 12:12:35 --> Found 4 itinerary records
INFO - 2025-12-29 12:12:35 --> Found matching date 2026-01-06 in previous tour plan
INFO - 2025-12-29 12:12:35 --> Loaded from previous tour: 3 sightseeing, 0 special events, 1 hotel facilities
INFO - 2025-12-29 12:12:35 --> Loading previous itinerary data from previous_active_tour_id: 2026
INFO - 2025-12-29 12:12:35 --> Loading itinerary for tour_details_id: 2026, extension_ref_id: 584
INFO - 2025-12-29 12:12:35 --> Found 4 itinerary records
INFO - 2025-12-29 12:12:35 --> Found matching date 2026-01-07 in previous tour plan
INFO - 2025-12-29 12:12:35 --> Loaded from previous tour: 1 sightseeing, 0 special events, 1 hotel facilities
INFO - 2025-12-29 12:12:35 --> Loading previous itinerary data from previous_active_tour_id: 2026
INFO - 2025-12-29 12:12:35 --> Loading itinerary for tour_details_id: 2026, extension_ref_id: 584
INFO - 2025-12-29 12:12:35 --> Found 4 itinerary records
INFO - 2025-12-29 12:12:35 --> Found matching date 2026-01-08 in previous tour plan
INFO - 2025-12-29 12:12:35 --> Loaded from previous tour: 1 sightseeing, 0 special events, 1 hotel facilities
INFO - 2025-12-29 12:12:35 --> Expansion date 2026-01-06: DB Total=176km, Saved SS=270km, Derived Base=0km (display base; JS adds current SS)
INFO - 2025-12-29 12:12:35 --> Expansion date 2026-01-06: DB Total=176km, Saved SS=270km, Derived Base=0km (display base; JS adds current SS)
INFO - 2025-12-29 12:12:35 --> Expansion date 2026-01-06: DB Total=176km, Saved SS=270km, Derived Base=0km (display base; JS adds current SS)
INFO - 2025-12-29 12:12:35 --> Expansion date 2026-01-06: DB Total=176km, Saved SS=270km, Derived Base=0km (display base; JS adds current SS)
INFO - 2025-12-29 12:12:35 --> Expansion date 2026-01-06: DB Total=176km, Saved SS=270km, Derived Base=0km (display base; JS adds current SS)
INFO - 2025-12-29 12:12:35 --> Expansion date 2026-01-07: DB Total=0km, Saved SS=90km, Derived Base=0km (display base; JS adds current SS)
INFO - 2025-12-29 12:12:35 --> Expansion date 2026-01-07: DB Total=0km, Saved SS=90km, Derived Base=0km (display base; JS adds current SS)
INFO - 2025-12-29 12:12:35 --> Expansion date 2026-01-07: DB Total=0km, Saved SS=90km, Derived Base=0km (display base; JS adds current SS)
INFO - 2025-12-29 12:12:35 --> Expansion date 2026-01-07: DB Total=0km, Saved SS=90km, Derived Base=0km (display base; JS adds current SS)
INFO - 2025-12-29 12:12:35 --> Expansion date 2026-01-07: DB Total=0km, Saved SS=90km, Derived Base=0km (display base; JS adds current SS)
INFO - 2025-12-29 12:12:35 --> Expansion date 2026-01-08: DB Total=176km, Saved SS=0km, Derived Base=176km (display base; JS adds current SS)
INFO - 2025-12-29 12:12:35 --> Expansion date 2026-01-08: DB Total=176km, Saved SS=0km, Derived Base=176km (display base; JS adds current SS)
INFO - 2025-12-29 12:12:35 --> Expansion date 2026-01-08: DB Total=176km, Saved SS=0km, Derived Base=176km (display base; JS adds current SS)
INFO - 2025-12-29 12:12:35 --> Expansion date 2026-01-08: DB Total=176km, Saved SS=0km, Derived Base=176km (display base; JS adds current SS)
INFO - 2025-12-29 12:12:35 --> Expansion date 2026-01-08: DB Total=176km, Saved SS=0km, Derived Base=176km (display base; JS adds current SS)
DEBUG - 2025-12-29 12:12:56 --> Session: Class initialized using 'CodeIgniter\Session\Handlers\FileHandler' driver.
INFO - 2025-12-29 12:12:56 --> Loading previous itinerary data from previous_active_tour_id: 2026
INFO - 2025-12-29 12:12:56 --> Loading itinerary for tour_details_id: 2026, extension_ref_id: 584
INFO - 2025-12-29 12:12:56 --> Found 4 itinerary records
INFO - 2025-12-29 12:12:56 --> Found matching date 2026-01-06 in previous tour plan
INFO - 2025-12-29 12:12:56 --> Loaded from previous tour: 3 sightseeing, 0 special events, 1 hotel facilities
INFO - 2025-12-29 12:12:56 --> Loading previous itinerary data from previous_active_tour_id: 2026
INFO - 2025-12-29 12:12:56 --> Loading itinerary for tour_details_id: 2026, extension_ref_id: 584
INFO - 2025-12-29 12:12:56 --> Found 4 itinerary records
INFO - 2025-12-29 12:12:56 --> Found matching date 2026-01-07 in previous tour plan
INFO - 2025-12-29 12:12:56 --> Loaded from previous tour: 1 sightseeing, 0 special events, 1 hotel facilities
INFO - 2025-12-29 12:12:56 --> Loading previous itinerary data from previous_active_tour_id: 2026
INFO - 2025-12-29 12:12:56 --> Loading itinerary for tour_details_id: 2026, extension_ref_id: 584
INFO - 2025-12-29 12:12:56 --> Found 4 itinerary records
INFO - 2025-12-29 12:12:56 --> Found matching date 2026-01-08 in previous tour plan
INFO - 2025-12-29 12:12:56 --> Loaded from previous tour: 1 sightseeing, 0 special events, 1 hotel facilities
INFO - 2025-12-29 12:12:56 --> Expansion date 2026-01-06: DB Total=176km, Saved SS=270km, Derived Base=0km (display base; JS adds current SS)
INFO - 2025-12-29 12:12:56 --> Expansion date 2026-01-06: DB Total=176km, Saved SS=270km, Derived Base=0km (display base; JS adds current SS)
INFO - 2025-12-29 12:12:56 --> Expansion date 2026-01-06: DB Total=176km, Saved SS=270km, Derived Base=0km (display base; JS adds current SS)
INFO - 2025-12-29 12:12:56 --> Expansion date 2026-01-06: DB Total=176km, Saved SS=270km, Derived Base=0km (display base; JS adds current SS)
INFO - 2025-12-29 12:12:56 --> Expansion date 2026-01-06: DB Total=176km, Saved SS=270km, Derived Base=0km (display base; JS adds current SS)
INFO - 2025-12-29 12:12:56 --> Expansion date 2026-01-07: DB Total=0km, Saved SS=90km, Derived Base=0km (display base; JS adds current SS)
INFO - 2025-12-29 12:12:56 --> Expansion date 2026-01-07: DB Total=0km, Saved SS=90km, Derived Base=0km (display base; JS adds current SS)
INFO - 2025-12-29 12:12:56 --> Expansion date 2026-01-07: DB Total=0km, Saved SS=90km, Derived Base=0km (display base; JS adds current SS)
INFO - 2025-12-29 12:12:56 --> Expansion date 2026-01-07: DB Total=0km, Saved SS=90km, Derived Base=0km (display base; JS adds current SS)
INFO - 2025-12-29 12:12:56 --> Expansion date 2026-01-07: DB Total=0km, Saved SS=90km, Derived Base=0km (display base; JS adds current SS)
INFO - 2025-12-29 12:12:56 --> Expansion date 2026-01-08: DB Total=176km, Saved SS=0km, Derived Base=176km (display base; JS adds current SS)
INFO - 2025-12-29 12:12:56 --> Expansion date 2026-01-08: DB Total=176km, Saved SS=0km, Derived Base=176km (display base; JS adds current SS)
INFO - 2025-12-29 12:12:56 --> Expansion date 2026-01-08: DB Total=176km, Saved SS=0km, Derived Base=176km (display base; JS adds current SS)
INFO - 2025-12-29 12:12:56 --> Expansion date 2026-01-08: DB Total=176km, Saved SS=0km, Derived Base=176km (display base; JS adds current SS)
INFO - 2025-12-29 12:12:56 --> Expansion date 2026-01-08: DB Total=176km, Saved SS=0km, Derived Base=176km (display base; JS adds current SS)
DEBUG - 2025-12-29 12:13:03 --> Session: Class initialized using 'CodeIgniter\Session\Handlers\FileHandler' driver.
INFO - 2025-12-29 12:13:03 --> Day 1 (date 2026-01-06): No defaults loaded
INFO - 2025-12-29 12:13:03 --> Loaded default SS for Day 2 (date 2026-01-07): 1 items
INFO - 2025-12-29 12:13:03 --> Hardcoded Leisure SS auto-selected for Day 3 (date 2026-01-08, location 16)
INFO - 2025-12-29 12:13:03 --> Expansion date 2026-01-06: DB Total=176km, Saved SS=0km, Derived Base=176km (display base; JS adds current SS)
INFO - 2025-12-29 12:13:03 --> Expansion date 2026-01-06: DB Total=176km, Saved SS=0km, Derived Base=176km (display base; JS adds current SS)
INFO - 2025-12-29 12:13:03 --> Expansion date 2026-01-06: DB Total=176km, Saved SS=0km, Derived Base=176km (display base; JS adds current SS)
INFO - 2025-12-29 12:13:03 --> Expansion date 2026-01-06: DB Total=176km, Saved SS=0km, Derived Base=176km (display base; JS adds current SS)
INFO - 2025-12-29 12:13:03 --> Expansion date 2026-01-06: DB Total=176km, Saved SS=0km, Derived Base=176km (display base; JS adds current SS)
INFO - 2025-12-29 12:13:03 --> Expansion date 2026-01-07: DB Total=0km, Saved SS=0km, Derived Base=0km (display base; JS adds current SS)
INFO - 2025-12-29 12:13:03 --> Expansion date 2026-01-07: DB Total=0km, Saved SS=0km, Derived Base=0km (display base; JS adds current SS)
INFO - 2025-12-29 12:13:03 --> Expansion date 2026-01-07: DB Total=0km, Saved SS=0km, Derived Base=0km (display base; JS adds current SS)
INFO - 2025-12-29 12:13:03 --> Expansion date 2026-01-07: DB Total=0km, Saved SS=0km, Derived Base=0km (display base; JS adds current SS)
INFO - 2025-12-29 12:13:03 --> Expansion date 2026-01-07: DB Total=0km, Saved SS=0km, Derived Base=0km (display base; JS adds current SS)
INFO - 2025-12-29 12:13:03 --> Expansion date 2026-01-08: DB Total=176km, Saved SS=0km, Derived Base=176km (display base; JS adds current SS)
INFO - 2025-12-29 12:13:03 --> Expansion date 2026-01-08: DB Total=176km, Saved SS=0km, Derived Base=176km (display base; JS adds current SS)
INFO - 2025-12-29 12:13:03 --> Expansion date 2026-01-08: DB Total=176km, Saved SS=0km, Derived Base=176km (display base; JS adds current SS)
INFO - 2025-12-29 12:13:03 --> Expansion date 2026-01-08: DB Total=176km, Saved SS=0km, Derived Base=176km (display base; JS adds current SS)
INFO - 2025-12-29 12:13:03 --> Expansion date 2026-01-08: DB Total=176km, Saved SS=0km, Derived Base=176km (display base; JS adds current SS)
DEBUG - 2025-12-29 12:13:22 --> Session: Class initialized using 'CodeIgniter\Session\Handlers\FileHandler' driver.
INFO - 2025-12-29 12:13:22 --> Loading previous itinerary data from previous_active_tour_id: 2026
INFO - 2025-12-29 12:13:22 --> Loading itinerary for tour_details_id: 2026, extension_ref_id: 584
INFO - 2025-12-29 12:13:22 --> Found 4 itinerary records
INFO - 2025-12-29 12:13:22 --> Found matching date 2026-01-06 in previous tour plan
INFO - 2025-12-29 12:13:22 --> Loaded from previous tour: 3 sightseeing, 0 special events, 1 hotel facilities
INFO - 2025-12-29 12:13:22 --> Loading previous itinerary data from previous_active_tour_id: 2026
INFO - 2025-12-29 12:13:22 --> Loading itinerary for tour_details_id: 2026, extension_ref_id: 584
INFO - 2025-12-29 12:13:22 --> Found 4 itinerary records
INFO - 2025-12-29 12:13:22 --> Found matching date 2026-01-07 in previous tour plan
INFO - 2025-12-29 12:13:22 --> Loaded from previous tour: 1 sightseeing, 0 special events, 1 hotel facilities
INFO - 2025-12-29 12:13:22 --> Loading previous itinerary data from previous_active_tour_id: 2026
INFO - 2025-12-29 12:13:22 --> Loading itinerary for tour_details_id: 2026, extension_ref_id: 584
INFO - 2025-12-29 12:13:22 --> Found 4 itinerary records
INFO - 2025-12-29 12:13:22 --> Found matching date 2026-01-08 in previous tour plan
INFO - 2025-12-29 12:13:22 --> Loaded from previous tour: 1 sightseeing, 0 special events, 1 hotel facilities
INFO - 2025-12-29 12:13:22 --> Expansion date 2026-01-06: DB Total=176km, Saved SS=270km, Derived Base=0km (display base; JS adds current SS)
INFO - 2025-12-29 12:13:22 --> Expansion date 2026-01-06: DB Total=176km, Saved SS=270km, Derived Base=0km (display base; JS adds current SS)
INFO - 2025-12-29 12:13:22 --> Expansion date 2026-01-06: DB Total=176km, Saved SS=270km, Derived Base=0km (display base; JS adds current SS)
INFO - 2025-12-29 12:13:22 --> Expansion date 2026-01-06: DB Total=176km, Saved SS=270km, Derived Base=0km (display base; JS adds current SS)
INFO - 2025-12-29 12:13:22 --> Expansion date 2026-01-06: DB Total=176km, Saved SS=270km, Derived Base=0km (display base; JS adds current SS)
INFO - 2025-12-29 12:13:22 --> Expansion date 2026-01-07: DB Total=0km, Saved SS=90km, Derived Base=0km (display base; JS adds current SS)
INFO - 2025-12-29 12:13:22 --> Expansion date 2026-01-07: DB Total=0km, Saved SS=90km, Derived Base=0km (display base; JS adds current SS)
INFO - 2025-12-29 12:13:22 --> Expansion date 2026-01-07: DB Total=0km, Saved SS=90km, Derived Base=0km (display base; JS adds current SS)
INFO - 2025-12-29 12:13:22 --> Expansion date 2026-01-07: DB Total=0km, Saved SS=90km, Derived Base=0km (display base; JS adds current SS)
INFO - 2025-12-29 12:13:22 --> Expansion date 2026-01-07: DB Total=0km, Saved SS=90km, Derived Base=0km (display base; JS adds current SS)
INFO - 2025-12-29 12:13:22 --> Expansion date 2026-01-08: DB Total=176km, Saved SS=0km, Derived Base=176km (display base; JS adds current SS)
INFO - 2025-12-29 12:13:22 --> Expansion date 2026-01-08: DB Total=176km, Saved SS=0km, Derived Base=176km (display base; JS adds current SS)
INFO - 2025-12-29 12:13:22 --> Expansion date 2026-01-08: DB Total=176km, Saved SS=0km, Derived Base=176km (display base; JS adds current SS)
INFO - 2025-12-29 12:13:22 --> Expansion date 2026-01-08: DB Total=176km, Saved SS=0km, Derived Base=176km (display base; JS adds current SS)
INFO - 2025-12-29 12:13:22 --> Expansion date 2026-01-08: DB Total=176km, Saved SS=0km, Derived Base=176km (display base; JS adds current SS)
DEBUG - 2025-12-29 12:14:32 --> Session: Class initialized using 'CodeIgniter\Session\Handlers\FileHandler' driver.
INFO - 2025-12-29 12:14:32 --> Day 1 (date 2026-01-06): No defaults loaded
INFO - 2025-12-29 12:14:32 --> Loaded default SS for Day 2 (date 2026-01-07): 1 items
INFO - 2025-12-29 12:14:32 --> Hardcoded Leisure SS auto-selected for Day 3 (date 2026-01-08, location 16)
INFO - 2025-12-29 12:14:32 --> Expansion date 2026-01-06: DB Total=176km, Saved SS=0km, Derived Base=176km (display base; JS adds current SS)
INFO - 2025-12-29 12:14:32 --> Expansion date 2026-01-06: DB Total=176km, Saved SS=0km, Derived Base=176km (display base; JS adds current SS)
INFO - 2025-12-29 12:14:32 --> Expansion date 2026-01-06: DB Total=176km, Saved SS=0km, Derived Base=176km (display base; JS adds current SS)
INFO - 2025-12-29 12:14:32 --> Expansion date 2026-01-06: DB Total=176km, Saved SS=0km, Derived Base=176km (display base; JS adds current SS)
INFO - 2025-12-29 12:14:32 --> Expansion date 2026-01-06: DB Total=176km, Saved SS=0km, Derived Base=176km (display base; JS adds current SS)
INFO - 2025-12-29 12:14:32 --> Expansion date 2026-01-07: DB Total=0km, Saved SS=0km, Derived Base=0km (display base; JS adds current SS)
INFO - 2025-12-29 12:14:32 --> Expansion date 2026-01-07: DB Total=0km, Saved SS=0km, Derived Base=0km (display base; JS adds current SS)
INFO - 2025-12-29 12:14:32 --> Expansion date 2026-01-07: DB Total=0km, Saved SS=0km, Derived Base=0km (display base; JS adds current SS)
INFO - 2025-12-29 12:14:32 --> Expansion date 2026-01-07: DB Total=0km, Saved SS=0km, Derived Base=0km (display base; JS adds current SS)
INFO - 2025-12-29 12:14:32 --> Expansion date 2026-01-07: DB Total=0km, Saved SS=0km, Derived Base=0km (display base; JS adds current SS)
INFO - 2025-12-29 12:14:32 --> Expansion date 2026-01-08: DB Total=176km, Saved SS=0km, Derived Base=176km (display base; JS adds current SS)
INFO - 2025-12-29 12:14:32 --> Expansion date 2026-01-08: DB Total=176km, Saved SS=0km, Derived Base=176km (display base; JS adds current SS)
INFO - 2025-12-29 12:14:32 --> Expansion date 2026-01-08: DB Total=176km, Saved SS=0km, Derived Base=176km (display base; JS adds current SS)
INFO - 2025-12-29 12:14:32 --> Expansion date 2026-01-08: DB Total=176km, Saved SS=0km, Derived Base=176km (display base; JS adds current SS)
INFO - 2025-12-29 12:14:32 --> Expansion date 2026-01-08: DB Total=176km, Saved SS=0km, Derived Base=176km (display base; JS adds current SS)
DEBUG - 2025-12-29 12:16:15 --> Session: Class initialized using 'CodeIgniter\Session\Handlers\FileHandler' driver.
INFO - 2025-12-29 12:16:15 --> Loading previous itinerary data from previous_active_tour_id: 2026
INFO - 2025-12-29 12:16:15 --> Loading itinerary for tour_details_id: 2026, extension_ref_id: 584
INFO - 2025-12-29 12:16:15 --> Found 4 itinerary records
INFO - 2025-12-29 12:16:15 --> Found matching date 2026-01-06 in previous tour plan (preloading)
INFO - 2025-12-29 12:16:15 --> Preloaded from previous tour: 3 sightseeing, 0 special events, 1 hotel facilities
INFO - 2025-12-29 12:16:15 --> Day 1 (date 2026-01-06): No defaults loaded
INFO - 2025-12-29 12:16:15 --> Loading previous itinerary data from previous_active_tour_id: 2026
INFO - 2025-12-29 12:16:15 --> Loading itinerary for tour_details_id: 2026, extension_ref_id: 584
INFO - 2025-12-29 12:16:15 --> Found 4 itinerary records
INFO - 2025-12-29 12:16:15 --> Found matching date 2026-01-07 in previous tour plan (preloading)
INFO - 2025-12-29 12:16:15 --> Preloaded from previous tour: 1 sightseeing, 0 special events, 1 hotel facilities
INFO - 2025-12-29 12:16:15 --> Loaded default SS for Day 2 (date 2026-01-07): 1 items
INFO - 2025-12-29 12:16:15 --> Loading previous itinerary data from previous_active_tour_id: 2026
INFO - 2025-12-29 12:16:15 --> Loading itinerary for tour_details_id: 2026, extension_ref_id: 584
INFO - 2025-12-29 12:16:15 --> Found 4 itinerary records
INFO - 2025-12-29 12:16:15 --> Found matching date 2026-01-08 in previous tour plan (preloading)
INFO - 2025-12-29 12:16:15 --> Preloaded from previous tour: 1 sightseeing, 0 special events, 1 hotel facilities
INFO - 2025-12-29 12:16:15 --> Hardcoded Leisure SS auto-selected for Day 3 (date 2026-01-08, location 16)
INFO - 2025-12-29 12:16:15 --> Expansion date 2026-01-06: DB Total=176km, Saved SS=0km, Derived Base=176km (display base; JS adds current SS)
INFO - 2025-12-29 12:16:15 --> Expansion date 2026-01-06: DB Total=176km, Saved SS=0km, Derived Base=176km (display base; JS adds current SS)
INFO - 2025-12-29 12:16:15 --> Expansion date 2026-01-06: DB Total=176km, Saved SS=0km, Derived Base=176km (display base; JS adds current SS)
INFO - 2025-12-29 12:16:15 --> Expansion date 2026-01-06: DB Total=176km, Saved SS=0km, Derived Base=176km (display base; JS adds current SS)
INFO - 2025-12-29 12:16:15 --> Expansion date 2026-01-06: DB Total=176km, Saved SS=0km, Derived Base=176km (display base; JS adds current SS)
INFO - 2025-12-29 12:16:15 --> Expansion date 2026-01-07: DB Total=0km, Saved SS=0km, Derived Base=0km (display base; JS adds current SS)
INFO - 2025-12-29 12:16:15 --> Expansion date 2026-01-07: DB Total=0km, Saved SS=0km, Derived Base=0km (display base; JS adds current SS)
INFO - 2025-12-29 12:16:15 --> Expansion date 2026-01-07: DB Total=0km, Saved SS=0km, Derived Base=0km (display base; JS adds current SS)
INFO - 2025-12-29 12:16:15 --> Expansion date 2026-01-07: DB Total=0km, Saved SS=0km, Derived Base=0km (display base; JS adds current SS)
INFO - 2025-12-29 12:16:15 --> Expansion date 2026-01-07: DB Total=0km, Saved SS=0km, Derived Base=0km (display base; JS adds current SS)
INFO - 2025-12-29 12:16:15 --> Expansion date 2026-01-08: DB Total=176km, Saved SS=0km, Derived Base=176km (display base; JS adds current SS)
INFO - 2025-12-29 12:16:15 --> Expansion date 2026-01-08: DB Total=176km, Saved SS=0km, Derived Base=176km (display base; JS adds current SS)
INFO - 2025-12-29 12:16:15 --> Expansion date 2026-01-08: DB Total=176km, Saved SS=0km, Derived Base=176km (display base; JS adds current SS)
INFO - 2025-12-29 12:16:15 --> Expansion date 2026-01-08: DB Total=176km, Saved SS=0km, Derived Base=176km (display base; JS adds current SS)
INFO - 2025-12-29 12:16:15 --> Expansion date 2026-01-08: DB Total=176km, Saved SS=0km, Derived Base=176km (display base; JS adds current SS)
DEBUG - 2025-12-29 12:16:18 --> Session: Class initialized using 'CodeIgniter\Session\Handlers\FileHandler' driver.
INFO - 2025-12-29 12:16:18 --> Loading previous itinerary data from previous_active_tour_id: 2026
INFO - 2025-12-29 12:16:18 --> Loading itinerary for tour_details_id: 2026, extension_ref_id: 584
INFO - 2025-12-29 12:16:18 --> Found 4 itinerary records
INFO - 2025-12-29 12:16:18 --> Found matching date 2026-01-06 in previous tour plan (preloading)
INFO - 2025-12-29 12:16:18 --> Preloaded from previous tour: 3 sightseeing, 0 special events, 1 hotel facilities
INFO - 2025-12-29 12:16:18 --> Day 1 (date 2026-01-06): No defaults loaded
INFO - 2025-12-29 12:16:18 --> Loading previous itinerary data from previous_active_tour_id: 2026
INFO - 2025-12-29 12:16:18 --> Loading itinerary for tour_details_id: 2026, extension_ref_id: 584
INFO - 2025-12-29 12:16:18 --> Found 4 itinerary records
INFO - 2025-12-29 12:16:18 --> Found matching date 2026-01-07 in previous tour plan (preloading)
INFO - 2025-12-29 12:16:18 --> Preloaded from previous tour: 1 sightseeing, 0 special events, 1 hotel facilities
INFO - 2025-12-29 12:16:18 --> Loaded default SS for Day 2 (date 2026-01-07): 1 items
INFO - 2025-12-29 12:16:18 --> Loading previous itinerary data from previous_active_tour_id: 2026
INFO - 2025-12-29 12:16:18 --> Loading itinerary for tour_details_id: 2026, extension_ref_id: 584
INFO - 2025-12-29 12:16:18 --> Found 4 itinerary records
INFO - 2025-12-29 12:16:18 --> Found matching date 2026-01-08 in previous tour plan (preloading)
INFO - 2025-12-29 12:16:18 --> Preloaded from previous tour: 1 sightseeing, 0 special events, 1 hotel facilities
INFO - 2025-12-29 12:16:18 --> Hardcoded Leisure SS auto-selected for Day 3 (date 2026-01-08, location 16)
INFO - 2025-12-29 12:16:18 --> Expansion date 2026-01-06: DB Total=176km, Saved SS=0km, Derived Base=176km (display base; JS adds current SS)
INFO - 2025-12-29 12:16:18 --> Expansion date 2026-01-06: DB Total=176km, Saved SS=0km, Derived Base=176km (display base; JS adds current SS)
INFO - 2025-12-29 12:16:18 --> Expansion date 2026-01-06: DB Total=176km, Saved SS=0km, Derived Base=176km (display base; JS adds current SS)
INFO - 2025-12-29 12:16:18 --> Expansion date 2026-01-06: DB Total=176km, Saved SS=0km, Derived Base=176km (display base; JS adds current SS)
INFO - 2025-12-29 12:16:18 --> Expansion date 2026-01-06: DB Total=176km, Saved SS=0km, Derived Base=176km (display base; JS adds current SS)
INFO - 2025-12-29 12:16:18 --> Expansion date 2026-01-07: DB Total=0km, Saved SS=0km, Derived Base=0km (display base; JS adds current SS)
INFO - 2025-12-29 12:16:18 --> Expansion date 2026-01-07: DB Total=0km, Saved SS=0km, Derived Base=0km (display base; JS adds current SS)
INFO - 2025-12-29 12:16:18 --> Expansion date 2026-01-07: DB Total=0km, Saved SS=0km, Derived Base=0km (display base; JS adds current SS)
INFO - 2025-12-29 12:16:18 --> Expansion date 2026-01-07: DB Total=0km, Saved SS=0km, Derived Base=0km (display base; JS adds current SS)
INFO - 2025-12-29 12:16:18 --> Expansion date 2026-01-07: DB Total=0km, Saved SS=0km, Derived Base=0km (display base; JS adds current SS)
INFO - 2025-12-29 12:16:18 --> Expansion date 2026-01-08: DB Total=176km, Saved SS=0km, Derived Base=176km (display base; JS adds current SS)
INFO - 2025-12-29 12:16:18 --> Expansion date 2026-01-08: DB Total=176km, Saved SS=0km, Derived Base=176km (display base; JS adds current SS)
INFO - 2025-12-29 12:16:18 --> Expansion date 2026-01-08: DB Total=176km, Saved SS=0km, Derived Base=176km (display base; JS adds current SS)
INFO - 2025-12-29 12:16:18 --> Expansion date 2026-01-08: DB Total=176km, Saved SS=0km, Derived Base=176km (display base; JS adds current SS)
INFO - 2025-12-29 12:16:18 --> Expansion date 2026-01-08: DB Total=176km, Saved SS=0km, Derived Base=176km (display base; JS adds current SS)
DEBUG - 2025-12-29 12:16:26 --> Session: Class initialized using 'CodeIgniter\Session\Handlers\FileHandler' driver.
INFO - 2025-12-29 12:16:26 --> Loading previous itinerary data from previous_active_tour_id: 2026
INFO - 2025-12-29 12:16:26 --> Loading itinerary for tour_details_id: 2026, extension_ref_id: 584
INFO - 2025-12-29 12:16:26 --> Found 4 itinerary records
INFO - 2025-12-29 12:16:26 --> Found matching date 2026-01-06 in previous tour plan
INFO - 2025-12-29 12:16:26 --> Loaded from previous tour: 3 sightseeing, 0 special events, 1 hotel facilities
INFO - 2025-12-29 12:16:26 --> Loading previous itinerary data from previous_active_tour_id: 2026
INFO - 2025-12-29 12:16:26 --> Loading itinerary for tour_details_id: 2026, extension_ref_id: 584
INFO - 2025-12-29 12:16:26 --> Found 4 itinerary records
INFO - 2025-12-29 12:16:26 --> Found matching date 2026-01-07 in previous tour plan
INFO - 2025-12-29 12:16:26 --> Loaded from previous tour: 1 sightseeing, 0 special events, 1 hotel facilities
INFO - 2025-12-29 12:16:26 --> Loading previous itinerary data from previous_active_tour_id: 2026
INFO - 2025-12-29 12:16:26 --> Loading itinerary for tour_details_id: 2026, extension_ref_id: 584
INFO - 2025-12-29 12:16:26 --> Found 4 itinerary records
INFO - 2025-12-29 12:16:26 --> Found matching date 2026-01-08 in previous tour plan
INFO - 2025-12-29 12:16:26 --> Loaded from previous tour: 1 sightseeing, 0 special events, 1 hotel facilities
INFO - 2025-12-29 12:16:26 --> Expansion date 2026-01-06: DB Total=176km, Saved SS=270km, Derived Base=0km (display base; JS adds current SS)
INFO - 2025-12-29 12:16:26 --> Expansion date 2026-01-06: DB Total=176km, Saved SS=270km, Derived Base=0km (display base; JS adds current SS)
INFO - 2025-12-29 12:16:26 --> Expansion date 2026-01-06: DB Total=176km, Saved SS=270km, Derived Base=0km (display base; JS adds current SS)
INFO - 2025-12-29 12:16:26 --> Expansion date 2026-01-06: DB Total=176km, Saved SS=270km, Derived Base=0km (display base; JS adds current SS)
INFO - 2025-12-29 12:16:26 --> Expansion date 2026-01-06: DB Total=176km, Saved SS=270km, Derived Base=0km (display base; JS adds current SS)
INFO - 2025-12-29 12:16:26 --> Expansion date 2026-01-07: DB Total=0km, Saved SS=90km, Derived Base=0km (display base; JS adds current SS)
INFO - 2025-12-29 12:16:26 --> Expansion date 2026-01-07: DB Total=0km, Saved SS=90km, Derived Base=0km (display base; JS adds current SS)
INFO - 2025-12-29 12:16:26 --> Expansion date 2026-01-07: DB Total=0km, Saved SS=90km, Derived Base=0km (display base; JS adds current SS)
INFO - 2025-12-29 12:16:26 --> Expansion date 2026-01-07: DB Total=0km, Saved SS=90km, Derived Base=0km (display base; JS adds current SS)
INFO - 2025-12-29 12:16:26 --> Expansion date 2026-01-07: DB Total=0km, Saved SS=90km, Derived Base=0km (display base; JS adds current SS)
INFO - 2025-12-29 12:16:26 --> Expansion date 2026-01-08: DB Total=176km, Saved SS=0km, Derived Base=176km (display base; JS adds current SS)
INFO - 2025-12-29 12:16:26 --> Expansion date 2026-01-08: DB Total=176km, Saved SS=0km, Derived Base=176km (display base; JS adds current SS)
INFO - 2025-12-29 12:16:26 --> Expansion date 2026-01-08: DB Total=176km, Saved SS=0km, Derived Base=176km (display base; JS adds current SS)
INFO - 2025-12-29 12:16:26 --> Expansion date 2026-01-08: DB Total=176km, Saved SS=0km, Derived Base=176km (display base; JS adds current SS)
INFO - 2025-12-29 12:16:26 --> Expansion date 2026-01-08: DB Total=176km, Saved SS=0km, Derived Base=176km (display base; JS adds current SS)
DEBUG - 2025-12-29 12:16:42 --> Session: Class initialized using 'CodeIgniter\Session\Handlers\FileHandler' driver.
CRITICAL - 2025-12-29 12:16:42 --> ParseError: syntax error, unexpected token ")"
[Method: GET, Route: Enquiry/itinerary/2846/0]
in APPPATH\Controllers\Enquiry.php on line 6549.
 1 SYSTEMPATH\Router\Router.php(563): CodeIgniter\Router\AutoRouter->getRoute('Enquiry/itinerary/2846/0', 'GET')
 2 SYSTEMPATH\Router\Router.php(228): CodeIgniter\Router\Router->autoRoute('Enquiry/itinerary/2846/0')
 3 SYSTEMPATH\CodeIgniter.php(834): CodeIgniter\Router\Router->handle('Enquiry/itinerary/2846/0')
 4 SYSTEMPATH\CodeIgniter.php(457): CodeIgniter\CodeIgniter->tryToRouteIt(Object(CodeIgniter\Router\RouteCollection))
 5 SYSTEMPATH\CodeIgniter.php(355): CodeIgniter\CodeIgniter->handleRequest(null, Object(Config\Cache), false)
 6 SYSTEMPATH\Boot.php(334): CodeIgniter\CodeIgniter->run()
 7 SYSTEMPATH\Boot.php(67): CodeIgniter\Boot::runCodeIgniter(Object(CodeIgniter\CodeIgniter))
 8 FCPATH\index.php(56): CodeIgniter\Boot::bootWeb(Object(Config\Paths))
DEBUG - 2025-12-29 12:16:53 --> Session: Class initialized using 'CodeIgniter\Session\Handlers\FileHandler' driver.
INFO - 2025-12-29 12:16:53 --> Loading previous itinerary data from previous_active_tour_id: 2026
INFO - 2025-12-29 12:16:53 --> Loading itinerary for tour_details_id: 2026, extension_ref_id: 584
INFO - 2025-12-29 12:16:53 --> Found 4 itinerary records
INFO - 2025-12-29 12:16:53 --> Found matching date 2026-01-06 in previous tour plan
INFO - 2025-12-29 12:16:53 --> Loaded from previous tour: 3 sightseeing, 0 special events, 1 hotel facilities
INFO - 2025-12-29 12:16:53 --> Loading previous itinerary data from previous_active_tour_id: 2026
INFO - 2025-12-29 12:16:53 --> Loading itinerary for tour_details_id: 2026, extension_ref_id: 584
INFO - 2025-12-29 12:16:53 --> Found 4 itinerary records
INFO - 2025-12-29 12:16:53 --> Found matching date 2026-01-07 in previous tour plan
INFO - 2025-12-29 12:16:53 --> Loaded from previous tour: 1 sightseeing, 0 special events, 1 hotel facilities
INFO - 2025-12-29 12:16:53 --> Loading previous itinerary data from previous_active_tour_id: 2026
INFO - 2025-12-29 12:16:53 --> Loading itinerary for tour_details_id: 2026, extension_ref_id: 584
INFO - 2025-12-29 12:16:53 --> Found 4 itinerary records
INFO - 2025-12-29 12:16:53 --> Found matching date 2026-01-08 in previous tour plan
INFO - 2025-12-29 12:16:53 --> Loaded from previous tour: 1 sightseeing, 0 special events, 1 hotel facilities
INFO - 2025-12-29 12:16:53 --> Expansion date 2026-01-06: DB Total=176km, Saved SS=270km, Derived Base=0km (display base; JS adds current SS)
INFO - 2025-12-29 12:16:53 --> Expansion date 2026-01-06: DB Total=176km, Saved SS=270km, Derived Base=0km (display base; JS adds current SS)
INFO - 2025-12-29 12:16:53 --> Expansion date 2026-01-06: DB Total=176km, Saved SS=270km, Derived Base=0km (display base; JS adds current SS)
INFO - 2025-12-29 12:16:53 --> Expansion date 2026-01-06: DB Total=176km, Saved SS=270km, Derived Base=0km (display base; JS adds current SS)
INFO - 2025-12-29 12:16:53 --> Expansion date 2026-01-06: DB Total=176km, Saved SS=270km, Derived Base=0km (display base; JS adds current SS)
INFO - 2025-12-29 12:16:53 --> Expansion date 2026-01-07: DB Total=0km, Saved SS=90km, Derived Base=0km (display base; JS adds current SS)
INFO - 2025-12-29 12:16:53 --> Expansion date 2026-01-07: DB Total=0km, Saved SS=90km, Derived Base=0km (display base; JS adds current SS)
INFO - 2025-12-29 12:16:53 --> Expansion date 2026-01-07: DB Total=0km, Saved SS=90km, Derived Base=0km (display base; JS adds current SS)
INFO - 2025-12-29 12:16:53 --> Expansion date 2026-01-07: DB Total=0km, Saved SS=90km, Derived Base=0km (display base; JS adds current SS)
INFO - 2025-12-29 12:16:53 --> Expansion date 2026-01-07: DB Total=0km, Saved SS=90km, Derived Base=0km (display base; JS adds current SS)
INFO - 2025-12-29 12:16:53 --> Expansion date 2026-01-08: DB Total=176km, Saved SS=0km, Derived Base=176km (display base; JS adds current SS)
INFO - 2025-12-29 12:16:53 --> Expansion date 2026-01-08: DB Total=176km, Saved SS=0km, Derived Base=176km (display base; JS adds current SS)
INFO - 2025-12-29 12:16:53 --> Expansion date 2026-01-08: DB Total=176km, Saved SS=0km, Derived Base=176km (display base; JS adds current SS)
INFO - 2025-12-29 12:16:53 --> Expansion date 2026-01-08: DB Total=176km, Saved SS=0km, Derived Base=176km (display base; JS adds current SS)
INFO - 2025-12-29 12:16:53 --> Expansion date 2026-01-08: DB Total=176km, Saved SS=0km, Derived Base=176km (display base; JS adds current SS)
DEBUG - 2025-12-29 12:17:01 --> Session: Class initialized using 'CodeIgniter\Session\Handlers\FileHandler' driver.
INFO - 2025-12-29 12:17:01 --> Day 1 (date 2026-01-06): No defaults loaded
INFO - 2025-12-29 12:17:01 --> Loaded default SS for Day 2 (date 2026-01-07): 1 items
INFO - 2025-12-29 12:17:01 --> Hardcoded Leisure SS auto-selected for Day 3 (date 2026-01-08, location 16)
INFO - 2025-12-29 12:17:01 --> Expansion date 2026-01-06: DB Total=176km, Saved SS=0km, Derived Base=176km (display base; JS adds current SS)
INFO - 2025-12-29 12:17:01 --> Expansion date 2026-01-06: DB Total=176km, Saved SS=0km, Derived Base=176km (display base; JS adds current SS)
INFO - 2025-12-29 12:17:01 --> Expansion date 2026-01-06: DB Total=176km, Saved SS=0km, Derived Base=176km (display base; JS adds current SS)
INFO - 2025-12-29 12:17:01 --> Expansion date 2026-01-06: DB Total=176km, Saved SS=0km, Derived Base=176km (display base; JS adds current SS)
INFO - 2025-12-29 12:17:01 --> Expansion date 2026-01-06: DB Total=176km, Saved SS=0km, Derived Base=176km (display base; JS adds current SS)
INFO - 2025-12-29 12:17:01 --> Expansion date 2026-01-07: DB Total=0km, Saved SS=0km, Derived Base=0km (display base; JS adds current SS)
INFO - 2025-12-29 12:17:01 --> Expansion date 2026-01-07: DB Total=0km, Saved SS=0km, Derived Base=0km (display base; JS adds current SS)
INFO - 2025-12-29 12:17:01 --> Expansion date 2026-01-07: DB Total=0km, Saved SS=0km, Derived Base=0km (display base; JS adds current SS)
INFO - 2025-12-29 12:17:01 --> Expansion date 2026-01-07: DB Total=0km, Saved SS=0km, Derived Base=0km (display base; JS adds current SS)
INFO - 2025-12-29 12:17:01 --> Expansion date 2026-01-07: DB Total=0km, Saved SS=0km, Derived Base=0km (display base; JS adds current SS)
INFO - 2025-12-29 12:17:01 --> Expansion date 2026-01-08: DB Total=176km, Saved SS=0km, Derived Base=176km (display base; JS adds current SS)
INFO - 2025-12-29 12:17:01 --> Expansion date 2026-01-08: DB Total=176km, Saved SS=0km, Derived Base=176km (display base; JS adds current SS)
INFO - 2025-12-29 12:17:01 --> Expansion date 2026-01-08: DB Total=176km, Saved SS=0km, Derived Base=176km (display base; JS adds current SS)
INFO - 2025-12-29 12:17:01 --> Expansion date 2026-01-08: DB Total=176km, Saved SS=0km, Derived Base=176km (display base; JS adds current SS)
INFO - 2025-12-29 12:17:01 --> Expansion date 2026-01-08: DB Total=176km, Saved SS=0km, Derived Base=176km (display base; JS adds current SS)
DEBUG - 2025-12-29 12:17:25 --> Session: Class initialized using 'CodeIgniter\Session\Handlers\FileHandler' driver.
INFO - 2025-12-29 12:17:25 --> Loading previous itinerary data from previous_active_tour_id: 2026
INFO - 2025-12-29 12:17:25 --> Loading itinerary for tour_details_id: 2026, extension_ref_id: 584
INFO - 2025-12-29 12:17:25 --> Found 4 itinerary records
INFO - 2025-12-29 12:17:25 --> Found matching date 2026-01-06 in previous tour plan
INFO - 2025-12-29 12:17:25 --> Loaded from previous tour: 3 sightseeing, 0 special events, 1 hotel facilities
INFO - 2025-12-29 12:17:25 --> Loading previous itinerary data from previous_active_tour_id: 2026
INFO - 2025-12-29 12:17:25 --> Loading itinerary for tour_details_id: 2026, extension_ref_id: 584
INFO - 2025-12-29 12:17:25 --> Found 4 itinerary records
INFO - 2025-12-29 12:17:25 --> Found matching date 2026-01-07 in previous tour plan
INFO - 2025-12-29 12:17:25 --> Loaded from previous tour: 1 sightseeing, 0 special events, 1 hotel facilities
INFO - 2025-12-29 12:17:25 --> Loading previous itinerary data from previous_active_tour_id: 2026
INFO - 2025-12-29 12:17:25 --> Loading itinerary for tour_details_id: 2026, extension_ref_id: 584
INFO - 2025-12-29 12:17:25 --> Found 4 itinerary records
INFO - 2025-12-29 12:17:25 --> Found matching date 2026-01-08 in previous tour plan
INFO - 2025-12-29 12:17:25 --> Loaded from previous tour: 1 sightseeing, 0 special events, 1 hotel facilities
INFO - 2025-12-29 12:17:25 --> Expansion date 2026-01-06: DB Total=176km, Saved SS=270km, Derived Base=0km (display base; JS adds current SS)
INFO - 2025-12-29 12:17:25 --> Expansion date 2026-01-06: DB Total=176km, Saved SS=270km, Derived Base=0km (display base; JS adds current SS)
INFO - 2025-12-29 12:17:25 --> Expansion date 2026-01-06: DB Total=176km, Saved SS=270km, Derived Base=0km (display base; JS adds current SS)
INFO - 2025-12-29 12:17:25 --> Expansion date 2026-01-06: DB Total=176km, Saved SS=270km, Derived Base=0km (display base; JS adds current SS)
INFO - 2025-12-29 12:17:25 --> Expansion date 2026-01-06: DB Total=176km, Saved SS=270km, Derived Base=0km (display base; JS adds current SS)
INFO - 2025-12-29 12:17:25 --> Expansion date 2026-01-07: DB Total=0km, Saved SS=90km, Derived Base=0km (display base; JS adds current SS)
INFO - 2025-12-29 12:17:25 --> Expansion date 2026-01-07: DB Total=0km, Saved SS=90km, Derived Base=0km (display base; JS adds current SS)
INFO - 2025-12-29 12:17:25 --> Expansion date 2026-01-07: DB Total=0km, Saved SS=90km, Derived Base=0km (display base; JS adds current SS)
INFO - 2025-12-29 12:17:25 --> Expansion date 2026-01-07: DB Total=0km, Saved SS=90km, Derived Base=0km (display base; JS adds current SS)
INFO - 2025-12-29 12:17:25 --> Expansion date 2026-01-07: DB Total=0km, Saved SS=90km, Derived Base=0km (display base; JS adds current SS)
INFO - 2025-12-29 12:17:25 --> Expansion date 2026-01-08: DB Total=176km, Saved SS=0km, Derived Base=176km (display base; JS adds current SS)
INFO - 2025-12-29 12:17:25 --> Expansion date 2026-01-08: DB Total=176km, Saved SS=0km, Derived Base=176km (display base; JS adds current SS)
INFO - 2025-12-29 12:17:25 --> Expansion date 2026-01-08: DB Total=176km, Saved SS=0km, Derived Base=176km (display base; JS adds current SS)
INFO - 2025-12-29 12:17:25 --> Expansion date 2026-01-08: DB Total=176km, Saved SS=0km, Derived Base=176km (display base; JS adds current SS)
INFO - 2025-12-29 12:17:25 --> Expansion date 2026-01-08: DB Total=176km, Saved SS=0km, Derived Base=176km (display base; JS adds current SS)
DEBUG - 2025-12-29 12:28:02 --> Session: Class initialized using 'CodeIgniter\Session\Handlers\FileHandler' driver.
INFO - 2025-12-29 12:28:02 --> Loading previous itinerary data from previous_active_tour_id: 2026
INFO - 2025-12-29 12:28:02 --> Loading itinerary for tour_details_id: 2026, extension_ref_id: 584
INFO - 2025-12-29 12:28:02 --> Found 4 itinerary records
INFO - 2025-12-29 12:28:02 --> Found matching date 2026-01-06 in previous tour plan (preloading)
INFO - 2025-12-29 12:28:02 --> Preloaded from previous tour: 3 sightseeing, 0 special events, 1 hotel facilities
INFO - 2025-12-29 12:28:02 --> Loading previous itinerary data from previous_active_tour_id: 2026
INFO - 2025-12-29 12:28:02 --> Loading itinerary for tour_details_id: 2026, extension_ref_id: 584
INFO - 2025-12-29 12:28:02 --> Found 4 itinerary records
INFO - 2025-12-29 12:28:02 --> Found matching date 2026-01-07 in previous tour plan (preloading)
INFO - 2025-12-29 12:28:02 --> Preloaded from previous tour: 1 sightseeing, 0 special events, 1 hotel facilities
INFO - 2025-12-29 12:28:02 --> Loading previous itinerary data from previous_active_tour_id: 2026
INFO - 2025-12-29 12:28:02 --> Loading itinerary for tour_details_id: 2026, extension_ref_id: 584
INFO - 2025-12-29 12:28:02 --> Found 4 itinerary records
INFO - 2025-12-29 12:28:02 --> Found matching date 2026-01-08 in previous tour plan (preloading)
INFO - 2025-12-29 12:28:02 --> Preloaded from previous tour: 1 sightseeing, 0 special events, 1 hotel facilities
INFO - 2025-12-29 12:28:02 --> Vehicle adjustment for 2026-01-06: is_saved=true, is_preloaded=true, SS distance to subtract=0km
INFO - 2025-12-29 12:28:02 --> Expansion date 2026-01-06: DB Total=176km, SS to subtract=0km, Derived Base=176km
INFO - 2025-12-29 12:28:02 --> Vehicle adjustment for 2026-01-06: is_saved=true, is_preloaded=true, SS distance to subtract=0km
INFO - 2025-12-29 12:28:02 --> Expansion date 2026-01-06: DB Total=176km, SS to subtract=0km, Derived Base=176km
INFO - 2025-12-29 12:28:02 --> Vehicle adjustment for 2026-01-06: is_saved=true, is_preloaded=true, SS distance to subtract=0km
INFO - 2025-12-29 12:28:02 --> Expansion date 2026-01-06: DB Total=176km, SS to subtract=0km, Derived Base=176km
INFO - 2025-12-29 12:28:02 --> Vehicle adjustment for 2026-01-06: is_saved=true, is_preloaded=true, SS distance to subtract=0km
INFO - 2025-12-29 12:28:02 --> Expansion date 2026-01-06: DB Total=176km, SS to subtract=0km, Derived Base=176km
INFO - 2025-12-29 12:28:02 --> Vehicle adjustment for 2026-01-06: is_saved=true, is_preloaded=true, SS distance to subtract=0km
INFO - 2025-12-29 12:28:02 --> Expansion date 2026-01-06: DB Total=176km, SS to subtract=0km, Derived Base=176km
INFO - 2025-12-29 12:28:02 --> Vehicle adjustment for 2026-01-07: is_saved=true, is_preloaded=true, SS distance to subtract=0km
INFO - 2025-12-29 12:28:02 --> Expansion date 2026-01-07: DB Total=0km, SS to subtract=0km, Derived Base=0km
INFO - 2025-12-29 12:28:02 --> Vehicle adjustment for 2026-01-07: is_saved=true, is_preloaded=true, SS distance to subtract=0km
INFO - 2025-12-29 12:28:02 --> Expansion date 2026-01-07: DB Total=0km, SS to subtract=0km, Derived Base=0km
INFO - 2025-12-29 12:28:02 --> Vehicle adjustment for 2026-01-07: is_saved=true, is_preloaded=true, SS distance to subtract=0km
INFO - 2025-12-29 12:28:02 --> Expansion date 2026-01-07: DB Total=0km, SS to subtract=0km, Derived Base=0km
INFO - 2025-12-29 12:28:02 --> Vehicle adjustment for 2026-01-07: is_saved=true, is_preloaded=true, SS distance to subtract=0km
INFO - 2025-12-29 12:28:02 --> Expansion date 2026-01-07: DB Total=0km, SS to subtract=0km, Derived Base=0km
INFO - 2025-12-29 12:28:02 --> Vehicle adjustment for 2026-01-07: is_saved=true, is_preloaded=true, SS distance to subtract=0km
INFO - 2025-12-29 12:28:02 --> Expansion date 2026-01-07: DB Total=0km, SS to subtract=0km, Derived Base=0km
INFO - 2025-12-29 12:28:02 --> Vehicle adjustment for 2026-01-08: is_saved=true, is_preloaded=true, SS distance to subtract=0km
INFO - 2025-12-29 12:28:02 --> Expansion date 2026-01-08: DB Total=176km, SS to subtract=0km, Derived Base=176km
INFO - 2025-12-29 12:28:02 --> Vehicle adjustment for 2026-01-08: is_saved=true, is_preloaded=true, SS distance to subtract=0km
INFO - 2025-12-29 12:28:02 --> Expansion date 2026-01-08: DB Total=176km, SS to subtract=0km, Derived Base=176km
INFO - 2025-12-29 12:28:02 --> Vehicle adjustment for 2026-01-08: is_saved=true, is_preloaded=true, SS distance to subtract=0km
INFO - 2025-12-29 12:28:02 --> Expansion date 2026-01-08: DB Total=176km, SS to subtract=0km, Derived Base=176km
INFO - 2025-12-29 12:28:02 --> Vehicle adjustment for 2026-01-08: is_saved=true, is_preloaded=true, SS distance to subtract=0km
INFO - 2025-12-29 12:28:02 --> Expansion date 2026-01-08: DB Total=176km, SS to subtract=0km, Derived Base=176km
INFO - 2025-12-29 12:28:02 --> Vehicle adjustment for 2026-01-08: is_saved=true, is_preloaded=true, SS distance to subtract=0km
INFO - 2025-12-29 12:28:02 --> Expansion date 2026-01-08: DB Total=176km, SS to subtract=0km, Derived Base=176km
DEBUG - 2025-12-29 12:28:13 --> Session: Class initialized using 'CodeIgniter\Session\Handlers\FileHandler' driver.
INFO - 2025-12-29 12:28:13 --> Loading previous itinerary data from previous_active_tour_id: 2026
INFO - 2025-12-29 12:28:13 --> Loading itinerary for tour_details_id: 2026, extension_ref_id: 584
INFO - 2025-12-29 12:28:13 --> Found 4 itinerary records
INFO - 2025-12-29 12:28:13 --> Found matching date 2026-01-06 in previous tour plan (preloading)
INFO - 2025-12-29 12:28:13 --> Preloaded from previous tour: 3 sightseeing, 0 special events, 1 hotel facilities
INFO - 2025-12-29 12:28:13 --> Loading previous itinerary data from previous_active_tour_id: 2026
INFO - 2025-12-29 12:28:13 --> Loading itinerary for tour_details_id: 2026, extension_ref_id: 584
INFO - 2025-12-29 12:28:13 --> Found 4 itinerary records
INFO - 2025-12-29 12:28:13 --> Found matching date 2026-01-07 in previous tour plan (preloading)
INFO - 2025-12-29 12:28:13 --> Preloaded from previous tour: 1 sightseeing, 0 special events, 1 hotel facilities
INFO - 2025-12-29 12:28:13 --> Loading previous itinerary data from previous_active_tour_id: 2026
INFO - 2025-12-29 12:28:13 --> Loading itinerary for tour_details_id: 2026, extension_ref_id: 584
INFO - 2025-12-29 12:28:13 --> Found 4 itinerary records
INFO - 2025-12-29 12:28:13 --> Found matching date 2026-01-08 in previous tour plan (preloading)
INFO - 2025-12-29 12:28:13 --> Preloaded from previous tour: 1 sightseeing, 0 special events, 1 hotel facilities
INFO - 2025-12-29 12:28:13 --> Vehicle adjustment for 2026-01-06: is_saved=true, is_preloaded=true, SS distance to subtract=0km
INFO - 2025-12-29 12:28:13 --> Expansion date 2026-01-06: DB Total=176km, SS to subtract=0km, Derived Base=176km
INFO - 2025-12-29 12:28:13 --> Vehicle adjustment for 2026-01-06: is_saved=true, is_preloaded=true, SS distance to subtract=0km
INFO - 2025-12-29 12:28:13 --> Expansion date 2026-01-06: DB Total=176km, SS to subtract=0km, Derived Base=176km
INFO - 2025-12-29 12:28:13 --> Vehicle adjustment for 2026-01-06: is_saved=true, is_preloaded=true, SS distance to subtract=0km
INFO - 2025-12-29 12:28:13 --> Expansion date 2026-01-06: DB Total=176km, SS to subtract=0km, Derived Base=176km
INFO - 2025-12-29 12:28:13 --> Vehicle adjustment for 2026-01-06: is_saved=true, is_preloaded=true, SS distance to subtract=0km
INFO - 2025-12-29 12:28:13 --> Expansion date 2026-01-06: DB Total=176km, SS to subtract=0km, Derived Base=176km
INFO - 2025-12-29 12:28:13 --> Vehicle adjustment for 2026-01-06: is_saved=true, is_preloaded=true, SS distance to subtract=0km
INFO - 2025-12-29 12:28:13 --> Expansion date 2026-01-06: DB Total=176km, SS to subtract=0km, Derived Base=176km
INFO - 2025-12-29 12:28:13 --> Vehicle adjustment for 2026-01-07: is_saved=true, is_preloaded=true, SS distance to subtract=0km
INFO - 2025-12-29 12:28:13 --> Expansion date 2026-01-07: DB Total=0km, SS to subtract=0km, Derived Base=0km
INFO - 2025-12-29 12:28:13 --> Vehicle adjustment for 2026-01-07: is_saved=true, is_preloaded=true, SS distance to subtract=0km
INFO - 2025-12-29 12:28:13 --> Expansion date 2026-01-07: DB Total=0km, SS to subtract=0km, Derived Base=0km
INFO - 2025-12-29 12:28:13 --> Vehicle adjustment for 2026-01-07: is_saved=true, is_preloaded=true, SS distance to subtract=0km
INFO - 2025-12-29 12:28:13 --> Expansion date 2026-01-07: DB Total=0km, SS to subtract=0km, Derived Base=0km
INFO - 2025-12-29 12:28:13 --> Vehicle adjustment for 2026-01-07: is_saved=true, is_preloaded=true, SS distance to subtract=0km
INFO - 2025-12-29 12:28:13 --> Expansion date 2026-01-07: DB Total=0km, SS to subtract=0km, Derived Base=0km
INFO - 2025-12-29 12:28:13 --> Vehicle adjustment for 2026-01-07: is_saved=true, is_preloaded=true, SS distance to subtract=0km
INFO - 2025-12-29 12:28:13 --> Expansion date 2026-01-07: DB Total=0km, SS to subtract=0km, Derived Base=0km
INFO - 2025-12-29 12:28:13 --> Vehicle adjustment for 2026-01-08: is_saved=true, is_preloaded=true, SS distance to subtract=0km
INFO - 2025-12-29 12:28:13 --> Expansion date 2026-01-08: DB Total=176km, SS to subtract=0km, Derived Base=176km
INFO - 2025-12-29 12:28:13 --> Vehicle adjustment for 2026-01-08: is_saved=true, is_preloaded=true, SS distance to subtract=0km
INFO - 2025-12-29 12:28:13 --> Expansion date 2026-01-08: DB Total=176km, SS to subtract=0km, Derived Base=176km
INFO - 2025-12-29 12:28:13 --> Vehicle adjustment for 2026-01-08: is_saved=true, is_preloaded=true, SS distance to subtract=0km
INFO - 2025-12-29 12:28:13 --> Expansion date 2026-01-08: DB Total=176km, SS to subtract=0km, Derived Base=176km
INFO - 2025-12-29 12:28:13 --> Vehicle adjustment for 2026-01-08: is_saved=true, is_preloaded=true, SS distance to subtract=0km
INFO - 2025-12-29 12:28:13 --> Expansion date 2026-01-08: DB Total=176km, SS to subtract=0km, Derived Base=176km
INFO - 2025-12-29 12:28:13 --> Vehicle adjustment for 2026-01-08: is_saved=true, is_preloaded=true, SS distance to subtract=0km
INFO - 2025-12-29 12:28:13 --> Expansion date 2026-01-08: DB Total=176km, SS to subtract=0km, Derived Base=176km
DEBUG - 2025-12-29 12:28:17 --> Session: Class initialized using 'CodeIgniter\Session\Handlers\FileHandler' driver.
DEBUG - 2025-12-29 12:28:19 --> Session: Class initialized using 'CodeIgniter\Session\Handlers\FileHandler' driver.
DEBUG - 2025-12-29 12:28:20 --> Session: Class initialized using 'CodeIgniter\Session\Handlers\FileHandler' driver.
DEBUG - 2025-12-29 12:28:27 --> Session: Class initialized using 'CodeIgniter\Session\Handlers\FileHandler' driver.
DEBUG - 2025-12-29 12:28:28 --> Session: Class initialized using 'CodeIgniter\Session\Handlers\FileHandler' driver.
INFO - 2025-12-29 12:28:28 --> Vehicle adjustment for 2026-01-06: is_saved=true, is_preloaded=false, SS distance to subtract=270km
INFO - 2025-12-29 12:28:28 --> Expansion date 2026-01-06: DB Total=176km, SS to subtract=270km, Derived Base=0km
INFO - 2025-12-29 12:28:28 --> Vehicle adjustment for 2026-01-06: is_saved=true, is_preloaded=false, SS distance to subtract=270km
INFO - 2025-12-29 12:28:28 --> Expansion date 2026-01-06: DB Total=176km, SS to subtract=270km, Derived Base=0km
INFO - 2025-12-29 12:28:28 --> Vehicle adjustment for 2026-01-06: is_saved=true, is_preloaded=false, SS distance to subtract=270km
INFO - 2025-12-29 12:28:28 --> Expansion date 2026-01-06: DB Total=176km, SS to subtract=270km, Derived Base=0km
INFO - 2025-12-29 12:28:28 --> Vehicle adjustment for 2026-01-06: is_saved=true, is_preloaded=false, SS distance to subtract=270km
INFO - 2025-12-29 12:28:28 --> Expansion date 2026-01-06: DB Total=176km, SS to subtract=270km, Derived Base=0km
INFO - 2025-12-29 12:28:28 --> Vehicle adjustment for 2026-01-06: is_saved=true, is_preloaded=false, SS distance to subtract=270km
INFO - 2025-12-29 12:28:28 --> Expansion date 2026-01-06: DB Total=176km, SS to subtract=270km, Derived Base=0km
INFO - 2025-12-29 12:28:28 --> Vehicle adjustment for 2026-01-07: is_saved=true, is_preloaded=false, SS distance to subtract=90km
INFO - 2025-12-29 12:28:28 --> Expansion date 2026-01-07: DB Total=0km, SS to subtract=90km, Derived Base=0km
INFO - 2025-12-29 12:28:28 --> Vehicle adjustment for 2026-01-07: is_saved=true, is_preloaded=false, SS distance to subtract=90km
INFO - 2025-12-29 12:28:28 --> Expansion date 2026-01-07: DB Total=0km, SS to subtract=90km, Derived Base=0km
INFO - 2025-12-29 12:28:28 --> Vehicle adjustment for 2026-01-07: is_saved=true, is_preloaded=false, SS distance to subtract=90km
INFO - 2025-12-29 12:28:28 --> Expansion date 2026-01-07: DB Total=0km, SS to subtract=90km, Derived Base=0km
INFO - 2025-12-29 12:28:28 --> Vehicle adjustment for 2026-01-07: is_saved=true, is_preloaded=false, SS distance to subtract=90km
INFO - 2025-12-29 12:28:28 --> Expansion date 2026-01-07: DB Total=0km, SS to subtract=90km, Derived Base=0km
INFO - 2025-12-29 12:28:28 --> Vehicle adjustment for 2026-01-07: is_saved=true, is_preloaded=false, SS distance to subtract=90km
INFO - 2025-12-29 12:28:28 --> Expansion date 2026-01-07: DB Total=0km, SS to subtract=90km, Derived Base=0km
INFO - 2025-12-29 12:28:28 --> Vehicle adjustment for 2026-01-08: is_saved=true, is_preloaded=false, SS distance to subtract=0km
INFO - 2025-12-29 12:28:28 --> Expansion date 2026-01-08: DB Total=176km, SS to subtract=0km, Derived Base=176km
INFO - 2025-12-29 12:28:28 --> Vehicle adjustment for 2026-01-08: is_saved=true, is_preloaded=false, SS distance to subtract=0km
INFO - 2025-12-29 12:28:28 --> Expansion date 2026-01-08: DB Total=176km, SS to subtract=0km, Derived Base=176km
INFO - 2025-12-29 12:28:28 --> Vehicle adjustment for 2026-01-08: is_saved=true, is_preloaded=false, SS distance to subtract=0km
INFO - 2025-12-29 12:28:28 --> Expansion date 2026-01-08: DB Total=176km, SS to subtract=0km, Derived Base=176km
INFO - 2025-12-29 12:28:28 --> Vehicle adjustment for 2026-01-08: is_saved=true, is_preloaded=false, SS distance to subtract=0km
INFO - 2025-12-29 12:28:28 --> Expansion date 2026-01-08: DB Total=176km, SS to subtract=0km, Derived Base=176km
INFO - 2025-12-29 12:28:28 --> Vehicle adjustment for 2026-01-08: is_saved=true, is_preloaded=false, SS distance to subtract=0km
INFO - 2025-12-29 12:28:28 --> Expansion date 2026-01-08: DB Total=176km, SS to subtract=0km, Derived Base=176km
INFO - 2025-12-29 12:28:28 --> Itinerary expansion date 2026-01-06: Derived Base=176km (SS subtract=270km)
INFO - 2025-12-29 12:28:28 --> Itinerary expansion date 2026-01-06: Derived Base=176km (SS subtract=270km)
INFO - 2025-12-29 12:28:28 --> Itinerary expansion date 2026-01-06: Derived Base=176km (SS subtract=270km)
INFO - 2025-12-29 12:28:28 --> Itinerary expansion date 2026-01-06: Derived Base=176km (SS subtract=270km)
INFO - 2025-12-29 12:28:28 --> Itinerary expansion date 2026-01-06: Derived Base=176km (SS subtract=270km)
INFO - 2025-12-29 12:28:28 --> Itinerary expansion date 2026-01-07: Derived Base=0km (SS subtract=90km)
INFO - 2025-12-29 12:28:28 --> Itinerary expansion date 2026-01-07: Derived Base=0km (SS subtract=90km)
INFO - 2025-12-29 12:28:28 --> Itinerary expansion date 2026-01-07: Derived Base=0km (SS subtract=90km)
INFO - 2025-12-29 12:28:28 --> Itinerary expansion date 2026-01-07: Derived Base=0km (SS subtract=90km)
INFO - 2025-12-29 12:28:28 --> Itinerary expansion date 2026-01-07: Derived Base=0km (SS subtract=90km)
INFO - 2025-12-29 12:28:28 --> Itinerary expansion date 2026-01-08: Derived Base=0km (SS subtract=0km)
INFO - 2025-12-29 12:28:28 --> Itinerary expansion date 2026-01-08: Derived Base=0km (SS subtract=0km)
INFO - 2025-12-29 12:28:28 --> Itinerary expansion date 2026-01-08: Derived Base=0km (SS subtract=0km)
INFO - 2025-12-29 12:28:28 --> Itinerary expansion date 2026-01-08: Derived Base=0km (SS subtract=0km)
INFO - 2025-12-29 12:28:28 --> Itinerary expansion date 2026-01-08: Derived Base=0km (SS subtract=0km)
DEBUG - 2025-12-29 12:28:38 --> Session: Class initialized using 'CodeIgniter\Session\Handlers\FileHandler' driver.
DEBUG - 2025-12-29 12:28:38 --> Session: Class initialized using 'CodeIgniter\Session\Handlers\FileHandler' driver.
DEBUG - 2025-12-29 12:28:38 --> Session: Class initialized using 'CodeIgniter\Session\Handlers\FileHandler' driver.
DEBUG - 2025-12-29 12:28:40 --> Session: Class initialized using 'CodeIgniter\Session\Handlers\FileHandler' driver.
DEBUG - 2025-12-29 12:28:40 --> Session: Class initialized using 'CodeIgniter\Session\Handlers\FileHandler' driver.
DEBUG - 2025-12-29 12:28:42 --> Session: Class initialized using 'CodeIgniter\Session\Handlers\FileHandler' driver.
INFO - 2025-12-29 12:28:42 --> Vehicle adjustment for 2026-01-06: is_saved=true, is_preloaded=false, SS distance to subtract=270km
INFO - 2025-12-29 12:28:42 --> Expansion date 2026-01-06: DB Total=176km, SS to subtract=270km, Derived Base=0km
INFO - 2025-12-29 12:28:42 --> Vehicle adjustment for 2026-01-06: is_saved=true, is_preloaded=false, SS distance to subtract=270km
INFO - 2025-12-29 12:28:42 --> Expansion date 2026-01-06: DB Total=176km, SS to subtract=270km, Derived Base=0km
INFO - 2025-12-29 12:28:42 --> Vehicle adjustment for 2026-01-06: is_saved=true, is_preloaded=false, SS distance to subtract=270km
INFO - 2025-12-29 12:28:42 --> Expansion date 2026-01-06: DB Total=176km, SS to subtract=270km, Derived Base=0km
INFO - 2025-12-29 12:28:42 --> Vehicle adjustment for 2026-01-06: is_saved=true, is_preloaded=false, SS distance to subtract=270km
INFO - 2025-12-29 12:28:42 --> Expansion date 2026-01-06: DB Total=176km, SS to subtract=270km, Derived Base=0km
INFO - 2025-12-29 12:28:42 --> Vehicle adjustment for 2026-01-06: is_saved=true, is_preloaded=false, SS distance to subtract=270km
INFO - 2025-12-29 12:28:42 --> Expansion date 2026-01-06: DB Total=176km, SS to subtract=270km, Derived Base=0km
INFO - 2025-12-29 12:28:42 --> Vehicle adjustment for 2026-01-07: is_saved=true, is_preloaded=false, SS distance to subtract=90km
INFO - 2025-12-29 12:28:42 --> Expansion date 2026-01-07: DB Total=0km, SS to subtract=90km, Derived Base=0km
INFO - 2025-12-29 12:28:42 --> Vehicle adjustment for 2026-01-07: is_saved=true, is_preloaded=false, SS distance to subtract=90km
INFO - 2025-12-29 12:28:42 --> Expansion date 2026-01-07: DB Total=0km, SS to subtract=90km, Derived Base=0km
INFO - 2025-12-29 12:28:42 --> Vehicle adjustment for 2026-01-07: is_saved=true, is_preloaded=false, SS distance to subtract=90km
INFO - 2025-12-29 12:28:42 --> Expansion date 2026-01-07: DB Total=0km, SS to subtract=90km, Derived Base=0km
INFO - 2025-12-29 12:28:42 --> Vehicle adjustment for 2026-01-07: is_saved=true, is_preloaded=false, SS distance to subtract=90km
INFO - 2025-12-29 12:28:42 --> Expansion date 2026-01-07: DB Total=0km, SS to subtract=90km, Derived Base=0km
INFO - 2025-12-29 12:28:42 --> Vehicle adjustment for 2026-01-07: is_saved=true, is_preloaded=false, SS distance to subtract=90km
INFO - 2025-12-29 12:28:42 --> Expansion date 2026-01-07: DB Total=0km, SS to subtract=90km, Derived Base=0km
INFO - 2025-12-29 12:28:42 --> Vehicle adjustment for 2026-01-08: is_saved=true, is_preloaded=false, SS distance to subtract=0km
INFO - 2025-12-29 12:28:42 --> Expansion date 2026-01-08: DB Total=176km, SS to subtract=0km, Derived Base=176km
INFO - 2025-12-29 12:28:42 --> Vehicle adjustment for 2026-01-08: is_saved=true, is_preloaded=false, SS distance to subtract=0km
INFO - 2025-12-29 12:28:42 --> Expansion date 2026-01-08: DB Total=176km, SS to subtract=0km, Derived Base=176km
INFO - 2025-12-29 12:28:42 --> Vehicle adjustment for 2026-01-08: is_saved=true, is_preloaded=false, SS distance to subtract=0km
INFO - 2025-12-29 12:28:42 --> Expansion date 2026-01-08: DB Total=176km, SS to subtract=0km, Derived Base=176km
INFO - 2025-12-29 12:28:42 --> Vehicle adjustment for 2026-01-08: is_saved=true, is_preloaded=false, SS distance to subtract=0km
INFO - 2025-12-29 12:28:42 --> Expansion date 2026-01-08: DB Total=176km, SS to subtract=0km, Derived Base=176km
INFO - 2025-12-29 12:28:42 --> Vehicle adjustment for 2026-01-08: is_saved=true, is_preloaded=false, SS distance to subtract=0km
INFO - 2025-12-29 12:28:42 --> Expansion date 2026-01-08: DB Total=176km, SS to subtract=0km, Derived Base=176km
INFO - 2025-12-29 12:28:42 --> Itinerary expansion date 2026-01-06: Derived Base=176km (SS subtract=270km)
INFO - 2025-12-29 12:28:42 --> Itinerary expansion date 2026-01-06: Derived Base=176km (SS subtract=270km)
INFO - 2025-12-29 12:28:42 --> Itinerary expansion date 2026-01-06: Derived Base=176km (SS subtract=270km)
INFO - 2025-12-29 12:28:42 --> Itinerary expansion date 2026-01-06: Derived Base=176km (SS subtract=270km)
INFO - 2025-12-29 12:28:42 --> Itinerary expansion date 2026-01-06: Derived Base=176km (SS subtract=270km)
INFO - 2025-12-29 12:28:42 --> Itinerary expansion date 2026-01-07: Derived Base=0km (SS subtract=90km)
INFO - 2025-12-29 12:28:42 --> Itinerary expansion date 2026-01-07: Derived Base=0km (SS subtract=90km)
INFO - 2025-12-29 12:28:42 --> Itinerary expansion date 2026-01-07: Derived Base=0km (SS subtract=90km)
INFO - 2025-12-29 12:28:42 --> Itinerary expansion date 2026-01-07: Derived Base=0km (SS subtract=90km)
INFO - 2025-12-29 12:28:42 --> Itinerary expansion date 2026-01-07: Derived Base=0km (SS subtract=90km)
INFO - 2025-12-29 12:28:42 --> Itinerary expansion date 2026-01-08: Derived Base=0km (SS subtract=0km)
INFO - 2025-12-29 12:28:42 --> Itinerary expansion date 2026-01-08: Derived Base=0km (SS subtract=0km)
INFO - 2025-12-29 12:28:42 --> Itinerary expansion date 2026-01-08: Derived Base=0km (SS subtract=0km)
INFO - 2025-12-29 12:28:42 --> Itinerary expansion date 2026-01-08: Derived Base=0km (SS subtract=0km)
INFO - 2025-12-29 12:28:42 --> Itinerary expansion date 2026-01-08: Derived Base=0km (SS subtract=0km)
DEBUG - 2025-12-29 12:28:45 --> Session: Class initialized using 'CodeIgniter\Session\Handlers\FileHandler' driver.
DEBUG - 2025-12-29 12:28:45 --> Session: Class initialized using 'CodeIgniter\Session\Handlers\FileHandler' driver.
DEBUG - 2025-12-29 12:28:47 --> Session: Class initialized using 'CodeIgniter\Session\Handlers\FileHandler' driver.
DEBUG - 2025-12-29 12:28:47 --> Session: Class initialized using 'CodeIgniter\Session\Handlers\FileHandler' driver.
DEBUG - 2025-12-29 12:28:49 --> Session: Class initialized using 'CodeIgniter\Session\Handlers\FileHandler' driver.
DEBUG - 2025-12-29 12:28:50 --> Session: Class initialized using 'CodeIgniter\Session\Handlers\FileHandler' driver.
DEBUG - 2025-12-29 12:28:50 --> Session: Class initialized using 'CodeIgniter\Session\Handlers\FileHandler' driver.
DEBUG - 2025-12-29 12:28:50 --> Session: Class initialized using 'CodeIgniter\Session\Handlers\FileHandler' driver.
DEBUG - 2025-12-29 12:28:55 --> Session: Class initialized using 'CodeIgniter\Session\Handlers\FileHandler' driver.
DEBUG - 2025-12-29 12:29:01 --> Session: Class initialized using 'CodeIgniter\Session\Handlers\FileHandler' driver.
DEBUG - 2025-12-29 12:29:01 --> Session: Class initialized using 'CodeIgniter\Session\Handlers\FileHandler' driver.
DEBUG - 2025-12-29 12:29:05 --> Session: Class initialized using 'CodeIgniter\Session\Handlers\FileHandler' driver.
INFO - 2025-12-29 12:29:05 --> Loading previous itinerary data from previous_active_tour_id: 2027
INFO - 2025-12-29 12:29:05 --> Loading itinerary for tour_details_id: 2027, extension_ref_id: 585
INFO - 2025-12-29 12:29:05 --> Found 4 itinerary records
INFO - 2025-12-29 12:29:05 --> Found matching date 2026-01-06 in previous tour plan (preloading)
INFO - 2025-12-29 12:29:05 --> Preloaded from previous tour: 3 sightseeing, 0 special events, 3 hotel facilities
INFO - 2025-12-29 12:29:05 --> Loading previous itinerary data from previous_active_tour_id: 2027
INFO - 2025-12-29 12:29:05 --> Loading itinerary for tour_details_id: 2027, extension_ref_id: 585
INFO - 2025-12-29 12:29:05 --> Found 4 itinerary records
INFO - 2025-12-29 12:29:05 --> Found matching date 2026-01-07 in previous tour plan (preloading)
INFO - 2025-12-29 12:29:05 --> Preloaded from previous tour: 1 sightseeing, 0 special events, 3 hotel facilities
INFO - 2025-12-29 12:29:05 --> Loading previous itinerary data from previous_active_tour_id: 2027
INFO - 2025-12-29 12:29:05 --> Loading itinerary for tour_details_id: 2027, extension_ref_id: 585
INFO - 2025-12-29 12:29:05 --> Found 4 itinerary records
INFO - 2025-12-29 12:29:05 --> Found matching date 2026-01-08 in previous tour plan (preloading)
INFO - 2025-12-29 12:29:05 --> Preloaded from previous tour: 1 sightseeing, 0 special events, 3 hotel facilities
INFO - 2025-12-29 12:29:05 --> Vehicle adjustment for 2026-01-06: is_saved=true, is_preloaded=true, SS distance to subtract=0km
INFO - 2025-12-29 12:29:05 --> Expansion date 2026-01-06: DB Total=176km, SS to subtract=0km, Derived Base=176km
INFO - 2025-12-29 12:29:05 --> Vehicle adjustment for 2026-01-06: is_saved=true, is_preloaded=true, SS distance to subtract=0km
INFO - 2025-12-29 12:29:05 --> Expansion date 2026-01-06: DB Total=176km, SS to subtract=0km, Derived Base=176km
INFO - 2025-12-29 12:29:05 --> Vehicle adjustment for 2026-01-06: is_saved=true, is_preloaded=true, SS distance to subtract=0km
INFO - 2025-12-29 12:29:05 --> Expansion date 2026-01-06: DB Total=176km, SS to subtract=0km, Derived Base=176km
INFO - 2025-12-29 12:29:05 --> Vehicle adjustment for 2026-01-06: is_saved=true, is_preloaded=true, SS distance to subtract=0km
INFO - 2025-12-29 12:29:05 --> Expansion date 2026-01-06: DB Total=176km, SS to subtract=0km, Derived Base=176km
INFO - 2025-12-29 12:29:05 --> Vehicle adjustment for 2026-01-06: is_saved=true, is_preloaded=true, SS distance to subtract=0km
INFO - 2025-12-29 12:29:05 --> Expansion date 2026-01-06: DB Total=176km, SS to subtract=0km, Derived Base=176km
INFO - 2025-12-29 12:29:05 --> Vehicle adjustment for 2026-01-07: is_saved=true, is_preloaded=true, SS distance to subtract=0km
INFO - 2025-12-29 12:29:05 --> Expansion date 2026-01-07: DB Total=0km, SS to subtract=0km, Derived Base=0km
INFO - 2025-12-29 12:29:05 --> Vehicle adjustment for 2026-01-07: is_saved=true, is_preloaded=true, SS distance to subtract=0km
INFO - 2025-12-29 12:29:05 --> Expansion date 2026-01-07: DB Total=0km, SS to subtract=0km, Derived Base=0km
INFO - 2025-12-29 12:29:05 --> Vehicle adjustment for 2026-01-07: is_saved=true, is_preloaded=true, SS distance to subtract=0km
INFO - 2025-12-29 12:29:05 --> Expansion date 2026-01-07: DB Total=0km, SS to subtract=0km, Derived Base=0km
INFO - 2025-12-29 12:29:05 --> Vehicle adjustment for 2026-01-07: is_saved=true, is_preloaded=true, SS distance to subtract=0km
INFO - 2025-12-29 12:29:05 --> Expansion date 2026-01-07: DB Total=0km, SS to subtract=0km, Derived Base=0km
INFO - 2025-12-29 12:29:05 --> Vehicle adjustment for 2026-01-07: is_saved=true, is_preloaded=true, SS distance to subtract=0km
INFO - 2025-12-29 12:29:05 --> Expansion date 2026-01-07: DB Total=0km, SS to subtract=0km, Derived Base=0km
INFO - 2025-12-29 12:29:05 --> Vehicle adjustment for 2026-01-08: is_saved=true, is_preloaded=true, SS distance to subtract=0km
INFO - 2025-12-29 12:29:05 --> Expansion date 2026-01-08: DB Total=176km, SS to subtract=0km, Derived Base=176km
INFO - 2025-12-29 12:29:05 --> Vehicle adjustment for 2026-01-08: is_saved=true, is_preloaded=true, SS distance to subtract=0km
INFO - 2025-12-29 12:29:05 --> Expansion date 2026-01-08: DB Total=176km, SS to subtract=0km, Derived Base=176km
INFO - 2025-12-29 12:29:05 --> Vehicle adjustment for 2026-01-08: is_saved=true, is_preloaded=true, SS distance to subtract=0km
INFO - 2025-12-29 12:29:05 --> Expansion date 2026-01-08: DB Total=176km, SS to subtract=0km, Derived Base=176km
INFO - 2025-12-29 12:29:05 --> Vehicle adjustment for 2026-01-08: is_saved=true, is_preloaded=true, SS distance to subtract=0km
INFO - 2025-12-29 12:29:05 --> Expansion date 2026-01-08: DB Total=176km, SS to subtract=0km, Derived Base=176km
INFO - 2025-12-29 12:29:05 --> Vehicle adjustment for 2026-01-08: is_saved=true, is_preloaded=true, SS distance to subtract=0km
INFO - 2025-12-29 12:29:05 --> Expansion date 2026-01-08: DB Total=176km, SS to subtract=0km, Derived Base=176km
DEBUG - 2025-12-29 12:29:43 --> Session: Class initialized using 'CodeIgniter\Session\Handlers\FileHandler' driver.
DEBUG - 2025-12-29 12:29:47 --> Session: Class initialized using 'CodeIgniter\Session\Handlers\FileHandler' driver.
DEBUG - 2025-12-29 12:29:47 --> Session: Class initialized using 'CodeIgniter\Session\Handlers\FileHandler' driver.
DEBUG - 2025-12-29 12:29:48 --> Session: Class initialized using 'CodeIgniter\Session\Handlers\FileHandler' driver.
DEBUG - 2025-12-29 12:29:48 --> Session: Class initialized using 'CodeIgniter\Session\Handlers\FileHandler' driver.
DEBUG - 2025-12-29 12:29:51 --> Session: Class initialized using 'CodeIgniter\Session\Handlers\FileHandler' driver.
DEBUG - 2025-12-29 12:29:52 --> Session: Class initialized using 'CodeIgniter\Session\Handlers\FileHandler' driver.
DEBUG - 2025-12-29 12:29:53 --> Session: Class initialized using 'CodeIgniter\Session\Handlers\FileHandler' driver.
INFO - 2025-12-29 12:29:53 --> Vehicle adjustment for 2026-01-06: is_saved=true, is_preloaded=false, SS distance to subtract=90km
INFO - 2025-12-29 12:29:53 --> Expansion date 2026-01-06: DB Total=176km, SS to subtract=90km, Derived Base=86km
INFO - 2025-12-29 12:29:53 --> Vehicle adjustment for 2026-01-06: is_saved=true, is_preloaded=false, SS distance to subtract=90km
INFO - 2025-12-29 12:29:53 --> Expansion date 2026-01-06: DB Total=176km, SS to subtract=90km, Derived Base=86km
INFO - 2025-12-29 12:29:53 --> Vehicle adjustment for 2026-01-06: is_saved=true, is_preloaded=false, SS distance to subtract=90km
INFO - 2025-12-29 12:29:53 --> Expansion date 2026-01-06: DB Total=176km, SS to subtract=90km, Derived Base=86km
INFO - 2025-12-29 12:29:53 --> Vehicle adjustment for 2026-01-06: is_saved=true, is_preloaded=false, SS distance to subtract=90km
INFO - 2025-12-29 12:29:53 --> Expansion date 2026-01-06: DB Total=176km, SS to subtract=90km, Derived Base=86km
INFO - 2025-12-29 12:29:53 --> Vehicle adjustment for 2026-01-06: is_saved=true, is_preloaded=false, SS distance to subtract=90km
INFO - 2025-12-29 12:29:53 --> Expansion date 2026-01-06: DB Total=176km, SS to subtract=90km, Derived Base=86km
INFO - 2025-12-29 12:29:53 --> Vehicle adjustment for 2026-01-07: is_saved=true, is_preloaded=false, SS distance to subtract=100km
INFO - 2025-12-29 12:29:53 --> Expansion date 2026-01-07: DB Total=0km, SS to subtract=100km, Derived Base=0km
INFO - 2025-12-29 12:29:53 --> Vehicle adjustment for 2026-01-07: is_saved=true, is_preloaded=false, SS distance to subtract=100km
INFO - 2025-12-29 12:29:53 --> Expansion date 2026-01-07: DB Total=0km, SS to subtract=100km, Derived Base=0km
INFO - 2025-12-29 12:29:53 --> Vehicle adjustment for 2026-01-07: is_saved=true, is_preloaded=false, SS distance to subtract=100km
INFO - 2025-12-29 12:29:53 --> Expansion date 2026-01-07: DB Total=0km, SS to subtract=100km, Derived Base=0km
INFO - 2025-12-29 12:29:53 --> Vehicle adjustment for 2026-01-07: is_saved=true, is_preloaded=false, SS distance to subtract=100km
INFO - 2025-12-29 12:29:53 --> Expansion date 2026-01-07: DB Total=0km, SS to subtract=100km, Derived Base=0km
INFO - 2025-12-29 12:29:53 --> Vehicle adjustment for 2026-01-07: is_saved=true, is_preloaded=false, SS distance to subtract=100km
INFO - 2025-12-29 12:29:53 --> Expansion date 2026-01-07: DB Total=0km, SS to subtract=100km, Derived Base=0km
INFO - 2025-12-29 12:29:53 --> Loading previous itinerary data from previous_active_tour_id: 2009
INFO - 2025-12-29 12:29:53 --> Loading itinerary for tour_details_id: 2009, extension_ref_id: 581
INFO - 2025-12-29 12:29:53 --> Found 2 itinerary records
INFO - 2025-12-29 12:29:53 --> Day 1 (date 2026-01-08): No defaults loaded
INFO - 2025-12-29 12:29:53 --> Vehicle adjustment for 2026-01-08: is_saved=false, is_preloaded=false, SS distance to subtract=0km
INFO - 2025-12-29 12:29:53 --> Expansion date 2026-01-08: DB Total=211km, SS to subtract=0km, Derived Base=211km
INFO - 2025-12-29 12:29:54 --> Vehicle adjustment for 2026-01-08: is_saved=false, is_preloaded=false, SS distance to subtract=0km
INFO - 2025-12-29 12:29:54 --> Expansion date 2026-01-08: DB Total=211km, SS to subtract=0km, Derived Base=211km
INFO - 2025-12-29 12:29:54 --> Vehicle adjustment for 2026-01-08: is_saved=false, is_preloaded=false, SS distance to subtract=0km
INFO - 2025-12-29 12:29:54 --> Expansion date 2026-01-08: DB Total=211km, SS to subtract=0km, Derived Base=211km
INFO - 2025-12-29 12:29:54 --> Vehicle adjustment for 2026-01-08: is_saved=false, is_preloaded=false, SS distance to subtract=0km
INFO - 2025-12-29 12:29:54 --> Expansion date 2026-01-08: DB Total=211km, SS to subtract=0km, Derived Base=211km
INFO - 2025-12-29 12:29:54 --> Vehicle adjustment for 2026-01-08: is_saved=false, is_preloaded=false, SS distance to subtract=0km
INFO - 2025-12-29 12:29:54 --> Expansion date 2026-01-08: DB Total=211km, SS to subtract=0km, Derived Base=211km
INFO - 2025-12-29 12:29:54 --> Itinerary expansion date 2026-01-06: Derived Base=266km (SS subtract=90km)
INFO - 2025-12-29 12:29:54 --> Itinerary expansion date 2026-01-06: Derived Base=266km (SS subtract=90km)
INFO - 2025-12-29 12:29:54 --> Itinerary expansion date 2026-01-06: Derived Base=266km (SS subtract=90km)
INFO - 2025-12-29 12:29:54 --> Itinerary expansion date 2026-01-06: Derived Base=266km (SS subtract=90km)
INFO - 2025-12-29 12:29:54 --> Itinerary expansion date 2026-01-06: Derived Base=266km (SS subtract=90km)
INFO - 2025-12-29 12:29:54 --> Itinerary expansion date 2026-01-07: Derived Base=100km (SS subtract=100km)
INFO - 2025-12-29 12:29:54 --> Itinerary expansion date 2026-01-07: Derived Base=100km (SS subtract=100km)
INFO - 2025-12-29 12:29:54 --> Itinerary expansion date 2026-01-07: Derived Base=100km (SS subtract=100km)
INFO - 2025-12-29 12:29:54 --> Itinerary expansion date 2026-01-07: Derived Base=100km (SS subtract=100km)
INFO - 2025-12-29 12:29:54 --> Itinerary expansion date 2026-01-07: Derived Base=100km (SS subtract=100km)
DEBUG - 2025-12-29 12:29:57 --> Session: Class initialized using 'CodeIgniter\Session\Handlers\FileHandler' driver.
DEBUG - 2025-12-29 12:29:58 --> Session: Class initialized using 'CodeIgniter\Session\Handlers\FileHandler' driver.
DEBUG - 2025-12-29 12:30:00 --> Session: Class initialized using 'CodeIgniter\Session\Handlers\FileHandler' driver.
DEBUG - 2025-12-29 12:30:01 --> Session: Class initialized using 'CodeIgniter\Session\Handlers\FileHandler' driver.
DEBUG - 2025-12-29 12:30:01 --> Session: Class initialized using 'CodeIgniter\Session\Handlers\FileHandler' driver.
DEBUG - 2025-12-29 12:30:01 --> Session: Class initialized using 'CodeIgniter\Session\Handlers\FileHandler' driver.
DEBUG - 2025-12-29 12:30:02 --> Session: Class initialized using 'CodeIgniter\Session\Handlers\FileHandler' driver.
DEBUG - 2025-12-29 12:30:02 --> Session: Class initialized using 'CodeIgniter\Session\Handlers\FileHandler' driver.
DEBUG - 2025-12-29 12:30:07 --> Session: Class initialized using 'CodeIgniter\Session\Handlers\FileHandler' driver.
DEBUG - 2025-12-29 12:30:07 --> Session: Class initialized using 'CodeIgniter\Session\Handlers\FileHandler' driver.
DEBUG - 2025-12-29 12:30:08 --> Session: Class initialized using 'CodeIgniter\Session\Handlers\FileHandler' driver.
DEBUG - 2025-12-29 12:30:09 --> Session: Class initialized using 'CodeIgniter\Session\Handlers\FileHandler' driver.
DEBUG - 2025-12-29 12:30:11 --> Session: Class initialized using 'CodeIgniter\Session\Handlers\FileHandler' driver.
INFO - 2025-12-29 12:30:11 --> Loading previous itinerary data from previous_active_tour_id: 2011
INFO - 2025-12-29 12:30:11 --> Loading itinerary for tour_details_id: 2011, extension_ref_id: 582
INFO - 2025-12-29 12:30:11 --> Found 2 itinerary records
INFO - 2025-12-29 12:30:11 --> Found matching date 2026-01-06 in previous tour plan (preloading)
INFO - 2025-12-29 12:30:11 --> Preloaded from previous tour: 1 sightseeing, 0 special events, 0 hotel facilities
INFO - 2025-12-29 12:30:11 --> Loading previous itinerary data from previous_active_tour_id: 2011
INFO - 2025-12-29 12:30:11 --> Loading itinerary for tour_details_id: 2011, extension_ref_id: 582
INFO - 2025-12-29 12:30:11 --> Found 2 itinerary records
INFO - 2025-12-29 12:30:11 --> Found matching date 2026-01-07 in previous tour plan (preloading)
INFO - 2025-12-29 12:30:11 --> Preloaded from previous tour: 1 sightseeing, 0 special events, 0 hotel facilities
INFO - 2025-12-29 12:30:11 --> Vehicle adjustment for 2026-01-06: is_saved=true, is_preloaded=true, SS distance to subtract=0km
INFO - 2025-12-29 12:30:11 --> Expansion date 2026-01-06: DB Total=176km, SS to subtract=0km, Derived Base=176km
INFO - 2025-12-29 12:30:11 --> Vehicle adjustment for 2026-01-06: is_saved=true, is_preloaded=true, SS distance to subtract=0km
INFO - 2025-12-29 12:30:11 --> Expansion date 2026-01-06: DB Total=176km, SS to subtract=0km, Derived Base=176km
INFO - 2025-12-29 12:30:11 --> Vehicle adjustment for 2026-01-06: is_saved=true, is_preloaded=true, SS distance to subtract=0km
INFO - 2025-12-29 12:30:11 --> Expansion date 2026-01-06: DB Total=176km, SS to subtract=0km, Derived Base=176km
INFO - 2025-12-29 12:30:11 --> Vehicle adjustment for 2026-01-06: is_saved=true, is_preloaded=true, SS distance to subtract=0km
INFO - 2025-12-29 12:30:11 --> Expansion date 2026-01-06: DB Total=176km, SS to subtract=0km, Derived Base=176km
INFO - 2025-12-29 12:30:11 --> Vehicle adjustment for 2026-01-06: is_saved=true, is_preloaded=true, SS distance to subtract=0km
INFO - 2025-12-29 12:30:11 --> Expansion date 2026-01-06: DB Total=176km, SS to subtract=0km, Derived Base=176km
INFO - 2025-12-29 12:30:11 --> Vehicle adjustment for 2026-01-07: is_saved=true, is_preloaded=true, SS distance to subtract=0km
INFO - 2025-12-29 12:30:11 --> Expansion date 2026-01-07: DB Total=0km, SS to subtract=0km, Derived Base=0km
INFO - 2025-12-29 12:30:11 --> Vehicle adjustment for 2026-01-07: is_saved=true, is_preloaded=true, SS distance to subtract=0km
INFO - 2025-12-29 12:30:11 --> Expansion date 2026-01-07: DB Total=0km, SS to subtract=0km, Derived Base=0km
INFO - 2025-12-29 12:30:11 --> Vehicle adjustment for 2026-01-07: is_saved=true, is_preloaded=true, SS distance to subtract=0km
INFO - 2025-12-29 12:30:11 --> Expansion date 2026-01-07: DB Total=0km, SS to subtract=0km, Derived Base=0km
INFO - 2025-12-29 12:30:11 --> Vehicle adjustment for 2026-01-07: is_saved=true, is_preloaded=true, SS distance to subtract=0km
INFO - 2025-12-29 12:30:11 --> Expansion date 2026-01-07: DB Total=0km, SS to subtract=0km, Derived Base=0km
INFO - 2025-12-29 12:30:11 --> Vehicle adjustment for 2026-01-07: is_saved=true, is_preloaded=true, SS distance to subtract=0km
INFO - 2025-12-29 12:30:11 --> Expansion date 2026-01-07: DB Total=0km, SS to subtract=0km, Derived Base=0km
INFO - 2025-12-29 12:30:11 --> Loading previous itinerary data from previous_active_tour_id: 2011
INFO - 2025-12-29 12:30:11 --> Loading itinerary for tour_details_id: 2011, extension_ref_id: 582
INFO - 2025-12-29 12:30:11 --> Found 2 itinerary records
INFO - 2025-12-29 12:30:11 --> Day 1 (date 2026-01-08): No defaults loaded
INFO - 2025-12-29 12:30:11 --> Vehicle adjustment for 2026-01-08: is_saved=false, is_preloaded=false, SS distance to subtract=0km
INFO - 2025-12-29 12:30:11 --> Expansion date 2026-01-08: DB Total=211km, SS to subtract=0km, Derived Base=211km
INFO - 2025-12-29 12:30:11 --> Vehicle adjustment for 2026-01-08: is_saved=false, is_preloaded=false, SS distance to subtract=0km
INFO - 2025-12-29 12:30:11 --> Expansion date 2026-01-08: DB Total=211km, SS to subtract=0km, Derived Base=211km
INFO - 2025-12-29 12:30:11 --> Vehicle adjustment for 2026-01-08: is_saved=false, is_preloaded=false, SS distance to subtract=0km
INFO - 2025-12-29 12:30:11 --> Expansion date 2026-01-08: DB Total=211km, SS to subtract=0km, Derived Base=211km
INFO - 2025-12-29 12:30:11 --> Vehicle adjustment for 2026-01-08: is_saved=false, is_preloaded=false, SS distance to subtract=0km
INFO - 2025-12-29 12:30:11 --> Expansion date 2026-01-08: DB Total=211km, SS to subtract=0km, Derived Base=211km
INFO - 2025-12-29 12:30:11 --> Vehicle adjustment for 2026-01-08: is_saved=false, is_preloaded=false, SS distance to subtract=0km
INFO - 2025-12-29 12:30:11 --> Expansion date 2026-01-08: DB Total=211km, SS to subtract=0km, Derived Base=211km
DEBUG - 2025-12-29 12:32:19 --> Session: Class initialized using 'CodeIgniter\Session\Handlers\FileHandler' driver.
INFO - 2025-12-29 12:32:19 --> Loading previous itinerary data from previous_active_tour_id: 2011
INFO - 2025-12-29 12:32:19 --> Loading itinerary for tour_details_id: 2011, extension_ref_id: 582
INFO - 2025-12-29 12:32:19 --> Found 2 itinerary records
INFO - 2025-12-29 12:32:19 --> Found matching date 2026-01-06 in previous tour plan (preloading)
INFO - 2025-12-29 12:32:19 --> Preloaded from previous tour: 1 sightseeing, 0 special events, 0 hotel facilities
INFO - 2025-12-29 12:32:19 --> Loading previous itinerary data from previous_active_tour_id: 2011
INFO - 2025-12-29 12:32:19 --> Loading itinerary for tour_details_id: 2011, extension_ref_id: 582
INFO - 2025-12-29 12:32:19 --> Found 2 itinerary records
INFO - 2025-12-29 12:32:19 --> Found matching date 2026-01-07 in previous tour plan (preloading)
INFO - 2025-12-29 12:32:19 --> Preloaded from previous tour: 1 sightseeing, 0 special events, 0 hotel facilities
INFO - 2025-12-29 12:32:19 --> Vehicle adjustment for 2026-01-06: is_saved=true, is_preloaded=true, SS distance to subtract=0km
INFO - 2025-12-29 12:32:19 --> Expansion date 2026-01-06: DB Total=176km, SS to subtract=0km, Derived Base=176km
INFO - 2025-12-29 12:32:19 --> Vehicle adjustment for 2026-01-06: is_saved=true, is_preloaded=true, SS distance to subtract=0km
INFO - 2025-12-29 12:32:19 --> Expansion date 2026-01-06: DB Total=176km, SS to subtract=0km, Derived Base=176km
INFO - 2025-12-29 12:32:19 --> Vehicle adjustment for 2026-01-06: is_saved=true, is_preloaded=true, SS distance to subtract=0km
INFO - 2025-12-29 12:32:19 --> Expansion date 2026-01-06: DB Total=176km, SS to subtract=0km, Derived Base=176km
INFO - 2025-12-29 12:32:19 --> Vehicle adjustment for 2026-01-06: is_saved=true, is_preloaded=true, SS distance to subtract=0km
INFO - 2025-12-29 12:32:19 --> Expansion date 2026-01-06: DB Total=176km, SS to subtract=0km, Derived Base=176km
INFO - 2025-12-29 12:32:19 --> Vehicle adjustment for 2026-01-06: is_saved=true, is_preloaded=true, SS distance to subtract=0km
INFO - 2025-12-29 12:32:19 --> Expansion date 2026-01-06: DB Total=176km, SS to subtract=0km, Derived Base=176km
INFO - 2025-12-29 12:32:19 --> Vehicle adjustment for 2026-01-07: is_saved=true, is_preloaded=true, SS distance to subtract=0km
INFO - 2025-12-29 12:32:19 --> Expansion date 2026-01-07: DB Total=0km, SS to subtract=0km, Derived Base=0km
INFO - 2025-12-29 12:32:19 --> Vehicle adjustment for 2026-01-07: is_saved=true, is_preloaded=true, SS distance to subtract=0km
INFO - 2025-12-29 12:32:19 --> Expansion date 2026-01-07: DB Total=0km, SS to subtract=0km, Derived Base=0km
INFO - 2025-12-29 12:32:19 --> Vehicle adjustment for 2026-01-07: is_saved=true, is_preloaded=true, SS distance to subtract=0km
INFO - 2025-12-29 12:32:19 --> Expansion date 2026-01-07: DB Total=0km, SS to subtract=0km, Derived Base=0km
INFO - 2025-12-29 12:32:19 --> Vehicle adjustment for 2026-01-07: is_saved=true, is_preloaded=true, SS distance to subtract=0km
INFO - 2025-12-29 12:32:19 --> Expansion date 2026-01-07: DB Total=0km, SS to subtract=0km, Derived Base=0km
INFO - 2025-12-29 12:32:19 --> Vehicle adjustment for 2026-01-07: is_saved=true, is_preloaded=true, SS distance to subtract=0km
INFO - 2025-12-29 12:32:19 --> Expansion date 2026-01-07: DB Total=0km, SS to subtract=0km, Derived Base=0km
INFO - 2025-12-29 12:32:19 --> Loading previous itinerary data from previous_active_tour_id: 2011
INFO - 2025-12-29 12:32:19 --> Loading itinerary for tour_details_id: 2011, extension_ref_id: 582
INFO - 2025-12-29 12:32:19 --> Found 2 itinerary records
INFO - 2025-12-29 12:32:19 --> Day 1 (date 2026-01-08): No defaults loaded
INFO - 2025-12-29 12:32:19 --> Vehicle adjustment for 2026-01-08: is_saved=false, is_preloaded=false, SS distance to subtract=0km
INFO - 2025-12-29 12:32:19 --> Expansion date 2026-01-08: DB Total=211km, SS to subtract=0km, Derived Base=211km
INFO - 2025-12-29 12:32:19 --> Vehicle adjustment for 2026-01-08: is_saved=false, is_preloaded=false, SS distance to subtract=0km
INFO - 2025-12-29 12:32:19 --> Expansion date 2026-01-08: DB Total=211km, SS to subtract=0km, Derived Base=211km
INFO - 2025-12-29 12:32:19 --> Vehicle adjustment for 2026-01-08: is_saved=false, is_preloaded=false, SS distance to subtract=0km
INFO - 2025-12-29 12:32:19 --> Expansion date 2026-01-08: DB Total=211km, SS to subtract=0km, Derived Base=211km
INFO - 2025-12-29 12:32:19 --> Vehicle adjustment for 2026-01-08: is_saved=false, is_preloaded=false, SS distance to subtract=0km
INFO - 2025-12-29 12:32:19 --> Expansion date 2026-01-08: DB Total=211km, SS to subtract=0km, Derived Base=211km
INFO - 2025-12-29 12:32:19 --> Vehicle adjustment for 2026-01-08: is_saved=false, is_preloaded=false, SS distance to subtract=0km
INFO - 2025-12-29 12:32:19 --> Expansion date 2026-01-08: DB Total=211km, SS to subtract=0km, Derived Base=211km
DEBUG - 2025-12-29 12:32:26 --> Session: Class initialized using 'CodeIgniter\Session\Handlers\FileHandler' driver.
DEBUG - 2025-12-29 12:32:26 --> Session: Class initialized using 'CodeIgniter\Session\Handlers\FileHandler' driver.
DEBUG - 2025-12-29 12:32:29 --> Session: Class initialized using 'CodeIgniter\Session\Handlers\FileHandler' driver.
DEBUG - 2025-12-29 12:32:29 --> Session: Class initialized using 'CodeIgniter\Session\Handlers\FileHandler' driver.
DEBUG - 2025-12-29 12:32:34 --> Session: Class initialized using 'CodeIgniter\Session\Handlers\FileHandler' driver.
DEBUG - 2025-12-29 12:32:35 --> Session: Class initialized using 'CodeIgniter\Session\Handlers\FileHandler' driver.
DEBUG - 2025-12-29 12:32:37 --> Session: Class initialized using 'CodeIgniter\Session\Handlers\FileHandler' driver.
INFO - 2025-12-29 12:32:37 --> Vehicle adjustment for 2026-01-06: is_saved=true, is_preloaded=false, SS distance to subtract=270km
INFO - 2025-12-29 12:32:37 --> Expansion date 2026-01-06: DB Total=176km, SS to subtract=270km, Derived Base=0km
INFO - 2025-12-29 12:32:37 --> Vehicle adjustment for 2026-01-06: is_saved=true, is_preloaded=false, SS distance to subtract=270km
INFO - 2025-12-29 12:32:37 --> Expansion date 2026-01-06: DB Total=176km, SS to subtract=270km, Derived Base=0km
INFO - 2025-12-29 12:32:37 --> Vehicle adjustment for 2026-01-06: is_saved=true, is_preloaded=false, SS distance to subtract=270km
INFO - 2025-12-29 12:32:37 --> Expansion date 2026-01-06: DB Total=176km, SS to subtract=270km, Derived Base=0km
INFO - 2025-12-29 12:32:37 --> Vehicle adjustment for 2026-01-06: is_saved=true, is_preloaded=false, SS distance to subtract=270km
INFO - 2025-12-29 12:32:37 --> Expansion date 2026-01-06: DB Total=176km, SS to subtract=270km, Derived Base=0km
INFO - 2025-12-29 12:32:37 --> Vehicle adjustment for 2026-01-06: is_saved=true, is_preloaded=false, SS distance to subtract=270km
INFO - 2025-12-29 12:32:37 --> Expansion date 2026-01-06: DB Total=176km, SS to subtract=270km, Derived Base=0km
INFO - 2025-12-29 12:32:37 --> Vehicle adjustment for 2026-01-07: is_saved=true, is_preloaded=false, SS distance to subtract=90km
INFO - 2025-12-29 12:32:37 --> Expansion date 2026-01-07: DB Total=0km, SS to subtract=90km, Derived Base=0km
INFO - 2025-12-29 12:32:37 --> Vehicle adjustment for 2026-01-07: is_saved=true, is_preloaded=false, SS distance to subtract=90km
INFO - 2025-12-29 12:32:37 --> Expansion date 2026-01-07: DB Total=0km, SS to subtract=90km, Derived Base=0km
INFO - 2025-12-29 12:32:37 --> Vehicle adjustment for 2026-01-07: is_saved=true, is_preloaded=false, SS distance to subtract=90km
INFO - 2025-12-29 12:32:37 --> Expansion date 2026-01-07: DB Total=0km, SS to subtract=90km, Derived Base=0km
INFO - 2025-12-29 12:32:37 --> Vehicle adjustment for 2026-01-07: is_saved=true, is_preloaded=false, SS distance to subtract=90km
INFO - 2025-12-29 12:32:37 --> Expansion date 2026-01-07: DB Total=0km, SS to subtract=90km, Derived Base=0km
INFO - 2025-12-29 12:32:37 --> Vehicle adjustment for 2026-01-07: is_saved=true, is_preloaded=false, SS distance to subtract=90km
INFO - 2025-12-29 12:32:37 --> Expansion date 2026-01-07: DB Total=0km, SS to subtract=90km, Derived Base=0km
INFO - 2025-12-29 12:32:37 --> Vehicle adjustment for 2026-01-08: is_saved=true, is_preloaded=false, SS distance to subtract=0km
INFO - 2025-12-29 12:32:37 --> Expansion date 2026-01-08: DB Total=176km, SS to subtract=0km, Derived Base=176km
INFO - 2025-12-29 12:32:37 --> Vehicle adjustment for 2026-01-08: is_saved=true, is_preloaded=false, SS distance to subtract=0km
INFO - 2025-12-29 12:32:37 --> Expansion date 2026-01-08: DB Total=176km, SS to subtract=0km, Derived Base=176km
INFO - 2025-12-29 12:32:37 --> Vehicle adjustment for 2026-01-08: is_saved=true, is_preloaded=false, SS distance to subtract=0km
INFO - 2025-12-29 12:32:37 --> Expansion date 2026-01-08: DB Total=176km, SS to subtract=0km, Derived Base=176km
INFO - 2025-12-29 12:32:37 --> Vehicle adjustment for 2026-01-08: is_saved=true, is_preloaded=false, SS distance to subtract=0km
INFO - 2025-12-29 12:32:37 --> Expansion date 2026-01-08: DB Total=176km, SS to subtract=0km, Derived Base=176km
INFO - 2025-12-29 12:32:37 --> Vehicle adjustment for 2026-01-08: is_saved=true, is_preloaded=false, SS distance to subtract=0km
INFO - 2025-12-29 12:32:37 --> Expansion date 2026-01-08: DB Total=176km, SS to subtract=0km, Derived Base=176km
INFO - 2025-12-29 12:32:37 --> Itinerary expansion date 2026-01-06: Derived Base=176km (SS subtract=270km)
INFO - 2025-12-29 12:32:37 --> Itinerary expansion date 2026-01-06: Derived Base=176km (SS subtract=270km)
INFO - 2025-12-29 12:32:37 --> Itinerary expansion date 2026-01-06: Derived Base=176km (SS subtract=270km)
INFO - 2025-12-29 12:32:37 --> Itinerary expansion date 2026-01-06: Derived Base=176km (SS subtract=270km)
INFO - 2025-12-29 12:32:37 --> Itinerary expansion date 2026-01-06: Derived Base=176km (SS subtract=270km)
INFO - 2025-12-29 12:32:37 --> Itinerary expansion date 2026-01-07: Derived Base=0km (SS subtract=90km)
INFO - 2025-12-29 12:32:37 --> Itinerary expansion date 2026-01-07: Derived Base=0km (SS subtract=90km)
INFO - 2025-12-29 12:32:37 --> Itinerary expansion date 2026-01-07: Derived Base=0km (SS subtract=90km)
INFO - 2025-12-29 12:32:37 --> Itinerary expansion date 2026-01-07: Derived Base=0km (SS subtract=90km)
INFO - 2025-12-29 12:32:37 --> Itinerary expansion date 2026-01-07: Derived Base=0km (SS subtract=90km)
INFO - 2025-12-29 12:32:37 --> Itinerary expansion date 2026-01-08: Derived Base=0km (SS subtract=0km)
INFO - 2025-12-29 12:32:37 --> Itinerary expansion date 2026-01-08: Derived Base=0km (SS subtract=0km)
INFO - 2025-12-29 12:32:37 --> Itinerary expansion date 2026-01-08: Derived Base=0km (SS subtract=0km)
INFO - 2025-12-29 12:32:37 --> Itinerary expansion date 2026-01-08: Derived Base=0km (SS subtract=0km)
INFO - 2025-12-29 12:32:37 --> Itinerary expansion date 2026-01-08: Derived Base=0km (SS subtract=0km)
DEBUG - 2025-12-29 12:32:50 --> Session: Class initialized using 'CodeIgniter\Session\Handlers\FileHandler' driver.
DEBUG - 2025-12-29 12:32:51 --> Session: Class initialized using 'CodeIgniter\Session\Handlers\FileHandler' driver.
INFO - 2025-12-29 12:32:51 --> Vehicle adjustment for 2026-01-06: is_saved=true, is_preloaded=false, SS distance to subtract=270km
INFO - 2025-12-29 12:32:51 --> Expansion date 2026-01-06: DB Total=176km, SS to subtract=270km, Derived Base=0km
INFO - 2025-12-29 12:32:51 --> Vehicle adjustment for 2026-01-06: is_saved=true, is_preloaded=false, SS distance to subtract=270km
INFO - 2025-12-29 12:32:51 --> Expansion date 2026-01-06: DB Total=176km, SS to subtract=270km, Derived Base=0km
INFO - 2025-12-29 12:32:51 --> Vehicle adjustment for 2026-01-06: is_saved=true, is_preloaded=false, SS distance to subtract=270km
INFO - 2025-12-29 12:32:51 --> Expansion date 2026-01-06: DB Total=176km, SS to subtract=270km, Derived Base=0km
INFO - 2025-12-29 12:32:51 --> Vehicle adjustment for 2026-01-06: is_saved=true, is_preloaded=false, SS distance to subtract=270km
INFO - 2025-12-29 12:32:51 --> Expansion date 2026-01-06: DB Total=176km, SS to subtract=270km, Derived Base=0km
INFO - 2025-12-29 12:32:51 --> Vehicle adjustment for 2026-01-06: is_saved=true, is_preloaded=false, SS distance to subtract=270km
INFO - 2025-12-29 12:32:51 --> Expansion date 2026-01-06: DB Total=176km, SS to subtract=270km, Derived Base=0km
INFO - 2025-12-29 12:32:51 --> Vehicle adjustment for 2026-01-07: is_saved=true, is_preloaded=false, SS distance to subtract=90km
INFO - 2025-12-29 12:32:51 --> Expansion date 2026-01-07: DB Total=0km, SS to subtract=90km, Derived Base=0km
INFO - 2025-12-29 12:32:51 --> Vehicle adjustment for 2026-01-07: is_saved=true, is_preloaded=false, SS distance to subtract=90km
INFO - 2025-12-29 12:32:51 --> Expansion date 2026-01-07: DB Total=0km, SS to subtract=90km, Derived Base=0km
INFO - 2025-12-29 12:32:51 --> Vehicle adjustment for 2026-01-07: is_saved=true, is_preloaded=false, SS distance to subtract=90km
INFO - 2025-12-29 12:32:51 --> Expansion date 2026-01-07: DB Total=0km, SS to subtract=90km, Derived Base=0km
INFO - 2025-12-29 12:32:51 --> Vehicle adjustment for 2026-01-07: is_saved=true, is_preloaded=false, SS distance to subtract=90km
INFO - 2025-12-29 12:32:51 --> Expansion date 2026-01-07: DB Total=0km, SS to subtract=90km, Derived Base=0km
INFO - 2025-12-29 12:32:51 --> Vehicle adjustment for 2026-01-07: is_saved=true, is_preloaded=false, SS distance to subtract=90km
INFO - 2025-12-29 12:32:51 --> Expansion date 2026-01-07: DB Total=0km, SS to subtract=90km, Derived Base=0km
INFO - 2025-12-29 12:32:51 --> Vehicle adjustment for 2026-01-08: is_saved=true, is_preloaded=false, SS distance to subtract=0km
INFO - 2025-12-29 12:32:51 --> Expansion date 2026-01-08: DB Total=176km, SS to subtract=0km, Derived Base=176km
INFO - 2025-12-29 12:32:51 --> Vehicle adjustment for 2026-01-08: is_saved=true, is_preloaded=false, SS distance to subtract=0km
INFO - 2025-12-29 12:32:51 --> Expansion date 2026-01-08: DB Total=176km, SS to subtract=0km, Derived Base=176km
INFO - 2025-12-29 12:32:51 --> Vehicle adjustment for 2026-01-08: is_saved=true, is_preloaded=false, SS distance to subtract=0km
INFO - 2025-12-29 12:32:51 --> Expansion date 2026-01-08: DB Total=176km, SS to subtract=0km, Derived Base=176km
INFO - 2025-12-29 12:32:51 --> Vehicle adjustment for 2026-01-08: is_saved=true, is_preloaded=false, SS distance to subtract=0km
INFO - 2025-12-29 12:32:51 --> Expansion date 2026-01-08: DB Total=176km, SS to subtract=0km, Derived Base=176km
INFO - 2025-12-29 12:32:51 --> Vehicle adjustment for 2026-01-08: is_saved=true, is_preloaded=false, SS distance to subtract=0km
INFO - 2025-12-29 12:32:51 --> Expansion date 2026-01-08: DB Total=176km, SS to subtract=0km, Derived Base=176km
INFO - 2025-12-29 12:32:51 --> Itinerary expansion date 2026-01-06: Derived Base=176km (SS subtract=270km)
INFO - 2025-12-29 12:32:51 --> Itinerary expansion date 2026-01-06: Derived Base=176km (SS subtract=270km)
INFO - 2025-12-29 12:32:51 --> Itinerary expansion date 2026-01-06: Derived Base=176km (SS subtract=270km)
INFO - 2025-12-29 12:32:51 --> Itinerary expansion date 2026-01-06: Derived Base=176km (SS subtract=270km)
INFO - 2025-12-29 12:32:51 --> Itinerary expansion date 2026-01-06: Derived Base=176km (SS subtract=270km)
INFO - 2025-12-29 12:32:51 --> Itinerary expansion date 2026-01-07: Derived Base=0km (SS subtract=90km)
INFO - 2025-12-29 12:32:51 --> Itinerary expansion date 2026-01-07: Derived Base=0km (SS subtract=90km)
INFO - 2025-12-29 12:32:51 --> Itinerary expansion date 2026-01-07: Derived Base=0km (SS subtract=90km)
INFO - 2025-12-29 12:32:51 --> Itinerary expansion date 2026-01-07: Derived Base=0km (SS subtract=90km)
INFO - 2025-12-29 12:32:51 --> Itinerary expansion date 2026-01-07: Derived Base=0km (SS subtract=90km)
INFO - 2025-12-29 12:32:51 --> Itinerary expansion date 2026-01-08: Derived Base=0km (SS subtract=0km)
INFO - 2025-12-29 12:32:51 --> Itinerary expansion date 2026-01-08: Derived Base=0km (SS subtract=0km)
INFO - 2025-12-29 12:32:51 --> Itinerary expansion date 2026-01-08: Derived Base=0km (SS subtract=0km)
INFO - 2025-12-29 12:32:51 --> Itinerary expansion date 2026-01-08: Derived Base=0km (SS subtract=0km)
INFO - 2025-12-29 12:32:51 --> Itinerary expansion date 2026-01-08: Derived Base=0km (SS subtract=0km)
DEBUG - 2025-12-29 12:33:01 --> Session: Class initialized using 'CodeIgniter\Session\Handlers\FileHandler' driver.
DEBUG - 2025-12-29 12:33:01 --> Session: Class initialized using 'CodeIgniter\Session\Handlers\FileHandler' driver.
DEBUG - 2025-12-29 12:33:01 --> Session: Class initialized using 'CodeIgniter\Session\Handlers\FileHandler' driver.
DEBUG - 2025-12-29 12:33:03 --> Session: Class initialized using 'CodeIgniter\Session\Handlers\FileHandler' driver.
DEBUG - 2025-12-29 12:33:03 --> Session: Class initialized using 'CodeIgniter\Session\Handlers\FileHandler' driver.
DEBUG - 2025-12-29 12:33:07 --> Session: Class initialized using 'CodeIgniter\Session\Handlers\FileHandler' driver.
INFO - 2025-12-29 12:33:07 --> Vehicle adjustment for 2026-01-06: is_saved=true, is_preloaded=false, SS distance to subtract=270km
INFO - 2025-12-29 12:33:07 --> Expansion date 2026-01-06: DB Total=176km, SS to subtract=270km, Derived Base=0km
INFO - 2025-12-29 12:33:07 --> Vehicle adjustment for 2026-01-06: is_saved=true, is_preloaded=false, SS distance to subtract=270km
INFO - 2025-12-29 12:33:07 --> Expansion date 2026-01-06: DB Total=176km, SS to subtract=270km, Derived Base=0km
INFO - 2025-12-29 12:33:07 --> Vehicle adjustment for 2026-01-06: is_saved=true, is_preloaded=false, SS distance to subtract=270km
INFO - 2025-12-29 12:33:07 --> Expansion date 2026-01-06: DB Total=176km, SS to subtract=270km, Derived Base=0km
INFO - 2025-12-29 12:33:07 --> Vehicle adjustment for 2026-01-06: is_saved=true, is_preloaded=false, SS distance to subtract=270km
INFO - 2025-12-29 12:33:07 --> Expansion date 2026-01-06: DB Total=176km, SS to subtract=270km, Derived Base=0km
INFO - 2025-12-29 12:33:07 --> Vehicle adjustment for 2026-01-06: is_saved=true, is_preloaded=false, SS distance to subtract=270km
INFO - 2025-12-29 12:33:07 --> Expansion date 2026-01-06: DB Total=176km, SS to subtract=270km, Derived Base=0km
INFO - 2025-12-29 12:33:07 --> Vehicle adjustment for 2026-01-07: is_saved=true, is_preloaded=false, SS distance to subtract=90km
INFO - 2025-12-29 12:33:07 --> Expansion date 2026-01-07: DB Total=0km, SS to subtract=90km, Derived Base=0km
INFO - 2025-12-29 12:33:07 --> Vehicle adjustment for 2026-01-07: is_saved=true, is_preloaded=false, SS distance to subtract=90km
INFO - 2025-12-29 12:33:07 --> Expansion date 2026-01-07: DB Total=0km, SS to subtract=90km, Derived Base=0km
INFO - 2025-12-29 12:33:07 --> Vehicle adjustment for 2026-01-07: is_saved=true, is_preloaded=false, SS distance to subtract=90km
INFO - 2025-12-29 12:33:07 --> Expansion date 2026-01-07: DB Total=0km, SS to subtract=90km, Derived Base=0km
INFO - 2025-12-29 12:33:07 --> Vehicle adjustment for 2026-01-07: is_saved=true, is_preloaded=false, SS distance to subtract=90km
INFO - 2025-12-29 12:33:07 --> Expansion date 2026-01-07: DB Total=0km, SS to subtract=90km, Derived Base=0km
INFO - 2025-12-29 12:33:07 --> Vehicle adjustment for 2026-01-07: is_saved=true, is_preloaded=false, SS distance to subtract=90km
INFO - 2025-12-29 12:33:07 --> Expansion date 2026-01-07: DB Total=0km, SS to subtract=90km, Derived Base=0km
INFO - 2025-12-29 12:33:07 --> Vehicle adjustment for 2026-01-08: is_saved=true, is_preloaded=false, SS distance to subtract=0km
INFO - 2025-12-29 12:33:07 --> Expansion date 2026-01-08: DB Total=176km, SS to subtract=0km, Derived Base=176km
INFO - 2025-12-29 12:33:07 --> Vehicle adjustment for 2026-01-08: is_saved=true, is_preloaded=false, SS distance to subtract=0km
INFO - 2025-12-29 12:33:07 --> Expansion date 2026-01-08: DB Total=176km, SS to subtract=0km, Derived Base=176km
INFO - 2025-12-29 12:33:07 --> Vehicle adjustment for 2026-01-08: is_saved=true, is_preloaded=false, SS distance to subtract=0km
INFO - 2025-12-29 12:33:07 --> Expansion date 2026-01-08: DB Total=176km, SS to subtract=0km, Derived Base=176km
INFO - 2025-12-29 12:33:07 --> Vehicle adjustment for 2026-01-08: is_saved=true, is_preloaded=false, SS distance to subtract=0km
INFO - 2025-12-29 12:33:07 --> Expansion date 2026-01-08: DB Total=176km, SS to subtract=0km, Derived Base=176km
INFO - 2025-12-29 12:33:07 --> Vehicle adjustment for 2026-01-08: is_saved=true, is_preloaded=false, SS distance to subtract=0km
INFO - 2025-12-29 12:33:07 --> Expansion date 2026-01-08: DB Total=176km, SS to subtract=0km, Derived Base=176km
INFO - 2025-12-29 12:33:07 --> Itinerary expansion date 2026-01-06: Derived Base=176km (SS subtract=270km)
INFO - 2025-12-29 12:33:07 --> Itinerary expansion date 2026-01-06: Derived Base=176km (SS subtract=270km)
INFO - 2025-12-29 12:33:07 --> Itinerary expansion date 2026-01-06: Derived Base=176km (SS subtract=270km)
INFO - 2025-12-29 12:33:07 --> Itinerary expansion date 2026-01-06: Derived Base=176km (SS subtract=270km)
INFO - 2025-12-29 12:33:07 --> Itinerary expansion date 2026-01-06: Derived Base=176km (SS subtract=270km)
INFO - 2025-12-29 12:33:07 --> Itinerary expansion date 2026-01-07: Derived Base=0km (SS subtract=90km)
INFO - 2025-12-29 12:33:07 --> Itinerary expansion date 2026-01-07: Derived Base=0km (SS subtract=90km)
INFO - 2025-12-29 12:33:07 --> Itinerary expansion date 2026-01-07: Derived Base=0km (SS subtract=90km)
INFO - 2025-12-29 12:33:07 --> Itinerary expansion date 2026-01-07: Derived Base=0km (SS subtract=90km)
INFO - 2025-12-29 12:33:07 --> Itinerary expansion date 2026-01-07: Derived Base=0km (SS subtract=90km)
INFO - 2025-12-29 12:33:07 --> Itinerary expansion date 2026-01-08: Derived Base=0km (SS subtract=0km)
INFO - 2025-12-29 12:33:07 --> Itinerary expansion date 2026-01-08: Derived Base=0km (SS subtract=0km)
INFO - 2025-12-29 12:33:07 --> Itinerary expansion date 2026-01-08: Derived Base=0km (SS subtract=0km)
INFO - 2025-12-29 12:33:07 --> Itinerary expansion date 2026-01-08: Derived Base=0km (SS subtract=0km)
INFO - 2025-12-29 12:33:07 --> Itinerary expansion date 2026-01-08: Derived Base=0km (SS subtract=0km)
DEBUG - 2025-12-29 12:33:10 --> Session: Class initialized using 'CodeIgniter\Session\Handlers\FileHandler' driver.
DEBUG - 2025-12-29 12:33:10 --> Session: Class initialized using 'CodeIgniter\Session\Handlers\FileHandler' driver.
DEBUG - 2025-12-29 12:33:12 --> Session: Class initialized using 'CodeIgniter\Session\Handlers\FileHandler' driver.
DEBUG - 2025-12-29 12:33:13 --> Session: Class initialized using 'CodeIgniter\Session\Handlers\FileHandler' driver.
DEBUG - 2025-12-29 12:33:13 --> Session: Class initialized using 'CodeIgniter\Session\Handlers\FileHandler' driver.
DEBUG - 2025-12-29 12:33:13 --> Session: Class initialized using 'CodeIgniter\Session\Handlers\FileHandler' driver.
DEBUG - 2025-12-29 12:33:17 --> Session: Class initialized using 'CodeIgniter\Session\Handlers\FileHandler' driver.
DEBUG - 2025-12-29 12:33:19 --> Session: Class initialized using 'CodeIgniter\Session\Handlers\FileHandler' driver.
DEBUG - 2025-12-29 12:33:19 --> Session: Class initialized using 'CodeIgniter\Session\Handlers\FileHandler' driver.
DEBUG - 2025-12-29 12:33:20 --> Session: Class initialized using 'CodeIgniter\Session\Handlers\FileHandler' driver.
INFO - 2025-12-29 12:33:20 --> Loading previous itinerary data from previous_active_tour_id: 2027
INFO - 2025-12-29 12:33:20 --> Loading itinerary for tour_details_id: 2027, extension_ref_id: 586
INFO - 2025-12-29 12:33:20 --> Found 4 itinerary records
INFO - 2025-12-29 12:33:20 --> Found matching date 2026-01-06 in previous tour plan (preloading)
INFO - 2025-12-29 12:33:20 --> Preloaded from previous tour: 3 sightseeing, 1 special events, 3 hotel facilities
INFO - 2025-12-29 12:33:20 --> Loading previous itinerary data from previous_active_tour_id: 2027
INFO - 2025-12-29 12:33:20 --> Loading itinerary for tour_details_id: 2027, extension_ref_id: 586
INFO - 2025-12-29 12:33:20 --> Found 4 itinerary records
INFO - 2025-12-29 12:33:20 --> Found matching date 2026-01-07 in previous tour plan (preloading)
INFO - 2025-12-29 12:33:20 --> Preloaded from previous tour: 1 sightseeing, 1 special events, 3 hotel facilities
INFO - 2025-12-29 12:33:20 --> Loading previous itinerary data from previous_active_tour_id: 2027
INFO - 2025-12-29 12:33:20 --> Loading itinerary for tour_details_id: 2027, extension_ref_id: 586
INFO - 2025-12-29 12:33:20 --> Found 4 itinerary records
INFO - 2025-12-29 12:33:20 --> Found matching date 2026-01-08 in previous tour plan (preloading)
INFO - 2025-12-29 12:33:20 --> Preloaded from previous tour: 1 sightseeing, 1 special events, 3 hotel facilities
INFO - 2025-12-29 12:33:20 --> Vehicle adjustment for 2026-01-06: is_saved=true, is_preloaded=true, SS distance to subtract=0km
INFO - 2025-12-29 12:33:20 --> Expansion date 2026-01-06: DB Total=176km, SS to subtract=0km, Derived Base=176km
INFO - 2025-12-29 12:33:20 --> Vehicle adjustment for 2026-01-06: is_saved=true, is_preloaded=true, SS distance to subtract=0km
INFO - 2025-12-29 12:33:20 --> Expansion date 2026-01-06: DB Total=176km, SS to subtract=0km, Derived Base=176km
INFO - 2025-12-29 12:33:20 --> Vehicle adjustment for 2026-01-06: is_saved=true, is_preloaded=true, SS distance to subtract=0km
INFO - 2025-12-29 12:33:20 --> Expansion date 2026-01-06: DB Total=176km, SS to subtract=0km, Derived Base=176km
INFO - 2025-12-29 12:33:20 --> Vehicle adjustment for 2026-01-06: is_saved=true, is_preloaded=true, SS distance to subtract=0km
INFO - 2025-12-29 12:33:20 --> Expansion date 2026-01-06: DB Total=176km, SS to subtract=0km, Derived Base=176km
INFO - 2025-12-29 12:33:20 --> Vehicle adjustment for 2026-01-06: is_saved=true, is_preloaded=true, SS distance to subtract=0km
INFO - 2025-12-29 12:33:20 --> Expansion date 2026-01-06: DB Total=176km, SS to subtract=0km, Derived Base=176km
INFO - 2025-12-29 12:33:20 --> Vehicle adjustment for 2026-01-07: is_saved=true, is_preloaded=true, SS distance to subtract=0km
INFO - 2025-12-29 12:33:20 --> Expansion date 2026-01-07: DB Total=0km, SS to subtract=0km, Derived Base=0km
INFO - 2025-12-29 12:33:20 --> Vehicle adjustment for 2026-01-07: is_saved=true, is_preloaded=true, SS distance to subtract=0km
INFO - 2025-12-29 12:33:20 --> Expansion date 2026-01-07: DB Total=0km, SS to subtract=0km, Derived Base=0km
INFO - 2025-12-29 12:33:20 --> Vehicle adjustment for 2026-01-07: is_saved=true, is_preloaded=true, SS distance to subtract=0km
INFO - 2025-12-29 12:33:20 --> Expansion date 2026-01-07: DB Total=0km, SS to subtract=0km, Derived Base=0km
INFO - 2025-12-29 12:33:20 --> Vehicle adjustment for 2026-01-07: is_saved=true, is_preloaded=true, SS distance to subtract=0km
INFO - 2025-12-29 12:33:20 --> Expansion date 2026-01-07: DB Total=0km, SS to subtract=0km, Derived Base=0km
INFO - 2025-12-29 12:33:20 --> Vehicle adjustment for 2026-01-07: is_saved=true, is_preloaded=true, SS distance to subtract=0km
INFO - 2025-12-29 12:33:20 --> Expansion date 2026-01-07: DB Total=0km, SS to subtract=0km, Derived Base=0km
INFO - 2025-12-29 12:33:20 --> Vehicle adjustment for 2026-01-08: is_saved=true, is_preloaded=true, SS distance to subtract=0km
INFO - 2025-12-29 12:33:20 --> Expansion date 2026-01-08: DB Total=176km, SS to subtract=0km, Derived Base=176km
INFO - 2025-12-29 12:33:20 --> Vehicle adjustment for 2026-01-08: is_saved=true, is_preloaded=true, SS distance to subtract=0km
INFO - 2025-12-29 12:33:20 --> Expansion date 2026-01-08: DB Total=176km, SS to subtract=0km, Derived Base=176km
INFO - 2025-12-29 12:33:20 --> Vehicle adjustment for 2026-01-08: is_saved=true, is_preloaded=true, SS distance to subtract=0km
INFO - 2025-12-29 12:33:20 --> Expansion date 2026-01-08: DB Total=176km, SS to subtract=0km, Derived Base=176km
INFO - 2025-12-29 12:33:20 --> Vehicle adjustment for 2026-01-08: is_saved=true, is_preloaded=true, SS distance to subtract=0km
INFO - 2025-12-29 12:33:20 --> Expansion date 2026-01-08: DB Total=176km, SS to subtract=0km, Derived Base=176km
INFO - 2025-12-29 12:33:20 --> Vehicle adjustment for 2026-01-08: is_saved=true, is_preloaded=true, SS distance to subtract=0km
INFO - 2025-12-29 12:33:20 --> Expansion date 2026-01-08: DB Total=176km, SS to subtract=0km, Derived Base=176km
DEBUG - 2025-12-29 12:39:22 --> Session: Class initialized using 'CodeIgniter\Session\Handlers\FileHandler' driver.
INFO - 2025-12-29 12:39:22 --> Loading previous itinerary data from previous_active_tour_id: 2027
INFO - 2025-12-29 12:39:22 --> Loading itinerary for tour_details_id: 2027, extension_ref_id: 586
INFO - 2025-12-29 12:39:22 --> Found 4 itinerary records
INFO - 2025-12-29 12:39:22 --> Found matching date 2026-01-06 in previous tour plan (preloading)
INFO - 2025-12-29 12:39:22 --> Preloaded from previous tour: 3 sightseeing, 1 special events, 3 hotel facilities
INFO - 2025-12-29 12:39:22 --> Loading previous itinerary data from previous_active_tour_id: 2027
INFO - 2025-12-29 12:39:22 --> Loading itinerary for tour_details_id: 2027, extension_ref_id: 586
INFO - 2025-12-29 12:39:22 --> Found 4 itinerary records
INFO - 2025-12-29 12:39:22 --> Found matching date 2026-01-07 in previous tour plan (preloading)
INFO - 2025-12-29 12:39:22 --> Preloaded from previous tour: 1 sightseeing, 1 special events, 3 hotel facilities
INFO - 2025-12-29 12:39:22 --> Loading previous itinerary data from previous_active_tour_id: 2027
INFO - 2025-12-29 12:39:22 --> Loading itinerary for tour_details_id: 2027, extension_ref_id: 586
INFO - 2025-12-29 12:39:22 --> Found 4 itinerary records
INFO - 2025-12-29 12:39:22 --> Found matching date 2026-01-08 in previous tour plan (preloading)
INFO - 2025-12-29 12:39:22 --> Preloaded from previous tour: 1 sightseeing, 1 special events, 3 hotel facilities
INFO - 2025-12-29 12:39:22 --> Vehicle adjustment for 2026-01-06: is_saved=true, is_preloaded=true, SS distance to subtract=0km
INFO - 2025-12-29 12:39:22 --> Expansion date 2026-01-06: DB Total=176km, SS to subtract=0km, Derived Base=176km
INFO - 2025-12-29 12:39:22 --> Vehicle adjustment for 2026-01-06: is_saved=true, is_preloaded=true, SS distance to subtract=0km
INFO - 2025-12-29 12:39:22 --> Expansion date 2026-01-06: DB Total=176km, SS to subtract=0km, Derived Base=176km
INFO - 2025-12-29 12:39:22 --> Vehicle adjustment for 2026-01-06: is_saved=true, is_preloaded=true, SS distance to subtract=0km
INFO - 2025-12-29 12:39:22 --> Expansion date 2026-01-06: DB Total=176km, SS to subtract=0km, Derived Base=176km
INFO - 2025-12-29 12:39:22 --> Vehicle adjustment for 2026-01-06: is_saved=true, is_preloaded=true, SS distance to subtract=0km
INFO - 2025-12-29 12:39:22 --> Expansion date 2026-01-06: DB Total=176km, SS to subtract=0km, Derived Base=176km
INFO - 2025-12-29 12:39:22 --> Vehicle adjustment for 2026-01-06: is_saved=true, is_preloaded=true, SS distance to subtract=0km
INFO - 2025-12-29 12:39:22 --> Expansion date 2026-01-06: DB Total=176km, SS to subtract=0km, Derived Base=176km
INFO - 2025-12-29 12:39:22 --> Vehicle adjustment for 2026-01-07: is_saved=true, is_preloaded=true, SS distance to subtract=0km
INFO - 2025-12-29 12:39:22 --> Expansion date 2026-01-07: DB Total=0km, SS to subtract=0km, Derived Base=0km
INFO - 2025-12-29 12:39:22 --> Vehicle adjustment for 2026-01-07: is_saved=true, is_preloaded=true, SS distance to subtract=0km
INFO - 2025-12-29 12:39:22 --> Expansion date 2026-01-07: DB Total=0km, SS to subtract=0km, Derived Base=0km
INFO - 2025-12-29 12:39:22 --> Vehicle adjustment for 2026-01-07: is_saved=true, is_preloaded=true, SS distance to subtract=0km
INFO - 2025-12-29 12:39:22 --> Expansion date 2026-01-07: DB Total=0km, SS to subtract=0km, Derived Base=0km
INFO - 2025-12-29 12:39:22 --> Vehicle adjustment for 2026-01-07: is_saved=true, is_preloaded=true, SS distance to subtract=0km
INFO - 2025-12-29 12:39:22 --> Expansion date 2026-01-07: DB Total=0km, SS to subtract=0km, Derived Base=0km
INFO - 2025-12-29 12:39:22 --> Vehicle adjustment for 2026-01-07: is_saved=true, is_preloaded=true, SS distance to subtract=0km
INFO - 2025-12-29 12:39:22 --> Expansion date 2026-01-07: DB Total=0km, SS to subtract=0km, Derived Base=0km
INFO - 2025-12-29 12:39:22 --> Vehicle adjustment for 2026-01-08: is_saved=true, is_preloaded=true, SS distance to subtract=0km
INFO - 2025-12-29 12:39:22 --> Expansion date 2026-01-08: DB Total=176km, SS to subtract=0km, Derived Base=176km
INFO - 2025-12-29 12:39:22 --> Vehicle adjustment for 2026-01-08: is_saved=true, is_preloaded=true, SS distance to subtract=0km
INFO - 2025-12-29 12:39:22 --> Expansion date 2026-01-08: DB Total=176km, SS to subtract=0km, Derived Base=176km
INFO - 2025-12-29 12:39:22 --> Vehicle adjustment for 2026-01-08: is_saved=true, is_preloaded=true, SS distance to subtract=0km
INFO - 2025-12-29 12:39:22 --> Expansion date 2026-01-08: DB Total=176km, SS to subtract=0km, Derived Base=176km
INFO - 2025-12-29 12:39:22 --> Vehicle adjustment for 2026-01-08: is_saved=true, is_preloaded=true, SS distance to subtract=0km
INFO - 2025-12-29 12:39:22 --> Expansion date 2026-01-08: DB Total=176km, SS to subtract=0km, Derived Base=176km
INFO - 2025-12-29 12:39:22 --> Vehicle adjustment for 2026-01-08: is_saved=true, is_preloaded=true, SS distance to subtract=0km
INFO - 2025-12-29 12:39:22 --> Expansion date 2026-01-08: DB Total=176km, SS to subtract=0km, Derived Base=176km
DEBUG - 2025-12-29 12:39:34 --> Session: Class initialized using 'CodeIgniter\Session\Handlers\FileHandler' driver.
INFO - 2025-12-29 12:39:34 --> Loading previous itinerary data from previous_active_tour_id: 2027
INFO - 2025-12-29 12:39:34 --> Loading itinerary for tour_details_id: 2027, extension_ref_id: 586
INFO - 2025-12-29 12:39:34 --> Found 4 itinerary records
INFO - 2025-12-29 12:39:34 --> Found matching date 2026-01-06 in previous tour plan (preloading)
INFO - 2025-12-29 12:39:34 --> Preloaded from previous tour: 3 sightseeing, 1 special events, 3 hotel facilities
INFO - 2025-12-29 12:39:34 --> Loading previous itinerary data from previous_active_tour_id: 2027
INFO - 2025-12-29 12:39:34 --> Loading itinerary for tour_details_id: 2027, extension_ref_id: 586
INFO - 2025-12-29 12:39:34 --> Found 4 itinerary records
INFO - 2025-12-29 12:39:34 --> Found matching date 2026-01-07 in previous tour plan (preloading)
INFO - 2025-12-29 12:39:34 --> Preloaded from previous tour: 1 sightseeing, 1 special events, 3 hotel facilities
INFO - 2025-12-29 12:39:34 --> Loading previous itinerary data from previous_active_tour_id: 2027
INFO - 2025-12-29 12:39:34 --> Loading itinerary for tour_details_id: 2027, extension_ref_id: 586
INFO - 2025-12-29 12:39:34 --> Found 4 itinerary records
INFO - 2025-12-29 12:39:34 --> Found matching date 2026-01-08 in previous tour plan (preloading)
INFO - 2025-12-29 12:39:34 --> Preloaded from previous tour: 1 sightseeing, 1 special events, 3 hotel facilities
INFO - 2025-12-29 12:39:34 --> Vehicle adjustment for 2026-01-06: is_saved=true, is_preloaded=true, SS distance to subtract=0km
INFO - 2025-12-29 12:39:34 --> Expansion date 2026-01-06: DB Total=176km, SS to subtract=0km, Derived Base=176km
INFO - 2025-12-29 12:39:34 --> Vehicle adjustment for 2026-01-06: is_saved=true, is_preloaded=true, SS distance to subtract=0km
INFO - 2025-12-29 12:39:34 --> Expansion date 2026-01-06: DB Total=176km, SS to subtract=0km, Derived Base=176km
INFO - 2025-12-29 12:39:34 --> Vehicle adjustment for 2026-01-06: is_saved=true, is_preloaded=true, SS distance to subtract=0km
INFO - 2025-12-29 12:39:34 --> Expansion date 2026-01-06: DB Total=176km, SS to subtract=0km, Derived Base=176km
INFO - 2025-12-29 12:39:34 --> Vehicle adjustment for 2026-01-06: is_saved=true, is_preloaded=true, SS distance to subtract=0km
INFO - 2025-12-29 12:39:34 --> Expansion date 2026-01-06: DB Total=176km, SS to subtract=0km, Derived Base=176km
INFO - 2025-12-29 12:39:34 --> Vehicle adjustment for 2026-01-06: is_saved=true, is_preloaded=true, SS distance to subtract=0km
INFO - 2025-12-29 12:39:34 --> Expansion date 2026-01-06: DB Total=176km, SS to subtract=0km, Derived Base=176km
INFO - 2025-12-29 12:39:34 --> Vehicle adjustment for 2026-01-07: is_saved=true, is_preloaded=true, SS distance to subtract=0km
INFO - 2025-12-29 12:39:34 --> Expansion date 2026-01-07: DB Total=0km, SS to subtract=0km, Derived Base=0km
INFO - 2025-12-29 12:39:34 --> Vehicle adjustment for 2026-01-07: is_saved=true, is_preloaded=true, SS distance to subtract=0km
INFO - 2025-12-29 12:39:34 --> Expansion date 2026-01-07: DB Total=0km, SS to subtract=0km, Derived Base=0km
INFO - 2025-12-29 12:39:34 --> Vehicle adjustment for 2026-01-07: is_saved=true, is_preloaded=true, SS distance to subtract=0km
INFO - 2025-12-29 12:39:34 --> Expansion date 2026-01-07: DB Total=0km, SS to subtract=0km, Derived Base=0km
INFO - 2025-12-29 12:39:34 --> Vehicle adjustment for 2026-01-07: is_saved=true, is_preloaded=true, SS distance to subtract=0km
INFO - 2025-12-29 12:39:34 --> Expansion date 2026-01-07: DB Total=0km, SS to subtract=0km, Derived Base=0km
INFO - 2025-12-29 12:39:34 --> Vehicle adjustment for 2026-01-07: is_saved=true, is_preloaded=true, SS distance to subtract=0km
INFO - 2025-12-29 12:39:34 --> Expansion date 2026-01-07: DB Total=0km, SS to subtract=0km, Derived Base=0km
INFO - 2025-12-29 12:39:34 --> Vehicle adjustment for 2026-01-08: is_saved=true, is_preloaded=true, SS distance to subtract=0km
INFO - 2025-12-29 12:39:34 --> Expansion date 2026-01-08: DB Total=176km, SS to subtract=0km, Derived Base=176km
INFO - 2025-12-29 12:39:34 --> Vehicle adjustment for 2026-01-08: is_saved=true, is_preloaded=true, SS distance to subtract=0km
INFO - 2025-12-29 12:39:34 --> Expansion date 2026-01-08: DB Total=176km, SS to subtract=0km, Derived Base=176km
INFO - 2025-12-29 12:39:34 --> Vehicle adjustment for 2026-01-08: is_saved=true, is_preloaded=true, SS distance to subtract=0km
INFO - 2025-12-29 12:39:34 --> Expansion date 2026-01-08: DB Total=176km, SS to subtract=0km, Derived Base=176km
INFO - 2025-12-29 12:39:34 --> Vehicle adjustment for 2026-01-08: is_saved=true, is_preloaded=true, SS distance to subtract=0km
INFO - 2025-12-29 12:39:34 --> Expansion date 2026-01-08: DB Total=176km, SS to subtract=0km, Derived Base=176km
INFO - 2025-12-29 12:39:34 --> Vehicle adjustment for 2026-01-08: is_saved=true, is_preloaded=true, SS distance to subtract=0km
INFO - 2025-12-29 12:39:34 --> Expansion date 2026-01-08: DB Total=176km, SS to subtract=0km, Derived Base=176km
DEBUG - 2025-12-29 12:39:46 --> Session: Class initialized using 'CodeIgniter\Session\Handlers\FileHandler' driver.
INFO - 2025-12-29 12:39:46 --> Loading previous itinerary data from previous_active_tour_id: 2027
INFO - 2025-12-29 12:39:46 --> Loading itinerary for tour_details_id: 2027, extension_ref_id: 586
INFO - 2025-12-29 12:39:46 --> Found 4 itinerary records
INFO - 2025-12-29 12:39:46 --> Found matching date 2026-01-06 in previous tour plan (preloading)
INFO - 2025-12-29 12:39:46 --> Preloaded from previous tour: 3 sightseeing, 1 special events, 3 hotel facilities
INFO - 2025-12-29 12:39:46 --> Loading previous itinerary data from previous_active_tour_id: 2027
INFO - 2025-12-29 12:39:46 --> Loading itinerary for tour_details_id: 2027, extension_ref_id: 586
INFO - 2025-12-29 12:39:46 --> Found 4 itinerary records
INFO - 2025-12-29 12:39:46 --> Found matching date 2026-01-07 in previous tour plan (preloading)
INFO - 2025-12-29 12:39:46 --> Preloaded from previous tour: 1 sightseeing, 1 special events, 3 hotel facilities
INFO - 2025-12-29 12:39:46 --> Loading previous itinerary data from previous_active_tour_id: 2027
INFO - 2025-12-29 12:39:46 --> Loading itinerary for tour_details_id: 2027, extension_ref_id: 586
INFO - 2025-12-29 12:39:46 --> Found 4 itinerary records
INFO - 2025-12-29 12:39:46 --> Found matching date 2026-01-08 in previous tour plan (preloading)
INFO - 2025-12-29 12:39:46 --> Preloaded from previous tour: 1 sightseeing, 1 special events, 3 hotel facilities
INFO - 2025-12-29 12:39:46 --> Vehicle adjustment for 2026-01-06: is_saved=true, is_preloaded=true, SS distance to subtract=0km
INFO - 2025-12-29 12:39:46 --> Expansion date 2026-01-06: DB Total=176km, SS to subtract=0km, Derived Base=176km
INFO - 2025-12-29 12:39:46 --> Vehicle adjustment for 2026-01-06: is_saved=true, is_preloaded=true, SS distance to subtract=0km
INFO - 2025-12-29 12:39:46 --> Expansion date 2026-01-06: DB Total=176km, SS to subtract=0km, Derived Base=176km
INFO - 2025-12-29 12:39:46 --> Vehicle adjustment for 2026-01-06: is_saved=true, is_preloaded=true, SS distance to subtract=0km
INFO - 2025-12-29 12:39:46 --> Expansion date 2026-01-06: DB Total=176km, SS to subtract=0km, Derived Base=176km
INFO - 2025-12-29 12:39:46 --> Vehicle adjustment for 2026-01-06: is_saved=true, is_preloaded=true, SS distance to subtract=0km
INFO - 2025-12-29 12:39:46 --> Expansion date 2026-01-06: DB Total=176km, SS to subtract=0km, Derived Base=176km
INFO - 2025-12-29 12:39:46 --> Vehicle adjustment for 2026-01-06: is_saved=true, is_preloaded=true, SS distance to subtract=0km
INFO - 2025-12-29 12:39:46 --> Expansion date 2026-01-06: DB Total=176km, SS to subtract=0km, Derived Base=176km
INFO - 2025-12-29 12:39:46 --> Vehicle adjustment for 2026-01-07: is_saved=true, is_preloaded=true, SS distance to subtract=0km
INFO - 2025-12-29 12:39:46 --> Expansion date 2026-01-07: DB Total=0km, SS to subtract=0km, Derived Base=0km
INFO - 2025-12-29 12:39:46 --> Vehicle adjustment for 2026-01-07: is_saved=true, is_preloaded=true, SS distance to subtract=0km
INFO - 2025-12-29 12:39:46 --> Expansion date 2026-01-07: DB Total=0km, SS to subtract=0km, Derived Base=0km
INFO - 2025-12-29 12:39:46 --> Vehicle adjustment for 2026-01-07: is_saved=true, is_preloaded=true, SS distance to subtract=0km
INFO - 2025-12-29 12:39:46 --> Expansion date 2026-01-07: DB Total=0km, SS to subtract=0km, Derived Base=0km
INFO - 2025-12-29 12:39:46 --> Vehicle adjustment for 2026-01-07: is_saved=true, is_preloaded=true, SS distance to subtract=0km
INFO - 2025-12-29 12:39:46 --> Expansion date 2026-01-07: DB Total=0km, SS to subtract=0km, Derived Base=0km
INFO - 2025-12-29 12:39:46 --> Vehicle adjustment for 2026-01-07: is_saved=true, is_preloaded=true, SS distance to subtract=0km
INFO - 2025-12-29 12:39:46 --> Expansion date 2026-01-07: DB Total=0km, SS to subtract=0km, Derived Base=0km
INFO - 2025-12-29 12:39:46 --> Vehicle adjustment for 2026-01-08: is_saved=true, is_preloaded=true, SS distance to subtract=0km
INFO - 2025-12-29 12:39:46 --> Expansion date 2026-01-08: DB Total=176km, SS to subtract=0km, Derived Base=176km
INFO - 2025-12-29 12:39:46 --> Vehicle adjustment for 2026-01-08: is_saved=true, is_preloaded=true, SS distance to subtract=0km
INFO - 2025-12-29 12:39:46 --> Expansion date 2026-01-08: DB Total=176km, SS to subtract=0km, Derived Base=176km
INFO - 2025-12-29 12:39:46 --> Vehicle adjustment for 2026-01-08: is_saved=true, is_preloaded=true, SS distance to subtract=0km
INFO - 2025-12-29 12:39:46 --> Expansion date 2026-01-08: DB Total=176km, SS to subtract=0km, Derived Base=176km
INFO - 2025-12-29 12:39:46 --> Vehicle adjustment for 2026-01-08: is_saved=true, is_preloaded=true, SS distance to subtract=0km
INFO - 2025-12-29 12:39:46 --> Expansion date 2026-01-08: DB Total=176km, SS to subtract=0km, Derived Base=176km
INFO - 2025-12-29 12:39:46 --> Vehicle adjustment for 2026-01-08: is_saved=true, is_preloaded=true, SS distance to subtract=0km
INFO - 2025-12-29 12:39:46 --> Expansion date 2026-01-08: DB Total=176km, SS to subtract=0km, Derived Base=176km
DEBUG - 2025-12-29 12:39:48 --> Session: Class initialized using 'CodeIgniter\Session\Handlers\FileHandler' driver.
DEBUG - 2025-12-29 12:39:48 --> Session: Class initialized using 'CodeIgniter\Session\Handlers\FileHandler' driver.
DEBUG - 2025-12-29 12:39:50 --> Session: Class initialized using 'CodeIgniter\Session\Handlers\FileHandler' driver.
DEBUG - 2025-12-29 12:39:50 --> Session: Class initialized using 'CodeIgniter\Session\Handlers\FileHandler' driver.
DEBUG - 2025-12-29 12:39:52 --> Session: Class initialized using 'CodeIgniter\Session\Handlers\FileHandler' driver.
INFO - 2025-12-29 12:39:52 --> Loading previous itinerary data from previous_active_tour_id: 2027
INFO - 2025-12-29 12:39:52 --> Loading itinerary for tour_details_id: 2027, extension_ref_id: 586
INFO - 2025-12-29 12:39:52 --> Found 4 itinerary records
INFO - 2025-12-29 12:39:52 --> Found matching date 2026-01-06 in previous tour plan (preloading)
INFO - 2025-12-29 12:39:52 --> Preloaded from previous tour: 3 sightseeing, 1 special events, 3 hotel facilities
INFO - 2025-12-29 12:39:52 --> Loading previous itinerary data from previous_active_tour_id: 2027
INFO - 2025-12-29 12:39:52 --> Loading itinerary for tour_details_id: 2027, extension_ref_id: 586
INFO - 2025-12-29 12:39:52 --> Found 4 itinerary records
INFO - 2025-12-29 12:39:52 --> Found matching date 2026-01-07 in previous tour plan (preloading)
INFO - 2025-12-29 12:39:52 --> Preloaded from previous tour: 1 sightseeing, 1 special events, 3 hotel facilities
INFO - 2025-12-29 12:39:52 --> Loading previous itinerary data from previous_active_tour_id: 2027
INFO - 2025-12-29 12:39:52 --> Loading itinerary for tour_details_id: 2027, extension_ref_id: 586
INFO - 2025-12-29 12:39:52 --> Found 4 itinerary records
INFO - 2025-12-29 12:39:52 --> Found matching date 2026-01-08 in previous tour plan (preloading)
INFO - 2025-12-29 12:39:52 --> Preloaded from previous tour: 1 sightseeing, 1 special events, 3 hotel facilities
INFO - 2025-12-29 12:39:52 --> Vehicle adjustment for 2026-01-06: is_saved=true, is_preloaded=true, SS distance to subtract=0km
INFO - 2025-12-29 12:39:52 --> Expansion date 2026-01-06: DB Total=176km, SS to subtract=0km, Derived Base=176km
INFO - 2025-12-29 12:39:52 --> Vehicle adjustment for 2026-01-06: is_saved=true, is_preloaded=true, SS distance to subtract=0km
INFO - 2025-12-29 12:39:52 --> Expansion date 2026-01-06: DB Total=176km, SS to subtract=0km, Derived Base=176km
INFO - 2025-12-29 12:39:52 --> Vehicle adjustment for 2026-01-06: is_saved=true, is_preloaded=true, SS distance to subtract=0km
INFO - 2025-12-29 12:39:52 --> Expansion date 2026-01-06: DB Total=176km, SS to subtract=0km, Derived Base=176km
INFO - 2025-12-29 12:39:52 --> Vehicle adjustment for 2026-01-06: is_saved=true, is_preloaded=true, SS distance to subtract=0km
INFO - 2025-12-29 12:39:52 --> Expansion date 2026-01-06: DB Total=176km, SS to subtract=0km, Derived Base=176km
INFO - 2025-12-29 12:39:52 --> Vehicle adjustment for 2026-01-06: is_saved=true, is_preloaded=true, SS distance to subtract=0km
INFO - 2025-12-29 12:39:52 --> Expansion date 2026-01-06: DB Total=176km, SS to subtract=0km, Derived Base=176km
INFO - 2025-12-29 12:39:52 --> Vehicle adjustment for 2026-01-07: is_saved=true, is_preloaded=true, SS distance to subtract=0km
INFO - 2025-12-29 12:39:52 --> Expansion date 2026-01-07: DB Total=0km, SS to subtract=0km, Derived Base=0km
INFO - 2025-12-29 12:39:52 --> Vehicle adjustment for 2026-01-07: is_saved=true, is_preloaded=true, SS distance to subtract=0km
INFO - 2025-12-29 12:39:52 --> Expansion date 2026-01-07: DB Total=0km, SS to subtract=0km, Derived Base=0km
INFO - 2025-12-29 12:39:52 --> Vehicle adjustment for 2026-01-07: is_saved=true, is_preloaded=true, SS distance to subtract=0km
INFO - 2025-12-29 12:39:52 --> Expansion date 2026-01-07: DB Total=0km, SS to subtract=0km, Derived Base=0km
INFO - 2025-12-29 12:39:52 --> Vehicle adjustment for 2026-01-07: is_saved=true, is_preloaded=true, SS distance to subtract=0km
INFO - 2025-12-29 12:39:52 --> Expansion date 2026-01-07: DB Total=0km, SS to subtract=0km, Derived Base=0km
INFO - 2025-12-29 12:39:52 --> Vehicle adjustment for 2026-01-07: is_saved=true, is_preloaded=true, SS distance to subtract=0km
INFO - 2025-12-29 12:39:52 --> Expansion date 2026-01-07: DB Total=0km, SS to subtract=0km, Derived Base=0km
INFO - 2025-12-29 12:39:52 --> Vehicle adjustment for 2026-01-08: is_saved=true, is_preloaded=true, SS distance to subtract=0km
INFO - 2025-12-29 12:39:52 --> Expansion date 2026-01-08: DB Total=176km, SS to subtract=0km, Derived Base=176km
INFO - 2025-12-29 12:39:52 --> Vehicle adjustment for 2026-01-08: is_saved=true, is_preloaded=true, SS distance to subtract=0km
INFO - 2025-12-29 12:39:52 --> Expansion date 2026-01-08: DB Total=176km, SS to subtract=0km, Derived Base=176km
INFO - 2025-12-29 12:39:52 --> Vehicle adjustment for 2026-01-08: is_saved=true, is_preloaded=true, SS distance to subtract=0km
INFO - 2025-12-29 12:39:52 --> Expansion date 2026-01-08: DB Total=176km, SS to subtract=0km, Derived Base=176km
INFO - 2025-12-29 12:39:52 --> Vehicle adjustment for 2026-01-08: is_saved=true, is_preloaded=true, SS distance to subtract=0km
INFO - 2025-12-29 12:39:52 --> Expansion date 2026-01-08: DB Total=176km, SS to subtract=0km, Derived Base=176km
INFO - 2025-12-29 12:39:52 --> Vehicle adjustment for 2026-01-08: is_saved=true, is_preloaded=true, SS distance to subtract=0km
INFO - 2025-12-29 12:39:52 --> Expansion date 2026-01-08: DB Total=176km, SS to subtract=0km, Derived Base=176km
DEBUG - 2025-12-29 12:39:56 --> Session: Class initialized using 'CodeIgniter\Session\Handlers\FileHandler' driver.
DEBUG - 2025-12-29 12:39:56 --> Session: Class initialized using 'CodeIgniter\Session\Handlers\FileHandler' driver.
DEBUG - 2025-12-29 12:39:59 --> Session: Class initialized using 'CodeIgniter\Session\Handlers\FileHandler' driver.
DEBUG - 2025-12-29 12:40:00 --> Session: Class initialized using 'CodeIgniter\Session\Handlers\FileHandler' driver.
DEBUG - 2025-12-29 12:40:02 --> Session: Class initialized using 'CodeIgniter\Session\Handlers\FileHandler' driver.
DEBUG - 2025-12-29 12:40:03 --> Session: Class initialized using 'CodeIgniter\Session\Handlers\FileHandler' driver.
DEBUG - 2025-12-29 12:40:04 --> Session: Class initialized using 'CodeIgniter\Session\Handlers\FileHandler' driver.
INFO - 2025-12-29 12:40:05 --> Vehicle adjustment for 2026-01-06: is_saved=true, is_preloaded=false, SS distance to subtract=270km
INFO - 2025-12-29 12:40:05 --> Expansion date 2026-01-06: DB Total=176km, SS to subtract=270km, Derived Base=0km
INFO - 2025-12-29 12:40:05 --> Vehicle adjustment for 2026-01-06: is_saved=true, is_preloaded=false, SS distance to subtract=270km
INFO - 2025-12-29 12:40:05 --> Expansion date 2026-01-06: DB Total=176km, SS to subtract=270km, Derived Base=0km
INFO - 2025-12-29 12:40:05 --> Vehicle adjustment for 2026-01-06: is_saved=true, is_preloaded=false, SS distance to subtract=270km
INFO - 2025-12-29 12:40:05 --> Expansion date 2026-01-06: DB Total=176km, SS to subtract=270km, Derived Base=0km
INFO - 2025-12-29 12:40:05 --> Vehicle adjustment for 2026-01-06: is_saved=true, is_preloaded=false, SS distance to subtract=270km
INFO - 2025-12-29 12:40:05 --> Expansion date 2026-01-06: DB Total=176km, SS to subtract=270km, Derived Base=0km
INFO - 2025-12-29 12:40:05 --> Vehicle adjustment for 2026-01-06: is_saved=true, is_preloaded=false, SS distance to subtract=270km
INFO - 2025-12-29 12:40:05 --> Expansion date 2026-01-06: DB Total=176km, SS to subtract=270km, Derived Base=0km
INFO - 2025-12-29 12:40:05 --> Vehicle adjustment for 2026-01-07: is_saved=true, is_preloaded=false, SS distance to subtract=90km
INFO - 2025-12-29 12:40:05 --> Expansion date 2026-01-07: DB Total=0km, SS to subtract=90km, Derived Base=0km
INFO - 2025-12-29 12:40:05 --> Vehicle adjustment for 2026-01-07: is_saved=true, is_preloaded=false, SS distance to subtract=90km
INFO - 2025-12-29 12:40:05 --> Expansion date 2026-01-07: DB Total=0km, SS to subtract=90km, Derived Base=0km
INFO - 2025-12-29 12:40:05 --> Vehicle adjustment for 2026-01-07: is_saved=true, is_preloaded=false, SS distance to subtract=90km
INFO - 2025-12-29 12:40:05 --> Expansion date 2026-01-07: DB Total=0km, SS to subtract=90km, Derived Base=0km
INFO - 2025-12-29 12:40:05 --> Vehicle adjustment for 2026-01-07: is_saved=true, is_preloaded=false, SS distance to subtract=90km
INFO - 2025-12-29 12:40:05 --> Expansion date 2026-01-07: DB Total=0km, SS to subtract=90km, Derived Base=0km
INFO - 2025-12-29 12:40:05 --> Vehicle adjustment for 2026-01-07: is_saved=true, is_preloaded=false, SS distance to subtract=90km
INFO - 2025-12-29 12:40:05 --> Expansion date 2026-01-07: DB Total=0km, SS to subtract=90km, Derived Base=0km
INFO - 2025-12-29 12:40:05 --> Vehicle adjustment for 2026-01-08: is_saved=true, is_preloaded=false, SS distance to subtract=0km
INFO - 2025-12-29 12:40:05 --> Expansion date 2026-01-08: DB Total=176km, SS to subtract=0km, Derived Base=176km
INFO - 2025-12-29 12:40:05 --> Vehicle adjustment for 2026-01-08: is_saved=true, is_preloaded=false, SS distance to subtract=0km
INFO - 2025-12-29 12:40:05 --> Expansion date 2026-01-08: DB Total=176km, SS to subtract=0km, Derived Base=176km
INFO - 2025-12-29 12:40:05 --> Vehicle adjustment for 2026-01-08: is_saved=true, is_preloaded=false, SS distance to subtract=0km
INFO - 2025-12-29 12:40:05 --> Expansion date 2026-01-08: DB Total=176km, SS to subtract=0km, Derived Base=176km
INFO - 2025-12-29 12:40:05 --> Vehicle adjustment for 2026-01-08: is_saved=true, is_preloaded=false, SS distance to subtract=0km
INFO - 2025-12-29 12:40:05 --> Expansion date 2026-01-08: DB Total=176km, SS to subtract=0km, Derived Base=176km
INFO - 2025-12-29 12:40:05 --> Vehicle adjustment for 2026-01-08: is_saved=true, is_preloaded=false, SS distance to subtract=0km
INFO - 2025-12-29 12:40:05 --> Expansion date 2026-01-08: DB Total=176km, SS to subtract=0km, Derived Base=176km
INFO - 2025-12-29 12:40:05 --> Itinerary expansion date 2026-01-06: Derived Base=176km (SS subtract=270km)
INFO - 2025-12-29 12:40:05 --> Itinerary expansion date 2026-01-06: Derived Base=176km (SS subtract=270km)
INFO - 2025-12-29 12:40:05 --> Itinerary expansion date 2026-01-06: Derived Base=176km (SS subtract=270km)
INFO - 2025-12-29 12:40:05 --> Itinerary expansion date 2026-01-06: Derived Base=176km (SS subtract=270km)
INFO - 2025-12-29 12:40:05 --> Itinerary expansion date 2026-01-06: Derived Base=176km (SS subtract=270km)
INFO - 2025-12-29 12:40:05 --> Itinerary expansion date 2026-01-06: Derived Base=176km (SS subtract=270km)
INFO - 2025-12-29 12:40:05 --> Itinerary expansion date 2026-01-06: Derived Base=176km (SS subtract=270km)
INFO - 2025-12-29 12:40:05 --> Itinerary expansion date 2026-01-06: Derived Base=176km (SS subtract=270km)
INFO - 2025-12-29 12:40:05 --> Itinerary expansion date 2026-01-06: Derived Base=176km (SS subtract=270km)
INFO - 2025-12-29 12:40:05 --> Itinerary expansion date 2026-01-06: Derived Base=176km (SS subtract=270km)
INFO - 2025-12-29 12:40:05 --> Itinerary expansion date 2026-01-07: Derived Base=0km (SS subtract=90km)
INFO - 2025-12-29 12:40:05 --> Itinerary expansion date 2026-01-07: Derived Base=0km (SS subtract=90km)
INFO - 2025-12-29 12:40:05 --> Itinerary expansion date 2026-01-07: Derived Base=0km (SS subtract=90km)
INFO - 2025-12-29 12:40:05 --> Itinerary expansion date 2026-01-07: Derived Base=0km (SS subtract=90km)
INFO - 2025-12-29 12:40:05 --> Itinerary expansion date 2026-01-07: Derived Base=0km (SS subtract=90km)
INFO - 2025-12-29 12:40:05 --> Itinerary expansion date 2026-01-07: Derived Base=0km (SS subtract=90km)
INFO - 2025-12-29 12:40:05 --> Itinerary expansion date 2026-01-07: Derived Base=0km (SS subtract=90km)
INFO - 2025-12-29 12:40:05 --> Itinerary expansion date 2026-01-07: Derived Base=0km (SS subtract=90km)
INFO - 2025-12-29 12:40:05 --> Itinerary expansion date 2026-01-07: Derived Base=0km (SS subtract=90km)
INFO - 2025-12-29 12:40:05 --> Itinerary expansion date 2026-01-07: Derived Base=0km (SS subtract=90km)
INFO - 2025-12-29 12:40:05 --> Itinerary expansion date 2026-01-08: Derived Base=0km (SS subtract=0km)
INFO - 2025-12-29 12:40:05 --> Itinerary expansion date 2026-01-08: Derived Base=0km (SS subtract=0km)
INFO - 2025-12-29 12:40:05 --> Itinerary expansion date 2026-01-08: Derived Base=0km (SS subtract=0km)
INFO - 2025-12-29 12:40:05 --> Itinerary expansion date 2026-01-08: Derived Base=0km (SS subtract=0km)
INFO - 2025-12-29 12:40:05 --> Itinerary expansion date 2026-01-08: Derived Base=0km (SS subtract=0km)
INFO - 2025-12-29 12:40:05 --> Itinerary expansion date 2026-01-08: Derived Base=0km (SS subtract=0km)
INFO - 2025-12-29 12:40:05 --> Itinerary expansion date 2026-01-08: Derived Base=0km (SS subtract=0km)
INFO - 2025-12-29 12:40:05 --> Itinerary expansion date 2026-01-08: Derived Base=0km (SS subtract=0km)
INFO - 2025-12-29 12:40:05 --> Itinerary expansion date 2026-01-08: Derived Base=0km (SS subtract=0km)
INFO - 2025-12-29 12:40:05 --> Itinerary expansion date 2026-01-08: Derived Base=0km (SS subtract=0km)
DEBUG - 2025-12-29 12:44:02 --> Session: Class initialized using 'CodeIgniter\Session\Handlers\FileHandler' driver.
DEBUG - 2025-12-29 12:44:02 --> Session: Class initialized using 'CodeIgniter\Session\Handlers\FileHandler' driver.
DEBUG - 2025-12-29 12:44:04 --> Session: Class initialized using 'CodeIgniter\Session\Handlers\FileHandler' driver.
DEBUG - 2025-12-29 12:44:05 --> Session: Class initialized using 'CodeIgniter\Session\Handlers\FileHandler' driver.
DEBUG - 2025-12-29 12:44:05 --> Session: Class initialized using 'CodeIgniter\Session\Handlers\FileHandler' driver.
DEBUG - 2025-12-29 12:44:05 --> Session: Class initialized using 'CodeIgniter\Session\Handlers\FileHandler' driver.
DEBUG - 2025-12-29 12:44:09 --> Session: Class initialized using 'CodeIgniter\Session\Handlers\FileHandler' driver.
DEBUG - 2025-12-29 12:44:11 --> Session: Class initialized using 'CodeIgniter\Session\Handlers\FileHandler' driver.
DEBUG - 2025-12-29 12:44:11 --> Session: Class initialized using 'CodeIgniter\Session\Handlers\FileHandler' driver.
DEBUG - 2025-12-29 12:44:12 --> Session: Class initialized using 'CodeIgniter\Session\Handlers\FileHandler' driver.
INFO - 2025-12-29 12:44:12 --> Loading previous itinerary data from previous_active_tour_id: 2027
INFO - 2025-12-29 12:44:12 --> Loading itinerary for tour_details_id: 2027, extension_ref_id: 586
INFO - 2025-12-29 12:44:12 --> Found 4 itinerary records
INFO - 2025-12-29 12:44:12 --> Found matching date 2026-01-06 in previous tour plan (preloading)
INFO - 2025-12-29 12:44:12 --> Preloaded from previous tour: 3 sightseeing, 1 special events, 3 hotel facilities
INFO - 2025-12-29 12:44:12 --> Loading previous itinerary data from previous_active_tour_id: 2027
INFO - 2025-12-29 12:44:12 --> Loading itinerary for tour_details_id: 2027, extension_ref_id: 586
INFO - 2025-12-29 12:44:12 --> Found 4 itinerary records
INFO - 2025-12-29 12:44:12 --> Found matching date 2026-01-07 in previous tour plan (preloading)
INFO - 2025-12-29 12:44:12 --> Preloaded from previous tour: 1 sightseeing, 1 special events, 3 hotel facilities
INFO - 2025-12-29 12:44:12 --> Loading previous itinerary data from previous_active_tour_id: 2027
INFO - 2025-12-29 12:44:12 --> Loading itinerary for tour_details_id: 2027, extension_ref_id: 586
INFO - 2025-12-29 12:44:12 --> Found 4 itinerary records
INFO - 2025-12-29 12:44:12 --> Found matching date 2026-01-08 in previous tour plan (preloading)
INFO - 2025-12-29 12:44:12 --> Preloaded from previous tour: 1 sightseeing, 1 special events, 3 hotel facilities
INFO - 2025-12-29 12:44:12 --> Vehicle adjustment for 2026-01-06: is_saved=true, is_preloaded=true, SS distance to subtract=0km
INFO - 2025-12-29 12:44:12 --> Expansion date 2026-01-06: DB Total=176km, SS to subtract=0km, Derived Base=176km
INFO - 2025-12-29 12:44:12 --> Vehicle adjustment for 2026-01-06: is_saved=true, is_preloaded=true, SS distance to subtract=0km
INFO - 2025-12-29 12:44:12 --> Expansion date 2026-01-06: DB Total=176km, SS to subtract=0km, Derived Base=176km
INFO - 2025-12-29 12:44:12 --> Vehicle adjustment for 2026-01-06: is_saved=true, is_preloaded=true, SS distance to subtract=0km
INFO - 2025-12-29 12:44:12 --> Expansion date 2026-01-06: DB Total=176km, SS to subtract=0km, Derived Base=176km
INFO - 2025-12-29 12:44:12 --> Vehicle adjustment for 2026-01-06: is_saved=true, is_preloaded=true, SS distance to subtract=0km
INFO - 2025-12-29 12:44:12 --> Expansion date 2026-01-06: DB Total=176km, SS to subtract=0km, Derived Base=176km
INFO - 2025-12-29 12:44:12 --> Vehicle adjustment for 2026-01-06: is_saved=true, is_preloaded=true, SS distance to subtract=0km
INFO - 2025-12-29 12:44:12 --> Expansion date 2026-01-06: DB Total=176km, SS to subtract=0km, Derived Base=176km
INFO - 2025-12-29 12:44:12 --> Vehicle adjustment for 2026-01-07: is_saved=true, is_preloaded=true, SS distance to subtract=0km
INFO - 2025-12-29 12:44:12 --> Expansion date 2026-01-07: DB Total=0km, SS to subtract=0km, Derived Base=0km
INFO - 2025-12-29 12:44:12 --> Vehicle adjustment for 2026-01-07: is_saved=true, is_preloaded=true, SS distance to subtract=0km
INFO - 2025-12-29 12:44:12 --> Expansion date 2026-01-07: DB Total=0km, SS to subtract=0km, Derived Base=0km
INFO - 2025-12-29 12:44:12 --> Vehicle adjustment for 2026-01-07: is_saved=true, is_preloaded=true, SS distance to subtract=0km
INFO - 2025-12-29 12:44:12 --> Expansion date 2026-01-07: DB Total=0km, SS to subtract=0km, Derived Base=0km
INFO - 2025-12-29 12:44:12 --> Vehicle adjustment for 2026-01-07: is_saved=true, is_preloaded=true, SS distance to subtract=0km
INFO - 2025-12-29 12:44:12 --> Expansion date 2026-01-07: DB Total=0km, SS to subtract=0km, Derived Base=0km
INFO - 2025-12-29 12:44:12 --> Vehicle adjustment for 2026-01-07: is_saved=true, is_preloaded=true, SS distance to subtract=0km
INFO - 2025-12-29 12:44:12 --> Expansion date 2026-01-07: DB Total=0km, SS to subtract=0km, Derived Base=0km
INFO - 2025-12-29 12:44:12 --> Vehicle adjustment for 2026-01-08: is_saved=true, is_preloaded=true, SS distance to subtract=0km
INFO - 2025-12-29 12:44:12 --> Expansion date 2026-01-08: DB Total=176km, SS to subtract=0km, Derived Base=176km
INFO - 2025-12-29 12:44:12 --> Vehicle adjustment for 2026-01-08: is_saved=true, is_preloaded=true, SS distance to subtract=0km
INFO - 2025-12-29 12:44:12 --> Expansion date 2026-01-08: DB Total=176km, SS to subtract=0km, Derived Base=176km
INFO - 2025-12-29 12:44:12 --> Vehicle adjustment for 2026-01-08: is_saved=true, is_preloaded=true, SS distance to subtract=0km
INFO - 2025-12-29 12:44:12 --> Expansion date 2026-01-08: DB Total=176km, SS to subtract=0km, Derived Base=176km
INFO - 2025-12-29 12:44:12 --> Vehicle adjustment for 2026-01-08: is_saved=true, is_preloaded=true, SS distance to subtract=0km
INFO - 2025-12-29 12:44:12 --> Expansion date 2026-01-08: DB Total=176km, SS to subtract=0km, Derived Base=176km
INFO - 2025-12-29 12:44:12 --> Vehicle adjustment for 2026-01-08: is_saved=true, is_preloaded=true, SS distance to subtract=0km
INFO - 2025-12-29 12:44:12 --> Expansion date 2026-01-08: DB Total=176km, SS to subtract=0km, Derived Base=176km
DEBUG - 2025-12-29 12:52:37 --> Session: Class initialized using 'CodeIgniter\Session\Handlers\FileHandler' driver.
INFO - 2025-12-29 12:52:37 --> Loading previous itinerary data from previous_active_tour_id: 2027
INFO - 2025-12-29 12:52:37 --> Loading itinerary for tour_details_id: 2027, extension_ref_id: 586
INFO - 2025-12-29 12:52:37 --> Found 4 itinerary records
INFO - 2025-12-29 12:52:37 --> Found matching date 2026-01-06 in previous tour plan (preloading)
INFO - 2025-12-29 12:52:37 --> Preloaded from previous tour: 3 sightseeing, 1 special events, 3 hotel facilities
INFO - 2025-12-29 12:52:37 --> Loading previous itinerary data from previous_active_tour_id: 2027
INFO - 2025-12-29 12:52:37 --> Loading itinerary for tour_details_id: 2027, extension_ref_id: 586
INFO - 2025-12-29 12:52:37 --> Found 4 itinerary records
INFO - 2025-12-29 12:52:37 --> Found matching date 2026-01-07 in previous tour plan (preloading)
INFO - 2025-12-29 12:52:37 --> Preloaded from previous tour: 1 sightseeing, 1 special events, 3 hotel facilities
INFO - 2025-12-29 12:52:38 --> Loading previous itinerary data from previous_active_tour_id: 2027
INFO - 2025-12-29 12:52:38 --> Loading itinerary for tour_details_id: 2027, extension_ref_id: 586
INFO - 2025-12-29 12:52:38 --> Found 4 itinerary records
INFO - 2025-12-29 12:52:38 --> Found matching date 2026-01-08 in previous tour plan (preloading)
INFO - 2025-12-29 12:52:38 --> Preloaded from previous tour: 1 sightseeing, 1 special events, 3 hotel facilities
INFO - 2025-12-29 12:52:38 --> Vehicle adjustment for 2026-01-06: is_saved=true, is_preloaded=true, SS distance to subtract=0km
INFO - 2025-12-29 12:52:38 --> Expansion date 2026-01-06: DB Total=176km, SS to subtract=0km, Derived Base=176km
INFO - 2025-12-29 12:52:38 --> Vehicle adjustment for 2026-01-06: is_saved=true, is_preloaded=true, SS distance to subtract=0km
INFO - 2025-12-29 12:52:38 --> Expansion date 2026-01-06: DB Total=176km, SS to subtract=0km, Derived Base=176km
INFO - 2025-12-29 12:52:38 --> Vehicle adjustment for 2026-01-06: is_saved=true, is_preloaded=true, SS distance to subtract=0km
INFO - 2025-12-29 12:52:38 --> Expansion date 2026-01-06: DB Total=176km, SS to subtract=0km, Derived Base=176km
INFO - 2025-12-29 12:52:38 --> Vehicle adjustment for 2026-01-06: is_saved=true, is_preloaded=true, SS distance to subtract=0km
INFO - 2025-12-29 12:52:38 --> Expansion date 2026-01-06: DB Total=176km, SS to subtract=0km, Derived Base=176km
INFO - 2025-12-29 12:52:38 --> Vehicle adjustment for 2026-01-06: is_saved=true, is_preloaded=true, SS distance to subtract=0km
INFO - 2025-12-29 12:52:38 --> Expansion date 2026-01-06: DB Total=176km, SS to subtract=0km, Derived Base=176km
INFO - 2025-12-29 12:52:38 --> Vehicle adjustment for 2026-01-07: is_saved=true, is_preloaded=true, SS distance to subtract=0km
INFO - 2025-12-29 12:52:38 --> Expansion date 2026-01-07: DB Total=0km, SS to subtract=0km, Derived Base=0km
INFO - 2025-12-29 12:52:38 --> Vehicle adjustment for 2026-01-07: is_saved=true, is_preloaded=true, SS distance to subtract=0km
INFO - 2025-12-29 12:52:38 --> Expansion date 2026-01-07: DB Total=0km, SS to subtract=0km, Derived Base=0km
INFO - 2025-12-29 12:52:38 --> Vehicle adjustment for 2026-01-07: is_saved=true, is_preloaded=true, SS distance to subtract=0km
INFO - 2025-12-29 12:52:38 --> Expansion date 2026-01-07: DB Total=0km, SS to subtract=0km, Derived Base=0km
INFO - 2025-12-29 12:52:38 --> Vehicle adjustment for 2026-01-07: is_saved=true, is_preloaded=true, SS distance to subtract=0km
INFO - 2025-12-29 12:52:38 --> Expansion date 2026-01-07: DB Total=0km, SS to subtract=0km, Derived Base=0km
INFO - 2025-12-29 12:52:38 --> Vehicle adjustment for 2026-01-07: is_saved=true, is_preloaded=true, SS distance to subtract=0km
INFO - 2025-12-29 12:52:38 --> Expansion date 2026-01-07: DB Total=0km, SS to subtract=0km, Derived Base=0km
INFO - 2025-12-29 12:52:38 --> Vehicle adjustment for 2026-01-08: is_saved=true, is_preloaded=true, SS distance to subtract=0km
INFO - 2025-12-29 12:52:38 --> Expansion date 2026-01-08: DB Total=176km, SS to subtract=0km, Derived Base=176km
INFO - 2025-12-29 12:52:38 --> Vehicle adjustment for 2026-01-08: is_saved=true, is_preloaded=true, SS distance to subtract=0km
INFO - 2025-12-29 12:52:38 --> Expansion date 2026-01-08: DB Total=176km, SS to subtract=0km, Derived Base=176km
INFO - 2025-12-29 12:52:38 --> Vehicle adjustment for 2026-01-08: is_saved=true, is_preloaded=true, SS distance to subtract=0km
INFO - 2025-12-29 12:52:38 --> Expansion date 2026-01-08: DB Total=176km, SS to subtract=0km, Derived Base=176km
INFO - 2025-12-29 12:52:38 --> Vehicle adjustment for 2026-01-08: is_saved=true, is_preloaded=true, SS distance to subtract=0km
INFO - 2025-12-29 12:52:38 --> Expansion date 2026-01-08: DB Total=176km, SS to subtract=0km, Derived Base=176km
INFO - 2025-12-29 12:52:38 --> Vehicle adjustment for 2026-01-08: is_saved=true, is_preloaded=true, SS distance to subtract=0km
INFO - 2025-12-29 12:52:38 --> Expansion date 2026-01-08: DB Total=176km, SS to subtract=0km, Derived Base=176km
DEBUG - 2025-12-29 12:52:42 --> Session: Class initialized using 'CodeIgniter\Session\Handlers\FileHandler' driver.
INFO - 2025-12-29 12:52:42 --> Loading previous itinerary data from previous_active_tour_id: 2027
INFO - 2025-12-29 12:52:42 --> Loading itinerary for tour_details_id: 2027, extension_ref_id: 586
INFO - 2025-12-29 12:52:42 --> Found 4 itinerary records
INFO - 2025-12-29 12:52:42 --> Found matching date 2026-01-06 in previous tour plan (preloading)
INFO - 2025-12-29 12:52:42 --> Preloaded from previous tour: 3 sightseeing, 1 special events, 3 hotel facilities
INFO - 2025-12-29 12:52:42 --> Loading previous itinerary data from previous_active_tour_id: 2027
INFO - 2025-12-29 12:52:42 --> Loading itinerary for tour_details_id: 2027, extension_ref_id: 586
INFO - 2025-12-29 12:52:42 --> Found 4 itinerary records
INFO - 2025-12-29 12:52:42 --> Found matching date 2026-01-07 in previous tour plan (preloading)
INFO - 2025-12-29 12:52:42 --> Preloaded from previous tour: 1 sightseeing, 1 special events, 3 hotel facilities
INFO - 2025-12-29 12:52:42 --> Loading previous itinerary data from previous_active_tour_id: 2027
INFO - 2025-12-29 12:52:42 --> Loading itinerary for tour_details_id: 2027, extension_ref_id: 586
INFO - 2025-12-29 12:52:42 --> Found 4 itinerary records
INFO - 2025-12-29 12:52:42 --> Found matching date 2026-01-08 in previous tour plan (preloading)
INFO - 2025-12-29 12:52:42 --> Preloaded from previous tour: 1 sightseeing, 1 special events, 3 hotel facilities
INFO - 2025-12-29 12:52:42 --> Vehicle adjustment for 2026-01-06: is_saved=true, is_preloaded=true, SS distance to subtract=0km
INFO - 2025-12-29 12:52:42 --> Expansion date 2026-01-06: DB Total=176km, SS to subtract=0km, Derived Base=176km
INFO - 2025-12-29 12:52:42 --> Vehicle adjustment for 2026-01-06: is_saved=true, is_preloaded=true, SS distance to subtract=0km
INFO - 2025-12-29 12:52:42 --> Expansion date 2026-01-06: DB Total=176km, SS to subtract=0km, Derived Base=176km
INFO - 2025-12-29 12:52:42 --> Vehicle adjustment for 2026-01-06: is_saved=true, is_preloaded=true, SS distance to subtract=0km
INFO - 2025-12-29 12:52:42 --> Expansion date 2026-01-06: DB Total=176km, SS to subtract=0km, Derived Base=176km
INFO - 2025-12-29 12:52:42 --> Vehicle adjustment for 2026-01-06: is_saved=true, is_preloaded=true, SS distance to subtract=0km
INFO - 2025-12-29 12:52:42 --> Expansion date 2026-01-06: DB Total=176km, SS to subtract=0km, Derived Base=176km
INFO - 2025-12-29 12:52:42 --> Vehicle adjustment for 2026-01-06: is_saved=true, is_preloaded=true, SS distance to subtract=0km
INFO - 2025-12-29 12:52:42 --> Expansion date 2026-01-06: DB Total=176km, SS to subtract=0km, Derived Base=176km
INFO - 2025-12-29 12:52:42 --> Vehicle adjustment for 2026-01-07: is_saved=true, is_preloaded=true, SS distance to subtract=0km
INFO - 2025-12-29 12:52:42 --> Expansion date 2026-01-07: DB Total=0km, SS to subtract=0km, Derived Base=0km
INFO - 2025-12-29 12:52:42 --> Vehicle adjustment for 2026-01-07: is_saved=true, is_preloaded=true, SS distance to subtract=0km
INFO - 2025-12-29 12:52:42 --> Expansion date 2026-01-07: DB Total=0km, SS to subtract=0km, Derived Base=0km
INFO - 2025-12-29 12:52:42 --> Vehicle adjustment for 2026-01-07: is_saved=true, is_preloaded=true, SS distance to subtract=0km
INFO - 2025-12-29 12:52:42 --> Expansion date 2026-01-07: DB Total=0km, SS to subtract=0km, Derived Base=0km
INFO - 2025-12-29 12:52:42 --> Vehicle adjustment for 2026-01-07: is_saved=true, is_preloaded=true, SS distance to subtract=0km
INFO - 2025-12-29 12:52:42 --> Expansion date 2026-01-07: DB Total=0km, SS to subtract=0km, Derived Base=0km
INFO - 2025-12-29 12:52:42 --> Vehicle adjustment for 2026-01-07: is_saved=true, is_preloaded=true, SS distance to subtract=0km
INFO - 2025-12-29 12:52:42 --> Expansion date 2026-01-07: DB Total=0km, SS to subtract=0km, Derived Base=0km
INFO - 2025-12-29 12:52:42 --> Vehicle adjustment for 2026-01-08: is_saved=true, is_preloaded=true, SS distance to subtract=0km
INFO - 2025-12-29 12:52:42 --> Expansion date 2026-01-08: DB Total=176km, SS to subtract=0km, Derived Base=176km
INFO - 2025-12-29 12:52:42 --> Vehicle adjustment for 2026-01-08: is_saved=true, is_preloaded=true, SS distance to subtract=0km
INFO - 2025-12-29 12:52:42 --> Expansion date 2026-01-08: DB Total=176km, SS to subtract=0km, Derived Base=176km
INFO - 2025-12-29 12:52:42 --> Vehicle adjustment for 2026-01-08: is_saved=true, is_preloaded=true, SS distance to subtract=0km
INFO - 2025-12-29 12:52:42 --> Expansion date 2026-01-08: DB Total=176km, SS to subtract=0km, Derived Base=176km
INFO - 2025-12-29 12:52:42 --> Vehicle adjustment for 2026-01-08: is_saved=true, is_preloaded=true, SS distance to subtract=0km
INFO - 2025-12-29 12:52:42 --> Expansion date 2026-01-08: DB Total=176km, SS to subtract=0km, Derived Base=176km
INFO - 2025-12-29 12:52:42 --> Vehicle adjustment for 2026-01-08: is_saved=true, is_preloaded=true, SS distance to subtract=0km
INFO - 2025-12-29 12:52:42 --> Expansion date 2026-01-08: DB Total=176km, SS to subtract=0km, Derived Base=176km
DEBUG - 2025-12-29 12:53:12 --> Session: Class initialized using 'CodeIgniter\Session\Handlers\FileHandler' driver.
INFO - 2025-12-29 12:53:13 --> Loading previous itinerary data from previous_active_tour_id: 2027
INFO - 2025-12-29 12:53:13 --> Loading itinerary for tour_details_id: 2027, extension_ref_id: 586
INFO - 2025-12-29 12:53:13 --> Found 4 itinerary records
INFO - 2025-12-29 12:53:13 --> Found matching date 2026-01-06 in previous tour plan (preloading)
INFO - 2025-12-29 12:53:13 --> Preloaded from previous tour for date 2026-01-06: 3 sightseeing, 1 special events, 3 hotel facilities
INFO - 2025-12-29 12:53:13 --> Loading previous itinerary data from previous_active_tour_id: 2027
INFO - 2025-12-29 12:53:13 --> Loading itinerary for tour_details_id: 2027, extension_ref_id: 586
INFO - 2025-12-29 12:53:13 --> Found 4 itinerary records
INFO - 2025-12-29 12:53:13 --> Found matching date 2026-01-07 in previous tour plan (preloading)
INFO - 2025-12-29 12:53:13 --> Preloaded from previous tour for date 2026-01-07: 1 sightseeing, 1 special events, 3 hotel facilities
INFO - 2025-12-29 12:53:13 --> Loading previous itinerary data from previous_active_tour_id: 2027
INFO - 2025-12-29 12:53:13 --> Loading itinerary for tour_details_id: 2027, extension_ref_id: 586
INFO - 2025-12-29 12:53:13 --> Found 4 itinerary records
INFO - 2025-12-29 12:53:13 --> Found matching date 2026-01-08 in previous tour plan (preloading)
INFO - 2025-12-29 12:53:13 --> Preloaded from previous tour for date 2026-01-08: 1 sightseeing, 1 special events, 3 hotel facilities
INFO - 2025-12-29 12:53:13 --> Vehicle adjustment for 2026-01-06: is_saved=true, is_preloaded=true, SS distance to subtract=0km
INFO - 2025-12-29 12:53:13 --> Expansion date 2026-01-06: DB Total=176km, SS to subtract=0km, Derived Base=176km
INFO - 2025-12-29 12:53:13 --> Vehicle adjustment for 2026-01-06: is_saved=true, is_preloaded=true, SS distance to subtract=0km
INFO - 2025-12-29 12:53:13 --> Expansion date 2026-01-06: DB Total=176km, SS to subtract=0km, Derived Base=176km
INFO - 2025-12-29 12:53:13 --> Vehicle adjustment for 2026-01-06: is_saved=true, is_preloaded=true, SS distance to subtract=0km
INFO - 2025-12-29 12:53:13 --> Expansion date 2026-01-06: DB Total=176km, SS to subtract=0km, Derived Base=176km
INFO - 2025-12-29 12:53:13 --> Vehicle adjustment for 2026-01-06: is_saved=true, is_preloaded=true, SS distance to subtract=0km
INFO - 2025-12-29 12:53:13 --> Expansion date 2026-01-06: DB Total=176km, SS to subtract=0km, Derived Base=176km
INFO - 2025-12-29 12:53:13 --> Vehicle adjustment for 2026-01-06: is_saved=true, is_preloaded=true, SS distance to subtract=0km
INFO - 2025-12-29 12:53:13 --> Expansion date 2026-01-06: DB Total=176km, SS to subtract=0km, Derived Base=176km
INFO - 2025-12-29 12:53:13 --> Vehicle adjustment for 2026-01-07: is_saved=true, is_preloaded=true, SS distance to subtract=0km
INFO - 2025-12-29 12:53:13 --> Expansion date 2026-01-07: DB Total=0km, SS to subtract=0km, Derived Base=0km
INFO - 2025-12-29 12:53:13 --> Vehicle adjustment for 2026-01-07: is_saved=true, is_preloaded=true, SS distance to subtract=0km
INFO - 2025-12-29 12:53:13 --> Expansion date 2026-01-07: DB Total=0km, SS to subtract=0km, Derived Base=0km
INFO - 2025-12-29 12:53:13 --> Vehicle adjustment for 2026-01-07: is_saved=true, is_preloaded=true, SS distance to subtract=0km
INFO - 2025-12-29 12:53:13 --> Expansion date 2026-01-07: DB Total=0km, SS to subtract=0km, Derived Base=0km
INFO - 2025-12-29 12:53:13 --> Vehicle adjustment for 2026-01-07: is_saved=true, is_preloaded=true, SS distance to subtract=0km
INFO - 2025-12-29 12:53:13 --> Expansion date 2026-01-07: DB Total=0km, SS to subtract=0km, Derived Base=0km
INFO - 2025-12-29 12:53:13 --> Vehicle adjustment for 2026-01-07: is_saved=true, is_preloaded=true, SS distance to subtract=0km
INFO - 2025-12-29 12:53:13 --> Expansion date 2026-01-07: DB Total=0km, SS to subtract=0km, Derived Base=0km
INFO - 2025-12-29 12:53:13 --> Vehicle adjustment for 2026-01-08: is_saved=true, is_preloaded=true, SS distance to subtract=0km
INFO - 2025-12-29 12:53:13 --> Expansion date 2026-01-08: DB Total=176km, SS to subtract=0km, Derived Base=176km
INFO - 2025-12-29 12:53:13 --> Vehicle adjustment for 2026-01-08: is_saved=true, is_preloaded=true, SS distance to subtract=0km
INFO - 2025-12-29 12:53:13 --> Expansion date 2026-01-08: DB Total=176km, SS to subtract=0km, Derived Base=176km
INFO - 2025-12-29 12:53:13 --> Vehicle adjustment for 2026-01-08: is_saved=true, is_preloaded=true, SS distance to subtract=0km
INFO - 2025-12-29 12:53:13 --> Expansion date 2026-01-08: DB Total=176km, SS to subtract=0km, Derived Base=176km
INFO - 2025-12-29 12:53:13 --> Vehicle adjustment for 2026-01-08: is_saved=true, is_preloaded=true, SS distance to subtract=0km
INFO - 2025-12-29 12:53:13 --> Expansion date 2026-01-08: DB Total=176km, SS to subtract=0km, Derived Base=176km
INFO - 2025-12-29 12:53:13 --> Vehicle adjustment for 2026-01-08: is_saved=true, is_preloaded=true, SS distance to subtract=0km
INFO - 2025-12-29 12:53:13 --> Expansion date 2026-01-08: DB Total=176km, SS to subtract=0km, Derived Base=176km
DEBUG - 2025-12-29 12:53:20 --> Session: Class initialized using 'CodeIgniter\Session\Handlers\FileHandler' driver.
INFO - 2025-12-29 12:53:20 --> Loading previous itinerary data from previous_active_tour_id: 2027
INFO - 2025-12-29 12:53:20 --> Loading itinerary for tour_details_id: 2027, extension_ref_id: 586
INFO - 2025-12-29 12:53:20 --> Found 4 itinerary records
INFO - 2025-12-29 12:53:20 --> Found matching date 2026-01-06 in previous tour plan (preloading)
INFO - 2025-12-29 12:53:20 --> Preloaded from previous tour for date 2026-01-06: 3 sightseeing, 1 special events, 3 hotel facilities
INFO - 2025-12-29 12:53:20 --> Loading previous itinerary data from previous_active_tour_id: 2027
INFO - 2025-12-29 12:53:20 --> Loading itinerary for tour_details_id: 2027, extension_ref_id: 586
INFO - 2025-12-29 12:53:20 --> Found 4 itinerary records
INFO - 2025-12-29 12:53:20 --> Found matching date 2026-01-07 in previous tour plan (preloading)
INFO - 2025-12-29 12:53:20 --> Preloaded from previous tour for date 2026-01-07: 1 sightseeing, 1 special events, 3 hotel facilities
INFO - 2025-12-29 12:53:20 --> Loading previous itinerary data from previous_active_tour_id: 2027
INFO - 2025-12-29 12:53:20 --> Loading itinerary for tour_details_id: 2027, extension_ref_id: 586
INFO - 2025-12-29 12:53:20 --> Found 4 itinerary records
INFO - 2025-12-29 12:53:20 --> Found matching date 2026-01-08 in previous tour plan (preloading)
INFO - 2025-12-29 12:53:20 --> Preloaded from previous tour for date 2026-01-08: 1 sightseeing, 1 special events, 3 hotel facilities
INFO - 2025-12-29 12:53:20 --> Vehicle adjustment for 2026-01-06: is_saved=true, is_preloaded=true, SS distance to subtract=0km
INFO - 2025-12-29 12:53:20 --> Expansion date 2026-01-06: DB Total=176km, SS to subtract=0km, Derived Base=176km
INFO - 2025-12-29 12:53:20 --> Vehicle adjustment for 2026-01-06: is_saved=true, is_preloaded=true, SS distance to subtract=0km
INFO - 2025-12-29 12:53:20 --> Expansion date 2026-01-06: DB Total=176km, SS to subtract=0km, Derived Base=176km
INFO - 2025-12-29 12:53:20 --> Vehicle adjustment for 2026-01-06: is_saved=true, is_preloaded=true, SS distance to subtract=0km
INFO - 2025-12-29 12:53:20 --> Expansion date 2026-01-06: DB Total=176km, SS to subtract=0km, Derived Base=176km
INFO - 2025-12-29 12:53:20 --> Vehicle adjustment for 2026-01-06: is_saved=true, is_preloaded=true, SS distance to subtract=0km
INFO - 2025-12-29 12:53:20 --> Expansion date 2026-01-06: DB Total=176km, SS to subtract=0km, Derived Base=176km
INFO - 2025-12-29 12:53:20 --> Vehicle adjustment for 2026-01-06: is_saved=true, is_preloaded=true, SS distance to subtract=0km
INFO - 2025-12-29 12:53:20 --> Expansion date 2026-01-06: DB Total=176km, SS to subtract=0km, Derived Base=176km
INFO - 2025-12-29 12:53:20 --> Vehicle adjustment for 2026-01-07: is_saved=true, is_preloaded=true, SS distance to subtract=0km
INFO - 2025-12-29 12:53:20 --> Expansion date 2026-01-07: DB Total=0km, SS to subtract=0km, Derived Base=0km
INFO - 2025-12-29 12:53:20 --> Vehicle adjustment for 2026-01-07: is_saved=true, is_preloaded=true, SS distance to subtract=0km
INFO - 2025-12-29 12:53:20 --> Expansion date 2026-01-07: DB Total=0km, SS to subtract=0km, Derived Base=0km
INFO - 2025-12-29 12:53:20 --> Vehicle adjustment for 2026-01-07: is_saved=true, is_preloaded=true, SS distance to subtract=0km
INFO - 2025-12-29 12:53:20 --> Expansion date 2026-01-07: DB Total=0km, SS to subtract=0km, Derived Base=0km
INFO - 2025-12-29 12:53:20 --> Vehicle adjustment for 2026-01-07: is_saved=true, is_preloaded=true, SS distance to subtract=0km
INFO - 2025-12-29 12:53:20 --> Expansion date 2026-01-07: DB Total=0km, SS to subtract=0km, Derived Base=0km
INFO - 2025-12-29 12:53:20 --> Vehicle adjustment for 2026-01-07: is_saved=true, is_preloaded=true, SS distance to subtract=0km
INFO - 2025-12-29 12:53:20 --> Expansion date 2026-01-07: DB Total=0km, SS to subtract=0km, Derived Base=0km
INFO - 2025-12-29 12:53:20 --> Vehicle adjustment for 2026-01-08: is_saved=true, is_preloaded=true, SS distance to subtract=0km
INFO - 2025-12-29 12:53:20 --> Expansion date 2026-01-08: DB Total=176km, SS to subtract=0km, Derived Base=176km
INFO - 2025-12-29 12:53:20 --> Vehicle adjustment for 2026-01-08: is_saved=true, is_preloaded=true, SS distance to subtract=0km
INFO - 2025-12-29 12:53:20 --> Expansion date 2026-01-08: DB Total=176km, SS to subtract=0km, Derived Base=176km
INFO - 2025-12-29 12:53:20 --> Vehicle adjustment for 2026-01-08: is_saved=true, is_preloaded=true, SS distance to subtract=0km
INFO - 2025-12-29 12:53:20 --> Expansion date 2026-01-08: DB Total=176km, SS to subtract=0km, Derived Base=176km
INFO - 2025-12-29 12:53:20 --> Vehicle adjustment for 2026-01-08: is_saved=true, is_preloaded=true, SS distance to subtract=0km
INFO - 2025-12-29 12:53:20 --> Expansion date 2026-01-08: DB Total=176km, SS to subtract=0km, Derived Base=176km
INFO - 2025-12-29 12:53:20 --> Vehicle adjustment for 2026-01-08: is_saved=true, is_preloaded=true, SS distance to subtract=0km
INFO - 2025-12-29 12:53:20 --> Expansion date 2026-01-08: DB Total=176km, SS to subtract=0km, Derived Base=176km
DEBUG - 2025-12-29 12:53:25 --> Session: Class initialized using 'CodeIgniter\Session\Handlers\FileHandler' driver.
INFO - 2025-12-29 12:53:25 --> Loading previous itinerary data from previous_active_tour_id: 2027
INFO - 2025-12-29 12:53:25 --> Loading itinerary for tour_details_id: 2027, extension_ref_id: 586
INFO - 2025-12-29 12:53:25 --> Found 4 itinerary records
INFO - 2025-12-29 12:53:25 --> Found matching date 2026-01-06 in previous tour plan (preloading)
INFO - 2025-12-29 12:53:25 --> Preloaded from previous tour: 3 sightseeing, 1 special events, 3 hotel facilities
INFO - 2025-12-29 12:53:25 --> Loading previous itinerary data from previous_active_tour_id: 2027
INFO - 2025-12-29 12:53:25 --> Loading itinerary for tour_details_id: 2027, extension_ref_id: 586
INFO - 2025-12-29 12:53:25 --> Found 4 itinerary records
INFO - 2025-12-29 12:53:25 --> Found matching date 2026-01-07 in previous tour plan (preloading)
INFO - 2025-12-29 12:53:25 --> Preloaded from previous tour: 1 sightseeing, 1 special events, 3 hotel facilities
INFO - 2025-12-29 12:53:25 --> Loading previous itinerary data from previous_active_tour_id: 2027
INFO - 2025-12-29 12:53:25 --> Loading itinerary for tour_details_id: 2027, extension_ref_id: 586
INFO - 2025-12-29 12:53:25 --> Found 4 itinerary records
INFO - 2025-12-29 12:53:25 --> Found matching date 2026-01-08 in previous tour plan (preloading)
INFO - 2025-12-29 12:53:25 --> Preloaded from previous tour: 1 sightseeing, 1 special events, 3 hotel facilities
INFO - 2025-12-29 12:53:25 --> Vehicle adjustment for 2026-01-06: is_saved=true, is_preloaded=true, SS distance to subtract=0km
INFO - 2025-12-29 12:53:25 --> Expansion date 2026-01-06: DB Total=176km, SS to subtract=0km, Derived Base=176km
INFO - 2025-12-29 12:53:25 --> Vehicle adjustment for 2026-01-06: is_saved=true, is_preloaded=true, SS distance to subtract=0km
INFO - 2025-12-29 12:53:25 --> Expansion date 2026-01-06: DB Total=176km, SS to subtract=0km, Derived Base=176km
INFO - 2025-12-29 12:53:25 --> Vehicle adjustment for 2026-01-06: is_saved=true, is_preloaded=true, SS distance to subtract=0km
INFO - 2025-12-29 12:53:25 --> Expansion date 2026-01-06: DB Total=176km, SS to subtract=0km, Derived Base=176km
INFO - 2025-12-29 12:53:25 --> Vehicle adjustment for 2026-01-06: is_saved=true, is_preloaded=true, SS distance to subtract=0km
INFO - 2025-12-29 12:53:25 --> Expansion date 2026-01-06: DB Total=176km, SS to subtract=0km, Derived Base=176km
INFO - 2025-12-29 12:53:25 --> Vehicle adjustment for 2026-01-06: is_saved=true, is_preloaded=true, SS distance to subtract=0km
INFO - 2025-12-29 12:53:25 --> Expansion date 2026-01-06: DB Total=176km, SS to subtract=0km, Derived Base=176km
INFO - 2025-12-29 12:53:25 --> Vehicle adjustment for 2026-01-07: is_saved=true, is_preloaded=true, SS distance to subtract=0km
INFO - 2025-12-29 12:53:25 --> Expansion date 2026-01-07: DB Total=0km, SS to subtract=0km, Derived Base=0km
INFO - 2025-12-29 12:53:25 --> Vehicle adjustment for 2026-01-07: is_saved=true, is_preloaded=true, SS distance to subtract=0km
INFO - 2025-12-29 12:53:25 --> Expansion date 2026-01-07: DB Total=0km, SS to subtract=0km, Derived Base=0km
INFO - 2025-12-29 12:53:25 --> Vehicle adjustment for 2026-01-07: is_saved=true, is_preloaded=true, SS distance to subtract=0km
INFO - 2025-12-29 12:53:25 --> Expansion date 2026-01-07: DB Total=0km, SS to subtract=0km, Derived Base=0km
INFO - 2025-12-29 12:53:25 --> Vehicle adjustment for 2026-01-07: is_saved=true, is_preloaded=true, SS distance to subtract=0km
INFO - 2025-12-29 12:53:25 --> Expansion date 2026-01-07: DB Total=0km, SS to subtract=0km, Derived Base=0km
INFO - 2025-12-29 12:53:25 --> Vehicle adjustment for 2026-01-07: is_saved=true, is_preloaded=true, SS distance to subtract=0km
INFO - 2025-12-29 12:53:25 --> Expansion date 2026-01-07: DB Total=0km, SS to subtract=0km, Derived Base=0km
INFO - 2025-12-29 12:53:25 --> Vehicle adjustment for 2026-01-08: is_saved=true, is_preloaded=true, SS distance to subtract=0km
INFO - 2025-12-29 12:53:25 --> Expansion date 2026-01-08: DB Total=176km, SS to subtract=0km, Derived Base=176km
INFO - 2025-12-29 12:53:25 --> Vehicle adjustment for 2026-01-08: is_saved=true, is_preloaded=true, SS distance to subtract=0km
INFO - 2025-12-29 12:53:25 --> Expansion date 2026-01-08: DB Total=176km, SS to subtract=0km, Derived Base=176km
INFO - 2025-12-29 12:53:25 --> Vehicle adjustment for 2026-01-08: is_saved=true, is_preloaded=true, SS distance to subtract=0km
INFO - 2025-12-29 12:53:25 --> Expansion date 2026-01-08: DB Total=176km, SS to subtract=0km, Derived Base=176km
INFO - 2025-12-29 12:53:25 --> Vehicle adjustment for 2026-01-08: is_saved=true, is_preloaded=true, SS distance to subtract=0km
INFO - 2025-12-29 12:53:25 --> Expansion date 2026-01-08: DB Total=176km, SS to subtract=0km, Derived Base=176km
INFO - 2025-12-29 12:53:25 --> Vehicle adjustment for 2026-01-08: is_saved=true, is_preloaded=true, SS distance to subtract=0km
INFO - 2025-12-29 12:53:25 --> Expansion date 2026-01-08: DB Total=176km, SS to subtract=0km, Derived Base=176km
DEBUG - 2025-12-29 12:54:18 --> Session: Class initialized using 'CodeIgniter\Session\Handlers\FileHandler' driver.
INFO - 2025-12-29 12:54:18 --> Loading previous itinerary data from previous_active_tour_id: 2027
INFO - 2025-12-29 12:54:18 --> Loading itinerary for tour_details_id: 2027, extension_ref_id: 586
INFO - 2025-12-29 12:54:18 --> Found 4 itinerary records
INFO - 2025-12-29 12:54:18 --> Found matching date 2026-01-06 in previous tour plan (preloading)
INFO - 2025-12-29 12:54:18 --> Preloaded from previous tour for date 2026-01-06: 3 sightseeing, 1 special events, 3 hotel facilities
INFO - 2025-12-29 12:54:18 --> Loading previous itinerary data from previous_active_tour_id: 2027
INFO - 2025-12-29 12:54:18 --> Loading itinerary for tour_details_id: 2027, extension_ref_id: 586
INFO - 2025-12-29 12:54:18 --> Found 4 itinerary records
INFO - 2025-12-29 12:54:18 --> Found matching date 2026-01-07 in previous tour plan (preloading)
INFO - 2025-12-29 12:54:18 --> Preloaded from previous tour for date 2026-01-07: 1 sightseeing, 1 special events, 3 hotel facilities
INFO - 2025-12-29 12:54:18 --> Loading previous itinerary data from previous_active_tour_id: 2027
INFO - 2025-12-29 12:54:18 --> Loading itinerary for tour_details_id: 2027, extension_ref_id: 586
INFO - 2025-12-29 12:54:18 --> Found 4 itinerary records
INFO - 2025-12-29 12:54:18 --> Found matching date 2026-01-08 in previous tour plan (preloading)
INFO - 2025-12-29 12:54:18 --> Preloaded from previous tour for date 2026-01-08: 1 sightseeing, 1 special events, 3 hotel facilities
INFO - 2025-12-29 12:54:18 --> Vehicle adjustment for 2026-01-06: is_saved=true, is_preloaded=true, SS distance to subtract=0km
INFO - 2025-12-29 12:54:18 --> Expansion date 2026-01-06: DB Total=176km, SS to subtract=0km, Derived Base=176km
INFO - 2025-12-29 12:54:18 --> Vehicle adjustment for 2026-01-06: is_saved=true, is_preloaded=true, SS distance to subtract=0km
INFO - 2025-12-29 12:54:18 --> Expansion date 2026-01-06: DB Total=176km, SS to subtract=0km, Derived Base=176km
INFO - 2025-12-29 12:54:18 --> Vehicle adjustment for 2026-01-06: is_saved=true, is_preloaded=true, SS distance to subtract=0km
INFO - 2025-12-29 12:54:18 --> Expansion date 2026-01-06: DB Total=176km, SS to subtract=0km, Derived Base=176km
INFO - 2025-12-29 12:54:18 --> Vehicle adjustment for 2026-01-06: is_saved=true, is_preloaded=true, SS distance to subtract=0km
INFO - 2025-12-29 12:54:18 --> Expansion date 2026-01-06: DB Total=176km, SS to subtract=0km, Derived Base=176km
INFO - 2025-12-29 12:54:18 --> Vehicle adjustment for 2026-01-06: is_saved=true, is_preloaded=true, SS distance to subtract=0km
INFO - 2025-12-29 12:54:18 --> Expansion date 2026-01-06: DB Total=176km, SS to subtract=0km, Derived Base=176km
INFO - 2025-12-29 12:54:18 --> Vehicle adjustment for 2026-01-07: is_saved=true, is_preloaded=true, SS distance to subtract=0km
INFO - 2025-12-29 12:54:18 --> Expansion date 2026-01-07: DB Total=0km, SS to subtract=0km, Derived Base=0km
INFO - 2025-12-29 12:54:18 --> Vehicle adjustment for 2026-01-07: is_saved=true, is_preloaded=true, SS distance to subtract=0km
INFO - 2025-12-29 12:54:18 --> Expansion date 2026-01-07: DB Total=0km, SS to subtract=0km, Derived Base=0km
INFO - 2025-12-29 12:54:18 --> Vehicle adjustment for 2026-01-07: is_saved=true, is_preloaded=true, SS distance to subtract=0km
INFO - 2025-12-29 12:54:18 --> Expansion date 2026-01-07: DB Total=0km, SS to subtract=0km, Derived Base=0km
INFO - 2025-12-29 12:54:18 --> Vehicle adjustment for 2026-01-07: is_saved=true, is_preloaded=true, SS distance to subtract=0km
INFO - 2025-12-29 12:54:18 --> Expansion date 2026-01-07: DB Total=0km, SS to subtract=0km, Derived Base=0km
INFO - 2025-12-29 12:54:18 --> Vehicle adjustment for 2026-01-07: is_saved=true, is_preloaded=true, SS distance to subtract=0km
INFO - 2025-12-29 12:54:18 --> Expansion date 2026-01-07: DB Total=0km, SS to subtract=0km, Derived Base=0km
INFO - 2025-12-29 12:54:18 --> Vehicle adjustment for 2026-01-08: is_saved=true, is_preloaded=true, SS distance to subtract=0km
INFO - 2025-12-29 12:54:18 --> Expansion date 2026-01-08: DB Total=176km, SS to subtract=0km, Derived Base=176km
INFO - 2025-12-29 12:54:18 --> Vehicle adjustment for 2026-01-08: is_saved=true, is_preloaded=true, SS distance to subtract=0km
INFO - 2025-12-29 12:54:18 --> Expansion date 2026-01-08: DB Total=176km, SS to subtract=0km, Derived Base=176km
INFO - 2025-12-29 12:54:18 --> Vehicle adjustment for 2026-01-08: is_saved=true, is_preloaded=true, SS distance to subtract=0km
INFO - 2025-12-29 12:54:18 --> Expansion date 2026-01-08: DB Total=176km, SS to subtract=0km, Derived Base=176km
INFO - 2025-12-29 12:54:18 --> Vehicle adjustment for 2026-01-08: is_saved=true, is_preloaded=true, SS distance to subtract=0km
INFO - 2025-12-29 12:54:18 --> Expansion date 2026-01-08: DB Total=176km, SS to subtract=0km, Derived Base=176km
INFO - 2025-12-29 12:54:18 --> Vehicle adjustment for 2026-01-08: is_saved=true, is_preloaded=true, SS distance to subtract=0km
INFO - 2025-12-29 12:54:18 --> Expansion date 2026-01-08: DB Total=176km, SS to subtract=0km, Derived Base=176km
DEBUG - 2025-12-29 13:05:23 --> Session: Class initialized using 'CodeIgniter\Session\Handlers\FileHandler' driver.
INFO - 2025-12-29 13:05:23 --> Loading previous itinerary data from previous_active_tour_id: 2027
INFO - 2025-12-29 13:05:23 --> Loading itinerary for tour_details_id: 2027, extension_ref_id: 586
INFO - 2025-12-29 13:05:23 --> Found 4 itinerary records
INFO - 2025-12-29 13:05:23 --> Found matching date 2026-01-06 in previous tour plan (preloading)
INFO - 2025-12-29 13:05:23 --> Preloaded from previous tour for date 2026-01-06: 3 sightseeing, 1 special events, 3 hotel facilities
INFO - 2025-12-29 13:05:23 --> Loading previous itinerary data from previous_active_tour_id: 2027
INFO - 2025-12-29 13:05:23 --> Loading itinerary for tour_details_id: 2027, extension_ref_id: 586
INFO - 2025-12-29 13:05:23 --> Found 4 itinerary records
INFO - 2025-12-29 13:05:23 --> Found matching date 2026-01-07 in previous tour plan (preloading)
INFO - 2025-12-29 13:05:23 --> Preloaded from previous tour for date 2026-01-07: 1 sightseeing, 1 special events, 3 hotel facilities
INFO - 2025-12-29 13:05:23 --> Loading previous itinerary data from previous_active_tour_id: 2027
INFO - 2025-12-29 13:05:23 --> Loading itinerary for tour_details_id: 2027, extension_ref_id: 586
INFO - 2025-12-29 13:05:23 --> Found 4 itinerary records
INFO - 2025-12-29 13:05:23 --> Found matching date 2026-01-08 in previous tour plan (preloading)
INFO - 2025-12-29 13:05:23 --> Preloaded from previous tour for date 2026-01-08: 1 sightseeing, 1 special events, 3 hotel facilities
INFO - 2025-12-29 13:05:23 --> Vehicle adjustment for 2026-01-06: is_saved=true, is_preloaded=true, SS distance to subtract=0km
INFO - 2025-12-29 13:05:23 --> Expansion date 2026-01-06: DB Total=176km, SS to subtract=0km, Derived Base=176km
INFO - 2025-12-29 13:05:23 --> Vehicle adjustment for 2026-01-06: is_saved=true, is_preloaded=true, SS distance to subtract=0km
INFO - 2025-12-29 13:05:23 --> Expansion date 2026-01-06: DB Total=176km, SS to subtract=0km, Derived Base=176km
INFO - 2025-12-29 13:05:23 --> Vehicle adjustment for 2026-01-06: is_saved=true, is_preloaded=true, SS distance to subtract=0km
INFO - 2025-12-29 13:05:23 --> Expansion date 2026-01-06: DB Total=176km, SS to subtract=0km, Derived Base=176km
INFO - 2025-12-29 13:05:23 --> Vehicle adjustment for 2026-01-06: is_saved=true, is_preloaded=true, SS distance to subtract=0km
INFO - 2025-12-29 13:05:23 --> Expansion date 2026-01-06: DB Total=176km, SS to subtract=0km, Derived Base=176km
INFO - 2025-12-29 13:05:23 --> Vehicle adjustment for 2026-01-06: is_saved=true, is_preloaded=true, SS distance to subtract=0km
INFO - 2025-12-29 13:05:23 --> Expansion date 2026-01-06: DB Total=176km, SS to subtract=0km, Derived Base=176km
INFO - 2025-12-29 13:05:23 --> Vehicle adjustment for 2026-01-07: is_saved=true, is_preloaded=true, SS distance to subtract=0km
INFO - 2025-12-29 13:05:23 --> Expansion date 2026-01-07: DB Total=0km, SS to subtract=0km, Derived Base=0km
INFO - 2025-12-29 13:05:23 --> Vehicle adjustment for 2026-01-07: is_saved=true, is_preloaded=true, SS distance to subtract=0km
INFO - 2025-12-29 13:05:23 --> Expansion date 2026-01-07: DB Total=0km, SS to subtract=0km, Derived Base=0km
INFO - 2025-12-29 13:05:23 --> Vehicle adjustment for 2026-01-07: is_saved=true, is_preloaded=true, SS distance to subtract=0km
INFO - 2025-12-29 13:05:23 --> Expansion date 2026-01-07: DB Total=0km, SS to subtract=0km, Derived Base=0km
INFO - 2025-12-29 13:05:23 --> Vehicle adjustment for 2026-01-07: is_saved=true, is_preloaded=true, SS distance to subtract=0km
INFO - 2025-12-29 13:05:23 --> Expansion date 2026-01-07: DB Total=0km, SS to subtract=0km, Derived Base=0km
INFO - 2025-12-29 13:05:23 --> Vehicle adjustment for 2026-01-07: is_saved=true, is_preloaded=true, SS distance to subtract=0km
INFO - 2025-12-29 13:05:23 --> Expansion date 2026-01-07: DB Total=0km, SS to subtract=0km, Derived Base=0km
INFO - 2025-12-29 13:05:23 --> Vehicle adjustment for 2026-01-08: is_saved=true, is_preloaded=true, SS distance to subtract=0km
INFO - 2025-12-29 13:05:23 --> Expansion date 2026-01-08: DB Total=176km, SS to subtract=0km, Derived Base=176km
INFO - 2025-12-29 13:05:23 --> Vehicle adjustment for 2026-01-08: is_saved=true, is_preloaded=true, SS distance to subtract=0km
INFO - 2025-12-29 13:05:23 --> Expansion date 2026-01-08: DB Total=176km, SS to subtract=0km, Derived Base=176km
INFO - 2025-12-29 13:05:23 --> Vehicle adjustment for 2026-01-08: is_saved=true, is_preloaded=true, SS distance to subtract=0km
INFO - 2025-12-29 13:05:23 --> Expansion date 2026-01-08: DB Total=176km, SS to subtract=0km, Derived Base=176km
INFO - 2025-12-29 13:05:23 --> Vehicle adjustment for 2026-01-08: is_saved=true, is_preloaded=true, SS distance to subtract=0km
INFO - 2025-12-29 13:05:23 --> Expansion date 2026-01-08: DB Total=176km, SS to subtract=0km, Derived Base=176km
INFO - 2025-12-29 13:05:23 --> Vehicle adjustment for 2026-01-08: is_saved=true, is_preloaded=true, SS distance to subtract=0km
INFO - 2025-12-29 13:05:23 --> Expansion date 2026-01-08: DB Total=176km, SS to subtract=0km, Derived Base=176km
DEBUG - 2025-12-29 13:05:32 --> Session: Class initialized using 'CodeIgniter\Session\Handlers\FileHandler' driver.
DEBUG - 2025-12-29 13:05:36 --> Session: Class initialized using 'CodeIgniter\Session\Handlers\FileHandler' driver.
DEBUG - 2025-12-29 13:05:42 --> Session: Class initialized using 'CodeIgniter\Session\Handlers\FileHandler' driver.
DEBUG - 2025-12-29 13:05:42 --> Session: Class initialized using 'CodeIgniter\Session\Handlers\FileHandler' driver.
INFO - 2025-12-29 13:05:43 --> Loaded from DRAFT for date 2026-01-06: 3 sightseeing, 0 special events, 2 hotel facilities
INFO - 2025-12-29 13:05:43 --> Loaded from DRAFT for date 2026-01-07: 1 sightseeing, 0 special events, 2 hotel facilities
INFO - 2025-12-29 13:05:43 --> Loaded from DRAFT for date 2026-01-08: 1 sightseeing, 0 special events, 2 hotel facilities
INFO - 2025-12-29 13:05:43 --> Vehicle adjustment for 2026-01-06: is_saved=true, is_preloaded=false, SS distance to subtract=270km
INFO - 2025-12-29 13:05:43 --> Expansion date 2026-01-06: DB Total=176km, SS to subtract=270km, Derived Base=0km
INFO - 2025-12-29 13:05:43 --> Vehicle adjustment for 2026-01-06: is_saved=true, is_preloaded=false, SS distance to subtract=270km
INFO - 2025-12-29 13:05:43 --> Expansion date 2026-01-06: DB Total=176km, SS to subtract=270km, Derived Base=0km
INFO - 2025-12-29 13:05:43 --> Vehicle adjustment for 2026-01-06: is_saved=true, is_preloaded=false, SS distance to subtract=270km
INFO - 2025-12-29 13:05:43 --> Expansion date 2026-01-06: DB Total=176km, SS to subtract=270km, Derived Base=0km
INFO - 2025-12-29 13:05:43 --> Vehicle adjustment for 2026-01-06: is_saved=true, is_preloaded=false, SS distance to subtract=270km
INFO - 2025-12-29 13:05:43 --> Expansion date 2026-01-06: DB Total=176km, SS to subtract=270km, Derived Base=0km
INFO - 2025-12-29 13:05:43 --> Vehicle adjustment for 2026-01-06: is_saved=true, is_preloaded=false, SS distance to subtract=270km
INFO - 2025-12-29 13:05:43 --> Expansion date 2026-01-06: DB Total=176km, SS to subtract=270km, Derived Base=0km
INFO - 2025-12-29 13:05:43 --> Vehicle adjustment for 2026-01-07: is_saved=true, is_preloaded=false, SS distance to subtract=90km
INFO - 2025-12-29 13:05:43 --> Expansion date 2026-01-07: DB Total=0km, SS to subtract=90km, Derived Base=0km
INFO - 2025-12-29 13:05:43 --> Vehicle adjustment for 2026-01-07: is_saved=true, is_preloaded=false, SS distance to subtract=90km
INFO - 2025-12-29 13:05:43 --> Expansion date 2026-01-07: DB Total=0km, SS to subtract=90km, Derived Base=0km
INFO - 2025-12-29 13:05:43 --> Vehicle adjustment for 2026-01-07: is_saved=true, is_preloaded=false, SS distance to subtract=90km
INFO - 2025-12-29 13:05:43 --> Expansion date 2026-01-07: DB Total=0km, SS to subtract=90km, Derived Base=0km
INFO - 2025-12-29 13:05:43 --> Vehicle adjustment for 2026-01-07: is_saved=true, is_preloaded=false, SS distance to subtract=90km
INFO - 2025-12-29 13:05:43 --> Expansion date 2026-01-07: DB Total=0km, SS to subtract=90km, Derived Base=0km
INFO - 2025-12-29 13:05:43 --> Vehicle adjustment for 2026-01-07: is_saved=true, is_preloaded=false, SS distance to subtract=90km
INFO - 2025-12-29 13:05:43 --> Expansion date 2026-01-07: DB Total=0km, SS to subtract=90km, Derived Base=0km
INFO - 2025-12-29 13:05:43 --> Vehicle adjustment for 2026-01-08: is_saved=true, is_preloaded=false, SS distance to subtract=0km
INFO - 2025-12-29 13:05:43 --> Expansion date 2026-01-08: DB Total=176km, SS to subtract=0km, Derived Base=176km
INFO - 2025-12-29 13:05:43 --> Vehicle adjustment for 2026-01-08: is_saved=true, is_preloaded=false, SS distance to subtract=0km
INFO - 2025-12-29 13:05:43 --> Expansion date 2026-01-08: DB Total=176km, SS to subtract=0km, Derived Base=176km
INFO - 2025-12-29 13:05:43 --> Vehicle adjustment for 2026-01-08: is_saved=true, is_preloaded=false, SS distance to subtract=0km
INFO - 2025-12-29 13:05:43 --> Expansion date 2026-01-08: DB Total=176km, SS to subtract=0km, Derived Base=176km
INFO - 2025-12-29 13:05:43 --> Vehicle adjustment for 2026-01-08: is_saved=true, is_preloaded=false, SS distance to subtract=0km
INFO - 2025-12-29 13:05:43 --> Expansion date 2026-01-08: DB Total=176km, SS to subtract=0km, Derived Base=176km
INFO - 2025-12-29 13:05:43 --> Vehicle adjustment for 2026-01-08: is_saved=true, is_preloaded=false, SS distance to subtract=0km
INFO - 2025-12-29 13:05:43 --> Expansion date 2026-01-08: DB Total=176km, SS to subtract=0km, Derived Base=176km
INFO - 2025-12-29 13:05:43 --> Itinerary expansion date 2026-01-06: Derived Base=176km (SS subtract=270km)
INFO - 2025-12-29 13:05:43 --> Itinerary expansion date 2026-01-06: Derived Base=176km (SS subtract=270km)
INFO - 2025-12-29 13:05:43 --> Itinerary expansion date 2026-01-06: Derived Base=176km (SS subtract=270km)
INFO - 2025-12-29 13:05:43 --> Itinerary expansion date 2026-01-06: Derived Base=176km (SS subtract=270km)
INFO - 2025-12-29 13:05:43 --> Itinerary expansion date 2026-01-06: Derived Base=176km (SS subtract=270km)
INFO - 2025-12-29 13:05:43 --> Itinerary expansion date 2026-01-07: Derived Base=0km (SS subtract=90km)
INFO - 2025-12-29 13:05:43 --> Itinerary expansion date 2026-01-07: Derived Base=0km (SS subtract=90km)
INFO - 2025-12-29 13:05:43 --> Itinerary expansion date 2026-01-07: Derived Base=0km (SS subtract=90km)
INFO - 2025-12-29 13:05:43 --> Itinerary expansion date 2026-01-07: Derived Base=0km (SS subtract=90km)
INFO - 2025-12-29 13:05:43 --> Itinerary expansion date 2026-01-07: Derived Base=0km (SS subtract=90km)
INFO - 2025-12-29 13:05:43 --> Itinerary expansion date 2026-01-08: Derived Base=0km (SS subtract=0km)
INFO - 2025-12-29 13:05:43 --> Itinerary expansion date 2026-01-08: Derived Base=0km (SS subtract=0km)
INFO - 2025-12-29 13:05:43 --> Itinerary expansion date 2026-01-08: Derived Base=0km (SS subtract=0km)
INFO - 2025-12-29 13:05:43 --> Itinerary expansion date 2026-01-08: Derived Base=0km (SS subtract=0km)
INFO - 2025-12-29 13:05:43 --> Itinerary expansion date 2026-01-08: Derived Base=0km (SS subtract=0km)
DEBUG - 2025-12-29 13:05:51 --> Session: Class initialized using 'CodeIgniter\Session\Handlers\FileHandler' driver.
DEBUG - 2025-12-29 13:05:52 --> Session: Class initialized using 'CodeIgniter\Session\Handlers\FileHandler' driver.
DEBUG - 2025-12-29 13:05:52 --> Session: Class initialized using 'CodeIgniter\Session\Handlers\FileHandler' driver.
DEBUG - 2025-12-29 13:05:54 --> Session: Class initialized using 'CodeIgniter\Session\Handlers\FileHandler' driver.
DEBUG - 2025-12-29 13:05:54 --> Session: Class initialized using 'CodeIgniter\Session\Handlers\FileHandler' driver.
DEBUG - 2025-12-29 13:05:57 --> Session: Class initialized using 'CodeIgniter\Session\Handlers\FileHandler' driver.
DEBUG - 2025-12-29 13:05:58 --> Session: Class initialized using 'CodeIgniter\Session\Handlers\FileHandler' driver.
DEBUG - 2025-12-29 13:05:58 --> Session: Class initialized using 'CodeIgniter\Session\Handlers\FileHandler' driver.
DEBUG - 2025-12-29 13:05:58 --> Session: Class initialized using 'CodeIgniter\Session\Handlers\FileHandler' driver.
DEBUG - 2025-12-29 13:06:03 --> Session: Class initialized using 'CodeIgniter\Session\Handlers\FileHandler' driver.
DEBUG - 2025-12-29 13:06:04 --> Session: Class initialized using 'CodeIgniter\Session\Handlers\FileHandler' driver.
DEBUG - 2025-12-29 13:06:04 --> Session: Class initialized using 'CodeIgniter\Session\Handlers\FileHandler' driver.
DEBUG - 2025-12-29 13:06:05 --> Session: Class initialized using 'CodeIgniter\Session\Handlers\FileHandler' driver.
INFO - 2025-12-29 13:06:06 --> Loading previous itinerary data from previous_active_tour_id: 2032
INFO - 2025-12-29 13:06:06 --> Loading itinerary for tour_details_id: 2032, extension_ref_id: 587
INFO - 2025-12-29 13:06:06 --> Found 4 itinerary records
INFO - 2025-12-29 13:06:06 --> Found matching date 2026-01-06 in previous tour plan (preloading)
INFO - 2025-12-29 13:06:06 --> Preloaded from previous tour for date 2026-01-06: 3 sightseeing, 0 special events, 2 hotel facilities
INFO - 2025-12-29 13:06:06 --> Loading previous itinerary data from previous_active_tour_id: 2032
INFO - 2025-12-29 13:06:06 --> Loading itinerary for tour_details_id: 2032, extension_ref_id: 587
INFO - 2025-12-29 13:06:06 --> Found 4 itinerary records
INFO - 2025-12-29 13:06:06 --> Found matching date 2026-01-07 in previous tour plan (preloading)
INFO - 2025-12-29 13:06:06 --> Preloaded from previous tour for date 2026-01-07: 1 sightseeing, 0 special events, 2 hotel facilities
INFO - 2025-12-29 13:06:06 --> Loading previous itinerary data from previous_active_tour_id: 2032
INFO - 2025-12-29 13:06:06 --> Loading itinerary for tour_details_id: 2032, extension_ref_id: 587
INFO - 2025-12-29 13:06:06 --> Found 4 itinerary records
INFO - 2025-12-29 13:06:06 --> Found matching date 2026-01-08 in previous tour plan (preloading)
INFO - 2025-12-29 13:06:06 --> Preloaded from previous tour for date 2026-01-08: 1 sightseeing, 0 special events, 2 hotel facilities
INFO - 2025-12-29 13:06:06 --> Vehicle adjustment for 2026-01-06: is_saved=true, is_preloaded=true, SS distance to subtract=0km
INFO - 2025-12-29 13:06:06 --> Expansion date 2026-01-06: DB Total=176km, SS to subtract=0km, Derived Base=176km
INFO - 2025-12-29 13:06:06 --> Vehicle adjustment for 2026-01-06: is_saved=true, is_preloaded=true, SS distance to subtract=0km
INFO - 2025-12-29 13:06:06 --> Expansion date 2026-01-06: DB Total=176km, SS to subtract=0km, Derived Base=176km
INFO - 2025-12-29 13:06:06 --> Vehicle adjustment for 2026-01-06: is_saved=true, is_preloaded=true, SS distance to subtract=0km
INFO - 2025-12-29 13:06:06 --> Expansion date 2026-01-06: DB Total=176km, SS to subtract=0km, Derived Base=176km
INFO - 2025-12-29 13:06:06 --> Vehicle adjustment for 2026-01-06: is_saved=true, is_preloaded=true, SS distance to subtract=0km
INFO - 2025-12-29 13:06:06 --> Expansion date 2026-01-06: DB Total=176km, SS to subtract=0km, Derived Base=176km
INFO - 2025-12-29 13:06:06 --> Vehicle adjustment for 2026-01-06: is_saved=true, is_preloaded=true, SS distance to subtract=0km
INFO - 2025-12-29 13:06:06 --> Expansion date 2026-01-06: DB Total=176km, SS to subtract=0km, Derived Base=176km
INFO - 2025-12-29 13:06:06 --> Vehicle adjustment for 2026-01-07: is_saved=true, is_preloaded=true, SS distance to subtract=0km
INFO - 2025-12-29 13:06:06 --> Expansion date 2026-01-07: DB Total=0km, SS to subtract=0km, Derived Base=0km
INFO - 2025-12-29 13:06:06 --> Vehicle adjustment for 2026-01-07: is_saved=true, is_preloaded=true, SS distance to subtract=0km
INFO - 2025-12-29 13:06:06 --> Expansion date 2026-01-07: DB Total=0km, SS to subtract=0km, Derived Base=0km
INFO - 2025-12-29 13:06:06 --> Vehicle adjustment for 2026-01-07: is_saved=true, is_preloaded=true, SS distance to subtract=0km
INFO - 2025-12-29 13:06:06 --> Expansion date 2026-01-07: DB Total=0km, SS to subtract=0km, Derived Base=0km
INFO - 2025-12-29 13:06:06 --> Vehicle adjustment for 2026-01-07: is_saved=true, is_preloaded=true, SS distance to subtract=0km
INFO - 2025-12-29 13:06:06 --> Expansion date 2026-01-07: DB Total=0km, SS to subtract=0km, Derived Base=0km
INFO - 2025-12-29 13:06:06 --> Vehicle adjustment for 2026-01-07: is_saved=true, is_preloaded=true, SS distance to subtract=0km
INFO - 2025-12-29 13:06:06 --> Expansion date 2026-01-07: DB Total=0km, SS to subtract=0km, Derived Base=0km
INFO - 2025-12-29 13:06:06 --> Vehicle adjustment for 2026-01-08: is_saved=true, is_preloaded=true, SS distance to subtract=0km
INFO - 2025-12-29 13:06:06 --> Expansion date 2026-01-08: DB Total=176km, SS to subtract=0km, Derived Base=176km
INFO - 2025-12-29 13:06:06 --> Vehicle adjustment for 2026-01-08: is_saved=true, is_preloaded=true, SS distance to subtract=0km
INFO - 2025-12-29 13:06:06 --> Expansion date 2026-01-08: DB Total=176km, SS to subtract=0km, Derived Base=176km
INFO - 2025-12-29 13:06:06 --> Vehicle adjustment for 2026-01-08: is_saved=true, is_preloaded=true, SS distance to subtract=0km
INFO - 2025-12-29 13:06:06 --> Expansion date 2026-01-08: DB Total=176km, SS to subtract=0km, Derived Base=176km
INFO - 2025-12-29 13:06:06 --> Vehicle adjustment for 2026-01-08: is_saved=true, is_preloaded=true, SS distance to subtract=0km
INFO - 2025-12-29 13:06:06 --> Expansion date 2026-01-08: DB Total=176km, SS to subtract=0km, Derived Base=176km
INFO - 2025-12-29 13:06:06 --> Vehicle adjustment for 2026-01-08: is_saved=true, is_preloaded=true, SS distance to subtract=0km
INFO - 2025-12-29 13:06:06 --> Expansion date 2026-01-08: DB Total=176km, SS to subtract=0km, Derived Base=176km
DEBUG - 2025-12-29 13:10:53 --> Session: Class initialized using 'CodeIgniter\Session\Handlers\FileHandler' driver.
INFO - 2025-12-29 13:10:54 --> Loading previous itinerary data from previous_active_tour_id: 2032
INFO - 2025-12-29 13:10:54 --> Loading itinerary for tour_details_id: 2032, extension_ref_id: 587
INFO - 2025-12-29 13:10:54 --> Found 4 itinerary records
INFO - 2025-12-29 13:10:54 --> Found matching date 2026-01-06 in previous tour plan (preloading)
INFO - 2025-12-29 13:10:54 --> Same hotel and location - loaded 2 hotel facilities
INFO - 2025-12-29 13:10:54 --> Preloaded from previous tour for date 2026-01-06: 3 sightseeing, 0 special events, 2 hotel facilities
INFO - 2025-12-29 13:10:54 --> Loading previous itinerary data from previous_active_tour_id: 2032
INFO - 2025-12-29 13:10:54 --> Loading itinerary for tour_details_id: 2032, extension_ref_id: 587
INFO - 2025-12-29 13:10:54 --> Found 4 itinerary records
INFO - 2025-12-29 13:10:54 --> Found matching date 2026-01-07 in previous tour plan (preloading)
INFO - 2025-12-29 13:10:54 --> Same hotel and location - loaded 2 hotel facilities
INFO - 2025-12-29 13:10:54 --> Preloaded from previous tour for date 2026-01-07: 1 sightseeing, 0 special events, 2 hotel facilities
INFO - 2025-12-29 13:10:54 --> Loading previous itinerary data from previous_active_tour_id: 2032
INFO - 2025-12-29 13:10:54 --> Loading itinerary for tour_details_id: 2032, extension_ref_id: 587
INFO - 2025-12-29 13:10:54 --> Found 4 itinerary records
INFO - 2025-12-29 13:10:54 --> Found matching date 2026-01-08 in previous tour plan (preloading)
INFO - 2025-12-29 13:10:54 --> Same hotel and location - loaded 2 hotel facilities
INFO - 2025-12-29 13:10:54 --> Preloaded from previous tour for date 2026-01-08: 1 sightseeing, 0 special events, 2 hotel facilities
INFO - 2025-12-29 13:10:54 --> Vehicle adjustment for 2026-01-06: is_saved=true, is_preloaded=true, SS distance to subtract=0km
INFO - 2025-12-29 13:10:54 --> Expansion date 2026-01-06: DB Total=176km, SS to subtract=0km, Derived Base=176km
INFO - 2025-12-29 13:10:54 --> Vehicle adjustment for 2026-01-06: is_saved=true, is_preloaded=true, SS distance to subtract=0km
INFO - 2025-12-29 13:10:54 --> Expansion date 2026-01-06: DB Total=176km, SS to subtract=0km, Derived Base=176km
INFO - 2025-12-29 13:10:54 --> Vehicle adjustment for 2026-01-06: is_saved=true, is_preloaded=true, SS distance to subtract=0km
INFO - 2025-12-29 13:10:54 --> Expansion date 2026-01-06: DB Total=176km, SS to subtract=0km, Derived Base=176km
INFO - 2025-12-29 13:10:54 --> Vehicle adjustment for 2026-01-06: is_saved=true, is_preloaded=true, SS distance to subtract=0km
INFO - 2025-12-29 13:10:54 --> Expansion date 2026-01-06: DB Total=176km, SS to subtract=0km, Derived Base=176km
INFO - 2025-12-29 13:10:54 --> Vehicle adjustment for 2026-01-06: is_saved=true, is_preloaded=true, SS distance to subtract=0km
INFO - 2025-12-29 13:10:54 --> Expansion date 2026-01-06: DB Total=176km, SS to subtract=0km, Derived Base=176km
INFO - 2025-12-29 13:10:54 --> Vehicle adjustment for 2026-01-07: is_saved=true, is_preloaded=true, SS distance to subtract=0km
INFO - 2025-12-29 13:10:54 --> Expansion date 2026-01-07: DB Total=0km, SS to subtract=0km, Derived Base=0km
INFO - 2025-12-29 13:10:54 --> Vehicle adjustment for 2026-01-07: is_saved=true, is_preloaded=true, SS distance to subtract=0km
INFO - 2025-12-29 13:10:54 --> Expansion date 2026-01-07: DB Total=0km, SS to subtract=0km, Derived Base=0km
INFO - 2025-12-29 13:10:54 --> Vehicle adjustment for 2026-01-07: is_saved=true, is_preloaded=true, SS distance to subtract=0km
INFO - 2025-12-29 13:10:54 --> Expansion date 2026-01-07: DB Total=0km, SS to subtract=0km, Derived Base=0km
INFO - 2025-12-29 13:10:54 --> Vehicle adjustment for 2026-01-07: is_saved=true, is_preloaded=true, SS distance to subtract=0km
INFO - 2025-12-29 13:10:54 --> Expansion date 2026-01-07: DB Total=0km, SS to subtract=0km, Derived Base=0km
INFO - 2025-12-29 13:10:54 --> Vehicle adjustment for 2026-01-07: is_saved=true, is_preloaded=true, SS distance to subtract=0km
INFO - 2025-12-29 13:10:54 --> Expansion date 2026-01-07: DB Total=0km, SS to subtract=0km, Derived Base=0km
INFO - 2025-12-29 13:10:54 --> Vehicle adjustment for 2026-01-08: is_saved=true, is_preloaded=true, SS distance to subtract=0km
INFO - 2025-12-29 13:10:54 --> Expansion date 2026-01-08: DB Total=176km, SS to subtract=0km, Derived Base=176km
INFO - 2025-12-29 13:10:54 --> Vehicle adjustment for 2026-01-08: is_saved=true, is_preloaded=true, SS distance to subtract=0km
INFO - 2025-12-29 13:10:54 --> Expansion date 2026-01-08: DB Total=176km, SS to subtract=0km, Derived Base=176km
INFO - 2025-12-29 13:10:54 --> Vehicle adjustment for 2026-01-08: is_saved=true, is_preloaded=true, SS distance to subtract=0km
INFO - 2025-12-29 13:10:54 --> Expansion date 2026-01-08: DB Total=176km, SS to subtract=0km, Derived Base=176km
INFO - 2025-12-29 13:10:54 --> Vehicle adjustment for 2026-01-08: is_saved=true, is_preloaded=true, SS distance to subtract=0km
INFO - 2025-12-29 13:10:54 --> Expansion date 2026-01-08: DB Total=176km, SS to subtract=0km, Derived Base=176km
INFO - 2025-12-29 13:10:54 --> Vehicle adjustment for 2026-01-08: is_saved=true, is_preloaded=true, SS distance to subtract=0km
INFO - 2025-12-29 13:10:54 --> Expansion date 2026-01-08: DB Total=176km, SS to subtract=0km, Derived Base=176km
DEBUG - 2025-12-29 13:13:45 --> Session: Class initialized using 'CodeIgniter\Session\Handlers\FileHandler' driver.
INFO - 2025-12-29 13:13:45 --> Loading previous itinerary data from previous_active_tour_id: 2032
INFO - 2025-12-29 13:13:45 --> Loading itinerary for tour_details_id: 2032, extension_ref_id: 587
INFO - 2025-12-29 13:13:45 --> Found 4 itinerary records
INFO - 2025-12-29 13:13:45 --> Found matching date 2026-01-06 in previous tour plan (preloading)
INFO - 2025-12-29 13:13:45 --> Same hotel and location - loaded 2 hotel facilities
INFO - 2025-12-29 13:13:45 --> Preloaded from previous tour for date 2026-01-06: 3 sightseeing, 0 special events, 2 hotel facilities
INFO - 2025-12-29 13:13:45 --> Loading previous itinerary data from previous_active_tour_id: 2032
INFO - 2025-12-29 13:13:45 --> Loading itinerary for tour_details_id: 2032, extension_ref_id: 587
INFO - 2025-12-29 13:13:45 --> Found 4 itinerary records
INFO - 2025-12-29 13:13:45 --> Found matching date 2026-01-07 in previous tour plan (preloading)
INFO - 2025-12-29 13:13:45 --> Same hotel and location - loaded 2 hotel facilities
INFO - 2025-12-29 13:13:45 --> Preloaded from previous tour for date 2026-01-07: 1 sightseeing, 0 special events, 2 hotel facilities
INFO - 2025-12-29 13:13:45 --> Loading previous itinerary data from previous_active_tour_id: 2032
INFO - 2025-12-29 13:13:45 --> Loading itinerary for tour_details_id: 2032, extension_ref_id: 587
INFO - 2025-12-29 13:13:45 --> Found 4 itinerary records
INFO - 2025-12-29 13:13:45 --> Found matching date 2026-01-08 in previous tour plan (preloading)
INFO - 2025-12-29 13:13:45 --> Same hotel and location - loaded 2 hotel facilities
INFO - 2025-12-29 13:13:45 --> Preloaded from previous tour for date 2026-01-08: 1 sightseeing, 0 special events, 2 hotel facilities
INFO - 2025-12-29 13:13:45 --> Vehicle adjustment for 2026-01-06: is_saved=true, is_preloaded=true, SS distance to subtract=0km
INFO - 2025-12-29 13:13:45 --> Expansion date 2026-01-06: DB Total=176km, SS to subtract=0km, Derived Base=176km
INFO - 2025-12-29 13:13:45 --> Vehicle adjustment for 2026-01-06: is_saved=true, is_preloaded=true, SS distance to subtract=0km
INFO - 2025-12-29 13:13:45 --> Expansion date 2026-01-06: DB Total=176km, SS to subtract=0km, Derived Base=176km
INFO - 2025-12-29 13:13:45 --> Vehicle adjustment for 2026-01-06: is_saved=true, is_preloaded=true, SS distance to subtract=0km
INFO - 2025-12-29 13:13:45 --> Expansion date 2026-01-06: DB Total=176km, SS to subtract=0km, Derived Base=176km
INFO - 2025-12-29 13:13:45 --> Vehicle adjustment for 2026-01-06: is_saved=true, is_preloaded=true, SS distance to subtract=0km
INFO - 2025-12-29 13:13:45 --> Expansion date 2026-01-06: DB Total=176km, SS to subtract=0km, Derived Base=176km
INFO - 2025-12-29 13:13:45 --> Vehicle adjustment for 2026-01-06: is_saved=true, is_preloaded=true, SS distance to subtract=0km
INFO - 2025-12-29 13:13:45 --> Expansion date 2026-01-06: DB Total=176km, SS to subtract=0km, Derived Base=176km
INFO - 2025-12-29 13:13:45 --> Vehicle adjustment for 2026-01-07: is_saved=true, is_preloaded=true, SS distance to subtract=0km
INFO - 2025-12-29 13:13:45 --> Expansion date 2026-01-07: DB Total=0km, SS to subtract=0km, Derived Base=0km
INFO - 2025-12-29 13:13:45 --> Vehicle adjustment for 2026-01-07: is_saved=true, is_preloaded=true, SS distance to subtract=0km
INFO - 2025-12-29 13:13:45 --> Expansion date 2026-01-07: DB Total=0km, SS to subtract=0km, Derived Base=0km
INFO - 2025-12-29 13:13:45 --> Vehicle adjustment for 2026-01-07: is_saved=true, is_preloaded=true, SS distance to subtract=0km
INFO - 2025-12-29 13:13:45 --> Expansion date 2026-01-07: DB Total=0km, SS to subtract=0km, Derived Base=0km
INFO - 2025-12-29 13:13:45 --> Vehicle adjustment for 2026-01-07: is_saved=true, is_preloaded=true, SS distance to subtract=0km
INFO - 2025-12-29 13:13:45 --> Expansion date 2026-01-07: DB Total=0km, SS to subtract=0km, Derived Base=0km
INFO - 2025-12-29 13:13:45 --> Vehicle adjustment for 2026-01-07: is_saved=true, is_preloaded=true, SS distance to subtract=0km
INFO - 2025-12-29 13:13:45 --> Expansion date 2026-01-07: DB Total=0km, SS to subtract=0km, Derived Base=0km
INFO - 2025-12-29 13:13:45 --> Vehicle adjustment for 2026-01-08: is_saved=true, is_preloaded=true, SS distance to subtract=0km
INFO - 2025-12-29 13:13:45 --> Expansion date 2026-01-08: DB Total=176km, SS to subtract=0km, Derived Base=176km
INFO - 2025-12-29 13:13:45 --> Vehicle adjustment for 2026-01-08: is_saved=true, is_preloaded=true, SS distance to subtract=0km
INFO - 2025-12-29 13:13:45 --> Expansion date 2026-01-08: DB Total=176km, SS to subtract=0km, Derived Base=176km
INFO - 2025-12-29 13:13:45 --> Vehicle adjustment for 2026-01-08: is_saved=true, is_preloaded=true, SS distance to subtract=0km
INFO - 2025-12-29 13:13:45 --> Expansion date 2026-01-08: DB Total=176km, SS to subtract=0km, Derived Base=176km
INFO - 2025-12-29 13:13:45 --> Vehicle adjustment for 2026-01-08: is_saved=true, is_preloaded=true, SS distance to subtract=0km
INFO - 2025-12-29 13:13:45 --> Expansion date 2026-01-08: DB Total=176km, SS to subtract=0km, Derived Base=176km
INFO - 2025-12-29 13:13:45 --> Vehicle adjustment for 2026-01-08: is_saved=true, is_preloaded=true, SS distance to subtract=0km
INFO - 2025-12-29 13:13:45 --> Expansion date 2026-01-08: DB Total=176km, SS to subtract=0km, Derived Base=176km
DEBUG - 2025-12-29 13:13:51 --> Session: Class initialized using 'CodeIgniter\Session\Handlers\FileHandler' driver.
DEBUG - 2025-12-29 13:13:54 --> Session: Class initialized using 'CodeIgniter\Session\Handlers\FileHandler' driver.
DEBUG - 2025-12-29 13:13:55 --> Session: Class initialized using 'CodeIgniter\Session\Handlers\FileHandler' driver.
DEBUG - 2025-12-29 13:13:55 --> Session: Class initialized using 'CodeIgniter\Session\Handlers\FileHandler' driver.
DEBUG - 2025-12-29 13:13:57 --> Session: Class initialized using 'CodeIgniter\Session\Handlers\FileHandler' driver.
DEBUG - 2025-12-29 13:13:58 --> Session: Class initialized using 'CodeIgniter\Session\Handlers\FileHandler' driver.
DEBUG - 2025-12-29 13:13:59 --> Session: Class initialized using 'CodeIgniter\Session\Handlers\FileHandler' driver.
DEBUG - 2025-12-29 13:13:59 --> Session: Class initialized using 'CodeIgniter\Session\Handlers\FileHandler' driver.
DEBUG - 2025-12-29 13:14:02 --> Session: Class initialized using 'CodeIgniter\Session\Handlers\FileHandler' driver.
INFO - 2025-12-29 13:14:02 --> Fresh mode: Loading from extension_ref_id: 580
INFO - 2025-12-29 13:14:02 --> Loaded 4 records from fresh mode
INFO - 2025-12-29 18:44:02 --> Loaded from DRAFT for date 2026-01-06: 1 sightseeing, 0 special events, 0 hotel facilities
INFO - 2025-12-29 18:44:02 --> Loaded from DRAFT for date 2026-01-07: 0 sightseeing, 0 special events, 0 hotel facilities
INFO - 2025-12-29 18:44:02 --> Vehicle adjustment for 2026-01-06: is_saved=true, is_preloaded=false, SS distance to subtract=150km
INFO - 2025-12-29 18:44:02 --> Expansion date 2026-01-06: DB Total=191km, SS to subtract=150km, Derived Base=41km
INFO - 2025-12-29 18:44:02 --> Vehicle adjustment for 2026-01-06: is_saved=true, is_preloaded=false, SS distance to subtract=150km
INFO - 2025-12-29 18:44:02 --> Expansion date 2026-01-06: DB Total=191km, SS to subtract=150km, Derived Base=41km
INFO - 2025-12-29 18:44:02 --> Vehicle adjustment for 2026-01-06: is_saved=true, is_preloaded=false, SS distance to subtract=150km
INFO - 2025-12-29 18:44:02 --> Expansion date 2026-01-06: DB Total=191km, SS to subtract=150km, Derived Base=41km
INFO - 2025-12-29 18:44:02 --> Vehicle adjustment for 2026-01-06: is_saved=true, is_preloaded=false, SS distance to subtract=150km
INFO - 2025-12-29 18:44:02 --> Expansion date 2026-01-06: DB Total=191km, SS to subtract=150km, Derived Base=41km
INFO - 2025-12-29 18:44:02 --> Vehicle adjustment for 2026-01-06: is_saved=true, is_preloaded=false, SS distance to subtract=150km
INFO - 2025-12-29 18:44:02 --> Expansion date 2026-01-06: DB Total=191km, SS to subtract=150km, Derived Base=41km
INFO - 2025-12-29 18:44:02 --> Vehicle adjustment for 2026-01-07: is_saved=true, is_preloaded=false, SS distance to subtract=0km
INFO - 2025-12-29 18:44:02 --> Expansion date 2026-01-07: DB Total=0km, SS to subtract=0km, Derived Base=0km
INFO - 2025-12-29 18:44:02 --> Vehicle adjustment for 2026-01-07: is_saved=true, is_preloaded=false, SS distance to subtract=0km
INFO - 2025-12-29 18:44:02 --> Expansion date 2026-01-07: DB Total=0km, SS to subtract=0km, Derived Base=0km
INFO - 2025-12-29 18:44:02 --> Vehicle adjustment for 2026-01-07: is_saved=true, is_preloaded=false, SS distance to subtract=0km
INFO - 2025-12-29 18:44:02 --> Expansion date 2026-01-07: DB Total=0km, SS to subtract=0km, Derived Base=0km
INFO - 2025-12-29 18:44:02 --> Vehicle adjustment for 2026-01-07: is_saved=true, is_preloaded=false, SS distance to subtract=0km
INFO - 2025-12-29 18:44:02 --> Expansion date 2026-01-07: DB Total=0km, SS to subtract=0km, Derived Base=0km
INFO - 2025-12-29 18:44:02 --> Vehicle adjustment for 2026-01-07: is_saved=true, is_preloaded=false, SS distance to subtract=0km
INFO - 2025-12-29 18:44:02 --> Expansion date 2026-01-07: DB Total=0km, SS to subtract=0km, Derived Base=0km
INFO - 2025-12-29 18:44:02 --> Loaded from DRAFT for date 2026-01-08: 1 sightseeing, 0 special events, 0 hotel facilities
INFO - 2025-12-29 18:44:02 --> Vehicle adjustment for 2026-01-08: is_saved=true, is_preloaded=false, SS distance to subtract=0km
INFO - 2025-12-29 18:44:02 --> Expansion date 2026-01-08: DB Total=226km, SS to subtract=0km, Derived Base=226km
INFO - 2025-12-29 18:44:02 --> Vehicle adjustment for 2026-01-08: is_saved=true, is_preloaded=false, SS distance to subtract=0km
INFO - 2025-12-29 18:44:02 --> Expansion date 2026-01-08: DB Total=226km, SS to subtract=0km, Derived Base=226km
INFO - 2025-12-29 18:44:02 --> Vehicle adjustment for 2026-01-08: is_saved=true, is_preloaded=false, SS distance to subtract=0km
INFO - 2025-12-29 18:44:02 --> Expansion date 2026-01-08: DB Total=226km, SS to subtract=0km, Derived Base=226km
INFO - 2025-12-29 18:44:02 --> Vehicle adjustment for 2026-01-08: is_saved=true, is_preloaded=false, SS distance to subtract=0km
INFO - 2025-12-29 18:44:02 --> Expansion date 2026-01-08: DB Total=226km, SS to subtract=0km, Derived Base=226km
INFO - 2025-12-29 18:44:02 --> Vehicle adjustment for 2026-01-08: is_saved=true, is_preloaded=false, SS distance to subtract=0km
INFO - 2025-12-29 18:44:02 --> Expansion date 2026-01-08: DB Total=226km, SS to subtract=0km, Derived Base=226km
INFO - 2025-12-29 18:44:02 --> Itinerary expansion date 2026-01-06: Derived Base=491km (SS subtract=150km)
INFO - 2025-12-29 18:44:02 --> Itinerary expansion date 2026-01-06: Derived Base=491km (SS subtract=150km)
INFO - 2025-12-29 18:44:02 --> Itinerary expansion date 2026-01-06: Derived Base=491km (SS subtract=150km)
INFO - 2025-12-29 18:44:02 --> Itinerary expansion date 2026-01-06: Derived Base=491km (SS subtract=150km)
INFO - 2025-12-29 18:44:02 --> Itinerary expansion date 2026-01-06: Derived Base=491km (SS subtract=150km)
INFO - 2025-12-29 18:44:02 --> Itinerary expansion date 2026-01-07: Derived Base=150km (SS subtract=0km)
INFO - 2025-12-29 18:44:02 --> Itinerary expansion date 2026-01-07: Derived Base=150km (SS subtract=0km)
INFO - 2025-12-29 18:44:02 --> Itinerary expansion date 2026-01-07: Derived Base=150km (SS subtract=0km)
INFO - 2025-12-29 18:44:02 --> Itinerary expansion date 2026-01-07: Derived Base=150km (SS subtract=0km)
INFO - 2025-12-29 18:44:02 --> Itinerary expansion date 2026-01-07: Derived Base=150km (SS subtract=0km)
INFO - 2025-12-29 18:44:02 --> Itinerary expansion date 2026-01-08: Derived Base=190km (SS subtract=0km)
INFO - 2025-12-29 18:44:02 --> Itinerary expansion date 2026-01-08: Derived Base=190km (SS subtract=0km)
INFO - 2025-12-29 18:44:02 --> Itinerary expansion date 2026-01-08: Derived Base=190km (SS subtract=0km)
INFO - 2025-12-29 18:44:02 --> Itinerary expansion date 2026-01-08: Derived Base=190km (SS subtract=0km)
INFO - 2025-12-29 18:44:02 --> Itinerary expansion date 2026-01-08: Derived Base=190km (SS subtract=0km)
DEBUG - 2025-12-29 13:14:05 --> Session: Class initialized using 'CodeIgniter\Session\Handlers\FileHandler' driver.
DEBUG - 2025-12-29 13:14:05 --> Session: Class initialized using 'CodeIgniter\Session\Handlers\FileHandler' driver.
DEBUG - 2025-12-29 13:14:06 --> Session: Class initialized using 'CodeIgniter\Session\Handlers\FileHandler' driver.
INFO - 2025-12-29 13:14:06 --> Fresh mode: Loading from extension_ref_id: 580
INFO - 2025-12-29 13:14:06 --> Loaded 4 records from fresh mode
INFO - 2025-12-29 18:44:06 --> Loaded from DRAFT for date 2026-01-06: 1 sightseeing, 0 special events, 0 hotel facilities
INFO - 2025-12-29 18:44:06 --> Loaded from DRAFT for date 2026-01-07: 0 sightseeing, 0 special events, 0 hotel facilities
INFO - 2025-12-29 18:44:06 --> Vehicle adjustment for 2026-01-06: is_saved=true, is_preloaded=false, SS distance to subtract=150km
INFO - 2025-12-29 18:44:06 --> Expansion date 2026-01-06: DB Total=191km, SS to subtract=150km, Derived Base=41km
INFO - 2025-12-29 18:44:06 --> Vehicle adjustment for 2026-01-06: is_saved=true, is_preloaded=false, SS distance to subtract=150km
INFO - 2025-12-29 18:44:06 --> Expansion date 2026-01-06: DB Total=191km, SS to subtract=150km, Derived Base=41km
INFO - 2025-12-29 18:44:06 --> Vehicle adjustment for 2026-01-06: is_saved=true, is_preloaded=false, SS distance to subtract=150km
INFO - 2025-12-29 18:44:06 --> Expansion date 2026-01-06: DB Total=191km, SS to subtract=150km, Derived Base=41km
INFO - 2025-12-29 18:44:06 --> Vehicle adjustment for 2026-01-06: is_saved=true, is_preloaded=false, SS distance to subtract=150km
INFO - 2025-12-29 18:44:06 --> Expansion date 2026-01-06: DB Total=191km, SS to subtract=150km, Derived Base=41km
INFO - 2025-12-29 18:44:06 --> Vehicle adjustment for 2026-01-06: is_saved=true, is_preloaded=false, SS distance to subtract=150km
INFO - 2025-12-29 18:44:06 --> Expansion date 2026-01-06: DB Total=191km, SS to subtract=150km, Derived Base=41km
INFO - 2025-12-29 18:44:06 --> Vehicle adjustment for 2026-01-07: is_saved=true, is_preloaded=false, SS distance to subtract=0km
INFO - 2025-12-29 18:44:06 --> Expansion date 2026-01-07: DB Total=0km, SS to subtract=0km, Derived Base=0km
INFO - 2025-12-29 18:44:06 --> Vehicle adjustment for 2026-01-07: is_saved=true, is_preloaded=false, SS distance to subtract=0km
INFO - 2025-12-29 18:44:06 --> Expansion date 2026-01-07: DB Total=0km, SS to subtract=0km, Derived Base=0km
INFO - 2025-12-29 18:44:06 --> Vehicle adjustment for 2026-01-07: is_saved=true, is_preloaded=false, SS distance to subtract=0km
INFO - 2025-12-29 18:44:06 --> Expansion date 2026-01-07: DB Total=0km, SS to subtract=0km, Derived Base=0km
INFO - 2025-12-29 18:44:06 --> Vehicle adjustment for 2026-01-07: is_saved=true, is_preloaded=false, SS distance to subtract=0km
INFO - 2025-12-29 18:44:06 --> Expansion date 2026-01-07: DB Total=0km, SS to subtract=0km, Derived Base=0km
INFO - 2025-12-29 18:44:06 --> Vehicle adjustment for 2026-01-07: is_saved=true, is_preloaded=false, SS distance to subtract=0km
INFO - 2025-12-29 18:44:06 --> Expansion date 2026-01-07: DB Total=0km, SS to subtract=0km, Derived Base=0km
INFO - 2025-12-29 18:44:06 --> Loaded from DRAFT for date 2026-01-08: 0 sightseeing, 0 special events, 0 hotel facilities
INFO - 2025-12-29 18:44:06 --> Vehicle adjustment for 2026-01-08: is_saved=true, is_preloaded=false, SS distance to subtract=0km
INFO - 2025-12-29 18:44:06 --> Expansion date 2026-01-08: DB Total=226km, SS to subtract=0km, Derived Base=226km
INFO - 2025-12-29 18:44:06 --> Vehicle adjustment for 2026-01-08: is_saved=true, is_preloaded=false, SS distance to subtract=0km
INFO - 2025-12-29 18:44:06 --> Expansion date 2026-01-08: DB Total=226km, SS to subtract=0km, Derived Base=226km
INFO - 2025-12-29 18:44:06 --> Vehicle adjustment for 2026-01-08: is_saved=true, is_preloaded=false, SS distance to subtract=0km
INFO - 2025-12-29 18:44:06 --> Expansion date 2026-01-08: DB Total=226km, SS to subtract=0km, Derived Base=226km
INFO - 2025-12-29 18:44:06 --> Vehicle adjustment for 2026-01-08: is_saved=true, is_preloaded=false, SS distance to subtract=0km
INFO - 2025-12-29 18:44:06 --> Expansion date 2026-01-08: DB Total=226km, SS to subtract=0km, Derived Base=226km
INFO - 2025-12-29 18:44:06 --> Vehicle adjustment for 2026-01-08: is_saved=true, is_preloaded=false, SS distance to subtract=0km
INFO - 2025-12-29 18:44:06 --> Expansion date 2026-01-08: DB Total=226km, SS to subtract=0km, Derived Base=226km
INFO - 2025-12-29 18:44:06 --> Itinerary expansion date 2026-01-06: Derived Base=341km (SS subtract=150km)
INFO - 2025-12-29 18:44:06 --> Itinerary expansion date 2026-01-06: Derived Base=341km (SS subtract=150km)
INFO - 2025-12-29 18:44:06 --> Itinerary expansion date 2026-01-06: Derived Base=341km (SS subtract=150km)
INFO - 2025-12-29 18:44:06 --> Itinerary expansion date 2026-01-06: Derived Base=341km (SS subtract=150km)
INFO - 2025-12-29 18:44:06 --> Itinerary expansion date 2026-01-06: Derived Base=341km (SS subtract=150km)
INFO - 2025-12-29 18:44:06 --> Itinerary expansion date 2026-01-07: Derived Base=150km (SS subtract=0km)
INFO - 2025-12-29 18:44:06 --> Itinerary expansion date 2026-01-07: Derived Base=150km (SS subtract=0km)
INFO - 2025-12-29 18:44:06 --> Itinerary expansion date 2026-01-07: Derived Base=150km (SS subtract=0km)
INFO - 2025-12-29 18:44:06 --> Itinerary expansion date 2026-01-07: Derived Base=150km (SS subtract=0km)
INFO - 2025-12-29 18:44:06 --> Itinerary expansion date 2026-01-07: Derived Base=150km (SS subtract=0km)
INFO - 2025-12-29 18:44:06 --> Itinerary expansion date 2026-01-08: Derived Base=190km (SS subtract=0km)
INFO - 2025-12-29 18:44:06 --> Itinerary expansion date 2026-01-08: Derived Base=190km (SS subtract=0km)
INFO - 2025-12-29 18:44:06 --> Itinerary expansion date 2026-01-08: Derived Base=190km (SS subtract=0km)
INFO - 2025-12-29 18:44:06 --> Itinerary expansion date 2026-01-08: Derived Base=190km (SS subtract=0km)
INFO - 2025-12-29 18:44:06 --> Itinerary expansion date 2026-01-08: Derived Base=190km (SS subtract=0km)
DEBUG - 2025-12-29 13:14:09 --> Session: Class initialized using 'CodeIgniter\Session\Handlers\FileHandler' driver.
DEBUG - 2025-12-29 13:14:09 --> Session: Class initialized using 'CodeIgniter\Session\Handlers\FileHandler' driver.
DEBUG - 2025-12-29 13:14:12 --> Session: Class initialized using 'CodeIgniter\Session\Handlers\FileHandler' driver.
INFO - 2025-12-29 13:14:12 --> Loaded from DRAFT for date 2026-01-06: 1 sightseeing, 0 special events, 0 hotel facilities
INFO - 2025-12-29 13:14:12 --> Loaded from DRAFT for date 2026-01-07: 0 sightseeing, 0 special events, 0 hotel facilities
INFO - 2025-12-29 13:14:12 --> Vehicle adjustment for 2026-01-06: is_saved=true, is_preloaded=false, SS distance to subtract=150km
INFO - 2025-12-29 13:14:12 --> Expansion date 2026-01-06: DB Total=191km, SS to subtract=150km, Derived Base=41km
INFO - 2025-12-29 13:14:12 --> Vehicle adjustment for 2026-01-06: is_saved=true, is_preloaded=false, SS distance to subtract=150km
INFO - 2025-12-29 13:14:12 --> Expansion date 2026-01-06: DB Total=191km, SS to subtract=150km, Derived Base=41km
INFO - 2025-12-29 13:14:12 --> Vehicle adjustment for 2026-01-06: is_saved=true, is_preloaded=false, SS distance to subtract=150km
INFO - 2025-12-29 13:14:12 --> Expansion date 2026-01-06: DB Total=191km, SS to subtract=150km, Derived Base=41km
INFO - 2025-12-29 13:14:12 --> Vehicle adjustment for 2026-01-06: is_saved=true, is_preloaded=false, SS distance to subtract=150km
INFO - 2025-12-29 13:14:12 --> Expansion date 2026-01-06: DB Total=191km, SS to subtract=150km, Derived Base=41km
INFO - 2025-12-29 13:14:12 --> Vehicle adjustment for 2026-01-06: is_saved=true, is_preloaded=false, SS distance to subtract=150km
INFO - 2025-12-29 13:14:12 --> Expansion date 2026-01-06: DB Total=191km, SS to subtract=150km, Derived Base=41km
INFO - 2025-12-29 13:14:12 --> Vehicle adjustment for 2026-01-07: is_saved=true, is_preloaded=false, SS distance to subtract=0km
INFO - 2025-12-29 13:14:12 --> Expansion date 2026-01-07: DB Total=0km, SS to subtract=0km, Derived Base=0km
INFO - 2025-12-29 13:14:12 --> Vehicle adjustment for 2026-01-07: is_saved=true, is_preloaded=false, SS distance to subtract=0km
INFO - 2025-12-29 13:14:12 --> Expansion date 2026-01-07: DB Total=0km, SS to subtract=0km, Derived Base=0km
INFO - 2025-12-29 13:14:12 --> Vehicle adjustment for 2026-01-07: is_saved=true, is_preloaded=false, SS distance to subtract=0km
INFO - 2025-12-29 13:14:12 --> Expansion date 2026-01-07: DB Total=0km, SS to subtract=0km, Derived Base=0km
INFO - 2025-12-29 13:14:12 --> Vehicle adjustment for 2026-01-07: is_saved=true, is_preloaded=false, SS distance to subtract=0km
INFO - 2025-12-29 13:14:12 --> Expansion date 2026-01-07: DB Total=0km, SS to subtract=0km, Derived Base=0km
INFO - 2025-12-29 13:14:12 --> Vehicle adjustment for 2026-01-07: is_saved=true, is_preloaded=false, SS distance to subtract=0km
INFO - 2025-12-29 13:14:12 --> Expansion date 2026-01-07: DB Total=0km, SS to subtract=0km, Derived Base=0km
INFO - 2025-12-29 13:14:12 --> Loaded from DRAFT for date 2026-01-08: 0 sightseeing, 0 special events, 0 hotel facilities
INFO - 2025-12-29 13:14:12 --> Vehicle adjustment for 2026-01-08: is_saved=true, is_preloaded=false, SS distance to subtract=0km
INFO - 2025-12-29 13:14:12 --> Expansion date 2026-01-08: DB Total=226km, SS to subtract=0km, Derived Base=226km
INFO - 2025-12-29 13:14:12 --> Vehicle adjustment for 2026-01-08: is_saved=true, is_preloaded=false, SS distance to subtract=0km
INFO - 2025-12-29 13:14:12 --> Expansion date 2026-01-08: DB Total=226km, SS to subtract=0km, Derived Base=226km
INFO - 2025-12-29 13:14:12 --> Vehicle adjustment for 2026-01-08: is_saved=true, is_preloaded=false, SS distance to subtract=0km
INFO - 2025-12-29 13:14:12 --> Expansion date 2026-01-08: DB Total=226km, SS to subtract=0km, Derived Base=226km
INFO - 2025-12-29 13:14:12 --> Vehicle adjustment for 2026-01-08: is_saved=true, is_preloaded=false, SS distance to subtract=0km
INFO - 2025-12-29 13:14:12 --> Expansion date 2026-01-08: DB Total=226km, SS to subtract=0km, Derived Base=226km
INFO - 2025-12-29 13:14:12 --> Vehicle adjustment for 2026-01-08: is_saved=true, is_preloaded=false, SS distance to subtract=0km
INFO - 2025-12-29 13:14:12 --> Expansion date 2026-01-08: DB Total=226km, SS to subtract=0km, Derived Base=226km
INFO - 2025-12-29 13:14:12 --> Itinerary expansion date 2026-01-06: Derived Base=341km (SS subtract=150km)
INFO - 2025-12-29 13:14:12 --> Itinerary expansion date 2026-01-06: Derived Base=341km (SS subtract=150km)
INFO - 2025-12-29 13:14:12 --> Itinerary expansion date 2026-01-06: Derived Base=341km (SS subtract=150km)
INFO - 2025-12-29 13:14:12 --> Itinerary expansion date 2026-01-06: Derived Base=341km (SS subtract=150km)
INFO - 2025-12-29 13:14:12 --> Itinerary expansion date 2026-01-06: Derived Base=341km (SS subtract=150km)
INFO - 2025-12-29 13:14:12 --> Itinerary expansion date 2026-01-07: Derived Base=150km (SS subtract=0km)
INFO - 2025-12-29 13:14:12 --> Itinerary expansion date 2026-01-07: Derived Base=150km (SS subtract=0km)
INFO - 2025-12-29 13:14:12 --> Itinerary expansion date 2026-01-07: Derived Base=150km (SS subtract=0km)
INFO - 2025-12-29 13:14:12 --> Itinerary expansion date 2026-01-07: Derived Base=150km (SS subtract=0km)
INFO - 2025-12-29 13:14:12 --> Itinerary expansion date 2026-01-07: Derived Base=150km (SS subtract=0km)
INFO - 2025-12-29 13:14:12 --> Itinerary expansion date 2026-01-08: Derived Base=190km (SS subtract=0km)
INFO - 2025-12-29 13:14:12 --> Itinerary expansion date 2026-01-08: Derived Base=190km (SS subtract=0km)
INFO - 2025-12-29 13:14:12 --> Itinerary expansion date 2026-01-08: Derived Base=190km (SS subtract=0km)
INFO - 2025-12-29 13:14:12 --> Itinerary expansion date 2026-01-08: Derived Base=190km (SS subtract=0km)
INFO - 2025-12-29 13:14:12 --> Itinerary expansion date 2026-01-08: Derived Base=190km (SS subtract=0km)
DEBUG - 2025-12-29 13:14:15 --> Session: Class initialized using 'CodeIgniter\Session\Handlers\FileHandler' driver.
DEBUG - 2025-12-29 13:14:15 --> Session: Class initialized using 'CodeIgniter\Session\Handlers\FileHandler' driver.
DEBUG - 2025-12-29 13:14:15 --> Session: Class initialized using 'CodeIgniter\Session\Handlers\FileHandler' driver.
DEBUG - 2025-12-29 13:14:15 --> Session: Class initialized using 'CodeIgniter\Session\Handlers\FileHandler' driver.
DEBUG - 2025-12-29 13:14:19 --> Session: Class initialized using 'CodeIgniter\Session\Handlers\FileHandler' driver.
DEBUG - 2025-12-29 13:14:19 --> Session: Class initialized using 'CodeIgniter\Session\Handlers\FileHandler' driver.
DEBUG - 2025-12-29 13:14:20 --> Session: Class initialized using 'CodeIgniter\Session\Handlers\FileHandler' driver.
INFO - 2025-12-29 13:14:20 --> Fresh mode: Loading from extension_ref_id: 577
INFO - 2025-12-29 13:14:21 --> Loaded 3 records from fresh mode
INFO - 2025-12-29 18:44:21 --> Loaded from DRAFT for date 2026-02-05: 2 sightseeing, 0 special events, 2 hotel facilities
INFO - 2025-12-29 18:44:21 --> Loaded from DRAFT for date 2026-02-06: 0 sightseeing, 0 special events, 2 hotel facilities
INFO - 2025-12-29 18:44:21 --> Vehicle adjustment for 2026-02-05: is_saved=true, is_preloaded=false, SS distance to subtract=400km
INFO - 2025-12-29 18:44:21 --> Expansion date 2026-02-05: DB Total=36km, SS to subtract=400km, Derived Base=0km
INFO - 2025-12-29 18:44:21 --> Vehicle adjustment for 2026-02-05: is_saved=true, is_preloaded=false, SS distance to subtract=400km
INFO - 2025-12-29 18:44:21 --> Expansion date 2026-02-05: DB Total=36km, SS to subtract=400km, Derived Base=0km
INFO - 2025-12-29 18:44:21 --> Vehicle adjustment for 2026-02-05: is_saved=true, is_preloaded=false, SS distance to subtract=400km
INFO - 2025-12-29 18:44:21 --> Expansion date 2026-02-05: DB Total=36km, SS to subtract=400km, Derived Base=0km
INFO - 2025-12-29 18:44:21 --> Vehicle adjustment for 2026-02-05: is_saved=true, is_preloaded=false, SS distance to subtract=400km
INFO - 2025-12-29 18:44:21 --> Expansion date 2026-02-05: DB Total=36km, SS to subtract=400km, Derived Base=0km
INFO - 2025-12-29 18:44:21 --> Vehicle adjustment for 2026-02-06: is_saved=true, is_preloaded=false, SS distance to subtract=0km
INFO - 2025-12-29 18:44:21 --> Expansion date 2026-02-06: DB Total=36km, SS to subtract=0km, Derived Base=36km
INFO - 2025-12-29 18:44:21 --> Vehicle adjustment for 2026-02-06: is_saved=true, is_preloaded=false, SS distance to subtract=0km
INFO - 2025-12-29 18:44:21 --> Expansion date 2026-02-06: DB Total=36km, SS to subtract=0km, Derived Base=36km
INFO - 2025-12-29 18:44:21 --> Vehicle adjustment for 2026-02-06: is_saved=true, is_preloaded=false, SS distance to subtract=0km
INFO - 2025-12-29 18:44:21 --> Expansion date 2026-02-06: DB Total=36km, SS to subtract=0km, Derived Base=36km
INFO - 2025-12-29 18:44:21 --> Vehicle adjustment for 2026-02-06: is_saved=true, is_preloaded=false, SS distance to subtract=0km
INFO - 2025-12-29 18:44:21 --> Expansion date 2026-02-06: DB Total=36km, SS to subtract=0km, Derived Base=36km
INFO - 2025-12-29 18:44:21 --> Itinerary expansion date 2026-02-05: Derived Base=236km (SS subtract=400km)
INFO - 2025-12-29 18:44:21 --> Itinerary expansion date 2026-02-05: Derived Base=236km (SS subtract=400km)
INFO - 2025-12-29 18:44:21 --> Itinerary expansion date 2026-02-05: Derived Base=236km (SS subtract=400km)
INFO - 2025-12-29 18:44:21 --> Itinerary expansion date 2026-02-05: Derived Base=236km (SS subtract=400km)
INFO - 2025-12-29 18:44:21 --> Itinerary expansion date 2026-02-06: Derived Base=0km (SS subtract=0km)
INFO - 2025-12-29 18:44:21 --> Itinerary expansion date 2026-02-06: Derived Base=0km (SS subtract=0km)
INFO - 2025-12-29 18:44:21 --> Itinerary expansion date 2026-02-06: Derived Base=0km (SS subtract=0km)
INFO - 2025-12-29 18:44:21 --> Itinerary expansion date 2026-02-06: Derived Base=0km (SS subtract=0km)
DEBUG - 2025-12-29 13:14:27 --> Session: Class initialized using 'CodeIgniter\Session\Handlers\FileHandler' driver.
DEBUG - 2025-12-29 13:14:27 --> Session: Class initialized using 'CodeIgniter\Session\Handlers\FileHandler' driver.
DEBUG - 2025-12-29 13:14:28 --> Session: Class initialized using 'CodeIgniter\Session\Handlers\FileHandler' driver.
INFO - 2025-12-29 13:14:28 --> Loaded from DRAFT for date 2026-02-05: 2 sightseeing, 0 special events, 2 hotel facilities
INFO - 2025-12-29 13:14:28 --> Loaded from DRAFT for date 2026-02-06: 0 sightseeing, 0 special events, 2 hotel facilities
INFO - 2025-12-29 13:14:28 --> Vehicle adjustment for 2026-02-05: is_saved=true, is_preloaded=false, SS distance to subtract=400km
INFO - 2025-12-29 13:14:28 --> Expansion date 2026-02-05: DB Total=36km, SS to subtract=400km, Derived Base=0km
INFO - 2025-12-29 13:14:28 --> Vehicle adjustment for 2026-02-05: is_saved=true, is_preloaded=false, SS distance to subtract=400km
INFO - 2025-12-29 13:14:28 --> Expansion date 2026-02-05: DB Total=36km, SS to subtract=400km, Derived Base=0km
INFO - 2025-12-29 13:14:28 --> Vehicle adjustment for 2026-02-05: is_saved=true, is_preloaded=false, SS distance to subtract=400km
INFO - 2025-12-29 13:14:28 --> Expansion date 2026-02-05: DB Total=36km, SS to subtract=400km, Derived Base=0km
INFO - 2025-12-29 13:14:28 --> Vehicle adjustment for 2026-02-05: is_saved=true, is_preloaded=false, SS distance to subtract=400km
INFO - 2025-12-29 13:14:28 --> Expansion date 2026-02-05: DB Total=36km, SS to subtract=400km, Derived Base=0km
INFO - 2025-12-29 13:14:28 --> Vehicle adjustment for 2026-02-06: is_saved=true, is_preloaded=false, SS distance to subtract=0km
INFO - 2025-12-29 13:14:28 --> Expansion date 2026-02-06: DB Total=36km, SS to subtract=0km, Derived Base=36km
INFO - 2025-12-29 13:14:28 --> Vehicle adjustment for 2026-02-06: is_saved=true, is_preloaded=false, SS distance to subtract=0km
INFO - 2025-12-29 13:14:28 --> Expansion date 2026-02-06: DB Total=36km, SS to subtract=0km, Derived Base=36km
INFO - 2025-12-29 13:14:28 --> Vehicle adjustment for 2026-02-06: is_saved=true, is_preloaded=false, SS distance to subtract=0km
INFO - 2025-12-29 13:14:28 --> Expansion date 2026-02-06: DB Total=36km, SS to subtract=0km, Derived Base=36km
INFO - 2025-12-29 13:14:28 --> Vehicle adjustment for 2026-02-06: is_saved=true, is_preloaded=false, SS distance to subtract=0km
INFO - 2025-12-29 13:14:28 --> Expansion date 2026-02-06: DB Total=36km, SS to subtract=0km, Derived Base=36km
INFO - 2025-12-29 13:14:28 --> Itinerary expansion date 2026-02-05: Derived Base=236km (SS subtract=400km)
INFO - 2025-12-29 13:14:28 --> Itinerary expansion date 2026-02-05: Derived Base=236km (SS subtract=400km)
INFO - 2025-12-29 13:14:28 --> Itinerary expansion date 2026-02-05: Derived Base=236km (SS subtract=400km)
INFO - 2025-12-29 13:14:28 --> Itinerary expansion date 2026-02-05: Derived Base=236km (SS subtract=400km)
INFO - 2025-12-29 13:14:28 --> Itinerary expansion date 2026-02-06: Derived Base=0km (SS subtract=0km)
INFO - 2025-12-29 13:14:28 --> Itinerary expansion date 2026-02-06: Derived Base=0km (SS subtract=0km)
INFO - 2025-12-29 13:14:28 --> Itinerary expansion date 2026-02-06: Derived Base=0km (SS subtract=0km)
INFO - 2025-12-29 13:14:28 --> Itinerary expansion date 2026-02-06: Derived Base=0km (SS subtract=0km)
DEBUG - 2025-12-29 13:14:31 --> Session: Class initialized using 'CodeIgniter\Session\Handlers\FileHandler' driver.
DEBUG - 2025-12-29 13:14:31 --> Session: Class initialized using 'CodeIgniter\Session\Handlers\FileHandler' driver.
DEBUG - 2025-12-29 13:14:32 --> Session: Class initialized using 'CodeIgniter\Session\Handlers\FileHandler' driver.
DEBUG - 2025-12-29 13:14:34 --> Session: Class initialized using 'CodeIgniter\Session\Handlers\FileHandler' driver.
DEBUG - 2025-12-29 13:14:34 --> Session: Class initialized using 'CodeIgniter\Session\Handlers\FileHandler' driver.
DEBUG - 2025-12-29 13:14:34 --> Session: Class initialized using 'CodeIgniter\Session\Handlers\FileHandler' driver.
DEBUG - 2025-12-29 13:14:39 --> Session: Class initialized using 'CodeIgniter\Session\Handlers\FileHandler' driver.
DEBUG - 2025-12-29 13:14:40 --> Session: Class initialized using 'CodeIgniter\Session\Handlers\FileHandler' driver.
DEBUG - 2025-12-29 13:14:40 --> Session: Class initialized using 'CodeIgniter\Session\Handlers\FileHandler' driver.
DEBUG - 2025-12-29 13:14:41 --> Session: Class initialized using 'CodeIgniter\Session\Handlers\FileHandler' driver.
INFO - 2025-12-29 13:14:41 --> Loading previous itinerary data from previous_active_tour_id: 1983
INFO - 2025-12-29 13:14:41 --> Loading itinerary for tour_details_id: 1983, extension_ref_id: 577
INFO - 2025-12-29 13:14:41 --> Found 3 itinerary records
INFO - 2025-12-29 13:14:41 --> Found matching date 2026-02-05 in previous tour plan (preloading)
INFO - 2025-12-29 13:14:41 --> Same hotel and location - loaded 2 hotel facilities
INFO - 2025-12-29 13:14:41 --> Preloaded from previous tour for date 2026-02-05: 2 sightseeing, 0 special events, 2 hotel facilities
INFO - 2025-12-29 13:14:41 --> Loading previous itinerary data from previous_active_tour_id: 1983
INFO - 2025-12-29 13:14:41 --> Loading itinerary for tour_details_id: 1983, extension_ref_id: 577
INFO - 2025-12-29 13:14:41 --> Found 3 itinerary records
INFO - 2025-12-29 13:14:41 --> Found matching date 2026-02-06 in previous tour plan (preloading)
INFO - 2025-12-29 13:14:41 --> Same hotel and location - loaded 2 hotel facilities
INFO - 2025-12-29 13:14:41 --> Preloaded from previous tour for date 2026-02-06: 0 sightseeing, 0 special events, 2 hotel facilities
INFO - 2025-12-29 13:14:41 --> Vehicle adjustment for 2026-02-05: is_saved=true, is_preloaded=true, SS distance to subtract=0km
INFO - 2025-12-29 13:14:41 --> Expansion date 2026-02-05: DB Total=36km, SS to subtract=0km, Derived Base=36km
INFO - 2025-12-29 13:14:41 --> Vehicle adjustment for 2026-02-05: is_saved=true, is_preloaded=true, SS distance to subtract=0km
INFO - 2025-12-29 13:14:41 --> Expansion date 2026-02-05: DB Total=36km, SS to subtract=0km, Derived Base=36km
INFO - 2025-12-29 13:14:41 --> Vehicle adjustment for 2026-02-05: is_saved=true, is_preloaded=true, SS distance to subtract=0km
INFO - 2025-12-29 13:14:41 --> Expansion date 2026-02-05: DB Total=36km, SS to subtract=0km, Derived Base=36km
INFO - 2025-12-29 13:14:41 --> Vehicle adjustment for 2026-02-05: is_saved=true, is_preloaded=true, SS distance to subtract=0km
INFO - 2025-12-29 13:14:41 --> Expansion date 2026-02-05: DB Total=36km, SS to subtract=0km, Derived Base=36km
INFO - 2025-12-29 13:14:41 --> Vehicle adjustment for 2026-02-06: is_saved=true, is_preloaded=true, SS distance to subtract=0km
INFO - 2025-12-29 13:14:41 --> Expansion date 2026-02-06: DB Total=36km, SS to subtract=0km, Derived Base=36km
INFO - 2025-12-29 13:14:41 --> Vehicle adjustment for 2026-02-06: is_saved=true, is_preloaded=true, SS distance to subtract=0km
INFO - 2025-12-29 13:14:41 --> Expansion date 2026-02-06: DB Total=36km, SS to subtract=0km, Derived Base=36km
INFO - 2025-12-29 13:14:41 --> Vehicle adjustment for 2026-02-06: is_saved=true, is_preloaded=true, SS distance to subtract=0km
INFO - 2025-12-29 13:14:41 --> Expansion date 2026-02-06: DB Total=36km, SS to subtract=0km, Derived Base=36km
INFO - 2025-12-29 13:14:41 --> Vehicle adjustment for 2026-02-06: is_saved=true, is_preloaded=true, SS distance to subtract=0km
INFO - 2025-12-29 13:14:41 --> Expansion date 2026-02-06: DB Total=36km, SS to subtract=0km, Derived Base=36km
DEBUG - 2025-12-29 13:19:31 --> Session: Class initialized using 'CodeIgniter\Session\Handlers\FileHandler' driver.
INFO - 2025-12-29 13:19:31 --> Loading previous itinerary data from previous_active_tour_id: 1983
INFO - 2025-12-29 13:19:31 --> Loading itinerary for tour_details_id: 1983, extension_ref_id: 577
INFO - 2025-12-29 13:19:31 --> Found 3 itinerary records
INFO - 2025-12-29 13:19:31 --> Found matching date 2026-02-05 in previous tour plan (preloading)
INFO - 2025-12-29 13:19:31 --> Same hotel and location - loaded 2 hotel facilities
INFO - 2025-12-29 13:19:31 --> Preloaded from previous tour for date 2026-02-05: 2 sightseeing, 0 special events, 2 hotel facilities
INFO - 2025-12-29 13:19:31 --> Loading previous itinerary data from previous_active_tour_id: 1983
INFO - 2025-12-29 13:19:31 --> Loading itinerary for tour_details_id: 1983, extension_ref_id: 577
INFO - 2025-12-29 13:19:31 --> Found 3 itinerary records
INFO - 2025-12-29 13:19:31 --> Found matching date 2026-02-06 in previous tour plan (preloading)
INFO - 2025-12-29 13:19:31 --> Same hotel and location - loaded 2 hotel facilities
INFO - 2025-12-29 13:19:31 --> Preloaded from previous tour for date 2026-02-06: 0 sightseeing, 0 special events, 2 hotel facilities
INFO - 2025-12-29 13:19:31 --> Vehicle adjustment for 2026-02-05: is_saved=true, is_preloaded=true, SS distance to subtract=0km
INFO - 2025-12-29 13:19:31 --> Expansion date 2026-02-05: DB Total=36km, SS to subtract=0km, Derived Base=36km
INFO - 2025-12-29 13:19:31 --> Vehicle adjustment for 2026-02-05: is_saved=true, is_preloaded=true, SS distance to subtract=0km
INFO - 2025-12-29 13:19:31 --> Expansion date 2026-02-05: DB Total=36km, SS to subtract=0km, Derived Base=36km
INFO - 2025-12-29 13:19:31 --> Vehicle adjustment for 2026-02-05: is_saved=true, is_preloaded=true, SS distance to subtract=0km
INFO - 2025-12-29 13:19:31 --> Expansion date 2026-02-05: DB Total=36km, SS to subtract=0km, Derived Base=36km
INFO - 2025-12-29 13:19:31 --> Vehicle adjustment for 2026-02-05: is_saved=true, is_preloaded=true, SS distance to subtract=0km
INFO - 2025-12-29 13:19:31 --> Expansion date 2026-02-05: DB Total=36km, SS to subtract=0km, Derived Base=36km
INFO - 2025-12-29 13:19:31 --> Vehicle adjustment for 2026-02-06: is_saved=true, is_preloaded=true, SS distance to subtract=0km
INFO - 2025-12-29 13:19:31 --> Expansion date 2026-02-06: DB Total=36km, SS to subtract=0km, Derived Base=36km
INFO - 2025-12-29 13:19:31 --> Vehicle adjustment for 2026-02-06: is_saved=true, is_preloaded=true, SS distance to subtract=0km
INFO - 2025-12-29 13:19:31 --> Expansion date 2026-02-06: DB Total=36km, SS to subtract=0km, Derived Base=36km
INFO - 2025-12-29 13:19:31 --> Vehicle adjustment for 2026-02-06: is_saved=true, is_preloaded=true, SS distance to subtract=0km
INFO - 2025-12-29 13:19:31 --> Expansion date 2026-02-06: DB Total=36km, SS to subtract=0km, Derived Base=36km
INFO - 2025-12-29 13:19:31 --> Vehicle adjustment for 2026-02-06: is_saved=true, is_preloaded=true, SS distance to subtract=0km
INFO - 2025-12-29 13:19:31 --> Expansion date 2026-02-06: DB Total=36km, SS to subtract=0km, Derived Base=36km
INFO - 2025-12-29 13:19:32 --> === Tour ID: 2034 ===
INFO - 2025-12-29 13:19:32 --> Date: 2026-02-05 | SS: 2 | Special Events: 0 | Addons: 2 | is_saved: true | is_preloaded: true
INFO - 2025-12-29 13:19:32 --> Addons JSON: [{"addon_id":"1983_05-02-2026","tour_date":"2026-02-05","addon_event":"Flower bed decoration","addon_tariff":"1","addon_idvalue":"1983_05-02-2026_1","addon_sequence":"1"},{"addon_id":"1983_05-02-2026","tour_date":"2026-02-05","addon_event":"Flower bed decoration","addon_tariff":"2","addon_idvalue":"1983_05-02-2026_2","addon_sequence":"2"}]
INFO - 2025-12-29 13:19:32 --> Date: 2026-02-06 | SS: 0 | Special Events: 0 | Addons: 2 | is_saved: true | is_preloaded: true
INFO - 2025-12-29 13:19:32 --> Addons JSON: [{"addon_id":"1983_05-02-2026","tour_date":"2026-02-05","addon_event":"Flower bed decoration","addon_tariff":"1","addon_idvalue":"1983_05-02-2026_1","addon_sequence":"1"},{"addon_id":"1983_05-02-2026","tour_date":"2026-02-05","addon_event":"Flower bed decoration","addon_tariff":"2","addon_idvalue":"1983_05-02-2026_2","addon_sequence":"2"}]
DEBUG - 2025-12-29 13:28:04 --> Session: Class initialized using 'CodeIgniter\Session\Handlers\FileHandler' driver.
INFO - 2025-12-29 13:28:04 --> Loading previous itinerary data from previous_active_tour_id: 1983
INFO - 2025-12-29 13:28:04 --> Loading itinerary for tour_details_id: 1983, extension_ref_id: 577
INFO - 2025-12-29 13:28:04 --> Found 3 itinerary records
INFO - 2025-12-29 13:28:04 --> Found matching date 2026-02-05 in previous tour plan (preloading)
INFO - 2025-12-29 13:28:04 --> Same hotel and location - loaded 2 hotel facilities
INFO - 2025-12-29 13:28:04 --> Preloaded from previous tour for date 2026-02-05: 2 sightseeing, 0 special events, 2 hotel facilities
INFO - 2025-12-29 13:28:04 --> Loading previous itinerary data from previous_active_tour_id: 1983
INFO - 2025-12-29 13:28:04 --> Loading itinerary for tour_details_id: 1983, extension_ref_id: 577
INFO - 2025-12-29 13:28:04 --> Found 3 itinerary records
INFO - 2025-12-29 13:28:04 --> Found matching date 2026-02-06 in previous tour plan (preloading)
INFO - 2025-12-29 13:28:04 --> Same hotel and location - loaded 2 hotel facilities
INFO - 2025-12-29 13:28:04 --> Preloaded from previous tour for date 2026-02-06: 0 sightseeing, 0 special events, 2 hotel facilities
INFO - 2025-12-29 13:28:04 --> Vehicle adjustment for 2026-02-05: is_saved=true, is_preloaded=true, SS distance to subtract=0km
INFO - 2025-12-29 13:28:04 --> Expansion date 2026-02-05: DB Total=36km, SS to subtract=0km, Derived Base=36km
INFO - 2025-12-29 13:28:04 --> Vehicle adjustment for 2026-02-05: is_saved=true, is_preloaded=true, SS distance to subtract=0km
INFO - 2025-12-29 13:28:04 --> Expansion date 2026-02-05: DB Total=36km, SS to subtract=0km, Derived Base=36km
INFO - 2025-12-29 13:28:04 --> Vehicle adjustment for 2026-02-05: is_saved=true, is_preloaded=true, SS distance to subtract=0km
INFO - 2025-12-29 13:28:04 --> Expansion date 2026-02-05: DB Total=36km, SS to subtract=0km, Derived Base=36km
INFO - 2025-12-29 13:28:04 --> Vehicle adjustment for 2026-02-05: is_saved=true, is_preloaded=true, SS distance to subtract=0km
INFO - 2025-12-29 13:28:04 --> Expansion date 2026-02-05: DB Total=36km, SS to subtract=0km, Derived Base=36km
INFO - 2025-12-29 13:28:04 --> Vehicle adjustment for 2026-02-06: is_saved=true, is_preloaded=true, SS distance to subtract=0km
INFO - 2025-12-29 13:28:04 --> Expansion date 2026-02-06: DB Total=36km, SS to subtract=0km, Derived Base=36km
INFO - 2025-12-29 13:28:04 --> Vehicle adjustment for 2026-02-06: is_saved=true, is_preloaded=true, SS distance to subtract=0km
INFO - 2025-12-29 13:28:04 --> Expansion date 2026-02-06: DB Total=36km, SS to subtract=0km, Derived Base=36km
INFO - 2025-12-29 13:28:04 --> Vehicle adjustment for 2026-02-06: is_saved=true, is_preloaded=true, SS distance to subtract=0km
INFO - 2025-12-29 13:28:04 --> Expansion date 2026-02-06: DB Total=36km, SS to subtract=0km, Derived Base=36km
INFO - 2025-12-29 13:28:04 --> Vehicle adjustment for 2026-02-06: is_saved=true, is_preloaded=true, SS distance to subtract=0km
INFO - 2025-12-29 13:28:04 --> Expansion date 2026-02-06: DB Total=36km, SS to subtract=0km, Derived Base=36km
INFO - 2025-12-29 13:28:04 --> === Tour ID: 2034 ===
INFO - 2025-12-29 13:28:04 --> Date: 2026-02-05 | SS: 2 | Special Events: 0 | Addons: 2 | is_saved: true | is_preloaded: true
INFO - 2025-12-29 13:28:04 --> Addons JSON: [{"addon_id":"1983_05-02-2026","tour_date":"2026-02-05","addon_event":"Flower bed decoration","addon_tariff":"1","addon_idvalue":"1983_05-02-2026_1","addon_sequence":"1"},{"addon_id":"1983_05-02-2026","tour_date":"2026-02-05","addon_event":"Flower bed decoration","addon_tariff":"2","addon_idvalue":"1983_05-02-2026_2","addon_sequence":"2"}]
INFO - 2025-12-29 13:28:04 --> Date: 2026-02-06 | SS: 0 | Special Events: 0 | Addons: 2 | is_saved: true | is_preloaded: true
INFO - 2025-12-29 13:28:04 --> Addons JSON: [{"addon_id":"1983_05-02-2026","tour_date":"2026-02-05","addon_event":"Flower bed decoration","addon_tariff":"1","addon_idvalue":"1983_05-02-2026_1","addon_sequence":"1"},{"addon_id":"1983_05-02-2026","tour_date":"2026-02-05","addon_event":"Flower bed decoration","addon_tariff":"2","addon_idvalue":"1983_05-02-2026_2","addon_sequence":"2"}]
INFO - 2025-12-29 13:28:09 --> VIEW: Displaying 2 hotel facilities for 2026-02-05
INFO - 2025-12-29 13:28:09 --> VIEW: Displaying 2 hotel facilities for 2026-02-06
DEBUG - 2025-12-29 13:28:22 --> Session: Class initialized using 'CodeIgniter\Session\Handlers\FileHandler' driver.
DEBUG - 2025-12-29 13:30:49 --> Session: Class initialized using 'CodeIgniter\Session\Handlers\FileHandler' driver.
DEBUG - 2025-12-29 13:30:49 --> Session: Class initialized using 'CodeIgniter\Session\Handlers\FileHandler' driver.
DEBUG - 2025-12-29 13:37:32 --> Session: Class initialized using 'CodeIgniter\Session\Handlers\FileHandler' driver.
INFO - 2025-12-29 13:37:32 --> Loading previous itinerary data from previous_active_tour_id: 1983
INFO - 2025-12-29 13:37:32 --> Loading itinerary for tour_details_id: 1983, extension_ref_id: 577
INFO - 2025-12-29 13:37:32 --> Found 3 itinerary records
INFO - 2025-12-29 13:37:32 --> Found matching date 2026-02-05 in previous tour plan (preloading)
INFO - 2025-12-29 13:37:32 --> Same hotel and location - loaded 2 hotel facilities
INFO - 2025-12-29 13:37:32 --> Preloaded from previous tour for date 2026-02-05: 2 sightseeing, 0 special events, 2 hotel facilities
INFO - 2025-12-29 13:37:32 --> Loading previous itinerary data from previous_active_tour_id: 1983
INFO - 2025-12-29 13:37:32 --> Loading itinerary for tour_details_id: 1983, extension_ref_id: 577
INFO - 2025-12-29 13:37:32 --> Found 3 itinerary records
INFO - 2025-12-29 13:37:32 --> Found matching date 2026-02-06 in previous tour plan (preloading)
INFO - 2025-12-29 13:37:32 --> Same hotel and location - loaded 2 hotel facilities
INFO - 2025-12-29 13:37:32 --> Preloaded from previous tour for date 2026-02-06: 0 sightseeing, 0 special events, 2 hotel facilities
INFO - 2025-12-29 13:37:32 --> Vehicle adjustment for 2026-02-05: is_saved=true, is_preloaded=true, SS distance to subtract=0km
INFO - 2025-12-29 13:37:32 --> Expansion date 2026-02-05: DB Total=36km, SS to subtract=0km, Derived Base=36km
INFO - 2025-12-29 13:37:32 --> Vehicle adjustment for 2026-02-05: is_saved=true, is_preloaded=true, SS distance to subtract=0km
INFO - 2025-12-29 13:37:32 --> Expansion date 2026-02-05: DB Total=36km, SS to subtract=0km, Derived Base=36km
INFO - 2025-12-29 13:37:32 --> Vehicle adjustment for 2026-02-05: is_saved=true, is_preloaded=true, SS distance to subtract=0km
INFO - 2025-12-29 13:37:32 --> Expansion date 2026-02-05: DB Total=36km, SS to subtract=0km, Derived Base=36km
INFO - 2025-12-29 13:37:32 --> Vehicle adjustment for 2026-02-05: is_saved=true, is_preloaded=true, SS distance to subtract=0km
INFO - 2025-12-29 13:37:32 --> Expansion date 2026-02-05: DB Total=36km, SS to subtract=0km, Derived Base=36km
INFO - 2025-12-29 13:37:32 --> Vehicle adjustment for 2026-02-06: is_saved=true, is_preloaded=true, SS distance to subtract=0km
INFO - 2025-12-29 13:37:32 --> Expansion date 2026-02-06: DB Total=36km, SS to subtract=0km, Derived Base=36km
INFO - 2025-12-29 13:37:32 --> Vehicle adjustment for 2026-02-06: is_saved=true, is_preloaded=true, SS distance to subtract=0km
INFO - 2025-12-29 13:37:32 --> Expansion date 2026-02-06: DB Total=36km, SS to subtract=0km, Derived Base=36km
INFO - 2025-12-29 13:37:32 --> Vehicle adjustment for 2026-02-06: is_saved=true, is_preloaded=true, SS distance to subtract=0km
INFO - 2025-12-29 13:37:32 --> Expansion date 2026-02-06: DB Total=36km, SS to subtract=0km, Derived Base=36km
INFO - 2025-12-29 13:37:32 --> Vehicle adjustment for 2026-02-06: is_saved=true, is_preloaded=true, SS distance to subtract=0km
INFO - 2025-12-29 13:37:32 --> Expansion date 2026-02-06: DB Total=36km, SS to subtract=0km, Derived Base=36km
INFO - 2025-12-29 13:37:33 --> === Tour ID: 2034 ===
INFO - 2025-12-29 13:37:33 --> Date: 2026-02-05 | SS: 2 | Special Events: 0 | Addons: 2 | is_saved: true | is_preloaded: true
INFO - 2025-12-29 13:37:33 --> Addons JSON: [{"addon_id":"1983_05-02-2026","tour_date":"2026-02-05","addon_event":"Flower bed decoration","addon_tariff":"1","addon_idvalue":"1983_05-02-2026_1","addon_sequence":"1"},{"addon_id":"1983_05-02-2026","tour_date":"2026-02-05","addon_event":"Flower bed decoration","addon_tariff":"2","addon_idvalue":"1983_05-02-2026_2","addon_sequence":"2"}]
INFO - 2025-12-29 13:37:33 --> Date: 2026-02-06 | SS: 0 | Special Events: 0 | Addons: 2 | is_saved: true | is_preloaded: true
INFO - 2025-12-29 13:37:33 --> Addons JSON: [{"addon_id":"1983_05-02-2026","tour_date":"2026-02-05","addon_event":"Flower bed decoration","addon_tariff":"1","addon_idvalue":"1983_05-02-2026_1","addon_sequence":"1"},{"addon_id":"1983_05-02-2026","tour_date":"2026-02-05","addon_event":"Flower bed decoration","addon_tariff":"2","addon_idvalue":"1983_05-02-2026_2","addon_sequence":"2"}]
INFO - 2025-12-29 13:37:33 --> VIEW: Displaying 2 hotel facilities for 2026-02-05
INFO - 2025-12-29 13:37:33 --> VIEW: Displaying 2 hotel facilities for 2026-02-06
DEBUG - 2025-12-29 13:37:33 --> Session: Class initialized using 'CodeIgniter\Session\Handlers\FileHandler' driver.
DEBUG - 2025-12-29 13:37:33 --> Session: Class initialized using 'CodeIgniter\Session\Handlers\FileHandler' driver.
DEBUG - 2025-12-29 13:37:41 --> Session: Class initialized using 'CodeIgniter\Session\Handlers\FileHandler' driver.
DEBUG - 2025-12-29 13:38:38 --> Session: Class initialized using 'CodeIgniter\Session\Handlers\FileHandler' driver.
INFO - 2025-12-29 13:38:38 --> Loading previous itinerary data from previous_active_tour_id: 1983
INFO - 2025-12-29 13:38:38 --> Loading itinerary for tour_details_id: 1983, extension_ref_id: 577
INFO - 2025-12-29 13:38:38 --> Found 3 itinerary records
INFO - 2025-12-29 13:38:38 --> Found matching date 2026-02-05 in previous tour plan (preloading)
INFO - 2025-12-29 13:38:38 --> Same hotel and location - loaded 2 hotel facilities
INFO - 2025-12-29 13:38:38 --> Preloaded from previous tour for date 2026-02-05: 2 sightseeing, 0 special events, 2 hotel facilities
INFO - 2025-12-29 13:38:38 --> Loading previous itinerary data from previous_active_tour_id: 1983
INFO - 2025-12-29 13:38:38 --> Loading itinerary for tour_details_id: 1983, extension_ref_id: 577
INFO - 2025-12-29 13:38:38 --> Found 3 itinerary records
INFO - 2025-12-29 13:38:38 --> Found matching date 2026-02-06 in previous tour plan (preloading)
INFO - 2025-12-29 13:38:38 --> Same hotel and location - loaded 2 hotel facilities
INFO - 2025-12-29 13:38:38 --> Preloaded from previous tour for date 2026-02-06: 0 sightseeing, 0 special events, 2 hotel facilities
INFO - 2025-12-29 13:38:38 --> Vehicle adjustment for 2026-02-05: is_saved=true, is_preloaded=true, SS distance to subtract=0km
INFO - 2025-12-29 13:38:38 --> Expansion date 2026-02-05: DB Total=36km, SS to subtract=0km, Derived Base=36km
INFO - 2025-12-29 13:38:38 --> Vehicle adjustment for 2026-02-05: is_saved=true, is_preloaded=true, SS distance to subtract=0km
INFO - 2025-12-29 13:38:38 --> Expansion date 2026-02-05: DB Total=36km, SS to subtract=0km, Derived Base=36km
INFO - 2025-12-29 13:38:38 --> Vehicle adjustment for 2026-02-05: is_saved=true, is_preloaded=true, SS distance to subtract=0km
INFO - 2025-12-29 13:38:38 --> Expansion date 2026-02-05: DB Total=36km, SS to subtract=0km, Derived Base=36km
INFO - 2025-12-29 13:38:38 --> Vehicle adjustment for 2026-02-05: is_saved=true, is_preloaded=true, SS distance to subtract=0km
INFO - 2025-12-29 13:38:38 --> Expansion date 2026-02-05: DB Total=36km, SS to subtract=0km, Derived Base=36km
INFO - 2025-12-29 13:38:38 --> Vehicle adjustment for 2026-02-06: is_saved=true, is_preloaded=true, SS distance to subtract=0km
INFO - 2025-12-29 13:38:38 --> Expansion date 2026-02-06: DB Total=36km, SS to subtract=0km, Derived Base=36km
INFO - 2025-12-29 13:38:38 --> Vehicle adjustment for 2026-02-06: is_saved=true, is_preloaded=true, SS distance to subtract=0km
INFO - 2025-12-29 13:38:38 --> Expansion date 2026-02-06: DB Total=36km, SS to subtract=0km, Derived Base=36km
INFO - 2025-12-29 13:38:38 --> Vehicle adjustment for 2026-02-06: is_saved=true, is_preloaded=true, SS distance to subtract=0km
INFO - 2025-12-29 13:38:38 --> Expansion date 2026-02-06: DB Total=36km, SS to subtract=0km, Derived Base=36km
INFO - 2025-12-29 13:38:38 --> Vehicle adjustment for 2026-02-06: is_saved=true, is_preloaded=true, SS distance to subtract=0km
INFO - 2025-12-29 13:38:38 --> Expansion date 2026-02-06: DB Total=36km, SS to subtract=0km, Derived Base=36km
INFO - 2025-12-29 13:38:38 --> === Tour ID: 2034 ===
INFO - 2025-12-29 13:38:38 --> Date: 2026-02-05 | SS: 2 | Special Events: 0 | Addons: 2 | is_saved: true | is_preloaded: true
INFO - 2025-12-29 13:38:38 --> Addons JSON: [{"addon_id":"1983_05-02-2026","tour_date":"2026-02-05","addon_event":"Flower bed decoration","addon_tariff":"1","addon_idvalue":"1983_05-02-2026_1","addon_sequence":"1"},{"addon_id":"1983_05-02-2026","tour_date":"2026-02-05","addon_event":"Flower bed decoration","addon_tariff":"2","addon_idvalue":"1983_05-02-2026_2","addon_sequence":"2"}]
INFO - 2025-12-29 13:38:38 --> Date: 2026-02-06 | SS: 0 | Special Events: 0 | Addons: 2 | is_saved: true | is_preloaded: true
INFO - 2025-12-29 13:38:38 --> Addons JSON: [{"addon_id":"1983_05-02-2026","tour_date":"2026-02-05","addon_event":"Flower bed decoration","addon_tariff":"1","addon_idvalue":"1983_05-02-2026_1","addon_sequence":"1"},{"addon_id":"1983_05-02-2026","tour_date":"2026-02-05","addon_event":"Flower bed decoration","addon_tariff":"2","addon_idvalue":"1983_05-02-2026_2","addon_sequence":"2"}]
INFO - 2025-12-29 13:38:43 --> VIEW: Displaying 2 hotel facilities for 2026-02-05
INFO - 2025-12-29 13:38:43 --> VIEW: Displaying 2 hotel facilities for 2026-02-06
DEBUG - 2025-12-29 13:38:43 --> Session: Class initialized using 'CodeIgniter\Session\Handlers\FileHandler' driver.
DEBUG - 2025-12-29 13:38:43 --> Session: Class initialized using 'CodeIgniter\Session\Handlers\FileHandler' driver.
DEBUG - 2025-12-29 13:38:47 --> Session: Class initialized using 'CodeIgniter\Session\Handlers\FileHandler' driver.
DEBUG - 2025-12-29 13:39:50 --> Session: Class initialized using 'CodeIgniter\Session\Handlers\FileHandler' driver.
INFO - 2025-12-29 13:39:50 --> Loading previous itinerary data from previous_active_tour_id: 1983
INFO - 2025-12-29 13:39:50 --> Loading itinerary for tour_details_id: 1983, extension_ref_id: 577
INFO - 2025-12-29 13:39:50 --> Found 3 itinerary records
INFO - 2025-12-29 13:39:50 --> Found matching date 2026-02-05 in previous tour plan (preloading)
INFO - 2025-12-29 13:39:50 --> Same hotel and location - loaded 2 hotel facilities
INFO - 2025-12-29 13:39:50 --> Preloaded from previous tour for date 2026-02-05: 2 sightseeing, 0 special events, 2 hotel facilities
INFO - 2025-12-29 13:39:50 --> Loading previous itinerary data from previous_active_tour_id: 1983
INFO - 2025-12-29 13:39:50 --> Loading itinerary for tour_details_id: 1983, extension_ref_id: 577
INFO - 2025-12-29 13:39:50 --> Found 3 itinerary records
INFO - 2025-12-29 13:39:50 --> Found matching date 2026-02-06 in previous tour plan (preloading)
INFO - 2025-12-29 13:39:50 --> Same hotel and location - loaded 2 hotel facilities
INFO - 2025-12-29 13:39:50 --> Preloaded from previous tour for date 2026-02-06: 0 sightseeing, 0 special events, 2 hotel facilities
INFO - 2025-12-29 13:39:50 --> Vehicle adjustment for 2026-02-05: is_saved=true, is_preloaded=true, SS distance to subtract=0km
INFO - 2025-12-29 13:39:50 --> Expansion date 2026-02-05: DB Total=36km, SS to subtract=0km, Derived Base=36km
INFO - 2025-12-29 13:39:50 --> Vehicle adjustment for 2026-02-05: is_saved=true, is_preloaded=true, SS distance to subtract=0km
INFO - 2025-12-29 13:39:50 --> Expansion date 2026-02-05: DB Total=36km, SS to subtract=0km, Derived Base=36km
INFO - 2025-12-29 13:39:50 --> Vehicle adjustment for 2026-02-05: is_saved=true, is_preloaded=true, SS distance to subtract=0km
INFO - 2025-12-29 13:39:50 --> Expansion date 2026-02-05: DB Total=36km, SS to subtract=0km, Derived Base=36km
INFO - 2025-12-29 13:39:50 --> Vehicle adjustment for 2026-02-05: is_saved=true, is_preloaded=true, SS distance to subtract=0km
INFO - 2025-12-29 13:39:50 --> Expansion date 2026-02-05: DB Total=36km, SS to subtract=0km, Derived Base=36km
INFO - 2025-12-29 13:39:50 --> Vehicle adjustment for 2026-02-06: is_saved=true, is_preloaded=true, SS distance to subtract=0km
INFO - 2025-12-29 13:39:50 --> Expansion date 2026-02-06: DB Total=36km, SS to subtract=0km, Derived Base=36km
INFO - 2025-12-29 13:39:50 --> Vehicle adjustment for 2026-02-06: is_saved=true, is_preloaded=true, SS distance to subtract=0km
INFO - 2025-12-29 13:39:50 --> Expansion date 2026-02-06: DB Total=36km, SS to subtract=0km, Derived Base=36km
INFO - 2025-12-29 13:39:50 --> Vehicle adjustment for 2026-02-06: is_saved=true, is_preloaded=true, SS distance to subtract=0km
INFO - 2025-12-29 13:39:50 --> Expansion date 2026-02-06: DB Total=36km, SS to subtract=0km, Derived Base=36km
INFO - 2025-12-29 13:39:50 --> Vehicle adjustment for 2026-02-06: is_saved=true, is_preloaded=true, SS distance to subtract=0km
INFO - 2025-12-29 13:39:50 --> Expansion date 2026-02-06: DB Total=36km, SS to subtract=0km, Derived Base=36km
INFO - 2025-12-29 13:39:50 --> === Tour ID: 2034 ===
INFO - 2025-12-29 13:39:50 --> Date: 2026-02-05 | SS: 2 | Special Events: 0 | Addons: 2 | is_saved: true | is_preloaded: true
INFO - 2025-12-29 13:39:50 --> Addons JSON: [{"addon_id":"1983_05-02-2026","tour_date":"2026-02-05","addon_event":"Flower bed decoration","addon_tariff":"1","addon_idvalue":"1983_05-02-2026_1","addon_sequence":"1"},{"addon_id":"1983_05-02-2026","tour_date":"2026-02-05","addon_event":"Flower bed decoration","addon_tariff":"2","addon_idvalue":"1983_05-02-2026_2","addon_sequence":"2"}]
INFO - 2025-12-29 13:39:50 --> Date: 2026-02-06 | SS: 0 | Special Events: 0 | Addons: 2 | is_saved: true | is_preloaded: true
INFO - 2025-12-29 13:39:50 --> Addons JSON: [{"addon_id":"1983_05-02-2026","tour_date":"2026-02-05","addon_event":"Flower bed decoration","addon_tariff":"1","addon_idvalue":"1983_05-02-2026_1","addon_sequence":"1"},{"addon_id":"1983_05-02-2026","tour_date":"2026-02-05","addon_event":"Flower bed decoration","addon_tariff":"2","addon_idvalue":"1983_05-02-2026_2","addon_sequence":"2"}]
INFO - 2025-12-29 13:39:52 --> VIEW: Displaying 2 hotel facilities for 2026-02-05
INFO - 2025-12-29 13:39:52 --> VIEW: Displaying 2 hotel facilities for 2026-02-06
DEBUG - 2025-12-29 13:39:53 --> Session: Class initialized using 'CodeIgniter\Session\Handlers\FileHandler' driver.
DEBUG - 2025-12-29 13:39:53 --> Session: Class initialized using 'CodeIgniter\Session\Handlers\FileHandler' driver.
DEBUG - 2025-12-29 13:39:56 --> Session: Class initialized using 'CodeIgniter\Session\Handlers\FileHandler' driver.
DEBUG - 2025-12-29 13:43:38 --> Session: Class initialized using 'CodeIgniter\Session\Handlers\FileHandler' driver.
INFO - 2025-12-29 13:43:39 --> Loading previous itinerary data from previous_active_tour_id: 1983
INFO - 2025-12-29 13:43:39 --> Loading itinerary for tour_details_id: 1983, extension_ref_id: 577
INFO - 2025-12-29 13:43:39 --> Found 3 itinerary records
INFO - 2025-12-29 13:43:39 --> Found matching date 2026-02-05 in previous tour plan (preloading)
INFO - 2025-12-29 13:43:39 --> Same hotel and location - loaded 2 hotel facilities
INFO - 2025-12-29 13:43:39 --> Preloaded from previous tour for date 2026-02-05: 2 sightseeing, 0 special events, 2 hotel facilities
INFO - 2025-12-29 13:43:39 --> Loading previous itinerary data from previous_active_tour_id: 1983
INFO - 2025-12-29 13:43:39 --> Loading itinerary for tour_details_id: 1983, extension_ref_id: 577
INFO - 2025-12-29 13:43:39 --> Found 3 itinerary records
INFO - 2025-12-29 13:43:39 --> Found matching date 2026-02-06 in previous tour plan (preloading)
INFO - 2025-12-29 13:43:39 --> Same hotel and location - loaded 2 hotel facilities
INFO - 2025-12-29 13:43:39 --> Preloaded from previous tour for date 2026-02-06: 0 sightseeing, 0 special events, 2 hotel facilities
INFO - 2025-12-29 13:43:39 --> Vehicle adjustment for 2026-02-05: is_saved=true, is_preloaded=true, SS distance to subtract=0km
INFO - 2025-12-29 13:43:39 --> Expansion date 2026-02-05: DB Total=36km, SS to subtract=0km, Derived Base=36km
INFO - 2025-12-29 13:43:39 --> Vehicle adjustment for 2026-02-05: is_saved=true, is_preloaded=true, SS distance to subtract=0km
INFO - 2025-12-29 13:43:39 --> Expansion date 2026-02-05: DB Total=36km, SS to subtract=0km, Derived Base=36km
INFO - 2025-12-29 13:43:39 --> Vehicle adjustment for 2026-02-05: is_saved=true, is_preloaded=true, SS distance to subtract=0km
INFO - 2025-12-29 13:43:39 --> Expansion date 2026-02-05: DB Total=36km, SS to subtract=0km, Derived Base=36km
INFO - 2025-12-29 13:43:39 --> Vehicle adjustment for 2026-02-05: is_saved=true, is_preloaded=true, SS distance to subtract=0km
INFO - 2025-12-29 13:43:39 --> Expansion date 2026-02-05: DB Total=36km, SS to subtract=0km, Derived Base=36km
INFO - 2025-12-29 13:43:39 --> Vehicle adjustment for 2026-02-06: is_saved=true, is_preloaded=true, SS distance to subtract=0km
INFO - 2025-12-29 13:43:39 --> Expansion date 2026-02-06: DB Total=36km, SS to subtract=0km, Derived Base=36km
INFO - 2025-12-29 13:43:39 --> Vehicle adjustment for 2026-02-06: is_saved=true, is_preloaded=true, SS distance to subtract=0km
INFO - 2025-12-29 13:43:39 --> Expansion date 2026-02-06: DB Total=36km, SS to subtract=0km, Derived Base=36km
INFO - 2025-12-29 13:43:39 --> Vehicle adjustment for 2026-02-06: is_saved=true, is_preloaded=true, SS distance to subtract=0km
INFO - 2025-12-29 13:43:39 --> Expansion date 2026-02-06: DB Total=36km, SS to subtract=0km, Derived Base=36km
INFO - 2025-12-29 13:43:39 --> Vehicle adjustment for 2026-02-06: is_saved=true, is_preloaded=true, SS distance to subtract=0km
INFO - 2025-12-29 13:43:39 --> Expansion date 2026-02-06: DB Total=36km, SS to subtract=0km, Derived Base=36km
INFO - 2025-12-29 13:43:39 --> === Tour ID: 2034 ===
INFO - 2025-12-29 13:43:39 --> Date: 2026-02-05 | SS: 2 | Special Events: 0 | Addons: 2 | is_saved: true | is_preloaded: true
INFO - 2025-12-29 13:43:39 --> Addons JSON: [{"addon_id":"1983_05-02-2026","tour_date":"2026-02-05","addon_event":"Flower bed decoration","addon_tariff":"1","addon_idvalue":"1983_05-02-2026_1","addon_sequence":"1"},{"addon_id":"1983_05-02-2026","tour_date":"2026-02-05","addon_event":"Flower bed decoration","addon_tariff":"2","addon_idvalue":"1983_05-02-2026_2","addon_sequence":"2"}]
INFO - 2025-12-29 13:43:39 --> Date: 2026-02-06 | SS: 0 | Special Events: 0 | Addons: 2 | is_saved: true | is_preloaded: true
INFO - 2025-12-29 13:43:39 --> Addons JSON: [{"addon_id":"1983_05-02-2026","tour_date":"2026-02-05","addon_event":"Flower bed decoration","addon_tariff":"1","addon_idvalue":"1983_05-02-2026_1","addon_sequence":"1"},{"addon_id":"1983_05-02-2026","tour_date":"2026-02-05","addon_event":"Flower bed decoration","addon_tariff":"2","addon_idvalue":"1983_05-02-2026_2","addon_sequence":"2"}]
DEBUG - 2025-12-29 13:43:39 --> Session: Class initialized using 'CodeIgniter\Session\Handlers\FileHandler' driver.
DEBUG - 2025-12-29 13:43:39 --> Session: Class initialized using 'CodeIgniter\Session\Handlers\FileHandler' driver.
DEBUG - 2025-12-29 13:43:43 --> Session: Class initialized using 'CodeIgniter\Session\Handlers\FileHandler' driver.
INFO - 2025-12-29 13:43:43 --> Loading previous itinerary data from previous_active_tour_id: 1983
INFO - 2025-12-29 13:43:43 --> Loading itinerary for tour_details_id: 1983, extension_ref_id: 577
INFO - 2025-12-29 13:43:43 --> Found 3 itinerary records
INFO - 2025-12-29 13:43:43 --> Found matching date 2026-02-05 in previous tour plan (preloading)
INFO - 2025-12-29 13:43:43 --> Same hotel and location - loaded 2 hotel facilities
INFO - 2025-12-29 13:43:43 --> Preloaded from previous tour for date 2026-02-05: 2 sightseeing, 0 special events, 2 hotel facilities
INFO - 2025-12-29 13:43:43 --> Loading previous itinerary data from previous_active_tour_id: 1983
INFO - 2025-12-29 13:43:43 --> Loading itinerary for tour_details_id: 1983, extension_ref_id: 577
INFO - 2025-12-29 13:43:43 --> Found 3 itinerary records
INFO - 2025-12-29 13:43:43 --> Found matching date 2026-02-06 in previous tour plan (preloading)
INFO - 2025-12-29 13:43:43 --> Same hotel and location - loaded 2 hotel facilities
INFO - 2025-12-29 13:43:43 --> Preloaded from previous tour for date 2026-02-06: 0 sightseeing, 0 special events, 2 hotel facilities
INFO - 2025-12-29 13:43:43 --> Vehicle adjustment for 2026-02-05: is_saved=true, is_preloaded=true, SS distance to subtract=0km
INFO - 2025-12-29 13:43:43 --> Expansion date 2026-02-05: DB Total=36km, SS to subtract=0km, Derived Base=36km
INFO - 2025-12-29 13:43:43 --> Vehicle adjustment for 2026-02-05: is_saved=true, is_preloaded=true, SS distance to subtract=0km
INFO - 2025-12-29 13:43:43 --> Expansion date 2026-02-05: DB Total=36km, SS to subtract=0km, Derived Base=36km
INFO - 2025-12-29 13:43:43 --> Vehicle adjustment for 2026-02-05: is_saved=true, is_preloaded=true, SS distance to subtract=0km
INFO - 2025-12-29 13:43:43 --> Expansion date 2026-02-05: DB Total=36km, SS to subtract=0km, Derived Base=36km
INFO - 2025-12-29 13:43:43 --> Vehicle adjustment for 2026-02-05: is_saved=true, is_preloaded=true, SS distance to subtract=0km
INFO - 2025-12-29 13:43:43 --> Expansion date 2026-02-05: DB Total=36km, SS to subtract=0km, Derived Base=36km
INFO - 2025-12-29 13:43:43 --> Vehicle adjustment for 2026-02-06: is_saved=true, is_preloaded=true, SS distance to subtract=0km
INFO - 2025-12-29 13:43:43 --> Expansion date 2026-02-06: DB Total=36km, SS to subtract=0km, Derived Base=36km
INFO - 2025-12-29 13:43:43 --> Vehicle adjustment for 2026-02-06: is_saved=true, is_preloaded=true, SS distance to subtract=0km
INFO - 2025-12-29 13:43:43 --> Expansion date 2026-02-06: DB Total=36km, SS to subtract=0km, Derived Base=36km
INFO - 2025-12-29 13:43:43 --> Vehicle adjustment for 2026-02-06: is_saved=true, is_preloaded=true, SS distance to subtract=0km
INFO - 2025-12-29 13:43:43 --> Expansion date 2026-02-06: DB Total=36km, SS to subtract=0km, Derived Base=36km
INFO - 2025-12-29 13:43:43 --> Vehicle adjustment for 2026-02-06: is_saved=true, is_preloaded=true, SS distance to subtract=0km
INFO - 2025-12-29 13:43:43 --> Expansion date 2026-02-06: DB Total=36km, SS to subtract=0km, Derived Base=36km
INFO - 2025-12-29 13:43:43 --> === Tour ID: 2034 ===
INFO - 2025-12-29 13:43:43 --> Date: 2026-02-05 | SS: 2 | Special Events: 0 | Addons: 2 | is_saved: true | is_preloaded: true
INFO - 2025-12-29 13:43:43 --> Addons JSON: [{"addon_id":"1983_05-02-2026","tour_date":"2026-02-05","addon_event":"Flower bed decoration","addon_tariff":"1","addon_idvalue":"1983_05-02-2026_1","addon_sequence":"1"},{"addon_id":"1983_05-02-2026","tour_date":"2026-02-05","addon_event":"Flower bed decoration","addon_tariff":"2","addon_idvalue":"1983_05-02-2026_2","addon_sequence":"2"}]
INFO - 2025-12-29 13:43:43 --> Date: 2026-02-06 | SS: 0 | Special Events: 0 | Addons: 2 | is_saved: true | is_preloaded: true
INFO - 2025-12-29 13:43:43 --> Addons JSON: [{"addon_id":"1983_05-02-2026","tour_date":"2026-02-05","addon_event":"Flower bed decoration","addon_tariff":"1","addon_idvalue":"1983_05-02-2026_1","addon_sequence":"1"},{"addon_id":"1983_05-02-2026","tour_date":"2026-02-05","addon_event":"Flower bed decoration","addon_tariff":"2","addon_idvalue":"1983_05-02-2026_2","addon_sequence":"2"}]
DEBUG - 2025-12-29 13:43:43 --> Session: Class initialized using 'CodeIgniter\Session\Handlers\FileHandler' driver.
DEBUG - 2025-12-29 13:43:43 --> Session: Class initialized using 'CodeIgniter\Session\Handlers\FileHandler' driver.
DEBUG - 2025-12-29 13:43:52 --> Session: Class initialized using 'CodeIgniter\Session\Handlers\FileHandler' driver.
INFO - 2025-12-29 13:43:52 --> Loading previous itinerary data from previous_active_tour_id: 1983
INFO - 2025-12-29 13:43:52 --> Loading itinerary for tour_details_id: 1983, extension_ref_id: 577
INFO - 2025-12-29 13:43:52 --> Found 3 itinerary records
INFO - 2025-12-29 13:43:52 --> Found matching date 2026-02-05 in previous tour plan (preloading)
INFO - 2025-12-29 13:43:52 --> Same hotel and location - loaded 2 hotel facilities
INFO - 2025-12-29 13:43:52 --> Preloaded from previous tour for date 2026-02-05: 2 sightseeing, 0 special events, 2 hotel facilities
INFO - 2025-12-29 13:43:52 --> Loading previous itinerary data from previous_active_tour_id: 1983
INFO - 2025-12-29 13:43:52 --> Loading itinerary for tour_details_id: 1983, extension_ref_id: 577
INFO - 2025-12-29 13:43:52 --> Found 3 itinerary records
INFO - 2025-12-29 13:43:52 --> Found matching date 2026-02-06 in previous tour plan (preloading)
INFO - 2025-12-29 13:43:52 --> Same hotel and location - loaded 2 hotel facilities
INFO - 2025-12-29 13:43:52 --> Preloaded from previous tour for date 2026-02-06: 0 sightseeing, 0 special events, 2 hotel facilities
INFO - 2025-12-29 13:43:52 --> Vehicle adjustment for 2026-02-05: is_saved=true, is_preloaded=true, SS distance to subtract=0km
INFO - 2025-12-29 13:43:52 --> Expansion date 2026-02-05: DB Total=36km, SS to subtract=0km, Derived Base=36km
INFO - 2025-12-29 13:43:52 --> Vehicle adjustment for 2026-02-05: is_saved=true, is_preloaded=true, SS distance to subtract=0km
INFO - 2025-12-29 13:43:52 --> Expansion date 2026-02-05: DB Total=36km, SS to subtract=0km, Derived Base=36km
INFO - 2025-12-29 13:43:52 --> Vehicle adjustment for 2026-02-05: is_saved=true, is_preloaded=true, SS distance to subtract=0km
INFO - 2025-12-29 13:43:52 --> Expansion date 2026-02-05: DB Total=36km, SS to subtract=0km, Derived Base=36km
INFO - 2025-12-29 13:43:52 --> Vehicle adjustment for 2026-02-05: is_saved=true, is_preloaded=true, SS distance to subtract=0km
INFO - 2025-12-29 13:43:52 --> Expansion date 2026-02-05: DB Total=36km, SS to subtract=0km, Derived Base=36km
INFO - 2025-12-29 13:43:52 --> Vehicle adjustment for 2026-02-06: is_saved=true, is_preloaded=true, SS distance to subtract=0km
INFO - 2025-12-29 13:43:52 --> Expansion date 2026-02-06: DB Total=36km, SS to subtract=0km, Derived Base=36km
INFO - 2025-12-29 13:43:52 --> Vehicle adjustment for 2026-02-06: is_saved=true, is_preloaded=true, SS distance to subtract=0km
INFO - 2025-12-29 13:43:52 --> Expansion date 2026-02-06: DB Total=36km, SS to subtract=0km, Derived Base=36km
INFO - 2025-12-29 13:43:52 --> Vehicle adjustment for 2026-02-06: is_saved=true, is_preloaded=true, SS distance to subtract=0km
INFO - 2025-12-29 13:43:52 --> Expansion date 2026-02-06: DB Total=36km, SS to subtract=0km, Derived Base=36km
INFO - 2025-12-29 13:43:52 --> Vehicle adjustment for 2026-02-06: is_saved=true, is_preloaded=true, SS distance to subtract=0km
INFO - 2025-12-29 13:43:52 --> Expansion date 2026-02-06: DB Total=36km, SS to subtract=0km, Derived Base=36km
INFO - 2025-12-29 13:43:52 --> === Tour ID: 2034 ===
INFO - 2025-12-29 13:43:52 --> Date: 2026-02-05 | SS: 2 | Special Events: 0 | Addons: 2 | is_saved: true | is_preloaded: true
INFO - 2025-12-29 13:43:52 --> Addons JSON: [{"addon_id":"1983_05-02-2026","tour_date":"2026-02-05","addon_event":"Flower bed decoration","addon_tariff":"1","addon_idvalue":"1983_05-02-2026_1","addon_sequence":"1"},{"addon_id":"1983_05-02-2026","tour_date":"2026-02-05","addon_event":"Flower bed decoration","addon_tariff":"2","addon_idvalue":"1983_05-02-2026_2","addon_sequence":"2"}]
INFO - 2025-12-29 13:43:52 --> Date: 2026-02-06 | SS: 0 | Special Events: 0 | Addons: 2 | is_saved: true | is_preloaded: true
INFO - 2025-12-29 13:43:52 --> Addons JSON: [{"addon_id":"1983_05-02-2026","tour_date":"2026-02-05","addon_event":"Flower bed decoration","addon_tariff":"1","addon_idvalue":"1983_05-02-2026_1","addon_sequence":"1"},{"addon_id":"1983_05-02-2026","tour_date":"2026-02-05","addon_event":"Flower bed decoration","addon_tariff":"2","addon_idvalue":"1983_05-02-2026_2","addon_sequence":"2"}]
DEBUG - 2025-12-29 13:43:55 --> Session: Class initialized using 'CodeIgniter\Session\Handlers\FileHandler' driver.
DEBUG - 2025-12-29 13:43:55 --> Session: Class initialized using 'CodeIgniter\Session\Handlers\FileHandler' driver.
DEBUG - 2025-12-29 13:50:28 --> Session: Class initialized using 'CodeIgniter\Session\Handlers\FileHandler' driver.
INFO - 2025-12-29 13:50:28 --> Loading previous itinerary data from previous_active_tour_id: 1983
INFO - 2025-12-29 13:50:28 --> Loading itinerary for tour_details_id: 1983, extension_ref_id: 577
INFO - 2025-12-29 13:50:28 --> Found 3 itinerary records
INFO - 2025-12-29 13:50:28 --> Found matching date 2026-02-05 in previous tour plan (preloading)
INFO - 2025-12-29 13:50:28 --> Same hotel and location - loaded 2 hotel facilities
INFO - 2025-12-29 13:50:28 --> Preloaded from previous tour for date 2026-02-05: 2 sightseeing, 0 special events, 2 hotel facilities
INFO - 2025-12-29 13:50:28 --> Loading previous itinerary data from previous_active_tour_id: 1983
INFO - 2025-12-29 13:50:28 --> Loading itinerary for tour_details_id: 1983, extension_ref_id: 577
INFO - 2025-12-29 13:50:28 --> Found 3 itinerary records
INFO - 2025-12-29 13:50:28 --> Found matching date 2026-02-06 in previous tour plan (preloading)
INFO - 2025-12-29 13:50:28 --> Same hotel and location - loaded 2 hotel facilities
INFO - 2025-12-29 13:50:28 --> Preloaded from previous tour for date 2026-02-06: 0 sightseeing, 0 special events, 2 hotel facilities
INFO - 2025-12-29 13:50:28 --> Vehicle adjustment for 2026-02-05: is_saved=true, is_preloaded=true, SS distance to subtract=0km
INFO - 2025-12-29 13:50:28 --> Expansion date 2026-02-05: DB Total=36km, SS to subtract=0km, Derived Base=36km
INFO - 2025-12-29 13:50:28 --> Vehicle adjustment for 2026-02-05: is_saved=true, is_preloaded=true, SS distance to subtract=0km
INFO - 2025-12-29 13:50:28 --> Expansion date 2026-02-05: DB Total=36km, SS to subtract=0km, Derived Base=36km
INFO - 2025-12-29 13:50:28 --> Vehicle adjustment for 2026-02-05: is_saved=true, is_preloaded=true, SS distance to subtract=0km
INFO - 2025-12-29 13:50:28 --> Expansion date 2026-02-05: DB Total=36km, SS to subtract=0km, Derived Base=36km
INFO - 2025-12-29 13:50:28 --> Vehicle adjustment for 2026-02-05: is_saved=true, is_preloaded=true, SS distance to subtract=0km
INFO - 2025-12-29 13:50:28 --> Expansion date 2026-02-05: DB Total=36km, SS to subtract=0km, Derived Base=36km
INFO - 2025-12-29 13:50:28 --> Vehicle adjustment for 2026-02-06: is_saved=true, is_preloaded=true, SS distance to subtract=0km
INFO - 2025-12-29 13:50:28 --> Expansion date 2026-02-06: DB Total=36km, SS to subtract=0km, Derived Base=36km
INFO - 2025-12-29 13:50:28 --> Vehicle adjustment for 2026-02-06: is_saved=true, is_preloaded=true, SS distance to subtract=0km
INFO - 2025-12-29 13:50:28 --> Expansion date 2026-02-06: DB Total=36km, SS to subtract=0km, Derived Base=36km
INFO - 2025-12-29 13:50:28 --> Vehicle adjustment for 2026-02-06: is_saved=true, is_preloaded=true, SS distance to subtract=0km
INFO - 2025-12-29 13:50:28 --> Expansion date 2026-02-06: DB Total=36km, SS to subtract=0km, Derived Base=36km
INFO - 2025-12-29 13:50:28 --> Vehicle adjustment for 2026-02-06: is_saved=true, is_preloaded=true, SS distance to subtract=0km
INFO - 2025-12-29 13:50:28 --> Expansion date 2026-02-06: DB Total=36km, SS to subtract=0km, Derived Base=36km
DEBUG - 2025-12-29 13:50:32 --> Session: Class initialized using 'CodeIgniter\Session\Handlers\FileHandler' driver.
DEBUG - 2025-12-29 13:50:32 --> Session: Class initialized using 'CodeIgniter\Session\Handlers\FileHandler' driver.
DEBUG - 2025-12-29 13:50:47 --> Session: Class initialized using 'CodeIgniter\Session\Handlers\FileHandler' driver.
INFO - 2025-12-29 13:50:47 --> Loading previous itinerary data from previous_active_tour_id: 1983
INFO - 2025-12-29 13:50:47 --> Loading itinerary for tour_details_id: 1983, extension_ref_id: 577
INFO - 2025-12-29 13:50:47 --> Found 3 itinerary records
INFO - 2025-12-29 13:50:47 --> Found matching date 2026-02-05 in previous tour plan (preloading)
INFO - 2025-12-29 13:50:47 --> Same hotel and location - loaded 2 hotel facilities
INFO - 2025-12-29 13:50:47 --> Preloaded from previous tour for date 2026-02-05: 2 sightseeing, 0 special events, 2 hotel facilities
INFO - 2025-12-29 13:50:47 --> Loading previous itinerary data from previous_active_tour_id: 1983
INFO - 2025-12-29 13:50:47 --> Loading itinerary for tour_details_id: 1983, extension_ref_id: 577
INFO - 2025-12-29 13:50:47 --> Found 3 itinerary records
INFO - 2025-12-29 13:50:47 --> Found matching date 2026-02-06 in previous tour plan (preloading)
INFO - 2025-12-29 13:50:47 --> Same hotel and location - loaded 2 hotel facilities
INFO - 2025-12-29 13:50:47 --> Preloaded from previous tour for date 2026-02-06: 0 sightseeing, 0 special events, 2 hotel facilities
INFO - 2025-12-29 13:50:47 --> Vehicle adjustment for 2026-02-05: is_saved=true, is_preloaded=true, SS distance to subtract=0km
INFO - 2025-12-29 13:50:47 --> Expansion date 2026-02-05: DB Total=36km, SS to subtract=0km, Derived Base=36km
INFO - 2025-12-29 13:50:47 --> Vehicle adjustment for 2026-02-05: is_saved=true, is_preloaded=true, SS distance to subtract=0km
INFO - 2025-12-29 13:50:47 --> Expansion date 2026-02-05: DB Total=36km, SS to subtract=0km, Derived Base=36km
INFO - 2025-12-29 13:50:47 --> Vehicle adjustment for 2026-02-05: is_saved=true, is_preloaded=true, SS distance to subtract=0km
INFO - 2025-12-29 13:50:47 --> Expansion date 2026-02-05: DB Total=36km, SS to subtract=0km, Derived Base=36km
INFO - 2025-12-29 13:50:47 --> Vehicle adjustment for 2026-02-05: is_saved=true, is_preloaded=true, SS distance to subtract=0km
INFO - 2025-12-29 13:50:47 --> Expansion date 2026-02-05: DB Total=36km, SS to subtract=0km, Derived Base=36km
INFO - 2025-12-29 13:50:47 --> Vehicle adjustment for 2026-02-06: is_saved=true, is_preloaded=true, SS distance to subtract=0km
INFO - 2025-12-29 13:50:47 --> Expansion date 2026-02-06: DB Total=36km, SS to subtract=0km, Derived Base=36km
INFO - 2025-12-29 13:50:47 --> Vehicle adjustment for 2026-02-06: is_saved=true, is_preloaded=true, SS distance to subtract=0km
INFO - 2025-12-29 13:50:47 --> Expansion date 2026-02-06: DB Total=36km, SS to subtract=0km, Derived Base=36km
INFO - 2025-12-29 13:50:47 --> Vehicle adjustment for 2026-02-06: is_saved=true, is_preloaded=true, SS distance to subtract=0km
INFO - 2025-12-29 13:50:47 --> Expansion date 2026-02-06: DB Total=36km, SS to subtract=0km, Derived Base=36km
INFO - 2025-12-29 13:50:47 --> Vehicle adjustment for 2026-02-06: is_saved=true, is_preloaded=true, SS distance to subtract=0km
INFO - 2025-12-29 13:50:47 --> Expansion date 2026-02-06: DB Total=36km, SS to subtract=0km, Derived Base=36km
DEBUG - 2025-12-29 13:50:51 --> Session: Class initialized using 'CodeIgniter\Session\Handlers\FileHandler' driver.
DEBUG - 2025-12-29 13:50:51 --> Session: Class initialized using 'CodeIgniter\Session\Handlers\FileHandler' driver.
DEBUG - 2025-12-29 13:57:11 --> Session: Class initialized using 'CodeIgniter\Session\Handlers\FileHandler' driver.
CRITICAL - 2025-12-29 13:57:11 --> ParseError: syntax error, unexpected token "else"
[Method: GET, Route: Enquiry/itinerary/2844/0]
in APPPATH\Controllers\Enquiry.php on line 7076.
 1 SYSTEMPATH\Router\Router.php(563): CodeIgniter\Router\AutoRouter->getRoute('Enquiry/itinerary/2844/0', 'GET')
 2 SYSTEMPATH\Router\Router.php(228): CodeIgniter\Router\Router->autoRoute('Enquiry/itinerary/2844/0')
 3 SYSTEMPATH\CodeIgniter.php(834): CodeIgniter\Router\Router->handle('Enquiry/itinerary/2844/0')
 4 SYSTEMPATH\CodeIgniter.php(457): CodeIgniter\CodeIgniter->tryToRouteIt(Object(CodeIgniter\Router\RouteCollection))
 5 SYSTEMPATH\CodeIgniter.php(355): CodeIgniter\CodeIgniter->handleRequest(null, Object(Config\Cache), false)
 6 SYSTEMPATH\Boot.php(334): CodeIgniter\CodeIgniter->run()
 7 SYSTEMPATH\Boot.php(67): CodeIgniter\Boot::runCodeIgniter(Object(CodeIgniter\CodeIgniter))
 8 FCPATH\index.php(56): CodeIgniter\Boot::bootWeb(Object(Config\Paths))
DEBUG - 2025-12-29 13:57:35 --> Session: Class initialized using 'CodeIgniter\Session\Handlers\FileHandler' driver.
CRITICAL - 2025-12-29 13:57:35 --> ParseError: syntax error, unexpected token "else"
[Method: GET, Route: Enquiry/itinerary/2844/0]
in APPPATH\Controllers\Enquiry.php on line 7076.
 1 SYSTEMPATH\Router\Router.php(563): CodeIgniter\Router\AutoRouter->getRoute('Enquiry/itinerary/2844/0', 'GET')
 2 SYSTEMPATH\Router\Router.php(228): CodeIgniter\Router\Router->autoRoute('Enquiry/itinerary/2844/0')
 3 SYSTEMPATH\CodeIgniter.php(834): CodeIgniter\Router\Router->handle('Enquiry/itinerary/2844/0')
 4 SYSTEMPATH\CodeIgniter.php(457): CodeIgniter\CodeIgniter->tryToRouteIt(Object(CodeIgniter\Router\RouteCollection))
 5 SYSTEMPATH\CodeIgniter.php(355): CodeIgniter\CodeIgniter->handleRequest(null, Object(Config\Cache), false)
 6 SYSTEMPATH\Boot.php(334): CodeIgniter\CodeIgniter->run()
 7 SYSTEMPATH\Boot.php(67): CodeIgniter\Boot::runCodeIgniter(Object(CodeIgniter\CodeIgniter))
 8 FCPATH\index.php(56): CodeIgniter\Boot::bootWeb(Object(Config\Paths))
DEBUG - 2025-12-29 13:57:37 --> Session: Class initialized using 'CodeIgniter\Session\Handlers\FileHandler' driver.
CRITICAL - 2025-12-29 13:57:37 --> ParseError: syntax error, unexpected token "else"
[Method: GET, Route: Enquiry/itinerary/2844/0]
in APPPATH\Controllers\Enquiry.php on line 7076.
 1 SYSTEMPATH\Router\Router.php(563): CodeIgniter\Router\AutoRouter->getRoute('Enquiry/itinerary/2844/0', 'GET')
 2 SYSTEMPATH\Router\Router.php(228): CodeIgniter\Router\Router->autoRoute('Enquiry/itinerary/2844/0')
 3 SYSTEMPATH\CodeIgniter.php(834): CodeIgniter\Router\Router->handle('Enquiry/itinerary/2844/0')
 4 SYSTEMPATH\CodeIgniter.php(457): CodeIgniter\CodeIgniter->tryToRouteIt(Object(CodeIgniter\Router\RouteCollection))
 5 SYSTEMPATH\CodeIgniter.php(355): CodeIgniter\CodeIgniter->handleRequest(null, Object(Config\Cache), false)
 6 SYSTEMPATH\Boot.php(334): CodeIgniter\CodeIgniter->run()
 7 SYSTEMPATH\Boot.php(67): CodeIgniter\Boot::runCodeIgniter(Object(CodeIgniter\CodeIgniter))
 8 FCPATH\index.php(56): CodeIgniter\Boot::bootWeb(Object(Config\Paths))
DEBUG - 2025-12-29 13:57:40 --> Session: Class initialized using 'CodeIgniter\Session\Handlers\FileHandler' driver.
CRITICAL - 2025-12-29 13:57:40 --> ParseError: syntax error, unexpected token "else"
[Method: GET, Route: Enquiry/itinerary/2844/0]
in APPPATH\Controllers\Enquiry.php on line 7076.
 1 SYSTEMPATH\Router\Router.php(563): CodeIgniter\Router\AutoRouter->getRoute('Enquiry/itinerary/2844/0', 'GET')
 2 SYSTEMPATH\Router\Router.php(228): CodeIgniter\Router\Router->autoRoute('Enquiry/itinerary/2844/0')
 3 SYSTEMPATH\CodeIgniter.php(834): CodeIgniter\Router\Router->handle('Enquiry/itinerary/2844/0')
 4 SYSTEMPATH\CodeIgniter.php(457): CodeIgniter\CodeIgniter->tryToRouteIt(Object(CodeIgniter\Router\RouteCollection))
 5 SYSTEMPATH\CodeIgniter.php(355): CodeIgniter\CodeIgniter->handleRequest(null, Object(Config\Cache), false)
 6 SYSTEMPATH\Boot.php(334): CodeIgniter\CodeIgniter->run()
 7 SYSTEMPATH\Boot.php(67): CodeIgniter\Boot::runCodeIgniter(Object(CodeIgniter\CodeIgniter))
 8 FCPATH\index.php(56): CodeIgniter\Boot::bootWeb(Object(Config\Paths))
DEBUG - 2025-12-29 13:57:41 --> Session: Class initialized using 'CodeIgniter\Session\Handlers\FileHandler' driver.
CRITICAL - 2025-12-29 13:57:41 --> ParseError: syntax error, unexpected token "else"
[Method: GET, Route: Enquiry/itinerary/2844/0]
in APPPATH\Controllers\Enquiry.php on line 7076.
 1 SYSTEMPATH\Router\Router.php(563): CodeIgniter\Router\AutoRouter->getRoute('Enquiry/itinerary/2844/0', 'GET')
 2 SYSTEMPATH\Router\Router.php(228): CodeIgniter\Router\Router->autoRoute('Enquiry/itinerary/2844/0')
 3 SYSTEMPATH\CodeIgniter.php(834): CodeIgniter\Router\Router->handle('Enquiry/itinerary/2844/0')
 4 SYSTEMPATH\CodeIgniter.php(457): CodeIgniter\CodeIgniter->tryToRouteIt(Object(CodeIgniter\Router\RouteCollection))
 5 SYSTEMPATH\CodeIgniter.php(355): CodeIgniter\CodeIgniter->handleRequest(null, Object(Config\Cache), false)
 6 SYSTEMPATH\Boot.php(334): CodeIgniter\CodeIgniter->run()
 7 SYSTEMPATH\Boot.php(67): CodeIgniter\Boot::runCodeIgniter(Object(CodeIgniter\CodeIgniter))
 8 FCPATH\index.php(56): CodeIgniter\Boot::bootWeb(Object(Config\Paths))
DEBUG - 2025-12-29 13:57:41 --> Session: Class initialized using 'CodeIgniter\Session\Handlers\FileHandler' driver.
CRITICAL - 2025-12-29 13:57:41 --> ParseError: syntax error, unexpected token "else"
[Method: GET, Route: Enquiry/itinerary/2844/0]
in APPPATH\Controllers\Enquiry.php on line 7076.
 1 SYSTEMPATH\Router\Router.php(563): CodeIgniter\Router\AutoRouter->getRoute('Enquiry/itinerary/2844/0', 'GET')
 2 SYSTEMPATH\Router\Router.php(228): CodeIgniter\Router\Router->autoRoute('Enquiry/itinerary/2844/0')
 3 SYSTEMPATH\CodeIgniter.php(834): CodeIgniter\Router\Router->handle('Enquiry/itinerary/2844/0')
 4 SYSTEMPATH\CodeIgniter.php(457): CodeIgniter\CodeIgniter->tryToRouteIt(Object(CodeIgniter\Router\RouteCollection))
 5 SYSTEMPATH\CodeIgniter.php(355): CodeIgniter\CodeIgniter->handleRequest(null, Object(Config\Cache), false)
 6 SYSTEMPATH\Boot.php(334): CodeIgniter\CodeIgniter->run()
 7 SYSTEMPATH\Boot.php(67): CodeIgniter\Boot::runCodeIgniter(Object(CodeIgniter\CodeIgniter))
 8 FCPATH\index.php(56): CodeIgniter\Boot::bootWeb(Object(Config\Paths))
DEBUG - 2025-12-29 13:57:41 --> Session: Class initialized using 'CodeIgniter\Session\Handlers\FileHandler' driver.
CRITICAL - 2025-12-29 13:57:41 --> ParseError: syntax error, unexpected token "else"
[Method: GET, Route: Enquiry/itinerary/2844/0]
in APPPATH\Controllers\Enquiry.php on line 7076.
 1 SYSTEMPATH\Router\Router.php(563): CodeIgniter\Router\AutoRouter->getRoute('Enquiry/itinerary/2844/0', 'GET')
 2 SYSTEMPATH\Router\Router.php(228): CodeIgniter\Router\Router->autoRoute('Enquiry/itinerary/2844/0')
 3 SYSTEMPATH\CodeIgniter.php(834): CodeIgniter\Router\Router->handle('Enquiry/itinerary/2844/0')
 4 SYSTEMPATH\CodeIgniter.php(457): CodeIgniter\CodeIgniter->tryToRouteIt(Object(CodeIgniter\Router\RouteCollection))
 5 SYSTEMPATH\CodeIgniter.php(355): CodeIgniter\CodeIgniter->handleRequest(null, Object(Config\Cache), false)
 6 SYSTEMPATH\Boot.php(334): CodeIgniter\CodeIgniter->run()
 7 SYSTEMPATH\Boot.php(67): CodeIgniter\Boot::runCodeIgniter(Object(CodeIgniter\CodeIgniter))
 8 FCPATH\index.php(56): CodeIgniter\Boot::bootWeb(Object(Config\Paths))
DEBUG - 2025-12-29 13:57:41 --> Session: Class initialized using 'CodeIgniter\Session\Handlers\FileHandler' driver.
CRITICAL - 2025-12-29 13:57:41 --> ParseError: syntax error, unexpected token "else"
[Method: GET, Route: Enquiry/itinerary/2844/0]
in APPPATH\Controllers\Enquiry.php on line 7076.
 1 SYSTEMPATH\Router\Router.php(563): CodeIgniter\Router\AutoRouter->getRoute('Enquiry/itinerary/2844/0', 'GET')
 2 SYSTEMPATH\Router\Router.php(228): CodeIgniter\Router\Router->autoRoute('Enquiry/itinerary/2844/0')
 3 SYSTEMPATH\CodeIgniter.php(834): CodeIgniter\Router\Router->handle('Enquiry/itinerary/2844/0')
 4 SYSTEMPATH\CodeIgniter.php(457): CodeIgniter\CodeIgniter->tryToRouteIt(Object(CodeIgniter\Router\RouteCollection))
 5 SYSTEMPATH\CodeIgniter.php(355): CodeIgniter\CodeIgniter->handleRequest(null, Object(Config\Cache), false)
 6 SYSTEMPATH\Boot.php(334): CodeIgniter\CodeIgniter->run()
 7 SYSTEMPATH\Boot.php(67): CodeIgniter\Boot::runCodeIgniter(Object(CodeIgniter\CodeIgniter))
 8 FCPATH\index.php(56): CodeIgniter\Boot::bootWeb(Object(Config\Paths))
DEBUG - 2025-12-29 13:57:45 --> Session: Class initialized using 'CodeIgniter\Session\Handlers\FileHandler' driver.
CRITICAL - 2025-12-29 13:57:45 --> ParseError: syntax error, unexpected token "else"
[Method: GET, Route: Enquiry/itinerary/2844/0]
in APPPATH\Controllers\Enquiry.php on line 7076.
 1 SYSTEMPATH\Router\Router.php(563): CodeIgniter\Router\AutoRouter->getRoute('Enquiry/itinerary/2844/0', 'GET')
 2 SYSTEMPATH\Router\Router.php(228): CodeIgniter\Router\Router->autoRoute('Enquiry/itinerary/2844/0')
 3 SYSTEMPATH\CodeIgniter.php(834): CodeIgniter\Router\Router->handle('Enquiry/itinerary/2844/0')
 4 SYSTEMPATH\CodeIgniter.php(457): CodeIgniter\CodeIgniter->tryToRouteIt(Object(CodeIgniter\Router\RouteCollection))
 5 SYSTEMPATH\CodeIgniter.php(355): CodeIgniter\CodeIgniter->handleRequest(null, Object(Config\Cache), false)
 6 SYSTEMPATH\Boot.php(334): CodeIgniter\CodeIgniter->run()
 7 SYSTEMPATH\Boot.php(67): CodeIgniter\Boot::runCodeIgniter(Object(CodeIgniter\CodeIgniter))
 8 FCPATH\index.php(56): CodeIgniter\Boot::bootWeb(Object(Config\Paths))
DEBUG - 2025-12-29 13:57:51 --> Session: Class initialized using 'CodeIgniter\Session\Handlers\FileHandler' driver.
CRITICAL - 2025-12-29 13:57:51 --> ParseError: syntax error, unexpected token "else"
[Method: GET, Route: Enquiry/itinerary/2844/0]
in APPPATH\Controllers\Enquiry.php on line 7076.
 1 SYSTEMPATH\Router\Router.php(563): CodeIgniter\Router\AutoRouter->getRoute('Enquiry/itinerary/2844/0', 'GET')
 2 SYSTEMPATH\Router\Router.php(228): CodeIgniter\Router\Router->autoRoute('Enquiry/itinerary/2844/0')
 3 SYSTEMPATH\CodeIgniter.php(834): CodeIgniter\Router\Router->handle('Enquiry/itinerary/2844/0')
 4 SYSTEMPATH\CodeIgniter.php(457): CodeIgniter\CodeIgniter->tryToRouteIt(Object(CodeIgniter\Router\RouteCollection))
 5 SYSTEMPATH\CodeIgniter.php(355): CodeIgniter\CodeIgniter->handleRequest(null, Object(Config\Cache), false)
 6 SYSTEMPATH\Boot.php(334): CodeIgniter\CodeIgniter->run()
 7 SYSTEMPATH\Boot.php(67): CodeIgniter\Boot::runCodeIgniter(Object(CodeIgniter\CodeIgniter))
 8 FCPATH\index.php(56): CodeIgniter\Boot::bootWeb(Object(Config\Paths))
DEBUG - 2025-12-29 13:57:52 --> Session: Class initialized using 'CodeIgniter\Session\Handlers\FileHandler' driver.
CRITICAL - 2025-12-29 13:57:52 --> ParseError: syntax error, unexpected token "else"
[Method: GET, Route: Enquiry/itinerary/2844/0]
in APPPATH\Controllers\Enquiry.php on line 7076.
 1 SYSTEMPATH\Router\Router.php(563): CodeIgniter\Router\AutoRouter->getRoute('Enquiry/itinerary/2844/0', 'GET')
 2 SYSTEMPATH\Router\Router.php(228): CodeIgniter\Router\Router->autoRoute('Enquiry/itinerary/2844/0')
 3 SYSTEMPATH\CodeIgniter.php(834): CodeIgniter\Router\Router->handle('Enquiry/itinerary/2844/0')
 4 SYSTEMPATH\CodeIgniter.php(457): CodeIgniter\CodeIgniter->tryToRouteIt(Object(CodeIgniter\Router\RouteCollection))
 5 SYSTEMPATH\CodeIgniter.php(355): CodeIgniter\CodeIgniter->handleRequest(null, Object(Config\Cache), false)
 6 SYSTEMPATH\Boot.php(334): CodeIgniter\CodeIgniter->run()
 7 SYSTEMPATH\Boot.php(67): CodeIgniter\Boot::runCodeIgniter(Object(CodeIgniter\CodeIgniter))
 8 FCPATH\index.php(56): CodeIgniter\Boot::bootWeb(Object(Config\Paths))
DEBUG - 2025-12-29 13:57:57 --> Session: Class initialized using 'CodeIgniter\Session\Handlers\FileHandler' driver.
CRITICAL - 2025-12-29 13:57:57 --> ParseError: syntax error, unexpected token "else"
[Method: GET, Route: Enquiry/tour_plan/2844]
in APPPATH\Controllers\Enquiry.php on line 7076.
 1 SYSTEMPATH\Router\Router.php(563): CodeIgniter\Router\AutoRouter->getRoute('Enquiry/tour_plan/2844', 'GET')
 2 SYSTEMPATH\Router\Router.php(228): CodeIgniter\Router\Router->autoRoute('Enquiry/tour_plan/2844')
 3 SYSTEMPATH\CodeIgniter.php(834): CodeIgniter\Router\Router->handle('Enquiry/tour_plan/2844')
 4 SYSTEMPATH\CodeIgniter.php(457): CodeIgniter\CodeIgniter->tryToRouteIt(Object(CodeIgniter\Router\RouteCollection))
 5 SYSTEMPATH\CodeIgniter.php(355): CodeIgniter\CodeIgniter->handleRequest(null, Object(Config\Cache), false)
 6 SYSTEMPATH\Boot.php(334): CodeIgniter\CodeIgniter->run()
 7 SYSTEMPATH\Boot.php(67): CodeIgniter\Boot::runCodeIgniter(Object(CodeIgniter\CodeIgniter))
 8 FCPATH\index.php(56): CodeIgniter\Boot::bootWeb(Object(Config\Paths))
DEBUG - 2025-12-29 13:57:58 --> Session: Class initialized using 'CodeIgniter\Session\Handlers\FileHandler' driver.
CRITICAL - 2025-12-29 13:57:58 --> ParseError: syntax error, unexpected token "else"
[Method: GET, Route: Enquiry/tour_plan/2844/530]
in APPPATH\Controllers\Enquiry.php on line 7076.
 1 SYSTEMPATH\Router\Router.php(563): CodeIgniter\Router\AutoRouter->getRoute('Enquiry/tour_plan/2844/530', 'GET')
 2 SYSTEMPATH\Router\Router.php(228): CodeIgniter\Router\Router->autoRoute('Enquiry/tour_plan/2844/530')
 3 SYSTEMPATH\CodeIgniter.php(834): CodeIgniter\Router\Router->handle('Enquiry/tour_plan/2844/530')
 4 SYSTEMPATH\CodeIgniter.php(457): CodeIgniter\CodeIgniter->tryToRouteIt(Object(CodeIgniter\Router\RouteCollection))
 5 SYSTEMPATH\CodeIgniter.php(355): CodeIgniter\CodeIgniter->handleRequest(null, Object(Config\Cache), false)
 6 SYSTEMPATH\Boot.php(334): CodeIgniter\CodeIgniter->run()
 7 SYSTEMPATH\Boot.php(67): CodeIgniter\Boot::runCodeIgniter(Object(CodeIgniter\CodeIgniter))
 8 FCPATH\index.php(56): CodeIgniter\Boot::bootWeb(Object(Config\Paths))
DEBUG - 2025-12-29 13:58:02 --> Session: Class initialized using 'CodeIgniter\Session\Handlers\FileHandler' driver.
DEBUG - 2025-12-29 13:58:02 --> Session: Class initialized using 'CodeIgniter\Session\Handlers\FileHandler' driver.
DEBUG - 2025-12-29 13:58:03 --> Session: Class initialized using 'CodeIgniter\Session\Handlers\FileHandler' driver.
DEBUG - 2025-12-29 13:58:04 --> Session: Class initialized using 'CodeIgniter\Session\Handlers\FileHandler' driver.
DEBUG - 2025-12-29 13:58:04 --> Session: Class initialized using 'CodeIgniter\Session\Handlers\FileHandler' driver.
DEBUG - 2025-12-29 13:58:05 --> Session: Class initialized using 'CodeIgniter\Session\Handlers\FileHandler' driver.
DEBUG - 2025-12-29 13:58:06 --> Session: Class initialized using 'CodeIgniter\Session\Handlers\FileHandler' driver.
DEBUG - 2025-12-29 13:58:06 --> Session: Class initialized using 'CodeIgniter\Session\Handlers\FileHandler' driver.
DEBUG - 2025-12-29 13:58:06 --> Session: Class initialized using 'CodeIgniter\Session\Handlers\FileHandler' driver.
DEBUG - 2025-12-29 13:58:07 --> Session: Class initialized using 'CodeIgniter\Session\Handlers\FileHandler' driver.
DEBUG - 2025-12-29 13:58:09 --> Session: Class initialized using 'CodeIgniter\Session\Handlers\FileHandler' driver.
DEBUG - 2025-12-29 13:58:10 --> Session: Class initialized using 'CodeIgniter\Session\Handlers\FileHandler' driver.
DEBUG - 2025-12-29 13:58:10 --> Session: Class initialized using 'CodeIgniter\Session\Handlers\FileHandler' driver.
DEBUG - 2025-12-29 13:58:11 --> Session: Class initialized using 'CodeIgniter\Session\Handlers\FileHandler' driver.
DEBUG - 2025-12-29 13:58:11 --> Session: Class initialized using 'CodeIgniter\Session\Handlers\FileHandler' driver.
DEBUG - 2025-12-29 13:58:11 --> Session: Class initialized using 'CodeIgniter\Session\Handlers\FileHandler' driver.
DEBUG - 2025-12-29 13:58:11 --> Session: Class initialized using 'CodeIgniter\Session\Handlers\FileHandler' driver.
DEBUG - 2025-12-29 13:58:12 --> Session: Class initialized using 'CodeIgniter\Session\Handlers\FileHandler' driver.
DEBUG - 2025-12-29 13:58:13 --> Session: Class initialized using 'CodeIgniter\Session\Handlers\FileHandler' driver.
DEBUG - 2025-12-29 13:58:13 --> Session: Class initialized using 'CodeIgniter\Session\Handlers\FileHandler' driver.
DEBUG - 2025-12-29 13:58:13 --> Session: Class initialized using 'CodeIgniter\Session\Handlers\FileHandler' driver.
DEBUG - 2025-12-29 13:58:15 --> Session: Class initialized using 'CodeIgniter\Session\Handlers\FileHandler' driver.
DEBUG - 2025-12-29 13:58:15 --> Session: Class initialized using 'CodeIgniter\Session\Handlers\FileHandler' driver.
DEBUG - 2025-12-29 13:58:15 --> Session: Class initialized using 'CodeIgniter\Session\Handlers\FileHandler' driver.
DEBUG - 2025-12-29 13:58:16 --> Session: Class initialized using 'CodeIgniter\Session\Handlers\FileHandler' driver.
DEBUG - 2025-12-29 13:58:18 --> Session: Class initialized using 'CodeIgniter\Session\Handlers\FileHandler' driver.
DEBUG - 2025-12-29 13:58:18 --> Session: Class initialized using 'CodeIgniter\Session\Handlers\FileHandler' driver.
DEBUG - 2025-12-29 13:58:18 --> Session: Class initialized using 'CodeIgniter\Session\Handlers\FileHandler' driver.
DEBUG - 2025-12-29 13:58:18 --> Session: Class initialized using 'CodeIgniter\Session\Handlers\FileHandler' driver.
DEBUG - 2025-12-29 13:58:20 --> Session: Class initialized using 'CodeIgniter\Session\Handlers\FileHandler' driver.
INFO - 2025-12-29 13:58:20 --> Fresh mode: Loading from extension_ref_id: 577
INFO - 2025-12-29 13:58:20 --> Loaded 3 records from fresh mode
INFO - 2025-12-29 19:28:20 --> Loaded from DRAFT for date 2026-02-05: 2 sightseeing, 0 special events, 2 hotel facilities
INFO - 2025-12-29 19:28:20 --> Loaded from DRAFT for date 2026-02-06: 0 sightseeing, 0 special events, 2 hotel facilities
INFO - 2025-12-29 19:28:20 --> Vehicle adjustment for 2026-02-05: is_saved=true, is_preloaded=false, SS distance to subtract=400km
INFO - 2025-12-29 19:28:20 --> Expansion date 2026-02-05: DB Total=36km, SS to subtract=400km, Derived Base=0km
INFO - 2025-12-29 19:28:20 --> Vehicle adjustment for 2026-02-05: is_saved=true, is_preloaded=false, SS distance to subtract=400km
INFO - 2025-12-29 19:28:20 --> Expansion date 2026-02-05: DB Total=36km, SS to subtract=400km, Derived Base=0km
INFO - 2025-12-29 19:28:20 --> Vehicle adjustment for 2026-02-05: is_saved=true, is_preloaded=false, SS distance to subtract=400km
INFO - 2025-12-29 19:28:20 --> Expansion date 2026-02-05: DB Total=36km, SS to subtract=400km, Derived Base=0km
INFO - 2025-12-29 19:28:20 --> Vehicle adjustment for 2026-02-05: is_saved=true, is_preloaded=false, SS distance to subtract=400km
INFO - 2025-12-29 19:28:20 --> Expansion date 2026-02-05: DB Total=36km, SS to subtract=400km, Derived Base=0km
INFO - 2025-12-29 19:28:20 --> Vehicle adjustment for 2026-02-06: is_saved=true, is_preloaded=false, SS distance to subtract=0km
INFO - 2025-12-29 19:28:20 --> Expansion date 2026-02-06: DB Total=36km, SS to subtract=0km, Derived Base=36km
INFO - 2025-12-29 19:28:20 --> Vehicle adjustment for 2026-02-06: is_saved=true, is_preloaded=false, SS distance to subtract=0km
INFO - 2025-12-29 19:28:20 --> Expansion date 2026-02-06: DB Total=36km, SS to subtract=0km, Derived Base=36km
INFO - 2025-12-29 19:28:20 --> Vehicle adjustment for 2026-02-06: is_saved=true, is_preloaded=false, SS distance to subtract=0km
INFO - 2025-12-29 19:28:20 --> Expansion date 2026-02-06: DB Total=36km, SS to subtract=0km, Derived Base=36km
INFO - 2025-12-29 19:28:20 --> Vehicle adjustment for 2026-02-06: is_saved=true, is_preloaded=false, SS distance to subtract=0km
INFO - 2025-12-29 19:28:20 --> Expansion date 2026-02-06: DB Total=36km, SS to subtract=0km, Derived Base=36km
INFO - 2025-12-29 19:28:20 --> Itinerary expansion date 2026-02-05: Derived Base=236km (SS subtract=400km)
INFO - 2025-12-29 19:28:20 --> Itinerary expansion date 2026-02-05: Derived Base=236km (SS subtract=400km)
INFO - 2025-12-29 19:28:20 --> Itinerary expansion date 2026-02-05: Derived Base=236km (SS subtract=400km)
INFO - 2025-12-29 19:28:20 --> Itinerary expansion date 2026-02-05: Derived Base=236km (SS subtract=400km)
INFO - 2025-12-29 19:28:20 --> Itinerary expansion date 2026-02-06: Derived Base=0km (SS subtract=0km)
INFO - 2025-12-29 19:28:20 --> Itinerary expansion date 2026-02-06: Derived Base=0km (SS subtract=0km)
INFO - 2025-12-29 19:28:20 --> Itinerary expansion date 2026-02-06: Derived Base=0km (SS subtract=0km)
INFO - 2025-12-29 19:28:20 --> Itinerary expansion date 2026-02-06: Derived Base=0km (SS subtract=0km)
DEBUG - 2025-12-29 13:58:21 --> Session: Class initialized using 'CodeIgniter\Session\Handlers\FileHandler' driver.
DEBUG - 2025-12-29 13:58:21 --> Session: Class initialized using 'CodeIgniter\Session\Handlers\FileHandler' driver.
DEBUG - 2025-12-29 13:58:31 --> Session: Class initialized using 'CodeIgniter\Session\Handlers\FileHandler' driver.
DEBUG - 2025-12-29 13:58:31 --> Session: Class initialized using 'CodeIgniter\Session\Handlers\FileHandler' driver.
DEBUG - 2025-12-29 13:58:33 --> Session: Class initialized using 'CodeIgniter\Session\Handlers\FileHandler' driver.
DEBUG - 2025-12-29 13:58:34 --> Session: Class initialized using 'CodeIgniter\Session\Handlers\FileHandler' driver.
DEBUG - 2025-12-29 13:58:34 --> Session: Class initialized using 'CodeIgniter\Session\Handlers\FileHandler' driver.
DEBUG - 2025-12-29 13:58:34 --> Session: Class initialized using 'CodeIgniter\Session\Handlers\FileHandler' driver.
DEBUG - 2025-12-29 13:58:38 --> Session: Class initialized using 'CodeIgniter\Session\Handlers\FileHandler' driver.
DEBUG - 2025-12-29 13:58:39 --> Session: Class initialized using 'CodeIgniter\Session\Handlers\FileHandler' driver.
DEBUG - 2025-12-29 13:58:39 --> Session: Class initialized using 'CodeIgniter\Session\Handlers\FileHandler' driver.
DEBUG - 2025-12-29 13:58:41 --> Session: Class initialized using 'CodeIgniter\Session\Handlers\FileHandler' driver.
INFO - 2025-12-29 13:58:41 --> Loading previous itinerary data from previous_active_tour_id: 1983
INFO - 2025-12-29 13:58:41 --> Loading itinerary for tour_details_id: 1983, extension_ref_id: 577
INFO - 2025-12-29 13:58:41 --> Found 3 itinerary records
INFO - 2025-12-29 13:58:41 --> Found matching date 2026-02-05 in previous tour plan (preloading)
INFO - 2025-12-29 13:58:41 --> Same hotel and location - loaded 2 hotel facilities
INFO - 2025-12-29 13:58:41 --> Preloaded from previous tour for date 2026-02-05: 2 sightseeing, 0 special events, 2 hotel facilities
INFO - 2025-12-29 13:58:41 --> Loading previous itinerary data from previous_active_tour_id: 1983
INFO - 2025-12-29 13:58:41 --> Loading itinerary for tour_details_id: 1983, extension_ref_id: 577
INFO - 2025-12-29 13:58:41 --> Found 3 itinerary records
INFO - 2025-12-29 13:58:41 --> Found matching date 2026-02-06 in previous tour plan (preloading)
INFO - 2025-12-29 13:58:41 --> Same hotel and location - loaded 2 hotel facilities
INFO - 2025-12-29 13:58:41 --> Preloaded from previous tour for date 2026-02-06: 0 sightseeing, 0 special events, 2 hotel facilities
INFO - 2025-12-29 13:58:41 --> Vehicle adjustment for 2026-02-05: is_saved=true, is_preloaded=true, SS distance to subtract=0km
INFO - 2025-12-29 13:58:41 --> Expansion date 2026-02-05: DB Total=36km, SS to subtract=0km, Derived Base=36km
INFO - 2025-12-29 13:58:41 --> Vehicle adjustment for 2026-02-05: is_saved=true, is_preloaded=true, SS distance to subtract=0km
INFO - 2025-12-29 13:58:41 --> Expansion date 2026-02-05: DB Total=36km, SS to subtract=0km, Derived Base=36km
INFO - 2025-12-29 13:58:41 --> Vehicle adjustment for 2026-02-05: is_saved=true, is_preloaded=true, SS distance to subtract=0km
INFO - 2025-12-29 13:58:41 --> Expansion date 2026-02-05: DB Total=36km, SS to subtract=0km, Derived Base=36km
INFO - 2025-12-29 13:58:41 --> Vehicle adjustment for 2026-02-05: is_saved=true, is_preloaded=true, SS distance to subtract=0km
INFO - 2025-12-29 13:58:41 --> Expansion date 2026-02-05: DB Total=36km, SS to subtract=0km, Derived Base=36km
INFO - 2025-12-29 13:58:41 --> Vehicle adjustment for 2026-02-06: is_saved=true, is_preloaded=true, SS distance to subtract=0km
INFO - 2025-12-29 13:58:41 --> Expansion date 2026-02-06: DB Total=36km, SS to subtract=0km, Derived Base=36km
INFO - 2025-12-29 13:58:41 --> Vehicle adjustment for 2026-02-06: is_saved=true, is_preloaded=true, SS distance to subtract=0km
INFO - 2025-12-29 13:58:41 --> Expansion date 2026-02-06: DB Total=36km, SS to subtract=0km, Derived Base=36km
INFO - 2025-12-29 13:58:41 --> Vehicle adjustment for 2026-02-06: is_saved=true, is_preloaded=true, SS distance to subtract=0km
INFO - 2025-12-29 13:58:41 --> Expansion date 2026-02-06: DB Total=36km, SS to subtract=0km, Derived Base=36km
INFO - 2025-12-29 13:58:41 --> Vehicle adjustment for 2026-02-06: is_saved=true, is_preloaded=true, SS distance to subtract=0km
INFO - 2025-12-29 13:58:41 --> Expansion date 2026-02-06: DB Total=36km, SS to subtract=0km, Derived Base=36km
DEBUG - 2025-12-29 13:59:46 --> Session: Class initialized using 'CodeIgniter\Session\Handlers\FileHandler' driver.
DEBUG - 2025-12-29 14:04:58 --> Session: Class initialized using 'CodeIgniter\Session\Handlers\FileHandler' driver.
INFO - 2025-12-29 14:04:58 --> Loading previous itinerary data from previous_active_tour_id: 1983
INFO - 2025-12-29 14:04:58 --> Loading itinerary for tour_details_id: 1983, extension_ref_id: 577
INFO - 2025-12-29 14:04:58 --> Found 3 itinerary records
INFO - 2025-12-29 14:04:58 --> Found matching date 2026-02-05 in previous tour plan (preloading)
INFO - 2025-12-29 14:04:58 --> Same hotel (401) and location (9) - loaded 2 hotel facilities from previous itinerary
INFO - 2025-12-29 14:04:58 --> Preloaded from previous tour for date 2026-02-05: 2 sightseeing, 0 special events, 2 hotel facilities
INFO - 2025-12-29 14:04:58 --> Loading previous itinerary data from previous_active_tour_id: 1983
INFO - 2025-12-29 14:04:58 --> Loading itinerary for tour_details_id: 1983, extension_ref_id: 577
INFO - 2025-12-29 14:04:58 --> Found 3 itinerary records
INFO - 2025-12-29 14:04:58 --> Found matching date 2026-02-06 in previous tour plan (preloading)
INFO - 2025-12-29 14:04:58 --> Same hotel (401) and location (9) - loaded 2 hotel facilities from previous itinerary
INFO - 2025-12-29 14:04:58 --> Preloaded from previous tour for date 2026-02-06: 0 sightseeing, 0 special events, 2 hotel facilities
INFO - 2025-12-29 14:04:58 --> Vehicle adjustment for 2026-02-05: is_saved=true, is_preloaded=true, SS distance to subtract=0km
INFO - 2025-12-29 14:04:58 --> Expansion date 2026-02-05: DB Total=36km, SS to subtract=0km, Derived Base=36km
INFO - 2025-12-29 14:04:58 --> Vehicle adjustment for 2026-02-05: is_saved=true, is_preloaded=true, SS distance to subtract=0km
INFO - 2025-12-29 14:04:58 --> Expansion date 2026-02-05: DB Total=36km, SS to subtract=0km, Derived Base=36km
INFO - 2025-12-29 14:04:58 --> Vehicle adjustment for 2026-02-05: is_saved=true, is_preloaded=true, SS distance to subtract=0km
INFO - 2025-12-29 14:04:58 --> Expansion date 2026-02-05: DB Total=36km, SS to subtract=0km, Derived Base=36km
INFO - 2025-12-29 14:04:58 --> Vehicle adjustment for 2026-02-05: is_saved=true, is_preloaded=true, SS distance to subtract=0km
INFO - 2025-12-29 14:04:58 --> Expansion date 2026-02-05: DB Total=36km, SS to subtract=0km, Derived Base=36km
INFO - 2025-12-29 14:04:58 --> Vehicle adjustment for 2026-02-06: is_saved=true, is_preloaded=true, SS distance to subtract=0km
INFO - 2025-12-29 14:04:58 --> Expansion date 2026-02-06: DB Total=36km, SS to subtract=0km, Derived Base=36km
INFO - 2025-12-29 14:04:58 --> Vehicle adjustment for 2026-02-06: is_saved=true, is_preloaded=true, SS distance to subtract=0km
INFO - 2025-12-29 14:04:58 --> Expansion date 2026-02-06: DB Total=36km, SS to subtract=0km, Derived Base=36km
INFO - 2025-12-29 14:04:58 --> Vehicle adjustment for 2026-02-06: is_saved=true, is_preloaded=true, SS distance to subtract=0km
INFO - 2025-12-29 14:04:58 --> Expansion date 2026-02-06: DB Total=36km, SS to subtract=0km, Derived Base=36km
INFO - 2025-12-29 14:04:58 --> Vehicle adjustment for 2026-02-06: is_saved=true, is_preloaded=true, SS distance to subtract=0km
INFO - 2025-12-29 14:04:58 --> Expansion date 2026-02-06: DB Total=36km, SS to subtract=0km, Derived Base=36km
DEBUG - 2025-12-29 14:06:01 --> Session: Class initialized using 'CodeIgniter\Session\Handlers\FileHandler' driver.
INFO - 2025-12-29 14:06:01 --> Loading previous itinerary data from previous_active_tour_id: 1983
INFO - 2025-12-29 14:06:01 --> Loading itinerary for tour_details_id: 1983, extension_ref_id: 577
INFO - 2025-12-29 14:06:01 --> Found 3 itinerary records
INFO - 2025-12-29 14:06:01 --> Found matching date 2026-02-05 in previous tour plan (preloading)
INFO - 2025-12-29 14:06:01 --> Same hotel and location - loaded 2 hotel facilities
INFO - 2025-12-29 14:06:01 --> Preloaded from previous tour for date 2026-02-05: 2 sightseeing, 0 special events, 2 hotel facilities
INFO - 2025-12-29 14:06:01 --> Loading previous itinerary data from previous_active_tour_id: 1983
INFO - 2025-12-29 14:06:01 --> Loading itinerary for tour_details_id: 1983, extension_ref_id: 577
INFO - 2025-12-29 14:06:01 --> Found 3 itinerary records
INFO - 2025-12-29 14:06:01 --> Found matching date 2026-02-06 in previous tour plan (preloading)
INFO - 2025-12-29 14:06:01 --> Same hotel and location - loaded 2 hotel facilities
INFO - 2025-12-29 14:06:01 --> Preloaded from previous tour for date 2026-02-06: 0 sightseeing, 0 special events, 2 hotel facilities
INFO - 2025-12-29 14:06:01 --> Vehicle adjustment for 2026-02-05: is_saved=true, is_preloaded=true, SS distance to subtract=0km
INFO - 2025-12-29 14:06:01 --> Expansion date 2026-02-05: DB Total=36km, SS to subtract=0km, Derived Base=36km
INFO - 2025-12-29 14:06:01 --> Vehicle adjustment for 2026-02-05: is_saved=true, is_preloaded=true, SS distance to subtract=0km
INFO - 2025-12-29 14:06:01 --> Expansion date 2026-02-05: DB Total=36km, SS to subtract=0km, Derived Base=36km
INFO - 2025-12-29 14:06:01 --> Vehicle adjustment for 2026-02-05: is_saved=true, is_preloaded=true, SS distance to subtract=0km
INFO - 2025-12-29 14:06:01 --> Expansion date 2026-02-05: DB Total=36km, SS to subtract=0km, Derived Base=36km
INFO - 2025-12-29 14:06:01 --> Vehicle adjustment for 2026-02-05: is_saved=true, is_preloaded=true, SS distance to subtract=0km
INFO - 2025-12-29 14:06:01 --> Expansion date 2026-02-05: DB Total=36km, SS to subtract=0km, Derived Base=36km
INFO - 2025-12-29 14:06:01 --> Vehicle adjustment for 2026-02-06: is_saved=true, is_preloaded=true, SS distance to subtract=0km
INFO - 2025-12-29 14:06:01 --> Expansion date 2026-02-06: DB Total=36km, SS to subtract=0km, Derived Base=36km
INFO - 2025-12-29 14:06:01 --> Vehicle adjustment for 2026-02-06: is_saved=true, is_preloaded=true, SS distance to subtract=0km
INFO - 2025-12-29 14:06:01 --> Expansion date 2026-02-06: DB Total=36km, SS to subtract=0km, Derived Base=36km
INFO - 2025-12-29 14:06:01 --> Vehicle adjustment for 2026-02-06: is_saved=true, is_preloaded=true, SS distance to subtract=0km
INFO - 2025-12-29 14:06:01 --> Expansion date 2026-02-06: DB Total=36km, SS to subtract=0km, Derived Base=36km
INFO - 2025-12-29 14:06:01 --> Vehicle adjustment for 2026-02-06: is_saved=true, is_preloaded=true, SS distance to subtract=0km
INFO - 2025-12-29 14:06:01 --> Expansion date 2026-02-06: DB Total=36km, SS to subtract=0km, Derived Base=36km
DEBUG - 2025-12-29 14:08:40 --> Session: Class initialized using 'CodeIgniter\Session\Handlers\FileHandler' driver.
INFO - 2025-12-29 14:08:40 --> Loading previous itinerary data from previous_active_tour_id: 1983
INFO - 2025-12-29 14:08:40 --> Loading itinerary for tour_details_id: 1983, extension_ref_id: 577
INFO - 2025-12-29 14:08:40 --> Found 3 itinerary records
INFO - 2025-12-29 14:08:40 --> Found matching date 2026-02-05 in previous tour plan (preloading)
INFO - 2025-12-29 14:08:40 --> Same hotel and location - loaded 2 hotel facilities
INFO - 2025-12-29 14:08:40 --> Preloaded from previous tour for date 2026-02-05: 2 sightseeing, 0 special events, 2 hotel facilities
INFO - 2025-12-29 14:08:40 --> Loading previous itinerary data from previous_active_tour_id: 1983
INFO - 2025-12-29 14:08:40 --> Loading itinerary for tour_details_id: 1983, extension_ref_id: 577
INFO - 2025-12-29 14:08:40 --> Found 3 itinerary records
INFO - 2025-12-29 14:08:40 --> Found matching date 2026-02-06 in previous tour plan (preloading)
INFO - 2025-12-29 14:08:40 --> Same hotel and location - loaded 2 hotel facilities
INFO - 2025-12-29 14:08:40 --> Preloaded from previous tour for date 2026-02-06: 0 sightseeing, 0 special events, 2 hotel facilities
INFO - 2025-12-29 14:08:40 --> Vehicle adjustment for 2026-02-05: is_saved=true, is_preloaded=true, SS distance to subtract=0km
INFO - 2025-12-29 14:08:40 --> Expansion date 2026-02-05: DB Total=36km, SS to subtract=0km, Derived Base=36km
INFO - 2025-12-29 14:08:40 --> Vehicle adjustment for 2026-02-05: is_saved=true, is_preloaded=true, SS distance to subtract=0km
INFO - 2025-12-29 14:08:40 --> Expansion date 2026-02-05: DB Total=36km, SS to subtract=0km, Derived Base=36km
INFO - 2025-12-29 14:08:40 --> Vehicle adjustment for 2026-02-05: is_saved=true, is_preloaded=true, SS distance to subtract=0km
INFO - 2025-12-29 14:08:40 --> Expansion date 2026-02-05: DB Total=36km, SS to subtract=0km, Derived Base=36km
INFO - 2025-12-29 14:08:40 --> Vehicle adjustment for 2026-02-05: is_saved=true, is_preloaded=true, SS distance to subtract=0km
INFO - 2025-12-29 14:08:40 --> Expansion date 2026-02-05: DB Total=36km, SS to subtract=0km, Derived Base=36km
INFO - 2025-12-29 14:08:40 --> Vehicle adjustment for 2026-02-06: is_saved=true, is_preloaded=true, SS distance to subtract=0km
INFO - 2025-12-29 14:08:40 --> Expansion date 2026-02-06: DB Total=36km, SS to subtract=0km, Derived Base=36km
INFO - 2025-12-29 14:08:40 --> Vehicle adjustment for 2026-02-06: is_saved=true, is_preloaded=true, SS distance to subtract=0km
INFO - 2025-12-29 14:08:40 --> Expansion date 2026-02-06: DB Total=36km, SS to subtract=0km, Derived Base=36km
INFO - 2025-12-29 14:08:40 --> Vehicle adjustment for 2026-02-06: is_saved=true, is_preloaded=true, SS distance to subtract=0km
INFO - 2025-12-29 14:08:40 --> Expansion date 2026-02-06: DB Total=36km, SS to subtract=0km, Derived Base=36km
INFO - 2025-12-29 14:08:40 --> Vehicle adjustment for 2026-02-06: is_saved=true, is_preloaded=true, SS distance to subtract=0km
INFO - 2025-12-29 14:08:40 --> Expansion date 2026-02-06: DB Total=36km, SS to subtract=0km, Derived Base=36km
DEBUG - 2025-12-29 14:09:32 --> Session: Class initialized using 'CodeIgniter\Session\Handlers\FileHandler' driver.
INFO - 2025-12-29 14:09:32 --> Loading previous itinerary data from previous_active_tour_id: 1983
INFO - 2025-12-29 14:09:32 --> Loading itinerary for tour_details_id: 1983, extension_ref_id: 577
INFO - 2025-12-29 14:09:32 --> Found 3 itinerary records
INFO - 2025-12-29 14:09:32 --> Found matching date 2026-02-05 in previous tour plan (preloading)
INFO - 2025-12-29 14:09:32 --> Same hotel and location - loaded 2 hotel facilities
INFO - 2025-12-29 14:09:32 --> Preloaded from previous tour for date 2026-02-05: 2 sightseeing, 0 special events, 2 hotel facilities
INFO - 2025-12-29 14:09:32 --> Loading previous itinerary data from previous_active_tour_id: 1983
INFO - 2025-12-29 14:09:32 --> Loading itinerary for tour_details_id: 1983, extension_ref_id: 577
INFO - 2025-12-29 14:09:32 --> Found 3 itinerary records
INFO - 2025-12-29 14:09:32 --> Found matching date 2026-02-06 in previous tour plan (preloading)
INFO - 2025-12-29 14:09:32 --> Same hotel and location - loaded 2 hotel facilities
INFO - 2025-12-29 14:09:32 --> Preloaded from previous tour for date 2026-02-06: 0 sightseeing, 0 special events, 2 hotel facilities
INFO - 2025-12-29 14:09:32 --> Vehicle adjustment for 2026-02-05: is_saved=true, is_preloaded=true, SS distance to subtract=0km
INFO - 2025-12-29 14:09:32 --> Expansion date 2026-02-05: DB Total=36km, SS to subtract=0km, Derived Base=36km
INFO - 2025-12-29 14:09:32 --> Vehicle adjustment for 2026-02-05: is_saved=true, is_preloaded=true, SS distance to subtract=0km
INFO - 2025-12-29 14:09:32 --> Expansion date 2026-02-05: DB Total=36km, SS to subtract=0km, Derived Base=36km
INFO - 2025-12-29 14:09:32 --> Vehicle adjustment for 2026-02-05: is_saved=true, is_preloaded=true, SS distance to subtract=0km
INFO - 2025-12-29 14:09:32 --> Expansion date 2026-02-05: DB Total=36km, SS to subtract=0km, Derived Base=36km
INFO - 2025-12-29 14:09:32 --> Vehicle adjustment for 2026-02-05: is_saved=true, is_preloaded=true, SS distance to subtract=0km
INFO - 2025-12-29 14:09:32 --> Expansion date 2026-02-05: DB Total=36km, SS to subtract=0km, Derived Base=36km
INFO - 2025-12-29 14:09:32 --> Vehicle adjustment for 2026-02-06: is_saved=true, is_preloaded=true, SS distance to subtract=0km
INFO - 2025-12-29 14:09:32 --> Expansion date 2026-02-06: DB Total=36km, SS to subtract=0km, Derived Base=36km
INFO - 2025-12-29 14:09:32 --> Vehicle adjustment for 2026-02-06: is_saved=true, is_preloaded=true, SS distance to subtract=0km
INFO - 2025-12-29 14:09:32 --> Expansion date 2026-02-06: DB Total=36km, SS to subtract=0km, Derived Base=36km
INFO - 2025-12-29 14:09:32 --> Vehicle adjustment for 2026-02-06: is_saved=true, is_preloaded=true, SS distance to subtract=0km
INFO - 2025-12-29 14:09:32 --> Expansion date 2026-02-06: DB Total=36km, SS to subtract=0km, Derived Base=36km
INFO - 2025-12-29 14:09:32 --> Vehicle adjustment for 2026-02-06: is_saved=true, is_preloaded=true, SS distance to subtract=0km
INFO - 2025-12-29 14:09:32 --> Expansion date 2026-02-06: DB Total=36km, SS to subtract=0km, Derived Base=36km
DEBUG - 2025-12-29 14:11:53 --> Session: Class initialized using 'CodeIgniter\Session\Handlers\FileHandler' driver.
INFO - 2025-12-29 14:11:53 --> Loading previous itinerary data from previous_active_tour_id: 1983
INFO - 2025-12-29 14:11:53 --> Loading itinerary for tour_details_id: 1983, extension_ref_id: 577
INFO - 2025-12-29 14:11:53 --> Found 3 itinerary records
INFO - 2025-12-29 14:11:53 --> Found matching date 2026-02-05 in previous tour plan (preloading)
INFO - 2025-12-29 14:11:53 --> Date matched - loaded 2 hotel facilities (ignoring hotel/location)
INFO - 2025-12-29 14:11:53 --> Preloaded from previous tour for date 2026-02-05: 2 sightseeing, 0 special events, 2 hotel facilities
INFO - 2025-12-29 14:11:53 --> Loading previous itinerary data from previous_active_tour_id: 1983
INFO - 2025-12-29 14:11:53 --> Loading itinerary for tour_details_id: 1983, extension_ref_id: 577
INFO - 2025-12-29 14:11:53 --> Found 3 itinerary records
INFO - 2025-12-29 14:11:53 --> Found matching date 2026-02-06 in previous tour plan (preloading)
INFO - 2025-12-29 14:11:53 --> Date matched - loaded 2 hotel facilities (ignoring hotel/location)
INFO - 2025-12-29 14:11:53 --> Preloaded from previous tour for date 2026-02-06: 0 sightseeing, 0 special events, 2 hotel facilities
INFO - 2025-12-29 14:11:53 --> Vehicle adjustment for 2026-02-05: is_saved=true, is_preloaded=true, SS distance to subtract=0km
INFO - 2025-12-29 14:11:53 --> Expansion date 2026-02-05: DB Total=36km, SS to subtract=0km, Derived Base=36km
INFO - 2025-12-29 14:11:53 --> Vehicle adjustment for 2026-02-05: is_saved=true, is_preloaded=true, SS distance to subtract=0km
INFO - 2025-12-29 14:11:53 --> Expansion date 2026-02-05: DB Total=36km, SS to subtract=0km, Derived Base=36km
INFO - 2025-12-29 14:11:53 --> Vehicle adjustment for 2026-02-05: is_saved=true, is_preloaded=true, SS distance to subtract=0km
INFO - 2025-12-29 14:11:53 --> Expansion date 2026-02-05: DB Total=36km, SS to subtract=0km, Derived Base=36km
INFO - 2025-12-29 14:11:53 --> Vehicle adjustment for 2026-02-05: is_saved=true, is_preloaded=true, SS distance to subtract=0km
INFO - 2025-12-29 14:11:53 --> Expansion date 2026-02-05: DB Total=36km, SS to subtract=0km, Derived Base=36km
INFO - 2025-12-29 14:11:53 --> Vehicle adjustment for 2026-02-06: is_saved=true, is_preloaded=true, SS distance to subtract=0km
INFO - 2025-12-29 14:11:53 --> Expansion date 2026-02-06: DB Total=36km, SS to subtract=0km, Derived Base=36km
INFO - 2025-12-29 14:11:53 --> Vehicle adjustment for 2026-02-06: is_saved=true, is_preloaded=true, SS distance to subtract=0km
INFO - 2025-12-29 14:11:53 --> Expansion date 2026-02-06: DB Total=36km, SS to subtract=0km, Derived Base=36km
INFO - 2025-12-29 14:11:53 --> Vehicle adjustment for 2026-02-06: is_saved=true, is_preloaded=true, SS distance to subtract=0km
INFO - 2025-12-29 14:11:53 --> Expansion date 2026-02-06: DB Total=36km, SS to subtract=0km, Derived Base=36km
INFO - 2025-12-29 14:11:53 --> Vehicle adjustment for 2026-02-06: is_saved=true, is_preloaded=true, SS distance to subtract=0km
INFO - 2025-12-29 14:11:53 --> Expansion date 2026-02-06: DB Total=36km, SS to subtract=0km, Derived Base=36km
DEBUG - 2025-12-29 14:11:58 --> Session: Class initialized using 'CodeIgniter\Session\Handlers\FileHandler' driver.
INFO - 2025-12-29 14:11:58 --> Loading previous itinerary data from previous_active_tour_id: 1983
INFO - 2025-12-29 14:11:58 --> Loading itinerary for tour_details_id: 1983, extension_ref_id: 577
INFO - 2025-12-29 14:11:58 --> Found 3 itinerary records
INFO - 2025-12-29 14:11:58 --> Found matching date 2026-02-05 in previous tour plan (preloading)
INFO - 2025-12-29 14:11:58 --> Date matched - loaded 2 hotel facilities (ignoring hotel/location)
INFO - 2025-12-29 14:11:58 --> Preloaded from previous tour for date 2026-02-05: 2 sightseeing, 0 special events, 2 hotel facilities
INFO - 2025-12-29 14:11:58 --> Loading previous itinerary data from previous_active_tour_id: 1983
INFO - 2025-12-29 14:11:58 --> Loading itinerary for tour_details_id: 1983, extension_ref_id: 577
INFO - 2025-12-29 14:11:58 --> Found 3 itinerary records
INFO - 2025-12-29 14:11:58 --> Found matching date 2026-02-06 in previous tour plan (preloading)
INFO - 2025-12-29 14:11:58 --> Date matched - loaded 2 hotel facilities (ignoring hotel/location)
INFO - 2025-12-29 14:11:58 --> Preloaded from previous tour for date 2026-02-06: 0 sightseeing, 0 special events, 2 hotel facilities
INFO - 2025-12-29 14:11:58 --> Vehicle adjustment for 2026-02-05: is_saved=true, is_preloaded=true, SS distance to subtract=0km
INFO - 2025-12-29 14:11:58 --> Expansion date 2026-02-05: DB Total=36km, SS to subtract=0km, Derived Base=36km
INFO - 2025-12-29 14:11:58 --> Vehicle adjustment for 2026-02-05: is_saved=true, is_preloaded=true, SS distance to subtract=0km
INFO - 2025-12-29 14:11:58 --> Expansion date 2026-02-05: DB Total=36km, SS to subtract=0km, Derived Base=36km
INFO - 2025-12-29 14:11:58 --> Vehicle adjustment for 2026-02-05: is_saved=true, is_preloaded=true, SS distance to subtract=0km
INFO - 2025-12-29 14:11:58 --> Expansion date 2026-02-05: DB Total=36km, SS to subtract=0km, Derived Base=36km
INFO - 2025-12-29 14:11:58 --> Vehicle adjustment for 2026-02-05: is_saved=true, is_preloaded=true, SS distance to subtract=0km
INFO - 2025-12-29 14:11:58 --> Expansion date 2026-02-05: DB Total=36km, SS to subtract=0km, Derived Base=36km
INFO - 2025-12-29 14:11:58 --> Vehicle adjustment for 2026-02-06: is_saved=true, is_preloaded=true, SS distance to subtract=0km
INFO - 2025-12-29 14:11:58 --> Expansion date 2026-02-06: DB Total=36km, SS to subtract=0km, Derived Base=36km
INFO - 2025-12-29 14:11:58 --> Vehicle adjustment for 2026-02-06: is_saved=true, is_preloaded=true, SS distance to subtract=0km
INFO - 2025-12-29 14:11:58 --> Expansion date 2026-02-06: DB Total=36km, SS to subtract=0km, Derived Base=36km
INFO - 2025-12-29 14:11:58 --> Vehicle adjustment for 2026-02-06: is_saved=true, is_preloaded=true, SS distance to subtract=0km
INFO - 2025-12-29 14:11:58 --> Expansion date 2026-02-06: DB Total=36km, SS to subtract=0km, Derived Base=36km
INFO - 2025-12-29 14:11:58 --> Vehicle adjustment for 2026-02-06: is_saved=true, is_preloaded=true, SS distance to subtract=0km
INFO - 2025-12-29 14:11:58 --> Expansion date 2026-02-06: DB Total=36km, SS to subtract=0km, Derived Base=36km
DEBUG - 2025-12-29 14:15:54 --> Session: Class initialized using 'CodeIgniter\Session\Handlers\FileHandler' driver.
INFO - 2025-12-29 14:15:54 --> Loading previous itinerary data from previous_active_tour_id: 1983
INFO - 2025-12-29 14:15:54 --> Loading itinerary for tour_details_id: 1983, extension_ref_id: 577
INFO - 2025-12-29 14:15:54 --> Found 3 itinerary records
INFO - 2025-12-29 14:15:54 --> Found matching date 2026-02-05 in previous tour plan (preloading)
INFO - 2025-12-29 14:15:54 --> Same hotel and location - loaded 2 hotel facilities
INFO - 2025-12-29 14:15:54 --> Preloaded from previous tour for date 2026-02-05: 2 sightseeing, 0 special events, 2 hotel facilities
INFO - 2025-12-29 14:15:54 --> Loading previous itinerary data from previous_active_tour_id: 1983
INFO - 2025-12-29 14:15:54 --> Loading itinerary for tour_details_id: 1983, extension_ref_id: 577
INFO - 2025-12-29 14:15:54 --> Found 3 itinerary records
INFO - 2025-12-29 14:15:54 --> Found matching date 2026-02-06 in previous tour plan (preloading)
INFO - 2025-12-29 14:15:54 --> Same hotel and location - loaded 2 hotel facilities
INFO - 2025-12-29 14:15:54 --> Preloaded from previous tour for date 2026-02-06: 0 sightseeing, 0 special events, 2 hotel facilities
INFO - 2025-12-29 14:15:54 --> Vehicle adjustment for 2026-02-05: is_saved=true, is_preloaded=true, SS distance to subtract=0km
INFO - 2025-12-29 14:15:54 --> Expansion date 2026-02-05: DB Total=36km, SS to subtract=0km, Derived Base=36km
INFO - 2025-12-29 14:15:54 --> Vehicle adjustment for 2026-02-05: is_saved=true, is_preloaded=true, SS distance to subtract=0km
INFO - 2025-12-29 14:15:54 --> Expansion date 2026-02-05: DB Total=36km, SS to subtract=0km, Derived Base=36km
INFO - 2025-12-29 14:15:54 --> Vehicle adjustment for 2026-02-05: is_saved=true, is_preloaded=true, SS distance to subtract=0km
INFO - 2025-12-29 14:15:54 --> Expansion date 2026-02-05: DB Total=36km, SS to subtract=0km, Derived Base=36km
INFO - 2025-12-29 14:15:54 --> Vehicle adjustment for 2026-02-05: is_saved=true, is_preloaded=true, SS distance to subtract=0km
INFO - 2025-12-29 14:15:54 --> Expansion date 2026-02-05: DB Total=36km, SS to subtract=0km, Derived Base=36km
INFO - 2025-12-29 14:15:54 --> Vehicle adjustment for 2026-02-06: is_saved=true, is_preloaded=true, SS distance to subtract=0km
INFO - 2025-12-29 14:15:54 --> Expansion date 2026-02-06: DB Total=36km, SS to subtract=0km, Derived Base=36km
INFO - 2025-12-29 14:15:54 --> Vehicle adjustment for 2026-02-06: is_saved=true, is_preloaded=true, SS distance to subtract=0km
INFO - 2025-12-29 14:15:54 --> Expansion date 2026-02-06: DB Total=36km, SS to subtract=0km, Derived Base=36km
INFO - 2025-12-29 14:15:54 --> Vehicle adjustment for 2026-02-06: is_saved=true, is_preloaded=true, SS distance to subtract=0km
INFO - 2025-12-29 14:15:54 --> Expansion date 2026-02-06: DB Total=36km, SS to subtract=0km, Derived Base=36km
INFO - 2025-12-29 14:15:54 --> Vehicle adjustment for 2026-02-06: is_saved=true, is_preloaded=true, SS distance to subtract=0km
INFO - 2025-12-29 14:15:54 --> Expansion date 2026-02-06: DB Total=36km, SS to subtract=0km, Derived Base=36km
DEBUG - 2025-12-29 14:18:19 --> Session: Class initialized using 'CodeIgniter\Session\Handlers\FileHandler' driver.
INFO - 2025-12-29 14:18:19 --> Loading previous itinerary data from previous_active_tour_id: 1983
INFO - 2025-12-29 14:18:19 --> Loading itinerary for tour_details_id: 1983, extension_ref_id: 577
INFO - 2025-12-29 14:18:19 --> Found 3 itinerary records
INFO - 2025-12-29 14:18:19 --> Found matching date 2026-02-05 in previous tour plan (preloading)
INFO - 2025-12-29 14:18:19 --> Same hotel and location - loaded 2 hotel facilities
INFO - 2025-12-29 14:18:19 --> Preloaded from previous tour for date 2026-02-05: 2 sightseeing, 0 special events, 2 hotel facilities
INFO - 2025-12-29 14:18:19 --> Loading previous itinerary data from previous_active_tour_id: 1983
INFO - 2025-12-29 14:18:19 --> Loading itinerary for tour_details_id: 1983, extension_ref_id: 577
INFO - 2025-12-29 14:18:19 --> Found 3 itinerary records
INFO - 2025-12-29 14:18:19 --> Found matching date 2026-02-06 in previous tour plan (preloading)
INFO - 2025-12-29 14:18:19 --> Same hotel and location - loaded 2 hotel facilities
INFO - 2025-12-29 14:18:19 --> Preloaded from previous tour for date 2026-02-06: 0 sightseeing, 0 special events, 2 hotel facilities
INFO - 2025-12-29 14:18:19 --> Vehicle adjustment for 2026-02-05: is_saved=true, is_preloaded=true, SS distance to subtract=0km
INFO - 2025-12-29 14:18:19 --> Expansion date 2026-02-05: DB Total=36km, SS to subtract=0km, Derived Base=36km
INFO - 2025-12-29 14:18:19 --> Vehicle adjustment for 2026-02-05: is_saved=true, is_preloaded=true, SS distance to subtract=0km
INFO - 2025-12-29 14:18:19 --> Expansion date 2026-02-05: DB Total=36km, SS to subtract=0km, Derived Base=36km
INFO - 2025-12-29 14:18:19 --> Vehicle adjustment for 2026-02-05: is_saved=true, is_preloaded=true, SS distance to subtract=0km
INFO - 2025-12-29 14:18:19 --> Expansion date 2026-02-05: DB Total=36km, SS to subtract=0km, Derived Base=36km
INFO - 2025-12-29 14:18:19 --> Vehicle adjustment for 2026-02-05: is_saved=true, is_preloaded=true, SS distance to subtract=0km
INFO - 2025-12-29 14:18:19 --> Expansion date 2026-02-05: DB Total=36km, SS to subtract=0km, Derived Base=36km
INFO - 2025-12-29 14:18:19 --> Vehicle adjustment for 2026-02-06: is_saved=true, is_preloaded=true, SS distance to subtract=0km
INFO - 2025-12-29 14:18:19 --> Expansion date 2026-02-06: DB Total=36km, SS to subtract=0km, Derived Base=36km
INFO - 2025-12-29 14:18:19 --> Vehicle adjustment for 2026-02-06: is_saved=true, is_preloaded=true, SS distance to subtract=0km
INFO - 2025-12-29 14:18:19 --> Expansion date 2026-02-06: DB Total=36km, SS to subtract=0km, Derived Base=36km
INFO - 2025-12-29 14:18:19 --> Vehicle adjustment for 2026-02-06: is_saved=true, is_preloaded=true, SS distance to subtract=0km
INFO - 2025-12-29 14:18:19 --> Expansion date 2026-02-06: DB Total=36km, SS to subtract=0km, Derived Base=36km
INFO - 2025-12-29 14:18:19 --> Vehicle adjustment for 2026-02-06: is_saved=true, is_preloaded=true, SS distance to subtract=0km
INFO - 2025-12-29 14:18:19 --> Expansion date 2026-02-06: DB Total=36km, SS to subtract=0km, Derived Base=36km
DEBUG - 2025-12-29 14:18:35 --> Session: Class initialized using 'CodeIgniter\Session\Handlers\FileHandler' driver.
DEBUG - 2025-12-29 14:18:36 --> Session: Class initialized using 'CodeIgniter\Session\Handlers\FileHandler' driver.
DEBUG - 2025-12-29 14:18:38 --> Session: Class initialized using 'CodeIgniter\Session\Handlers\FileHandler' driver.
DEBUG - 2025-12-29 14:18:38 --> Session: Class initialized using 'CodeIgniter\Session\Handlers\FileHandler' driver.
DEBUG - 2025-12-29 14:18:41 --> Session: Class initialized using 'CodeIgniter\Session\Handlers\FileHandler' driver.
INFO - 2025-12-29 14:18:41 --> Fresh mode: Loading from extension_ref_id: 577
INFO - 2025-12-29 14:18:41 --> Loaded 3 records from fresh mode
INFO - 2025-12-29 19:48:41 --> Loaded from DRAFT for date 2026-02-05: 2 sightseeing, 0 special events, 2 hotel facilities
INFO - 2025-12-29 19:48:41 --> Loaded from DRAFT for date 2026-02-06: 0 sightseeing, 0 special events, 2 hotel facilities
INFO - 2025-12-29 19:48:41 --> Vehicle adjustment for 2026-02-05: is_saved=true, is_preloaded=false, SS distance to subtract=400km
INFO - 2025-12-29 19:48:41 --> Expansion date 2026-02-05: DB Total=36km, SS to subtract=400km, Derived Base=0km
INFO - 2025-12-29 19:48:41 --> Vehicle adjustment for 2026-02-05: is_saved=true, is_preloaded=false, SS distance to subtract=400km
INFO - 2025-12-29 19:48:41 --> Expansion date 2026-02-05: DB Total=36km, SS to subtract=400km, Derived Base=0km
INFO - 2025-12-29 19:48:41 --> Vehicle adjustment for 2026-02-05: is_saved=true, is_preloaded=false, SS distance to subtract=400km
INFO - 2025-12-29 19:48:41 --> Expansion date 2026-02-05: DB Total=36km, SS to subtract=400km, Derived Base=0km
INFO - 2025-12-29 19:48:41 --> Vehicle adjustment for 2026-02-05: is_saved=true, is_preloaded=false, SS distance to subtract=400km
INFO - 2025-12-29 19:48:41 --> Expansion date 2026-02-05: DB Total=36km, SS to subtract=400km, Derived Base=0km
INFO - 2025-12-29 19:48:41 --> Vehicle adjustment for 2026-02-06: is_saved=true, is_preloaded=false, SS distance to subtract=0km
INFO - 2025-12-29 19:48:41 --> Expansion date 2026-02-06: DB Total=36km, SS to subtract=0km, Derived Base=36km
INFO - 2025-12-29 19:48:41 --> Vehicle adjustment for 2026-02-06: is_saved=true, is_preloaded=false, SS distance to subtract=0km
INFO - 2025-12-29 19:48:41 --> Expansion date 2026-02-06: DB Total=36km, SS to subtract=0km, Derived Base=36km
INFO - 2025-12-29 19:48:41 --> Vehicle adjustment for 2026-02-06: is_saved=true, is_preloaded=false, SS distance to subtract=0km
INFO - 2025-12-29 19:48:41 --> Expansion date 2026-02-06: DB Total=36km, SS to subtract=0km, Derived Base=36km
INFO - 2025-12-29 19:48:41 --> Vehicle adjustment for 2026-02-06: is_saved=true, is_preloaded=false, SS distance to subtract=0km
INFO - 2025-12-29 19:48:41 --> Expansion date 2026-02-06: DB Total=36km, SS to subtract=0km, Derived Base=36km
INFO - 2025-12-29 19:48:41 --> Itinerary expansion date 2026-02-05: Derived Base=236km (SS subtract=400km)
INFO - 2025-12-29 19:48:41 --> Itinerary expansion date 2026-02-05: Derived Base=236km (SS subtract=400km)
INFO - 2025-12-29 19:48:41 --> Itinerary expansion date 2026-02-05: Derived Base=236km (SS subtract=400km)
INFO - 2025-12-29 19:48:41 --> Itinerary expansion date 2026-02-05: Derived Base=236km (SS subtract=400km)
INFO - 2025-12-29 19:48:41 --> Itinerary expansion date 2026-02-06: Derived Base=0km (SS subtract=0km)
INFO - 2025-12-29 19:48:41 --> Itinerary expansion date 2026-02-06: Derived Base=0km (SS subtract=0km)
INFO - 2025-12-29 19:48:41 --> Itinerary expansion date 2026-02-06: Derived Base=0km (SS subtract=0km)
INFO - 2025-12-29 19:48:41 --> Itinerary expansion date 2026-02-06: Derived Base=0km (SS subtract=0km)
DEBUG - 2025-12-29 14:18:44 --> Session: Class initialized using 'CodeIgniter\Session\Handlers\FileHandler' driver.
DEBUG - 2025-12-29 14:18:44 --> Session: Class initialized using 'CodeIgniter\Session\Handlers\FileHandler' driver.
DEBUG - 2025-12-29 14:18:46 --> Session: Class initialized using 'CodeIgniter\Session\Handlers\FileHandler' driver.
DEBUG - 2025-12-29 14:18:47 --> Session: Class initialized using 'CodeIgniter\Session\Handlers\FileHandler' driver.
DEBUG - 2025-12-29 14:18:48 --> Session: Class initialized using 'CodeIgniter\Session\Handlers\FileHandler' driver.
INFO - 2025-12-29 14:18:48 --> Loaded from DRAFT for date 2026-02-05: 2 sightseeing, 0 special events, 2 hotel facilities
INFO - 2025-12-29 14:18:48 --> Loaded from DRAFT for date 2026-02-06: 0 sightseeing, 0 special events, 2 hotel facilities
INFO - 2025-12-29 14:18:48 --> Vehicle adjustment for 2026-02-05: is_saved=true, is_preloaded=false, SS distance to subtract=400km
INFO - 2025-12-29 14:18:48 --> Expansion date 2026-02-05: DB Total=36km, SS to subtract=400km, Derived Base=0km
INFO - 2025-12-29 14:18:48 --> Vehicle adjustment for 2026-02-05: is_saved=true, is_preloaded=false, SS distance to subtract=400km
INFO - 2025-12-29 14:18:48 --> Expansion date 2026-02-05: DB Total=36km, SS to subtract=400km, Derived Base=0km
INFO - 2025-12-29 14:18:48 --> Vehicle adjustment for 2026-02-05: is_saved=true, is_preloaded=false, SS distance to subtract=400km
INFO - 2025-12-29 14:18:48 --> Expansion date 2026-02-05: DB Total=36km, SS to subtract=400km, Derived Base=0km
INFO - 2025-12-29 14:18:48 --> Vehicle adjustment for 2026-02-05: is_saved=true, is_preloaded=false, SS distance to subtract=400km
INFO - 2025-12-29 14:18:48 --> Expansion date 2026-02-05: DB Total=36km, SS to subtract=400km, Derived Base=0km
INFO - 2025-12-29 14:18:48 --> Vehicle adjustment for 2026-02-06: is_saved=true, is_preloaded=false, SS distance to subtract=0km
INFO - 2025-12-29 14:18:48 --> Expansion date 2026-02-06: DB Total=36km, SS to subtract=0km, Derived Base=36km
INFO - 2025-12-29 14:18:48 --> Vehicle adjustment for 2026-02-06: is_saved=true, is_preloaded=false, SS distance to subtract=0km
INFO - 2025-12-29 14:18:48 --> Expansion date 2026-02-06: DB Total=36km, SS to subtract=0km, Derived Base=36km
INFO - 2025-12-29 14:18:48 --> Vehicle adjustment for 2026-02-06: is_saved=true, is_preloaded=false, SS distance to subtract=0km
INFO - 2025-12-29 14:18:48 --> Expansion date 2026-02-06: DB Total=36km, SS to subtract=0km, Derived Base=36km
INFO - 2025-12-29 14:18:48 --> Vehicle adjustment for 2026-02-06: is_saved=true, is_preloaded=false, SS distance to subtract=0km
INFO - 2025-12-29 14:18:48 --> Expansion date 2026-02-06: DB Total=36km, SS to subtract=0km, Derived Base=36km
INFO - 2025-12-29 14:18:48 --> Itinerary expansion date 2026-02-05: Derived Base=236km (SS subtract=400km)
INFO - 2025-12-29 14:18:48 --> Itinerary expansion date 2026-02-05: Derived Base=236km (SS subtract=400km)
INFO - 2025-12-29 14:18:48 --> Itinerary expansion date 2026-02-05: Derived Base=236km (SS subtract=400km)
INFO - 2025-12-29 14:18:48 --> Itinerary expansion date 2026-02-05: Derived Base=236km (SS subtract=400km)
INFO - 2025-12-29 14:18:48 --> Itinerary expansion date 2026-02-06: Derived Base=0km (SS subtract=0km)
INFO - 2025-12-29 14:18:48 --> Itinerary expansion date 2026-02-06: Derived Base=0km (SS subtract=0km)
INFO - 2025-12-29 14:18:48 --> Itinerary expansion date 2026-02-06: Derived Base=0km (SS subtract=0km)
INFO - 2025-12-29 14:18:48 --> Itinerary expansion date 2026-02-06: Derived Base=0km (SS subtract=0km)
DEBUG - 2025-12-29 14:18:51 --> Session: Class initialized using 'CodeIgniter\Session\Handlers\FileHandler' driver.
DEBUG - 2025-12-29 14:18:51 --> Session: Class initialized using 'CodeIgniter\Session\Handlers\FileHandler' driver.
DEBUG - 2025-12-29 14:18:54 --> Session: Class initialized using 'CodeIgniter\Session\Handlers\FileHandler' driver.
DEBUG - 2025-12-29 14:18:55 --> Session: Class initialized using 'CodeIgniter\Session\Handlers\FileHandler' driver.
DEBUG - 2025-12-29 14:18:55 --> Session: Class initialized using 'CodeIgniter\Session\Handlers\FileHandler' driver.
DEBUG - 2025-12-29 14:18:55 --> Session: Class initialized using 'CodeIgniter\Session\Handlers\FileHandler' driver.
DEBUG - 2025-12-29 14:18:59 --> Session: Class initialized using 'CodeIgniter\Session\Handlers\FileHandler' driver.
DEBUG - 2025-12-29 14:18:59 --> Session: Class initialized using 'CodeIgniter\Session\Handlers\FileHandler' driver.
DEBUG - 2025-12-29 14:18:59 --> Session: Class initialized using 'CodeIgniter\Session\Handlers\FileHandler' driver.
DEBUG - 2025-12-29 14:18:59 --> Session: Class initialized using 'CodeIgniter\Session\Handlers\FileHandler' driver.
DEBUG - 2025-12-29 14:19:02 --> Session: Class initialized using 'CodeIgniter\Session\Handlers\FileHandler' driver.
DEBUG - 2025-12-29 14:19:02 --> Session: Class initialized using 'CodeIgniter\Session\Handlers\FileHandler' driver.
DEBUG - 2025-12-29 14:19:03 --> Session: Class initialized using 'CodeIgniter\Session\Handlers\FileHandler' driver.
INFO - 2025-12-29 14:19:03 --> Loading previous itinerary data from previous_active_tour_id: 1983
INFO - 2025-12-29 14:19:03 --> Loading itinerary for tour_details_id: 1983, extension_ref_id: 577
INFO - 2025-12-29 14:19:03 --> Found 3 itinerary records
INFO - 2025-12-29 14:19:03 --> Found matching date 2026-02-05 in previous tour plan (preloading)
INFO - 2025-12-29 14:19:03 --> Same hotel and location - loaded 2 hotel facilities
INFO - 2025-12-29 14:19:03 --> Preloaded from previous tour for date 2026-02-05: 2 sightseeing, 0 special events, 2 hotel facilities
INFO - 2025-12-29 14:19:03 --> Loading previous itinerary data from previous_active_tour_id: 1983
INFO - 2025-12-29 14:19:03 --> Loading itinerary for tour_details_id: 1983, extension_ref_id: 577
INFO - 2025-12-29 14:19:03 --> Found 3 itinerary records
INFO - 2025-12-29 14:19:03 --> Found matching date 2026-02-06 in previous tour plan (preloading)
INFO - 2025-12-29 14:19:03 --> Same hotel and location - loaded 2 hotel facilities
INFO - 2025-12-29 14:19:03 --> Preloaded from previous tour for date 2026-02-06: 0 sightseeing, 0 special events, 2 hotel facilities
INFO - 2025-12-29 14:19:03 --> Vehicle adjustment for 2026-02-05: is_saved=true, is_preloaded=true, SS distance to subtract=0km
INFO - 2025-12-29 14:19:03 --> Expansion date 2026-02-05: DB Total=36km, SS to subtract=0km, Derived Base=36km
INFO - 2025-12-29 14:19:03 --> Vehicle adjustment for 2026-02-05: is_saved=true, is_preloaded=true, SS distance to subtract=0km
INFO - 2025-12-29 14:19:03 --> Expansion date 2026-02-05: DB Total=36km, SS to subtract=0km, Derived Base=36km
INFO - 2025-12-29 14:19:03 --> Vehicle adjustment for 2026-02-05: is_saved=true, is_preloaded=true, SS distance to subtract=0km
INFO - 2025-12-29 14:19:03 --> Expansion date 2026-02-05: DB Total=36km, SS to subtract=0km, Derived Base=36km
INFO - 2025-12-29 14:19:03 --> Vehicle adjustment for 2026-02-05: is_saved=true, is_preloaded=true, SS distance to subtract=0km
INFO - 2025-12-29 14:19:03 --> Expansion date 2026-02-05: DB Total=36km, SS to subtract=0km, Derived Base=36km
INFO - 2025-12-29 14:19:03 --> Vehicle adjustment for 2026-02-06: is_saved=true, is_preloaded=true, SS distance to subtract=0km
INFO - 2025-12-29 14:19:03 --> Expansion date 2026-02-06: DB Total=36km, SS to subtract=0km, Derived Base=36km
INFO - 2025-12-29 14:19:03 --> Vehicle adjustment for 2026-02-06: is_saved=true, is_preloaded=true, SS distance to subtract=0km
INFO - 2025-12-29 14:19:03 --> Expansion date 2026-02-06: DB Total=36km, SS to subtract=0km, Derived Base=36km
INFO - 2025-12-29 14:19:03 --> Vehicle adjustment for 2026-02-06: is_saved=true, is_preloaded=true, SS distance to subtract=0km
INFO - 2025-12-29 14:19:03 --> Expansion date 2026-02-06: DB Total=36km, SS to subtract=0km, Derived Base=36km
INFO - 2025-12-29 14:19:03 --> Vehicle adjustment for 2026-02-06: is_saved=true, is_preloaded=true, SS distance to subtract=0km
INFO - 2025-12-29 14:19:03 --> Expansion date 2026-02-06: DB Total=36km, SS to subtract=0km, Derived Base=36km
DEBUG - 2025-12-29 14:24:19 --> Session: Class initialized using 'CodeIgniter\Session\Handlers\FileHandler' driver.
INFO - 2025-12-29 14:24:19 --> Loading previous itinerary data from previous_active_tour_id: 1983
INFO - 2025-12-29 14:24:19 --> Loading itinerary for tour_details_id: 1983, extension_ref_id: 577
INFO - 2025-12-29 14:24:19 --> Found 3 itinerary records
INFO - 2025-12-29 14:24:19 --> Found matching date 2026-02-05 in previous tour plan (preloading)
INFO - 2025-12-29 14:24:19 --> Same hotel and location - loaded 2 hotel facilities
INFO - 2025-12-29 14:24:19 --> Preloaded from previous tour for date 2026-02-05: 2 sightseeing, 0 special events, 2 hotel facilities
INFO - 2025-12-29 14:24:19 --> Loading previous itinerary data from previous_active_tour_id: 1983
INFO - 2025-12-29 14:24:19 --> Loading itinerary for tour_details_id: 1983, extension_ref_id: 577
INFO - 2025-12-29 14:24:19 --> Found 3 itinerary records
INFO - 2025-12-29 14:24:19 --> Found matching date 2026-02-06 in previous tour plan (preloading)
INFO - 2025-12-29 14:24:19 --> Same hotel and location - loaded 0 hotel facilities
INFO - 2025-12-29 14:24:19 --> Preloaded from previous tour for date 2026-02-06: 0 sightseeing, 0 special events, 0 hotel facilities
INFO - 2025-12-29 14:24:19 --> Vehicle adjustment for 2026-02-05: is_saved=true, is_preloaded=true, SS distance to subtract=0km
INFO - 2025-12-29 14:24:19 --> Expansion date 2026-02-05: DB Total=36km, SS to subtract=0km, Derived Base=36km
INFO - 2025-12-29 14:24:19 --> Vehicle adjustment for 2026-02-05: is_saved=true, is_preloaded=true, SS distance to subtract=0km
INFO - 2025-12-29 14:24:19 --> Expansion date 2026-02-05: DB Total=36km, SS to subtract=0km, Derived Base=36km
INFO - 2025-12-29 14:24:19 --> Vehicle adjustment for 2026-02-05: is_saved=true, is_preloaded=true, SS distance to subtract=0km
INFO - 2025-12-29 14:24:19 --> Expansion date 2026-02-05: DB Total=36km, SS to subtract=0km, Derived Base=36km
INFO - 2025-12-29 14:24:19 --> Vehicle adjustment for 2026-02-05: is_saved=true, is_preloaded=true, SS distance to subtract=0km
INFO - 2025-12-29 14:24:19 --> Expansion date 2026-02-05: DB Total=36km, SS to subtract=0km, Derived Base=36km
INFO - 2025-12-29 14:24:19 --> Vehicle adjustment for 2026-02-06: is_saved=true, is_preloaded=true, SS distance to subtract=0km
INFO - 2025-12-29 14:24:19 --> Expansion date 2026-02-06: DB Total=36km, SS to subtract=0km, Derived Base=36km
INFO - 2025-12-29 14:24:19 --> Vehicle adjustment for 2026-02-06: is_saved=true, is_preloaded=true, SS distance to subtract=0km
INFO - 2025-12-29 14:24:19 --> Expansion date 2026-02-06: DB Total=36km, SS to subtract=0km, Derived Base=36km
INFO - 2025-12-29 14:24:19 --> Vehicle adjustment for 2026-02-06: is_saved=true, is_preloaded=true, SS distance to subtract=0km
INFO - 2025-12-29 14:24:19 --> Expansion date 2026-02-06: DB Total=36km, SS to subtract=0km, Derived Base=36km
INFO - 2025-12-29 14:24:19 --> Vehicle adjustment for 2026-02-06: is_saved=true, is_preloaded=true, SS distance to subtract=0km
INFO - 2025-12-29 14:24:19 --> Expansion date 2026-02-06: DB Total=36km, SS to subtract=0km, Derived Base=36km
DEBUG - 2025-12-29 14:33:24 --> Session: Class initialized using 'CodeIgniter\Session\Handlers\FileHandler' driver.
INFO - 2025-12-29 14:33:24 --> Loading previous itinerary data from previous_active_tour_id: 1983
INFO - 2025-12-29 14:33:24 --> Loading itinerary for tour_details_id: 1983, extension_ref_id: 577
INFO - 2025-12-29 14:33:24 --> Found 3 itinerary records
INFO - 2025-12-29 14:33:24 --> Found matching date 2026-02-05 in previous tour plan (preloading)
INFO - 2025-12-29 14:33:24 --> Addon matching check - Previous hotel_id: 401 | Current hotel_id: 401
INFO - 2025-12-29 14:33:24 --> Same hotel (ID: 401) - loaded 2 hotel facilities
INFO - 2025-12-29 14:33:24 --> Preloaded from previous tour for date 2026-02-05: 2 sightseeing, 0 special events, 2 hotel facilities
INFO - 2025-12-29 14:33:24 --> Loading previous itinerary data from previous_active_tour_id: 1983
INFO - 2025-12-29 14:33:24 --> Loading itinerary for tour_details_id: 1983, extension_ref_id: 577
INFO - 2025-12-29 14:33:24 --> Found 3 itinerary records
INFO - 2025-12-29 14:33:24 --> Found matching date 2026-02-06 in previous tour plan (preloading)
INFO - 2025-12-29 14:33:24 --> Addon matching check - Previous hotel_id: 401 | Current hotel_id: 401
INFO - 2025-12-29 14:33:24 --> Same hotel (ID: 401) - loaded 2 hotel facilities
INFO - 2025-12-29 14:33:24 --> Preloaded from previous tour for date 2026-02-06: 0 sightseeing, 0 special events, 2 hotel facilities
INFO - 2025-12-29 14:33:24 --> Vehicle adjustment for 2026-02-05: is_saved=true, is_preloaded=true, SS distance to subtract=0km
INFO - 2025-12-29 14:33:24 --> Expansion date 2026-02-05: DB Total=36km, SS to subtract=0km, Derived Base=36km
INFO - 2025-12-29 14:33:24 --> Vehicle adjustment for 2026-02-05: is_saved=true, is_preloaded=true, SS distance to subtract=0km
INFO - 2025-12-29 14:33:24 --> Expansion date 2026-02-05: DB Total=36km, SS to subtract=0km, Derived Base=36km
INFO - 2025-12-29 14:33:24 --> Vehicle adjustment for 2026-02-05: is_saved=true, is_preloaded=true, SS distance to subtract=0km
INFO - 2025-12-29 14:33:24 --> Expansion date 2026-02-05: DB Total=36km, SS to subtract=0km, Derived Base=36km
INFO - 2025-12-29 14:33:24 --> Vehicle adjustment for 2026-02-05: is_saved=true, is_preloaded=true, SS distance to subtract=0km
INFO - 2025-12-29 14:33:24 --> Expansion date 2026-02-05: DB Total=36km, SS to subtract=0km, Derived Base=36km
INFO - 2025-12-29 14:33:24 --> Vehicle adjustment for 2026-02-06: is_saved=true, is_preloaded=true, SS distance to subtract=0km
INFO - 2025-12-29 14:33:24 --> Expansion date 2026-02-06: DB Total=36km, SS to subtract=0km, Derived Base=36km
INFO - 2025-12-29 14:33:24 --> Vehicle adjustment for 2026-02-06: is_saved=true, is_preloaded=true, SS distance to subtract=0km
INFO - 2025-12-29 14:33:24 --> Expansion date 2026-02-06: DB Total=36km, SS to subtract=0km, Derived Base=36km
INFO - 2025-12-29 14:33:24 --> Vehicle adjustment for 2026-02-06: is_saved=true, is_preloaded=true, SS distance to subtract=0km
INFO - 2025-12-29 14:33:24 --> Expansion date 2026-02-06: DB Total=36km, SS to subtract=0km, Derived Base=36km
INFO - 2025-12-29 14:33:24 --> Vehicle adjustment for 2026-02-06: is_saved=true, is_preloaded=true, SS distance to subtract=0km
INFO - 2025-12-29 14:33:24 --> Expansion date 2026-02-06: DB Total=36km, SS to subtract=0km, Derived Base=36km
DEBUG - 2025-12-29 14:37:31 --> Session: Class initialized using 'CodeIgniter\Session\Handlers\FileHandler' driver.
INFO - 2025-12-29 14:37:31 --> Loading previous itinerary data from previous_active_tour_id: 1983
INFO - 2025-12-29 14:37:31 --> Loading itinerary for tour_details_id: 1983, extension_ref_id: 577
INFO - 2025-12-29 14:37:31 --> Found 3 itinerary records
INFO - 2025-12-29 14:37:31 --> Found matching date 2026-02-05 in previous tour plan (preloading)
INFO - 2025-12-29 14:37:31 --> Addon matching check - Previous hotel_id: 401 | Current hotel_id: 401
INFO - 2025-12-29 14:37:31 --> Same hotel (ID: 401) - loaded 2 hotel facilities
INFO - 2025-12-29 14:37:31 --> Preloaded from previous tour for date 2026-02-05: 2 sightseeing, 0 special events, 2 hotel facilities
INFO - 2025-12-29 14:37:31 --> Loading previous itinerary data from previous_active_tour_id: 1983
INFO - 2025-12-29 14:37:31 --> Loading itinerary for tour_details_id: 1983, extension_ref_id: 577
INFO - 2025-12-29 14:37:31 --> Found 3 itinerary records
INFO - 2025-12-29 14:37:31 --> Found matching date 2026-02-06 in previous tour plan (preloading)
INFO - 2025-12-29 14:37:31 --> Addon matching check - Previous hotel_id: 401 | Current hotel_id: 401
INFO - 2025-12-29 14:37:31 --> Same hotel (ID: 401) - loaded 2 hotel facilities
INFO - 2025-12-29 14:37:31 --> Preloaded from previous tour for date 2026-02-06: 0 sightseeing, 0 special events, 2 hotel facilities
INFO - 2025-12-29 14:37:31 --> Vehicle adjustment for 2026-02-05: is_saved=true, is_preloaded=true, SS distance to subtract=0km
INFO - 2025-12-29 14:37:31 --> Expansion date 2026-02-05: DB Total=36km, SS to subtract=0km, Derived Base=36km
INFO - 2025-12-29 14:37:31 --> Vehicle adjustment for 2026-02-05: is_saved=true, is_preloaded=true, SS distance to subtract=0km
INFO - 2025-12-29 14:37:31 --> Expansion date 2026-02-05: DB Total=36km, SS to subtract=0km, Derived Base=36km
INFO - 2025-12-29 14:37:31 --> Vehicle adjustment for 2026-02-05: is_saved=true, is_preloaded=true, SS distance to subtract=0km
INFO - 2025-12-29 14:37:31 --> Expansion date 2026-02-05: DB Total=36km, SS to subtract=0km, Derived Base=36km
INFO - 2025-12-29 14:37:31 --> Vehicle adjustment for 2026-02-05: is_saved=true, is_preloaded=true, SS distance to subtract=0km
INFO - 2025-12-29 14:37:31 --> Expansion date 2026-02-05: DB Total=36km, SS to subtract=0km, Derived Base=36km
INFO - 2025-12-29 14:37:31 --> Vehicle adjustment for 2026-02-06: is_saved=true, is_preloaded=true, SS distance to subtract=0km
INFO - 2025-12-29 14:37:31 --> Expansion date 2026-02-06: DB Total=36km, SS to subtract=0km, Derived Base=36km
INFO - 2025-12-29 14:37:31 --> Vehicle adjustment for 2026-02-06: is_saved=true, is_preloaded=true, SS distance to subtract=0km
INFO - 2025-12-29 14:37:31 --> Expansion date 2026-02-06: DB Total=36km, SS to subtract=0km, Derived Base=36km
INFO - 2025-12-29 14:37:31 --> Vehicle adjustment for 2026-02-06: is_saved=true, is_preloaded=true, SS distance to subtract=0km
INFO - 2025-12-29 14:37:31 --> Expansion date 2026-02-06: DB Total=36km, SS to subtract=0km, Derived Base=36km
INFO - 2025-12-29 14:37:31 --> Vehicle adjustment for 2026-02-06: is_saved=true, is_preloaded=true, SS distance to subtract=0km
INFO - 2025-12-29 14:37:31 --> Expansion date 2026-02-06: DB Total=36km, SS to subtract=0km, Derived Base=36km
DEBUG - 2025-12-29 14:37:36 --> Session: Class initialized using 'CodeIgniter\Session\Handlers\FileHandler' driver.
DEBUG - 2025-12-29 14:37:46 --> Session: Class initialized using 'CodeIgniter\Session\Handlers\FileHandler' driver.
INFO - 2025-12-29 14:37:46 --> Loading previous itinerary data from previous_active_tour_id: 1983
INFO - 2025-12-29 14:37:46 --> Loading itinerary for tour_details_id: 1983, extension_ref_id: 577
INFO - 2025-12-29 14:37:46 --> Found 3 itinerary records
INFO - 2025-12-29 14:37:46 --> Found matching date 2026-02-05 in previous tour plan (preloading)
INFO - 2025-12-29 14:37:46 --> Addon matching check - Previous hotel_id: 401 | Current hotel_id: 401
INFO - 2025-12-29 14:37:46 --> Same hotel (ID: 401) - loaded 2 hotel facilities
INFO - 2025-12-29 14:37:46 --> Preloaded from previous tour for date 2026-02-05: 2 sightseeing, 0 special events, 2 hotel facilities
INFO - 2025-12-29 14:37:46 --> Loading previous itinerary data from previous_active_tour_id: 1983
INFO - 2025-12-29 14:37:46 --> Loading itinerary for tour_details_id: 1983, extension_ref_id: 577
INFO - 2025-12-29 14:37:46 --> Found 3 itinerary records
INFO - 2025-12-29 14:37:46 --> Found matching date 2026-02-06 in previous tour plan (preloading)
INFO - 2025-12-29 14:37:46 --> Addon matching check - Previous hotel_id: 401 | Current hotel_id: 401
INFO - 2025-12-29 14:37:46 --> Same hotel (ID: 401) - loaded 2 hotel facilities
INFO - 2025-12-29 14:37:46 --> Preloaded from previous tour for date 2026-02-06: 0 sightseeing, 0 special events, 2 hotel facilities
INFO - 2025-12-29 14:37:46 --> Vehicle adjustment for 2026-02-05: is_saved=true, is_preloaded=true, SS distance to subtract=0km
INFO - 2025-12-29 14:37:46 --> Expansion date 2026-02-05: DB Total=36km, SS to subtract=0km, Derived Base=36km
INFO - 2025-12-29 14:37:46 --> Vehicle adjustment for 2026-02-05: is_saved=true, is_preloaded=true, SS distance to subtract=0km
INFO - 2025-12-29 14:37:46 --> Expansion date 2026-02-05: DB Total=36km, SS to subtract=0km, Derived Base=36km
INFO - 2025-12-29 14:37:46 --> Vehicle adjustment for 2026-02-05: is_saved=true, is_preloaded=true, SS distance to subtract=0km
INFO - 2025-12-29 14:37:46 --> Expansion date 2026-02-05: DB Total=36km, SS to subtract=0km, Derived Base=36km
INFO - 2025-12-29 14:37:46 --> Vehicle adjustment for 2026-02-05: is_saved=true, is_preloaded=true, SS distance to subtract=0km
INFO - 2025-12-29 14:37:46 --> Expansion date 2026-02-05: DB Total=36km, SS to subtract=0km, Derived Base=36km
INFO - 2025-12-29 14:37:46 --> Vehicle adjustment for 2026-02-06: is_saved=true, is_preloaded=true, SS distance to subtract=0km
INFO - 2025-12-29 14:37:46 --> Expansion date 2026-02-06: DB Total=36km, SS to subtract=0km, Derived Base=36km
INFO - 2025-12-29 14:37:46 --> Vehicle adjustment for 2026-02-06: is_saved=true, is_preloaded=true, SS distance to subtract=0km
INFO - 2025-12-29 14:37:46 --> Expansion date 2026-02-06: DB Total=36km, SS to subtract=0km, Derived Base=36km
INFO - 2025-12-29 14:37:46 --> Vehicle adjustment for 2026-02-06: is_saved=true, is_preloaded=true, SS distance to subtract=0km
INFO - 2025-12-29 14:37:46 --> Expansion date 2026-02-06: DB Total=36km, SS to subtract=0km, Derived Base=36km
INFO - 2025-12-29 14:37:46 --> Vehicle adjustment for 2026-02-06: is_saved=true, is_preloaded=true, SS distance to subtract=0km
INFO - 2025-12-29 14:37:46 --> Expansion date 2026-02-06: DB Total=36km, SS to subtract=0km, Derived Base=36km
DEBUG - 2025-12-29 14:37:53 --> Session: Class initialized using 'CodeIgniter\Session\Handlers\FileHandler' driver.
DEBUG - 2025-12-29 14:41:29 --> Session: Class initialized using 'CodeIgniter\Session\Handlers\FileHandler' driver.
INFO - 2025-12-29 14:41:29 --> Loading previous itinerary data from previous_active_tour_id: 1983
INFO - 2025-12-29 14:41:29 --> Loading itinerary for tour_details_id: 1983, extension_ref_id: 577
INFO - 2025-12-29 14:41:29 --> Found 3 itinerary records
INFO - 2025-12-29 14:41:29 --> Found matching date 2026-02-05 in previous tour plan (preloading)
INFO - 2025-12-29 14:41:29 --> Addon matching check - Previous hotel_id: 401 | Current hotel_id: 401
INFO - 2025-12-29 14:41:29 --> Same hotel (ID: 401) - loaded 2 hotel facilities
INFO - 2025-12-29 14:41:29 --> Preloaded from previous tour for date 2026-02-05: 2 sightseeing, 0 special events, 2 hotel facilities
INFO - 2025-12-29 14:41:29 --> Loading previous itinerary data from previous_active_tour_id: 1983
INFO - 2025-12-29 14:41:29 --> Loading itinerary for tour_details_id: 1983, extension_ref_id: 577
INFO - 2025-12-29 14:41:29 --> Found 3 itinerary records
INFO - 2025-12-29 14:41:29 --> Found matching date 2026-02-06 in previous tour plan (preloading)
INFO - 2025-12-29 14:41:29 --> Addon matching check - Previous hotel_id: 401 | Current hotel_id: 401
INFO - 2025-12-29 14:41:29 --> Same hotel (ID: 401) - loaded 2 hotel facilities
INFO - 2025-12-29 14:41:29 --> Preloaded from previous tour for date 2026-02-06: 0 sightseeing, 0 special events, 2 hotel facilities
INFO - 2025-12-29 14:41:29 --> Vehicle adjustment for 2026-02-05: is_saved=true, is_preloaded=true, SS distance to subtract=0km
INFO - 2025-12-29 14:41:29 --> Expansion date 2026-02-05: DB Total=36km, SS to subtract=0km, Derived Base=36km
INFO - 2025-12-29 14:41:29 --> Vehicle adjustment for 2026-02-05: is_saved=true, is_preloaded=true, SS distance to subtract=0km
INFO - 2025-12-29 14:41:29 --> Expansion date 2026-02-05: DB Total=36km, SS to subtract=0km, Derived Base=36km
INFO - 2025-12-29 14:41:29 --> Vehicle adjustment for 2026-02-05: is_saved=true, is_preloaded=true, SS distance to subtract=0km
INFO - 2025-12-29 14:41:29 --> Expansion date 2026-02-05: DB Total=36km, SS to subtract=0km, Derived Base=36km
INFO - 2025-12-29 14:41:29 --> Vehicle adjustment for 2026-02-05: is_saved=true, is_preloaded=true, SS distance to subtract=0km
INFO - 2025-12-29 14:41:29 --> Expansion date 2026-02-05: DB Total=36km, SS to subtract=0km, Derived Base=36km
INFO - 2025-12-29 14:41:29 --> Vehicle adjustment for 2026-02-06: is_saved=true, is_preloaded=true, SS distance to subtract=0km
INFO - 2025-12-29 14:41:29 --> Expansion date 2026-02-06: DB Total=36km, SS to subtract=0km, Derived Base=36km
INFO - 2025-12-29 14:41:29 --> Vehicle adjustment for 2026-02-06: is_saved=true, is_preloaded=true, SS distance to subtract=0km
INFO - 2025-12-29 14:41:29 --> Expansion date 2026-02-06: DB Total=36km, SS to subtract=0km, Derived Base=36km
INFO - 2025-12-29 14:41:29 --> Vehicle adjustment for 2026-02-06: is_saved=true, is_preloaded=true, SS distance to subtract=0km
INFO - 2025-12-29 14:41:29 --> Expansion date 2026-02-06: DB Total=36km, SS to subtract=0km, Derived Base=36km
INFO - 2025-12-29 14:41:29 --> Vehicle adjustment for 2026-02-06: is_saved=true, is_preloaded=true, SS distance to subtract=0km
INFO - 2025-12-29 14:41:29 --> Expansion date 2026-02-06: DB Total=36km, SS to subtract=0km, Derived Base=36km
DEBUG - 2025-12-29 14:41:33 --> Session: Class initialized using 'CodeIgniter\Session\Handlers\FileHandler' driver.
DEBUG - 2025-12-29 14:42:30 --> Session: Class initialized using 'CodeIgniter\Session\Handlers\FileHandler' driver.
INFO - 2025-12-29 14:42:30 --> Loading previous itinerary data from previous_active_tour_id: 1983
INFO - 2025-12-29 14:42:30 --> Loading itinerary for tour_details_id: 1983, extension_ref_id: 577
INFO - 2025-12-29 14:42:30 --> Found 3 itinerary records
INFO - 2025-12-29 14:42:30 --> Found matching date 2026-02-05 in previous tour plan (preloading)
INFO - 2025-12-29 14:42:30 --> Addon matching check - Previous hotel_id: 401 | Current hotel_id: 401
INFO - 2025-12-29 14:42:30 --> Same hotel (ID: 401) - loaded 2 hotel facilities
INFO - 2025-12-29 14:42:30 --> Preloaded from previous tour for date 2026-02-05: 2 sightseeing, 0 special events, 2 hotel facilities
INFO - 2025-12-29 14:42:30 --> Loading previous itinerary data from previous_active_tour_id: 1983
INFO - 2025-12-29 14:42:30 --> Loading itinerary for tour_details_id: 1983, extension_ref_id: 577
INFO - 2025-12-29 14:42:30 --> Found 3 itinerary records
INFO - 2025-12-29 14:42:30 --> Found matching date 2026-02-06 in previous tour plan (preloading)
INFO - 2025-12-29 14:42:30 --> Addon matching check - Previous hotel_id: 401 | Current hotel_id: 401
INFO - 2025-12-29 14:42:30 --> Same hotel (ID: 401) - loaded 2 hotel facilities
INFO - 2025-12-29 14:42:30 --> Preloaded from previous tour for date 2026-02-06: 0 sightseeing, 0 special events, 2 hotel facilities
INFO - 2025-12-29 14:42:30 --> Vehicle adjustment for 2026-02-05: is_saved=true, is_preloaded=true, SS distance to subtract=0km
INFO - 2025-12-29 14:42:30 --> Expansion date 2026-02-05: DB Total=36km, SS to subtract=0km, Derived Base=36km
INFO - 2025-12-29 14:42:30 --> Vehicle adjustment for 2026-02-05: is_saved=true, is_preloaded=true, SS distance to subtract=0km
INFO - 2025-12-29 14:42:30 --> Expansion date 2026-02-05: DB Total=36km, SS to subtract=0km, Derived Base=36km
INFO - 2025-12-29 14:42:30 --> Vehicle adjustment for 2026-02-05: is_saved=true, is_preloaded=true, SS distance to subtract=0km
INFO - 2025-12-29 14:42:30 --> Expansion date 2026-02-05: DB Total=36km, SS to subtract=0km, Derived Base=36km
INFO - 2025-12-29 14:42:30 --> Vehicle adjustment for 2026-02-05: is_saved=true, is_preloaded=true, SS distance to subtract=0km
INFO - 2025-12-29 14:42:30 --> Expansion date 2026-02-05: DB Total=36km, SS to subtract=0km, Derived Base=36km
INFO - 2025-12-29 14:42:30 --> Vehicle adjustment for 2026-02-06: is_saved=true, is_preloaded=true, SS distance to subtract=0km
INFO - 2025-12-29 14:42:30 --> Expansion date 2026-02-06: DB Total=36km, SS to subtract=0km, Derived Base=36km
INFO - 2025-12-29 14:42:30 --> Vehicle adjustment for 2026-02-06: is_saved=true, is_preloaded=true, SS distance to subtract=0km
INFO - 2025-12-29 14:42:30 --> Expansion date 2026-02-06: DB Total=36km, SS to subtract=0km, Derived Base=36km
INFO - 2025-12-29 14:42:30 --> Vehicle adjustment for 2026-02-06: is_saved=true, is_preloaded=true, SS distance to subtract=0km
INFO - 2025-12-29 14:42:30 --> Expansion date 2026-02-06: DB Total=36km, SS to subtract=0km, Derived Base=36km
INFO - 2025-12-29 14:42:30 --> Vehicle adjustment for 2026-02-06: is_saved=true, is_preloaded=true, SS distance to subtract=0km
INFO - 2025-12-29 14:42:30 --> Expansion date 2026-02-06: DB Total=36km, SS to subtract=0km, Derived Base=36km
DEBUG - 2025-12-29 14:45:05 --> Session: Class initialized using 'CodeIgniter\Session\Handlers\FileHandler' driver.
INFO - 2025-12-29 14:45:05 --> Loading previous itinerary data from previous_active_tour_id: 1983
INFO - 2025-12-29 14:45:05 --> Loading itinerary for tour_details_id: 1983, extension_ref_id: 577
INFO - 2025-12-29 14:45:05 --> Found 3 itinerary records
INFO - 2025-12-29 14:45:05 --> Found matching date 2026-02-05 in previous tour plan (preloading)
INFO - 2025-12-29 14:45:05 --> Addon matching check - Previous hotel_id: 401 | Current hotel_id: 401
INFO - 2025-12-29 14:45:05 --> Same hotel (ID: 401) - loaded 2 hotel facilities
INFO - 2025-12-29 14:45:05 --> Preloaded from previous tour for date 2026-02-05: 2 sightseeing, 0 special events, 2 hotel facilities
INFO - 2025-12-29 14:45:05 --> Loading previous itinerary data from previous_active_tour_id: 1983
INFO - 2025-12-29 14:45:05 --> Loading itinerary for tour_details_id: 1983, extension_ref_id: 577
INFO - 2025-12-29 14:45:05 --> Found 3 itinerary records
INFO - 2025-12-29 14:45:05 --> Found matching date 2026-02-06 in previous tour plan (preloading)
INFO - 2025-12-29 14:45:05 --> Addon matching check - Previous hotel_id: 401 | Current hotel_id: 401
INFO - 2025-12-29 14:45:05 --> Same hotel (ID: 401) - loaded 2 hotel facilities
INFO - 2025-12-29 14:45:05 --> Preloaded from previous tour for date 2026-02-06: 0 sightseeing, 0 special events, 2 hotel facilities
INFO - 2025-12-29 14:45:05 --> Vehicle adjustment for 2026-02-05: is_saved=true, is_preloaded=true, SS distance to subtract=0km
INFO - 2025-12-29 14:45:05 --> Expansion date 2026-02-05: DB Total=36km, SS to subtract=0km, Derived Base=36km
INFO - 2025-12-29 14:45:05 --> Vehicle adjustment for 2026-02-05: is_saved=true, is_preloaded=true, SS distance to subtract=0km
INFO - 2025-12-29 14:45:05 --> Expansion date 2026-02-05: DB Total=36km, SS to subtract=0km, Derived Base=36km
INFO - 2025-12-29 14:45:05 --> Vehicle adjustment for 2026-02-05: is_saved=true, is_preloaded=true, SS distance to subtract=0km
INFO - 2025-12-29 14:45:05 --> Expansion date 2026-02-05: DB Total=36km, SS to subtract=0km, Derived Base=36km
INFO - 2025-12-29 14:45:05 --> Vehicle adjustment for 2026-02-05: is_saved=true, is_preloaded=true, SS distance to subtract=0km
INFO - 2025-12-29 14:45:05 --> Expansion date 2026-02-05: DB Total=36km, SS to subtract=0km, Derived Base=36km
INFO - 2025-12-29 14:45:05 --> Vehicle adjustment for 2026-02-06: is_saved=true, is_preloaded=true, SS distance to subtract=0km
INFO - 2025-12-29 14:45:05 --> Expansion date 2026-02-06: DB Total=36km, SS to subtract=0km, Derived Base=36km
INFO - 2025-12-29 14:45:05 --> Vehicle adjustment for 2026-02-06: is_saved=true, is_preloaded=true, SS distance to subtract=0km
INFO - 2025-12-29 14:45:05 --> Expansion date 2026-02-06: DB Total=36km, SS to subtract=0km, Derived Base=36km
INFO - 2025-12-29 14:45:05 --> Vehicle adjustment for 2026-02-06: is_saved=true, is_preloaded=true, SS distance to subtract=0km
INFO - 2025-12-29 14:45:05 --> Expansion date 2026-02-06: DB Total=36km, SS to subtract=0km, Derived Base=36km
INFO - 2025-12-29 14:45:05 --> Vehicle adjustment for 2026-02-06: is_saved=true, is_preloaded=true, SS distance to subtract=0km
INFO - 2025-12-29 14:45:05 --> Expansion date 2026-02-06: DB Total=36km, SS to subtract=0km, Derived Base=36km
DEBUG - 2025-12-29 14:48:28 --> Session: Class initialized using 'CodeIgniter\Session\Handlers\FileHandler' driver.
INFO - 2025-12-29 14:48:28 --> Loading previous itinerary data from previous_active_tour_id: 1983
INFO - 2025-12-29 14:48:28 --> Loading itinerary for tour_details_id: 1983, extension_ref_id: 577
INFO - 2025-12-29 14:48:28 --> Found 3 itinerary records
INFO - 2025-12-29 14:48:28 --> Found matching date 2026-02-05 in previous tour plan (preloading)
INFO - 2025-12-29 14:48:28 --> Addon matching check - Previous hotel_id: 401 | Current hotel_id: 401
INFO - 2025-12-29 14:48:28 --> Same hotel (ID: 401) - loaded 2 hotel facilities
INFO - 2025-12-29 14:48:28 --> Preloaded from previous tour for date 2026-02-05: 2 sightseeing, 0 special events, 2 hotel facilities
INFO - 2025-12-29 14:48:28 --> Loading previous itinerary data from previous_active_tour_id: 1983
INFO - 2025-12-29 14:48:28 --> Loading itinerary for tour_details_id: 1983, extension_ref_id: 577
INFO - 2025-12-29 14:48:28 --> Found 3 itinerary records
INFO - 2025-12-29 14:48:28 --> Found matching date 2026-02-06 in previous tour plan (preloading)
INFO - 2025-12-29 14:48:28 --> Addon matching check - Previous hotel_id: 401 | Current hotel_id: 401
INFO - 2025-12-29 14:48:28 --> Same hotel (ID: 401) - loaded 2 hotel facilities
INFO - 2025-12-29 14:48:28 --> Preloaded from previous tour for date 2026-02-06: 0 sightseeing, 0 special events, 2 hotel facilities
INFO - 2025-12-29 14:48:28 --> Vehicle adjustment for 2026-02-05: is_saved=true, is_preloaded=true, SS distance to subtract=0km
INFO - 2025-12-29 14:48:28 --> Expansion date 2026-02-05: DB Total=36km, SS to subtract=0km, Derived Base=36km
INFO - 2025-12-29 14:48:28 --> Vehicle adjustment for 2026-02-05: is_saved=true, is_preloaded=true, SS distance to subtract=0km
INFO - 2025-12-29 14:48:28 --> Expansion date 2026-02-05: DB Total=36km, SS to subtract=0km, Derived Base=36km
INFO - 2025-12-29 14:48:28 --> Vehicle adjustment for 2026-02-05: is_saved=true, is_preloaded=true, SS distance to subtract=0km
INFO - 2025-12-29 14:48:28 --> Expansion date 2026-02-05: DB Total=36km, SS to subtract=0km, Derived Base=36km
INFO - 2025-12-29 14:48:28 --> Vehicle adjustment for 2026-02-05: is_saved=true, is_preloaded=true, SS distance to subtract=0km
INFO - 2025-12-29 14:48:28 --> Expansion date 2026-02-05: DB Total=36km, SS to subtract=0km, Derived Base=36km
INFO - 2025-12-29 14:48:28 --> Vehicle adjustment for 2026-02-06: is_saved=true, is_preloaded=true, SS distance to subtract=0km
INFO - 2025-12-29 14:48:28 --> Expansion date 2026-02-06: DB Total=36km, SS to subtract=0km, Derived Base=36km
INFO - 2025-12-29 14:48:28 --> Vehicle adjustment for 2026-02-06: is_saved=true, is_preloaded=true, SS distance to subtract=0km
INFO - 2025-12-29 14:48:28 --> Expansion date 2026-02-06: DB Total=36km, SS to subtract=0km, Derived Base=36km
INFO - 2025-12-29 14:48:28 --> Vehicle adjustment for 2026-02-06: is_saved=true, is_preloaded=true, SS distance to subtract=0km
INFO - 2025-12-29 14:48:28 --> Expansion date 2026-02-06: DB Total=36km, SS to subtract=0km, Derived Base=36km
INFO - 2025-12-29 14:48:28 --> Vehicle adjustment for 2026-02-06: is_saved=true, is_preloaded=true, SS distance to subtract=0km
INFO - 2025-12-29 14:48:28 --> Expansion date 2026-02-06: DB Total=36km, SS to subtract=0km, Derived Base=36km
CRITICAL - 2025-12-29 14:48:29 --> ParseError: Unclosed '{' on line 1035
[Method: GET, Route: Enquiry/itinerary/2844/0]
in APPPATH\Views\enquiry\itinerary_view.php on line 10692.
 1 SYSTEMPATH\View\View.php(237): CodeIgniter\View\View->CodeIgniter\View\{closure}()
 2 SYSTEMPATH\Common.php(1171): CodeIgniter\View\View->render('enquiry/itinerary_view', [], true)
 3 APPPATH\Controllers\Enquiry.php(7083): view('enquiry/itinerary_view', [...])
 4 SYSTEMPATH\CodeIgniter.php(933): App\Controllers\Enquiry->itinerary('2844', '0')
 5 SYSTEMPATH\CodeIgniter.php(509): CodeIgniter\CodeIgniter->runController(Object(App\Controllers\Enquiry))
 6 SYSTEMPATH\CodeIgniter.php(355): CodeIgniter\CodeIgniter->handleRequest(null, Object(Config\Cache), false)
 7 SYSTEMPATH\Boot.php(334): CodeIgniter\CodeIgniter->run()
 8 SYSTEMPATH\Boot.php(67): CodeIgniter\Boot::runCodeIgniter(Object(CodeIgniter\CodeIgniter))
 9 FCPATH\index.php(56): CodeIgniter\Boot::bootWeb(Object(Config\Paths))
DEBUG - 2025-12-29 14:49:07 --> Session: Class initialized using 'CodeIgniter\Session\Handlers\FileHandler' driver.
INFO - 2025-12-29 14:49:07 --> Loading previous itinerary data from previous_active_tour_id: 1983
INFO - 2025-12-29 14:49:07 --> Loading itinerary for tour_details_id: 1983, extension_ref_id: 577
INFO - 2025-12-29 14:49:07 --> Found 3 itinerary records
INFO - 2025-12-29 14:49:07 --> Found matching date 2026-02-05 in previous tour plan (preloading)
INFO - 2025-12-29 14:49:07 --> Addon matching check - Previous hotel_id: 401 | Current hotel_id: 401
INFO - 2025-12-29 14:49:07 --> Same hotel (ID: 401) - loaded 2 hotel facilities
INFO - 2025-12-29 14:49:07 --> Preloaded from previous tour for date 2026-02-05: 2 sightseeing, 0 special events, 2 hotel facilities
INFO - 2025-12-29 14:49:07 --> Loading previous itinerary data from previous_active_tour_id: 1983
INFO - 2025-12-29 14:49:07 --> Loading itinerary for tour_details_id: 1983, extension_ref_id: 577
INFO - 2025-12-29 14:49:07 --> Found 3 itinerary records
INFO - 2025-12-29 14:49:07 --> Found matching date 2026-02-06 in previous tour plan (preloading)
INFO - 2025-12-29 14:49:07 --> Addon matching check - Previous hotel_id: 401 | Current hotel_id: 401
INFO - 2025-12-29 14:49:07 --> Same hotel (ID: 401) - loaded 2 hotel facilities
INFO - 2025-12-29 14:49:07 --> Preloaded from previous tour for date 2026-02-06: 0 sightseeing, 0 special events, 2 hotel facilities
INFO - 2025-12-29 14:49:07 --> Vehicle adjustment for 2026-02-05: is_saved=true, is_preloaded=true, SS distance to subtract=0km
INFO - 2025-12-29 14:49:07 --> Expansion date 2026-02-05: DB Total=36km, SS to subtract=0km, Derived Base=36km
INFO - 2025-12-29 14:49:07 --> Vehicle adjustment for 2026-02-05: is_saved=true, is_preloaded=true, SS distance to subtract=0km
INFO - 2025-12-29 14:49:07 --> Expansion date 2026-02-05: DB Total=36km, SS to subtract=0km, Derived Base=36km
INFO - 2025-12-29 14:49:07 --> Vehicle adjustment for 2026-02-05: is_saved=true, is_preloaded=true, SS distance to subtract=0km
INFO - 2025-12-29 14:49:07 --> Expansion date 2026-02-05: DB Total=36km, SS to subtract=0km, Derived Base=36km
INFO - 2025-12-29 14:49:07 --> Vehicle adjustment for 2026-02-05: is_saved=true, is_preloaded=true, SS distance to subtract=0km
INFO - 2025-12-29 14:49:07 --> Expansion date 2026-02-05: DB Total=36km, SS to subtract=0km, Derived Base=36km
INFO - 2025-12-29 14:49:07 --> Vehicle adjustment for 2026-02-06: is_saved=true, is_preloaded=true, SS distance to subtract=0km
INFO - 2025-12-29 14:49:07 --> Expansion date 2026-02-06: DB Total=36km, SS to subtract=0km, Derived Base=36km
INFO - 2025-12-29 14:49:07 --> Vehicle adjustment for 2026-02-06: is_saved=true, is_preloaded=true, SS distance to subtract=0km
INFO - 2025-12-29 14:49:07 --> Expansion date 2026-02-06: DB Total=36km, SS to subtract=0km, Derived Base=36km
INFO - 2025-12-29 14:49:07 --> Vehicle adjustment for 2026-02-06: is_saved=true, is_preloaded=true, SS distance to subtract=0km
INFO - 2025-12-29 14:49:07 --> Expansion date 2026-02-06: DB Total=36km, SS to subtract=0km, Derived Base=36km
INFO - 2025-12-29 14:49:07 --> Vehicle adjustment for 2026-02-06: is_saved=true, is_preloaded=true, SS distance to subtract=0km
INFO - 2025-12-29 14:49:07 --> Expansion date 2026-02-06: DB Total=36km, SS to subtract=0km, Derived Base=36km
CRITICAL - 2025-12-29 14:49:07 --> ParseError: Unclosed '{' on line 1035
[Method: GET, Route: Enquiry/itinerary/2844/0]
in APPPATH\Views\enquiry\itinerary_view.php on line 10533.
 1 SYSTEMPATH\View\View.php(237): CodeIgniter\View\View->CodeIgniter\View\{closure}()
 2 SYSTEMPATH\Common.php(1171): CodeIgniter\View\View->render('enquiry/itinerary_view', [], true)
 3 APPPATH\Controllers\Enquiry.php(7083): view('enquiry/itinerary_view', [...])
 4 SYSTEMPATH\CodeIgniter.php(933): App\Controllers\Enquiry->itinerary('2844', '0')
 5 SYSTEMPATH\CodeIgniter.php(509): CodeIgniter\CodeIgniter->runController(Object(App\Controllers\Enquiry))
 6 SYSTEMPATH\CodeIgniter.php(355): CodeIgniter\CodeIgniter->handleRequest(null, Object(Config\Cache), false)
 7 SYSTEMPATH\Boot.php(334): CodeIgniter\CodeIgniter->run()
 8 SYSTEMPATH\Boot.php(67): CodeIgniter\Boot::runCodeIgniter(Object(CodeIgniter\CodeIgniter))
 9 FCPATH\index.php(56): CodeIgniter\Boot::bootWeb(Object(Config\Paths))
DEBUG - 2025-12-29 14:56:44 --> Session: Class initialized using 'CodeIgniter\Session\Handlers\FileHandler' driver.
INFO - 2025-12-29 14:56:44 --> Loading previous itinerary data from previous_active_tour_id: 1983
INFO - 2025-12-29 14:56:44 --> Loading itinerary for tour_details_id: 1983, extension_ref_id: 577
INFO - 2025-12-29 14:56:44 --> Found 3 itinerary records
INFO - 2025-12-29 14:56:44 --> Found matching date 2026-02-05 in previous tour plan (preloading)
INFO - 2025-12-29 14:56:44 --> Addon matching check - Previous hotel_id: 401 | Current hotel_id: 401
INFO - 2025-12-29 14:56:44 --> Same hotel (ID: 401) - loaded 2 hotel facilities
INFO - 2025-12-29 14:56:44 --> Preloaded from previous tour for date 2026-02-05: 2 sightseeing, 0 special events, 2 hotel facilities
INFO - 2025-12-29 14:56:44 --> Loading previous itinerary data from previous_active_tour_id: 1983
INFO - 2025-12-29 14:56:44 --> Loading itinerary for tour_details_id: 1983, extension_ref_id: 577
INFO - 2025-12-29 14:56:44 --> Found 3 itinerary records
INFO - 2025-12-29 14:56:44 --> Found matching date 2026-02-06 in previous tour plan (preloading)
INFO - 2025-12-29 14:56:44 --> Addon matching check - Previous hotel_id: 401 | Current hotel_id: 401
INFO - 2025-12-29 14:56:44 --> Same hotel (ID: 401) - loaded 2 hotel facilities
INFO - 2025-12-29 14:56:44 --> Preloaded from previous tour for date 2026-02-06: 0 sightseeing, 0 special events, 2 hotel facilities
INFO - 2025-12-29 14:56:44 --> Vehicle adjustment for 2026-02-05: is_saved=true, is_preloaded=true, SS distance to subtract=0km
INFO - 2025-12-29 14:56:44 --> Expansion date 2026-02-05: DB Total=36km, SS to subtract=0km, Derived Base=36km
INFO - 2025-12-29 14:56:44 --> Vehicle adjustment for 2026-02-05: is_saved=true, is_preloaded=true, SS distance to subtract=0km
INFO - 2025-12-29 14:56:44 --> Expansion date 2026-02-05: DB Total=36km, SS to subtract=0km, Derived Base=36km
INFO - 2025-12-29 14:56:44 --> Vehicle adjustment for 2026-02-05: is_saved=true, is_preloaded=true, SS distance to subtract=0km
INFO - 2025-12-29 14:56:44 --> Expansion date 2026-02-05: DB Total=36km, SS to subtract=0km, Derived Base=36km
INFO - 2025-12-29 14:56:44 --> Vehicle adjustment for 2026-02-05: is_saved=true, is_preloaded=true, SS distance to subtract=0km
INFO - 2025-12-29 14:56:44 --> Expansion date 2026-02-05: DB Total=36km, SS to subtract=0km, Derived Base=36km
INFO - 2025-12-29 14:56:44 --> Vehicle adjustment for 2026-02-06: is_saved=true, is_preloaded=true, SS distance to subtract=0km
INFO - 2025-12-29 14:56:44 --> Expansion date 2026-02-06: DB Total=36km, SS to subtract=0km, Derived Base=36km
INFO - 2025-12-29 14:56:44 --> Vehicle adjustment for 2026-02-06: is_saved=true, is_preloaded=true, SS distance to subtract=0km
INFO - 2025-12-29 14:56:44 --> Expansion date 2026-02-06: DB Total=36km, SS to subtract=0km, Derived Base=36km
INFO - 2025-12-29 14:56:44 --> Vehicle adjustment for 2026-02-06: is_saved=true, is_preloaded=true, SS distance to subtract=0km
INFO - 2025-12-29 14:56:44 --> Expansion date 2026-02-06: DB Total=36km, SS to subtract=0km, Derived Base=36km
INFO - 2025-12-29 14:56:44 --> Vehicle adjustment for 2026-02-06: is_saved=true, is_preloaded=true, SS distance to subtract=0km
INFO - 2025-12-29 14:56:44 --> Expansion date 2026-02-06: DB Total=36km, SS to subtract=0km, Derived Base=36km
