DEBUG - 2025-12-27 06:12:51 --> Session: Class initialized using 'CodeIgniter\Session\Handlers\FileHandler' driver.
DEBUG - 2025-12-27 06:13:09 --> Session: Class initialized using 'CodeIgniter\Session\Handlers\FileHandler' driver.
DEBUG - 2025-12-27 06:13:09 --> Session: Class initialized using 'CodeIgniter\Session\Handlers\FileHandler' driver.
WARNING - 2025-12-27 06:13:09 --> [DEPRECATED] round(): Passing null to parameter #1 ($num) of type int|float is deprecated in APPPATH\Controllers\Dashboard.php on line 247.
 1 APPPATH\Controllers\Dashboard.php(247): round(null, 2)
 2 SYSTEMPATH\CodeIgniter.php(933): App\Controllers\Dashboard->index()
 3 SYSTEMPATH\CodeIgniter.php(509): CodeIgniter\CodeIgniter->runController(Object(App\Controllers\Dashboard))
 4 SYSTEMPATH\CodeIgniter.php(355): CodeIgniter\CodeIgniter->handleRequest(null, Object(Config\Cache), false)
 5 SYSTEMPATH\Boot.php(334): CodeIgniter\CodeIgniter->run()
 6 SYSTEMPATH\Boot.php(67): CodeIgniter\Boot::runCodeIgniter(Object(CodeIgniter\CodeIgniter))
 7 FCPATH\index.php(56): CodeIgniter\Boot::bootWeb(Object(Config\Paths))
DEBUG - 2025-12-27 06:13:15 --> Session: Class initialized using 'CodeIgniter\Session\Handlers\FileHandler' driver.
DEBUG - 2025-12-27 06:13:15 --> Session: Class initialized using 'CodeIgniter\Session\Handlers\FileHandler' driver.
DEBUG - 2025-12-27 06:13:17 --> Session: Class initialized using 'CodeIgniter\Session\Handlers\FileHandler' driver.
DEBUG - 2025-12-27 06:13:18 --> Session: Class initialized using 'CodeIgniter\Session\Handlers\FileHandler' driver.
DEBUG - 2025-12-27 06:13:22 --> Session: Class initialized using 'CodeIgniter\Session\Handlers\FileHandler' driver.
INFO - 2025-12-27 06:13:22 --> Day 1 (date 2026-01-02): No defaults loaded
INFO - 2025-12-27 06:13:22 --> Loaded default SS for Day 2 (date 2026-01-03): 1 items
INFO - 2025-12-27 06:13:22 --> Hardcoded Leisure SS auto-selected for Day 3 (date 2026-01-04, location 9)
INFO - 2025-12-27 06:13:22 --> Expansion date 2026-01-02: DB Total=36km, Saved SS=0km, Derived Base=36km (display base; JS adds current SS)
INFO - 2025-12-27 06:13:22 --> Expansion date 2026-01-02: DB Total=36km, Saved SS=0km, Derived Base=36km (display base; JS adds current SS)
INFO - 2025-12-27 06:13:22 --> Expansion date 2026-01-02: DB Total=36km, Saved SS=0km, Derived Base=36km (display base; JS adds current SS)
INFO - 2025-12-27 06:13:22 --> Expansion date 2026-01-02: DB Total=36km, Saved SS=0km, Derived Base=36km (display base; JS adds current SS)
INFO - 2025-12-27 06:13:22 --> Expansion date 2026-01-03: DB Total=0km, Saved SS=0km, Derived Base=0km (display base; JS adds current SS)
INFO - 2025-12-27 06:13:22 --> Expansion date 2026-01-03: DB Total=0km, Saved SS=0km, Derived Base=0km (display base; JS adds current SS)
INFO - 2025-12-27 06:13:22 --> Expansion date 2026-01-03: DB Total=0km, Saved SS=0km, Derived Base=0km (display base; JS adds current SS)
INFO - 2025-12-27 06:13:22 --> Expansion date 2026-01-03: DB Total=0km, Saved SS=0km, Derived Base=0km (display base; JS adds current SS)
INFO - 2025-12-27 06:13:22 --> Expansion date 2026-01-04: DB Total=36km, Saved SS=0km, Derived Base=36km (display base; JS adds current SS)
INFO - 2025-12-27 06:13:22 --> Expansion date 2026-01-04: DB Total=36km, Saved SS=0km, Derived Base=36km (display base; JS adds current SS)
INFO - 2025-12-27 06:13:22 --> Expansion date 2026-01-04: DB Total=36km, Saved SS=0km, Derived Base=36km (display base; JS adds current SS)
INFO - 2025-12-27 06:13:22 --> Expansion date 2026-01-04: DB Total=36km, Saved SS=0km, Derived Base=36km (display base; JS adds current SS)
DEBUG - 2025-12-27 06:13:38 --> Session: Class initialized using 'CodeIgniter\Session\Handlers\FileHandler' driver.
DEBUG - 2025-12-27 06:13:38 --> Session: Class initialized using 'CodeIgniter\Session\Handlers\FileHandler' driver.
DEBUG - 2025-12-27 06:13:42 --> Session: Class initialized using 'CodeIgniter\Session\Handlers\FileHandler' driver.
INFO - 2025-12-27 06:13:43 --> Day 1 (date 2026-01-02): No defaults loaded
INFO - 2025-12-27 06:13:43 --> Loaded default SS for Day 2 (date 2026-01-03): 1 items
INFO - 2025-12-27 06:13:43 --> Hardcoded Leisure SS auto-selected for Day 3 (date 2026-01-04, location 9)
INFO - 2025-12-27 06:13:43 --> Expansion date 2026-01-02: DB Total=36km, Saved SS=0km, Derived Base=36km (display base; JS adds current SS)
INFO - 2025-12-27 06:13:43 --> Expansion date 2026-01-02: DB Total=36km, Saved SS=0km, Derived Base=36km (display base; JS adds current SS)
INFO - 2025-12-27 06:13:43 --> Expansion date 2026-01-02: DB Total=36km, Saved SS=0km, Derived Base=36km (display base; JS adds current SS)
INFO - 2025-12-27 06:13:43 --> Expansion date 2026-01-02: DB Total=36km, Saved SS=0km, Derived Base=36km (display base; JS adds current SS)
INFO - 2025-12-27 06:13:43 --> Expansion date 2026-01-03: DB Total=0km, Saved SS=0km, Derived Base=0km (display base; JS adds current SS)
INFO - 2025-12-27 06:13:43 --> Expansion date 2026-01-03: DB Total=0km, Saved SS=0km, Derived Base=0km (display base; JS adds current SS)
INFO - 2025-12-27 06:13:43 --> Expansion date 2026-01-03: DB Total=0km, Saved SS=0km, Derived Base=0km (display base; JS adds current SS)
INFO - 2025-12-27 06:13:43 --> Expansion date 2026-01-03: DB Total=0km, Saved SS=0km, Derived Base=0km (display base; JS adds current SS)
INFO - 2025-12-27 06:13:43 --> Expansion date 2026-01-04: DB Total=36km, Saved SS=0km, Derived Base=36km (display base; JS adds current SS)
INFO - 2025-12-27 06:13:43 --> Expansion date 2026-01-04: DB Total=36km, Saved SS=0km, Derived Base=36km (display base; JS adds current SS)
INFO - 2025-12-27 06:13:43 --> Expansion date 2026-01-04: DB Total=36km, Saved SS=0km, Derived Base=36km (display base; JS adds current SS)
INFO - 2025-12-27 06:13:43 --> Expansion date 2026-01-04: DB Total=36km, Saved SS=0km, Derived Base=36km (display base; JS adds current SS)
DEBUG - 2025-12-27 06:13:50 --> Session: Class initialized using 'CodeIgniter\Session\Handlers\FileHandler' driver.
DEBUG - 2025-12-27 06:13:50 --> Session: Class initialized using 'CodeIgniter\Session\Handlers\FileHandler' driver.
INFO - 2025-12-27 06:13:50 --> Expansion date 2026-01-02: DB Total=36km, Saved SS=0km, Derived Base=36km (display base; JS adds current SS)
INFO - 2025-12-27 06:13:50 --> Expansion date 2026-01-02: DB Total=36km, Saved SS=0km, Derived Base=36km (display base; JS adds current SS)
INFO - 2025-12-27 06:13:50 --> Expansion date 2026-01-02: DB Total=36km, Saved SS=0km, Derived Base=36km (display base; JS adds current SS)
INFO - 2025-12-27 06:13:50 --> Expansion date 2026-01-02: DB Total=36km, Saved SS=0km, Derived Base=36km (display base; JS adds current SS)
INFO - 2025-12-27 06:13:50 --> Expansion date 2026-01-03: DB Total=0km, Saved SS=200km, Derived Base=0km (display base; JS adds current SS)
INFO - 2025-12-27 06:13:50 --> Expansion date 2026-01-03: DB Total=0km, Saved SS=200km, Derived Base=0km (display base; JS adds current SS)
INFO - 2025-12-27 06:13:50 --> Expansion date 2026-01-03: DB Total=0km, Saved SS=200km, Derived Base=0km (display base; JS adds current SS)
INFO - 2025-12-27 06:13:50 --> Expansion date 2026-01-03: DB Total=0km, Saved SS=200km, Derived Base=0km (display base; JS adds current SS)
INFO - 2025-12-27 06:13:50 --> Expansion date 2026-01-04: DB Total=36km, Saved SS=0km, Derived Base=36km (display base; JS adds current SS)
INFO - 2025-12-27 06:13:50 --> Expansion date 2026-01-04: DB Total=36km, Saved SS=0km, Derived Base=36km (display base; JS adds current SS)
INFO - 2025-12-27 06:13:50 --> Expansion date 2026-01-04: DB Total=36km, Saved SS=0km, Derived Base=36km (display base; JS adds current SS)
INFO - 2025-12-27 06:13:50 --> Expansion date 2026-01-04: DB Total=36km, Saved SS=0km, Derived Base=36km (display base; JS adds current SS)
INFO - 2025-12-27 06:13:50 --> Itinerary expansion date 2026-01-02: Derived Base=36km (no SS added)
INFO - 2025-12-27 06:13:50 --> Itinerary expansion date 2026-01-02: Derived Base=36km (no SS added)
INFO - 2025-12-27 06:13:50 --> Itinerary expansion date 2026-01-02: Derived Base=36km (no SS added)
INFO - 2025-12-27 06:13:50 --> Itinerary expansion date 2026-01-02: Derived Base=36km (no SS added)
INFO - 2025-12-27 06:13:50 --> Itinerary expansion date 2026-01-03: Derived Base=0km (no SS added)
INFO - 2025-12-27 06:13:50 --> Itinerary expansion date 2026-01-03: Derived Base=0km (no SS added)
INFO - 2025-12-27 06:13:50 --> Itinerary expansion date 2026-01-03: Derived Base=0km (no SS added)
INFO - 2025-12-27 06:13:50 --> Itinerary expansion date 2026-01-03: Derived Base=0km (no SS added)
INFO - 2025-12-27 06:13:50 --> Itinerary expansion date 2026-01-04: Derived Base=0km (no SS added)
INFO - 2025-12-27 06:13:50 --> Itinerary expansion date 2026-01-04: Derived Base=0km (no SS added)
INFO - 2025-12-27 06:13:50 --> Itinerary expansion date 2026-01-04: Derived Base=0km (no SS added)
INFO - 2025-12-27 06:13:50 --> Itinerary expansion date 2026-01-04: Derived Base=0km (no SS added)
DEBUG - 2025-12-27 06:14:03 --> Session: Class initialized using 'CodeIgniter\Session\Handlers\FileHandler' driver.
DEBUG - 2025-12-27 06:14:03 --> Session: Class initialized using 'CodeIgniter\Session\Handlers\FileHandler' driver.
DEBUG - 2025-12-27 06:14:03 --> Session: Class initialized using 'CodeIgniter\Session\Handlers\FileHandler' driver.
DEBUG - 2025-12-27 06:14:06 --> Session: Class initialized using 'CodeIgniter\Session\Handlers\FileHandler' driver.
DEBUG - 2025-12-27 06:14:07 --> Session: Class initialized using 'CodeIgniter\Session\Handlers\FileHandler' driver.
DEBUG - 2025-12-27 06:14:09 --> Session: Class initialized using 'CodeIgniter\Session\Handlers\FileHandler' driver.
INFO - 2025-12-27 06:14:10 --> getSightName(0) returned: 0 rows
INFO - 2025-12-27 06:14:10 --> getSightName(0) returned: 0 rows
INFO - 2025-12-27 06:14:10 --> getSightName(0) returned: 0 rows
DEBUG - 2025-12-27 06:22:54 --> Session: Class initialized using 'CodeIgniter\Session\Handlers\FileHandler' driver.
INFO - 2025-12-27 11:52:54 --> Expansion date 2026-01-02: DB Total=36km, Saved SS=0km, Derived Base=36km (display base; JS adds current SS)
INFO - 2025-12-27 11:52:54 --> Expansion date 2026-01-02: DB Total=36km, Saved SS=0km, Derived Base=36km (display base; JS adds current SS)
INFO - 2025-12-27 11:52:54 --> Expansion date 2026-01-02: DB Total=36km, Saved SS=0km, Derived Base=36km (display base; JS adds current SS)
INFO - 2025-12-27 11:52:54 --> Expansion date 2026-01-02: DB Total=36km, Saved SS=0km, Derived Base=36km (display base; JS adds current SS)
INFO - 2025-12-27 11:52:54 --> Expansion date 2026-01-03: DB Total=0km, Saved SS=200km, Derived Base=0km (display base; JS adds current SS)
INFO - 2025-12-27 11:52:54 --> Expansion date 2026-01-03: DB Total=0km, Saved SS=200km, Derived Base=0km (display base; JS adds current SS)
INFO - 2025-12-27 11:52:54 --> Expansion date 2026-01-03: DB Total=0km, Saved SS=200km, Derived Base=0km (display base; JS adds current SS)
INFO - 2025-12-27 11:52:54 --> Expansion date 2026-01-03: DB Total=0km, Saved SS=200km, Derived Base=0km (display base; JS adds current SS)
INFO - 2025-12-27 11:52:54 --> Expansion date 2026-01-04: DB Total=36km, Saved SS=0km, Derived Base=36km (display base; JS adds current SS)
INFO - 2025-12-27 11:52:54 --> Expansion date 2026-01-04: DB Total=36km, Saved SS=0km, Derived Base=36km (display base; JS adds current SS)
INFO - 2025-12-27 11:52:54 --> Expansion date 2026-01-04: DB Total=36km, Saved SS=0km, Derived Base=36km (display base; JS adds current SS)
INFO - 2025-12-27 11:52:54 --> Expansion date 2026-01-04: DB Total=36km, Saved SS=0km, Derived Base=36km (display base; JS adds current SS)
INFO - 2025-12-27 11:52:54 --> Itinerary expansion date 2026-01-02: Derived Base=36km (no SS added)
INFO - 2025-12-27 11:52:54 --> Itinerary expansion date 2026-01-02: Derived Base=36km (no SS added)
INFO - 2025-12-27 11:52:54 --> Itinerary expansion date 2026-01-02: Derived Base=36km (no SS added)
INFO - 2025-12-27 11:52:54 --> Itinerary expansion date 2026-01-02: Derived Base=36km (no SS added)
INFO - 2025-12-27 11:52:54 --> Itinerary expansion date 2026-01-03: Derived Base=600km (no SS added)
INFO - 2025-12-27 11:52:54 --> Itinerary expansion date 2026-01-03: Derived Base=600km (no SS added)
INFO - 2025-12-27 11:52:54 --> Itinerary expansion date 2026-01-03: Derived Base=600km (no SS added)
INFO - 2025-12-27 11:52:54 --> Itinerary expansion date 2026-01-03: Derived Base=600km (no SS added)
INFO - 2025-12-27 11:52:54 --> Itinerary expansion date 2026-01-04: Derived Base=0km (no SS added)
INFO - 2025-12-27 11:52:54 --> Itinerary expansion date 2026-01-04: Derived Base=0km (no SS added)
INFO - 2025-12-27 11:52:54 --> Itinerary expansion date 2026-01-04: Derived Base=0km (no SS added)
INFO - 2025-12-27 11:52:54 --> Itinerary expansion date 2026-01-04: Derived Base=0km (no SS added)
DEBUG - 2025-12-27 06:23:02 --> Session: Class initialized using 'CodeIgniter\Session\Handlers\FileHandler' driver.
DEBUG - 2025-12-27 06:23:02 --> Session: Class initialized using 'CodeIgniter\Session\Handlers\FileHandler' driver.
DEBUG - 2025-12-27 06:23:03 --> Session: Class initialized using 'CodeIgniter\Session\Handlers\FileHandler' driver.
DEBUG - 2025-12-27 06:23:05 --> Session: Class initialized using 'CodeIgniter\Session\Handlers\FileHandler' driver.
DEBUG - 2025-12-27 06:23:05 --> Session: Class initialized using 'CodeIgniter\Session\Handlers\FileHandler' driver.
DEBUG - 2025-12-27 06:23:05 --> Session: Class initialized using 'CodeIgniter\Session\Handlers\FileHandler' driver.
DEBUG - 2025-12-27 06:23:10 --> Session: Class initialized using 'CodeIgniter\Session\Handlers\FileHandler' driver.
DEBUG - 2025-12-27 06:23:10 --> Session: Class initialized using 'CodeIgniter\Session\Handlers\FileHandler' driver.
DEBUG - 2025-12-27 06:23:12 --> Session: Class initialized using 'CodeIgniter\Session\Handlers\FileHandler' driver.
INFO - 2025-12-27 06:23:12 --> Expansion date 2026-01-02: DB Total=36km, Saved SS=0km, Derived Base=36km (display base; JS adds current SS)
INFO - 2025-12-27 06:23:12 --> Expansion date 2026-01-02: DB Total=36km, Saved SS=0km, Derived Base=36km (display base; JS adds current SS)
INFO - 2025-12-27 06:23:12 --> Expansion date 2026-01-02: DB Total=36km, Saved SS=0km, Derived Base=36km (display base; JS adds current SS)
INFO - 2025-12-27 06:23:12 --> Expansion date 2026-01-02: DB Total=36km, Saved SS=0km, Derived Base=36km (display base; JS adds current SS)
INFO - 2025-12-27 06:23:12 --> Expansion date 2026-01-03: DB Total=0km, Saved SS=200km, Derived Base=0km (display base; JS adds current SS)
INFO - 2025-12-27 06:23:12 --> Expansion date 2026-01-03: DB Total=0km, Saved SS=200km, Derived Base=0km (display base; JS adds current SS)
INFO - 2025-12-27 06:23:12 --> Expansion date 2026-01-03: DB Total=0km, Saved SS=200km, Derived Base=0km (display base; JS adds current SS)
INFO - 2025-12-27 06:23:12 --> Expansion date 2026-01-03: DB Total=0km, Saved SS=200km, Derived Base=0km (display base; JS adds current SS)
INFO - 2025-12-27 06:23:12 --> Expansion date 2026-01-04: DB Total=36km, Saved SS=0km, Derived Base=36km (display base; JS adds current SS)
INFO - 2025-12-27 06:23:12 --> Expansion date 2026-01-04: DB Total=36km, Saved SS=0km, Derived Base=36km (display base; JS adds current SS)
INFO - 2025-12-27 06:23:12 --> Expansion date 2026-01-04: DB Total=36km, Saved SS=0km, Derived Base=36km (display base; JS adds current SS)
INFO - 2025-12-27 06:23:12 --> Expansion date 2026-01-04: DB Total=36km, Saved SS=0km, Derived Base=36km (display base; JS adds current SS)
INFO - 2025-12-27 06:23:12 --> Itinerary expansion date 2026-01-02: Derived Base=36km (no SS added)
INFO - 2025-12-27 06:23:12 --> Itinerary expansion date 2026-01-02: Derived Base=36km (no SS added)
INFO - 2025-12-27 06:23:12 --> Itinerary expansion date 2026-01-02: Derived Base=36km (no SS added)
INFO - 2025-12-27 06:23:12 --> Itinerary expansion date 2026-01-02: Derived Base=36km (no SS added)
INFO - 2025-12-27 06:23:12 --> Itinerary expansion date 2026-01-03: Derived Base=600km (no SS added)
INFO - 2025-12-27 06:23:12 --> Itinerary expansion date 2026-01-03: Derived Base=600km (no SS added)
INFO - 2025-12-27 06:23:12 --> Itinerary expansion date 2026-01-03: Derived Base=600km (no SS added)
INFO - 2025-12-27 06:23:12 --> Itinerary expansion date 2026-01-03: Derived Base=600km (no SS added)
INFO - 2025-12-27 06:23:12 --> Itinerary expansion date 2026-01-04: Derived Base=0km (no SS added)
INFO - 2025-12-27 06:23:12 --> Itinerary expansion date 2026-01-04: Derived Base=0km (no SS added)
INFO - 2025-12-27 06:23:12 --> Itinerary expansion date 2026-01-04: Derived Base=0km (no SS added)
INFO - 2025-12-27 06:23:12 --> Itinerary expansion date 2026-01-04: Derived Base=0km (no SS added)
DEBUG - 2025-12-27 06:23:15 --> Session: Class initialized using 'CodeIgniter\Session\Handlers\FileHandler' driver.
DEBUG - 2025-12-27 06:23:15 --> Session: Class initialized using 'CodeIgniter\Session\Handlers\FileHandler' driver.
DEBUG - 2025-12-27 06:23:17 --> Session: Class initialized using 'CodeIgniter\Session\Handlers\FileHandler' driver.
INFO - 2025-12-27 06:23:17 --> Expansion date 2026-01-02: DB Total=36km, Saved SS=0km, Derived Base=36km (display base; JS adds current SS)
INFO - 2025-12-27 06:23:17 --> Expansion date 2026-01-02: DB Total=36km, Saved SS=0km, Derived Base=36km (display base; JS adds current SS)
INFO - 2025-12-27 06:23:17 --> Expansion date 2026-01-02: DB Total=36km, Saved SS=0km, Derived Base=36km (display base; JS adds current SS)
INFO - 2025-12-27 06:23:17 --> Expansion date 2026-01-02: DB Total=36km, Saved SS=0km, Derived Base=36km (display base; JS adds current SS)
INFO - 2025-12-27 06:23:17 --> Expansion date 2026-01-03: DB Total=0km, Saved SS=200km, Derived Base=0km (display base; JS adds current SS)
INFO - 2025-12-27 06:23:17 --> Expansion date 2026-01-03: DB Total=0km, Saved SS=200km, Derived Base=0km (display base; JS adds current SS)
INFO - 2025-12-27 06:23:17 --> Expansion date 2026-01-03: DB Total=0km, Saved SS=200km, Derived Base=0km (display base; JS adds current SS)
INFO - 2025-12-27 06:23:17 --> Expansion date 2026-01-03: DB Total=0km, Saved SS=200km, Derived Base=0km (display base; JS adds current SS)
INFO - 2025-12-27 06:23:17 --> Expansion date 2026-01-04: DB Total=36km, Saved SS=0km, Derived Base=36km (display base; JS adds current SS)
INFO - 2025-12-27 06:23:17 --> Expansion date 2026-01-04: DB Total=36km, Saved SS=0km, Derived Base=36km (display base; JS adds current SS)
INFO - 2025-12-27 06:23:17 --> Expansion date 2026-01-04: DB Total=36km, Saved SS=0km, Derived Base=36km (display base; JS adds current SS)
INFO - 2025-12-27 06:23:17 --> Expansion date 2026-01-04: DB Total=36km, Saved SS=0km, Derived Base=36km (display base; JS adds current SS)
INFO - 2025-12-27 06:23:17 --> Itinerary expansion date 2026-01-02: Derived Base=36km (no SS added)
INFO - 2025-12-27 06:23:17 --> Itinerary expansion date 2026-01-02: Derived Base=36km (no SS added)
INFO - 2025-12-27 06:23:17 --> Itinerary expansion date 2026-01-02: Derived Base=36km (no SS added)
INFO - 2025-12-27 06:23:17 --> Itinerary expansion date 2026-01-02: Derived Base=36km (no SS added)
INFO - 2025-12-27 06:23:17 --> Itinerary expansion date 2026-01-03: Derived Base=600km (no SS added)
INFO - 2025-12-27 06:23:17 --> Itinerary expansion date 2026-01-03: Derived Base=600km (no SS added)
INFO - 2025-12-27 06:23:17 --> Itinerary expansion date 2026-01-03: Derived Base=600km (no SS added)
INFO - 2025-12-27 06:23:17 --> Itinerary expansion date 2026-01-03: Derived Base=600km (no SS added)
INFO - 2025-12-27 06:23:17 --> Itinerary expansion date 2026-01-04: Derived Base=0km (no SS added)
INFO - 2025-12-27 06:23:17 --> Itinerary expansion date 2026-01-04: Derived Base=0km (no SS added)
INFO - 2025-12-27 06:23:17 --> Itinerary expansion date 2026-01-04: Derived Base=0km (no SS added)
INFO - 2025-12-27 06:23:17 --> Itinerary expansion date 2026-01-04: Derived Base=0km (no SS added)
DEBUG - 2025-12-27 06:23:20 --> Session: Class initialized using 'CodeIgniter\Session\Handlers\FileHandler' driver.
DEBUG - 2025-12-27 06:23:20 --> Session: Class initialized using 'CodeIgniter\Session\Handlers\FileHandler' driver.
DEBUG - 2025-12-27 06:23:22 --> Session: Class initialized using 'CodeIgniter\Session\Handlers\FileHandler' driver.
INFO - 2025-12-27 11:53:22 --> Expansion date 2026-01-02: DB Total=36km, Saved SS=0km, Derived Base=36km (display base; JS adds current SS)
INFO - 2025-12-27 11:53:22 --> Expansion date 2026-01-02: DB Total=36km, Saved SS=0km, Derived Base=36km (display base; JS adds current SS)
INFO - 2025-12-27 11:53:22 --> Expansion date 2026-01-02: DB Total=36km, Saved SS=0km, Derived Base=36km (display base; JS adds current SS)
INFO - 2025-12-27 11:53:22 --> Expansion date 2026-01-02: DB Total=36km, Saved SS=0km, Derived Base=36km (display base; JS adds current SS)
INFO - 2025-12-27 11:53:22 --> Expansion date 2026-01-03: DB Total=0km, Saved SS=200km, Derived Base=0km (display base; JS adds current SS)
INFO - 2025-12-27 11:53:22 --> Expansion date 2026-01-03: DB Total=0km, Saved SS=200km, Derived Base=0km (display base; JS adds current SS)
INFO - 2025-12-27 11:53:22 --> Expansion date 2026-01-03: DB Total=0km, Saved SS=200km, Derived Base=0km (display base; JS adds current SS)
INFO - 2025-12-27 11:53:22 --> Expansion date 2026-01-03: DB Total=0km, Saved SS=200km, Derived Base=0km (display base; JS adds current SS)
INFO - 2025-12-27 11:53:22 --> Expansion date 2026-01-04: DB Total=36km, Saved SS=0km, Derived Base=36km (display base; JS adds current SS)
INFO - 2025-12-27 11:53:22 --> Expansion date 2026-01-04: DB Total=36km, Saved SS=0km, Derived Base=36km (display base; JS adds current SS)
INFO - 2025-12-27 11:53:22 --> Expansion date 2026-01-04: DB Total=36km, Saved SS=0km, Derived Base=36km (display base; JS adds current SS)
INFO - 2025-12-27 11:53:22 --> Expansion date 2026-01-04: DB Total=36km, Saved SS=0km, Derived Base=36km (display base; JS adds current SS)
INFO - 2025-12-27 11:53:22 --> Itinerary expansion date 2026-01-02: Derived Base=36km (no SS added)
INFO - 2025-12-27 11:53:22 --> Itinerary expansion date 2026-01-02: Derived Base=36km (no SS added)
INFO - 2025-12-27 11:53:22 --> Itinerary expansion date 2026-01-02: Derived Base=36km (no SS added)
INFO - 2025-12-27 11:53:22 --> Itinerary expansion date 2026-01-02: Derived Base=36km (no SS added)
INFO - 2025-12-27 11:53:22 --> Itinerary expansion date 2026-01-03: Derived Base=600km (no SS added)
INFO - 2025-12-27 11:53:22 --> Itinerary expansion date 2026-01-03: Derived Base=600km (no SS added)
INFO - 2025-12-27 11:53:22 --> Itinerary expansion date 2026-01-03: Derived Base=600km (no SS added)
INFO - 2025-12-27 11:53:22 --> Itinerary expansion date 2026-01-03: Derived Base=600km (no SS added)
INFO - 2025-12-27 11:53:22 --> Itinerary expansion date 2026-01-04: Derived Base=0km (no SS added)
INFO - 2025-12-27 11:53:22 --> Itinerary expansion date 2026-01-04: Derived Base=0km (no SS added)
INFO - 2025-12-27 11:53:22 --> Itinerary expansion date 2026-01-04: Derived Base=0km (no SS added)
INFO - 2025-12-27 11:53:22 --> Itinerary expansion date 2026-01-04: Derived Base=0km (no SS added)
DEBUG - 2025-12-27 06:23:26 --> Session: Class initialized using 'CodeIgniter\Session\Handlers\FileHandler' driver.
DEBUG - 2025-12-27 06:23:26 --> Session: Class initialized using 'CodeIgniter\Session\Handlers\FileHandler' driver.
DEBUG - 2025-12-27 06:23:31 --> Session: Class initialized using 'CodeIgniter\Session\Handlers\FileHandler' driver.
DEBUG - 2025-12-27 06:23:33 --> Session: Class initialized using 'CodeIgniter\Session\Handlers\FileHandler' driver.
DEBUG - 2025-12-27 06:23:33 --> Session: Class initialized using 'CodeIgniter\Session\Handlers\FileHandler' driver.
DEBUG - 2025-12-27 06:23:33 --> Session: Class initialized using 'CodeIgniter\Session\Handlers\FileHandler' driver.
DEBUG - 2025-12-27 06:23:43 --> Session: Class initialized using 'CodeIgniter\Session\Handlers\FileHandler' driver.
DEBUG - 2025-12-27 06:23:45 --> Session: Class initialized using 'CodeIgniter\Session\Handlers\FileHandler' driver.
DEBUG - 2025-12-27 06:23:45 --> Session: Class initialized using 'CodeIgniter\Session\Handlers\FileHandler' driver.
DEBUG - 2025-12-27 06:23:47 --> Session: Class initialized using 'CodeIgniter\Session\Handlers\FileHandler' driver.
INFO - 2025-12-27 06:23:47 --> Fresh itinerary: Loaded previous itinerary details from extension_ref_id 563
INFO - 2025-12-27 06:23:47 --> Fresh itinerary: Pre-loaded previous data for day 1 (date 2026-01-02, location: 9) from previous day 1
INFO - 2025-12-27 06:23:47 --> Day 1 (date 2026-01-02): No defaults loaded
INFO - 2025-12-27 06:23:47 --> Fresh itinerary: Pre-loaded previous data for day 2 (date 2026-01-03, location: 9) from previous day 2
INFO - 2025-12-27 06:23:47 --> Loaded default SS for Day 2 (date 2026-01-03): 1 items
INFO - 2025-12-27 06:23:47 --> Fresh itinerary: Pre-loaded previous data for day 3 (date 2026-01-04, location: 9) from previous day 3
INFO - 2025-12-27 06:23:47 --> Hardcoded Leisure SS auto-selected for Day 3 (date 2026-01-04, location 9)
INFO - 2025-12-27 06:23:47 --> Expansion date 2026-01-02: DB Total=36km, Saved SS=0km, Derived Base=36km (display base; JS adds current SS)
INFO - 2025-12-27 06:23:47 --> Expansion date 2026-01-02: DB Total=36km, Saved SS=0km, Derived Base=36km (display base; JS adds current SS)
INFO - 2025-12-27 06:23:47 --> Expansion date 2026-01-02: DB Total=36km, Saved SS=0km, Derived Base=36km (display base; JS adds current SS)
INFO - 2025-12-27 06:23:47 --> Expansion date 2026-01-02: DB Total=36km, Saved SS=0km, Derived Base=36km (display base; JS adds current SS)
INFO - 2025-12-27 06:23:47 --> Expansion date 2026-01-03: DB Total=0km, Saved SS=200km, Derived Base=0km (display base; JS adds current SS)
INFO - 2025-12-27 06:23:47 --> Expansion date 2026-01-03: DB Total=0km, Saved SS=200km, Derived Base=0km (display base; JS adds current SS)
INFO - 2025-12-27 06:23:47 --> Expansion date 2026-01-03: DB Total=0km, Saved SS=200km, Derived Base=0km (display base; JS adds current SS)
INFO - 2025-12-27 06:23:47 --> Expansion date 2026-01-03: DB Total=0km, Saved SS=200km, Derived Base=0km (display base; JS adds current SS)
INFO - 2025-12-27 06:23:47 --> Expansion date 2026-01-04: DB Total=36km, Saved SS=0km, Derived Base=36km (display base; JS adds current SS)
INFO - 2025-12-27 06:23:47 --> Expansion date 2026-01-04: DB Total=36km, Saved SS=0km, Derived Base=36km (display base; JS adds current SS)
INFO - 2025-12-27 06:23:47 --> Expansion date 2026-01-04: DB Total=36km, Saved SS=0km, Derived Base=36km (display base; JS adds current SS)
INFO - 2025-12-27 06:23:47 --> Expansion date 2026-01-04: DB Total=36km, Saved SS=0km, Derived Base=36km (display base; JS adds current SS)
DEBUG - 2025-12-27 06:23:57 --> Session: Class initialized using 'CodeIgniter\Session\Handlers\FileHandler' driver.
DEBUG - 2025-12-27 06:23:59 --> Session: Class initialized using 'CodeIgniter\Session\Handlers\FileHandler' driver.
DEBUG - 2025-12-27 06:24:01 --> Session: Class initialized using 'CodeIgniter\Session\Handlers\FileHandler' driver.
DEBUG - 2025-12-27 06:24:12 --> Session: Class initialized using 'CodeIgniter\Session\Handlers\FileHandler' driver.
DEBUG - 2025-12-27 06:24:12 --> Session: Class initialized using 'CodeIgniter\Session\Handlers\FileHandler' driver.
INFO - 2025-12-27 06:24:13 --> Fresh itinerary: Loaded previous itinerary details from extension_ref_id 563
INFO - 2025-12-27 06:24:13 --> Expansion date 2026-01-02: DB Total=36km, Saved SS=0km, Derived Base=36km (display base; JS adds current SS)
INFO - 2025-12-27 06:24:13 --> Expansion date 2026-01-02: DB Total=36km, Saved SS=0km, Derived Base=36km (display base; JS adds current SS)
INFO - 2025-12-27 06:24:13 --> Expansion date 2026-01-02: DB Total=36km, Saved SS=0km, Derived Base=36km (display base; JS adds current SS)
INFO - 2025-12-27 06:24:13 --> Expansion date 2026-01-02: DB Total=36km, Saved SS=0km, Derived Base=36km (display base; JS adds current SS)
INFO - 2025-12-27 06:24:13 --> Expansion date 2026-01-03: DB Total=0km, Saved SS=200km, Derived Base=0km (display base; JS adds current SS)
INFO - 2025-12-27 06:24:13 --> Expansion date 2026-01-03: DB Total=0km, Saved SS=200km, Derived Base=0km (display base; JS adds current SS)
INFO - 2025-12-27 06:24:13 --> Expansion date 2026-01-03: DB Total=0km, Saved SS=200km, Derived Base=0km (display base; JS adds current SS)
INFO - 2025-12-27 06:24:13 --> Expansion date 2026-01-03: DB Total=0km, Saved SS=200km, Derived Base=0km (display base; JS adds current SS)
INFO - 2025-12-27 06:24:13 --> Expansion date 2026-01-04: DB Total=36km, Saved SS=0km, Derived Base=36km (display base; JS adds current SS)
INFO - 2025-12-27 06:24:13 --> Expansion date 2026-01-04: DB Total=36km, Saved SS=0km, Derived Base=36km (display base; JS adds current SS)
INFO - 2025-12-27 06:24:13 --> Expansion date 2026-01-04: DB Total=36km, Saved SS=0km, Derived Base=36km (display base; JS adds current SS)
INFO - 2025-12-27 06:24:13 --> Expansion date 2026-01-04: DB Total=36km, Saved SS=0km, Derived Base=36km (display base; JS adds current SS)
INFO - 2025-12-27 06:24:13 --> Itinerary expansion date 2026-01-02: Derived Base=36km (no SS added)
INFO - 2025-12-27 06:24:13 --> Itinerary expansion date 2026-01-02: Derived Base=36km (no SS added)
INFO - 2025-12-27 06:24:13 --> Itinerary expansion date 2026-01-02: Derived Base=36km (no SS added)
INFO - 2025-12-27 06:24:13 --> Itinerary expansion date 2026-01-02: Derived Base=36km (no SS added)
INFO - 2025-12-27 06:24:13 --> Itinerary expansion date 2026-01-03: Derived Base=200km (no SS added)
INFO - 2025-12-27 06:24:13 --> Itinerary expansion date 2026-01-03: Derived Base=200km (no SS added)
INFO - 2025-12-27 06:24:13 --> Itinerary expansion date 2026-01-03: Derived Base=200km (no SS added)
INFO - 2025-12-27 06:24:13 --> Itinerary expansion date 2026-01-03: Derived Base=200km (no SS added)
INFO - 2025-12-27 06:24:13 --> Itinerary expansion date 2026-01-04: Derived Base=0km (no SS added)
INFO - 2025-12-27 06:24:13 --> Itinerary expansion date 2026-01-04: Derived Base=0km (no SS added)
INFO - 2025-12-27 06:24:13 --> Itinerary expansion date 2026-01-04: Derived Base=0km (no SS added)
INFO - 2025-12-27 06:24:13 --> Itinerary expansion date 2026-01-04: Derived Base=0km (no SS added)
DEBUG - 2025-12-27 06:24:19 --> Session: Class initialized using 'CodeIgniter\Session\Handlers\FileHandler' driver.
DEBUG - 2025-12-27 06:24:19 --> Session: Class initialized using 'CodeIgniter\Session\Handlers\FileHandler' driver.
DEBUG - 2025-12-27 06:24:19 --> Session: Class initialized using 'CodeIgniter\Session\Handlers\FileHandler' driver.
DEBUG - 2025-12-27 06:24:24 --> Session: Class initialized using 'CodeIgniter\Session\Handlers\FileHandler' driver.
DEBUG - 2025-12-27 06:24:24 --> Session: Class initialized using 'CodeIgniter\Session\Handlers\FileHandler' driver.
DEBUG - 2025-12-27 06:24:30 --> Session: Class initialized using 'CodeIgniter\Session\Handlers\FileHandler' driver.
DEBUG - 2025-12-27 06:24:31 --> Session: Class initialized using 'CodeIgniter\Session\Handlers\FileHandler' driver.
DEBUG - 2025-12-27 06:24:31 --> Session: Class initialized using 'CodeIgniter\Session\Handlers\FileHandler' driver.
DEBUG - 2025-12-27 06:24:31 --> Session: Class initialized using 'CodeIgniter\Session\Handlers\FileHandler' driver.
DEBUG - 2025-12-27 06:24:35 --> Session: Class initialized using 'CodeIgniter\Session\Handlers\FileHandler' driver.
DEBUG - 2025-12-27 06:24:39 --> Session: Class initialized using 'CodeIgniter\Session\Handlers\FileHandler' driver.
DEBUG - 2025-12-27 06:24:39 --> Session: Class initialized using 'CodeIgniter\Session\Handlers\FileHandler' driver.
DEBUG - 2025-12-27 06:24:40 --> Session: Class initialized using 'CodeIgniter\Session\Handlers\FileHandler' driver.
INFO - 2025-12-27 06:24:40 --> Fresh itinerary: Loaded previous itinerary details from extension_ref_id 564
INFO - 2025-12-27 06:24:40 --> Fresh itinerary: Pre-loaded previous data for day 1 (date 2026-01-02, location: 9) from previous day 1
INFO - 2025-12-27 06:24:40 --> Day 1 (date 2026-01-02): No defaults loaded
INFO - 2025-12-27 06:24:40 --> Fresh itinerary: Pre-loaded previous data for day 2 (date 2026-01-03, location: 9) from previous day 2
INFO - 2025-12-27 06:24:40 --> Loaded default SS for Day 2 (date 2026-01-03): 1 items
INFO - 2025-12-27 06:24:40 --> Fresh itinerary: Pre-loaded previous data for day 3 (date 2026-01-04, location: 9) from previous day 3
INFO - 2025-12-27 06:24:40 --> Hardcoded Leisure SS auto-selected for Day 3 (date 2026-01-04, location 9)
INFO - 2025-12-27 06:24:40 --> Expansion date 2026-01-02: DB Total=36km, Saved SS=0km, Derived Base=36km (display base; JS adds current SS)
INFO - 2025-12-27 06:24:40 --> Expansion date 2026-01-02: DB Total=36km, Saved SS=0km, Derived Base=36km (display base; JS adds current SS)
INFO - 2025-12-27 06:24:40 --> Expansion date 2026-01-02: DB Total=36km, Saved SS=0km, Derived Base=36km (display base; JS adds current SS)
INFO - 2025-12-27 06:24:40 --> Expansion date 2026-01-02: DB Total=36km, Saved SS=0km, Derived Base=36km (display base; JS adds current SS)
INFO - 2025-12-27 06:24:40 --> Expansion date 2026-01-03: DB Total=0km, Saved SS=200km, Derived Base=0km (display base; JS adds current SS)
INFO - 2025-12-27 06:24:40 --> Expansion date 2026-01-03: DB Total=0km, Saved SS=200km, Derived Base=0km (display base; JS adds current SS)
INFO - 2025-12-27 06:24:40 --> Expansion date 2026-01-03: DB Total=0km, Saved SS=200km, Derived Base=0km (display base; JS adds current SS)
INFO - 2025-12-27 06:24:40 --> Expansion date 2026-01-03: DB Total=0km, Saved SS=200km, Derived Base=0km (display base; JS adds current SS)
INFO - 2025-12-27 06:24:40 --> Expansion date 2026-01-04: DB Total=36km, Saved SS=0km, Derived Base=36km (display base; JS adds current SS)
INFO - 2025-12-27 06:24:40 --> Expansion date 2026-01-04: DB Total=36km, Saved SS=0km, Derived Base=36km (display base; JS adds current SS)
INFO - 2025-12-27 06:24:40 --> Expansion date 2026-01-04: DB Total=36km, Saved SS=0km, Derived Base=36km (display base; JS adds current SS)
INFO - 2025-12-27 06:24:40 --> Expansion date 2026-01-04: DB Total=36km, Saved SS=0km, Derived Base=36km (display base; JS adds current SS)
DEBUG - 2025-12-27 06:24:52 --> Session: Class initialized using 'CodeIgniter\Session\Handlers\FileHandler' driver.
DEBUG - 2025-12-27 06:24:54 --> Session: Class initialized using 'CodeIgniter\Session\Handlers\FileHandler' driver.
DEBUG - 2025-12-27 06:24:54 --> Session: Class initialized using 'CodeIgniter\Session\Handlers\FileHandler' driver.
DEBUG - 2025-12-27 06:24:54 --> Session: Class initialized using 'CodeIgniter\Session\Handlers\FileHandler' driver.
DEBUG - 2025-12-27 06:25:12 --> Session: Class initialized using 'CodeIgniter\Session\Handlers\FileHandler' driver.
DEBUG - 2025-12-27 06:25:14 --> Session: Class initialized using 'CodeIgniter\Session\Handlers\FileHandler' driver.
DEBUG - 2025-12-27 06:25:14 --> Session: Class initialized using 'CodeIgniter\Session\Handlers\FileHandler' driver.
DEBUG - 2025-12-27 06:25:15 --> Session: Class initialized using 'CodeIgniter\Session\Handlers\FileHandler' driver.
INFO - 2025-12-27 06:25:15 --> Fresh itinerary: Loaded previous itinerary details from extension_ref_id 564
INFO - 2025-12-27 06:25:15 --> Fresh itinerary: Pre-loaded previous data for day 1 (date 2026-01-02, location: 9) from previous day 1
INFO - 2025-12-27 06:25:15 --> Day 1 (date 2026-01-02): No defaults loaded
INFO - 2025-12-27 06:25:15 --> Fresh itinerary: Pre-loaded previous data for day 2 (date 2026-01-03, location: 9) from previous day 2
INFO - 2025-12-27 06:25:15 --> Loaded default SS for Day 2 (date 2026-01-03): 1 items
INFO - 2025-12-27 06:25:15 --> Fresh itinerary: Pre-loaded previous data for day 3 (date 2026-01-04, location: 9) from previous day 3
INFO - 2025-12-27 06:25:15 --> Hardcoded Leisure SS auto-selected for Day 3 (date 2026-01-04, location 9)
INFO - 2025-12-27 06:25:15 --> Expansion date 2026-01-02: DB Total=36km, Saved SS=0km, Derived Base=36km (display base; JS adds current SS)
INFO - 2025-12-27 06:25:15 --> Expansion date 2026-01-02: DB Total=36km, Saved SS=0km, Derived Base=36km (display base; JS adds current SS)
INFO - 2025-12-27 06:25:15 --> Expansion date 2026-01-02: DB Total=36km, Saved SS=0km, Derived Base=36km (display base; JS adds current SS)
INFO - 2025-12-27 06:25:15 --> Expansion date 2026-01-02: DB Total=36km, Saved SS=0km, Derived Base=36km (display base; JS adds current SS)
INFO - 2025-12-27 06:25:15 --> Expansion date 2026-01-03: DB Total=0km, Saved SS=200km, Derived Base=0km (display base; JS adds current SS)
INFO - 2025-12-27 06:25:15 --> Expansion date 2026-01-03: DB Total=0km, Saved SS=200km, Derived Base=0km (display base; JS adds current SS)
INFO - 2025-12-27 06:25:15 --> Expansion date 2026-01-03: DB Total=0km, Saved SS=200km, Derived Base=0km (display base; JS adds current SS)
INFO - 2025-12-27 06:25:15 --> Expansion date 2026-01-03: DB Total=0km, Saved SS=200km, Derived Base=0km (display base; JS adds current SS)
INFO - 2025-12-27 06:25:15 --> Expansion date 2026-01-04: DB Total=36km, Saved SS=0km, Derived Base=36km (display base; JS adds current SS)
INFO - 2025-12-27 06:25:15 --> Expansion date 2026-01-04: DB Total=36km, Saved SS=0km, Derived Base=36km (display base; JS adds current SS)
INFO - 2025-12-27 06:25:15 --> Expansion date 2026-01-04: DB Total=36km, Saved SS=0km, Derived Base=36km (display base; JS adds current SS)
INFO - 2025-12-27 06:25:15 --> Expansion date 2026-01-04: DB Total=36km, Saved SS=0km, Derived Base=36km (display base; JS adds current SS)
DEBUG - 2025-12-27 06:32:58 --> Session: Class initialized using 'CodeIgniter\Session\Handlers\FileHandler' driver.
INFO - 2025-12-27 06:32:59 --> Fresh itinerary: Loaded previous itinerary details from extension_ref_id 564
INFO - 2025-12-27 06:32:59 --> Fresh itinerary: Pre-loaded previous data for day 1 (date 2026-01-02, location: 9) from previous day 1
INFO - 2025-12-27 06:32:59 --> Day 1 (date 2026-01-02): No defaults loaded
INFO - 2025-12-27 06:32:59 --> Fresh itinerary: Pre-loaded previous data for day 2 (date 2026-01-03, location: 9) from previous day 2
INFO - 2025-12-27 06:32:59 --> Loaded default SS for Day 2 (date 2026-01-03): 1 items
INFO - 2025-12-27 06:32:59 --> Fresh itinerary: Pre-loaded previous data for day 3 (date 2026-01-04, location: 9) from previous day 3
INFO - 2025-12-27 06:32:59 --> Hardcoded Leisure SS auto-selected for Day 3 (date 2026-01-04, location 9)
INFO - 2025-12-27 06:32:59 --> Expansion date 2026-01-02: DB Total=36km, Saved SS=0km, Derived Base=36km (display base; JS adds current SS)
INFO - 2025-12-27 06:32:59 --> Expansion date 2026-01-02: DB Total=36km, Saved SS=0km, Derived Base=36km (display base; JS adds current SS)
INFO - 2025-12-27 06:32:59 --> Expansion date 2026-01-02: DB Total=36km, Saved SS=0km, Derived Base=36km (display base; JS adds current SS)
INFO - 2025-12-27 06:32:59 --> Expansion date 2026-01-02: DB Total=36km, Saved SS=0km, Derived Base=36km (display base; JS adds current SS)
INFO - 2025-12-27 06:32:59 --> Expansion date 2026-01-03: DB Total=0km, Saved SS=200km, Derived Base=0km (display base; JS adds current SS)
INFO - 2025-12-27 06:32:59 --> Expansion date 2026-01-03: DB Total=0km, Saved SS=200km, Derived Base=0km (display base; JS adds current SS)
INFO - 2025-12-27 06:32:59 --> Expansion date 2026-01-03: DB Total=0km, Saved SS=200km, Derived Base=0km (display base; JS adds current SS)
INFO - 2025-12-27 06:32:59 --> Expansion date 2026-01-03: DB Total=0km, Saved SS=200km, Derived Base=0km (display base; JS adds current SS)
INFO - 2025-12-27 06:32:59 --> Expansion date 2026-01-04: DB Total=36km, Saved SS=0km, Derived Base=36km (display base; JS adds current SS)
INFO - 2025-12-27 06:32:59 --> Expansion date 2026-01-04: DB Total=36km, Saved SS=0km, Derived Base=36km (display base; JS adds current SS)
INFO - 2025-12-27 06:32:59 --> Expansion date 2026-01-04: DB Total=36km, Saved SS=0km, Derived Base=36km (display base; JS adds current SS)
INFO - 2025-12-27 06:32:59 --> Expansion date 2026-01-04: DB Total=36km, Saved SS=0km, Derived Base=36km (display base; JS adds current SS)
DEBUG - 2025-12-27 06:50:50 --> Session: Class initialized using 'CodeIgniter\Session\Handlers\FileHandler' driver.
INFO - 2025-12-27 06:50:50 --> Fresh itinerary: Loaded previous itinerary details from extension_ref_id 564
DEBUG - 2025-12-27 06:50:50 --> Fresh SS match check: Day 1 (date 2026-01-02) | Current: location='9', hotel_id=401 | Prev Day 1: location='9', hotel_id=401 | LocationMatch=YES | HotelMatch=YES
INFO - 2025-12-27 06:50:50 --> Fresh itinerary: SUCCESSFULLY pre-loaded SS, Special Events & Addons for Day 1 (date 2026-01-02, location: 9) from previous Day 1 using hotel_id match | SS count: 0
DEBUG - 2025-12-27 06:50:50 --> Fresh SS match check: Day 2 (date 2026-01-03) | Current: location='9', hotel_id=401 | Prev Day 1: location='9', hotel_id=401 | LocationMatch=YES | HotelMatch=YES
DEBUG - 2025-12-27 06:50:50 --> Fresh SS match check: Day 2 (date 2026-01-03) | Current: location='9', hotel_id=401 | Prev Day 2: location='9', hotel_id=401 | LocationMatch=YES | HotelMatch=YES
INFO - 2025-12-27 06:50:50 --> Fresh itinerary: SUCCESSFULLY pre-loaded SS, Special Events & Addons for Day 2 (date 2026-01-03, location: 9) from previous Day 2 using hotel_id match | SS count: 1
INFO - 2025-12-27 06:50:50 --> Loaded default SS for Day 2 (date 2026-01-03): 1 items
DEBUG - 2025-12-27 06:50:50 --> Fresh SS match check: Day 3 (date 2026-01-04) | Current: location='9', hotel_id=401 | Prev Day 1: location='9', hotel_id=401 | LocationMatch=YES | HotelMatch=YES
DEBUG - 2025-12-27 06:50:50 --> Fresh SS match check: Day 3 (date 2026-01-04) | Current: location='9', hotel_id=401 | Prev Day 2: location='9', hotel_id=401 | LocationMatch=YES | HotelMatch=YES
DEBUG - 2025-12-27 06:50:50 --> Fresh SS match check: Day 3 (date 2026-01-04) | Current: location='9', hotel_id=401 | Prev Day 3: location='9', hotel_id=401 | LocationMatch=YES | HotelMatch=YES
INFO - 2025-12-27 06:50:50 --> Fresh itinerary: SUCCESSFULLY pre-loaded SS, Special Events & Addons for Day 3 (date 2026-01-04, location: 9) from previous Day 3 using hotel_id match | SS count: 1
INFO - 2025-12-27 06:50:50 --> Hardcoded Leisure for Day 3 (date 2026-01-04)
INFO - 2025-12-27 06:50:50 --> Expansion date 2026-01-02: DB Total=36km, Saved SS=0km, Derived Base=36km (display base; JS adds current SS)
INFO - 2025-12-27 06:50:50 --> Expansion date 2026-01-02: DB Total=36km, Saved SS=0km, Derived Base=36km (display base; JS adds current SS)
INFO - 2025-12-27 06:50:50 --> Expansion date 2026-01-02: DB Total=36km, Saved SS=0km, Derived Base=36km (display base; JS adds current SS)
INFO - 2025-12-27 06:50:50 --> Expansion date 2026-01-02: DB Total=36km, Saved SS=0km, Derived Base=36km (display base; JS adds current SS)
INFO - 2025-12-27 06:50:50 --> Expansion date 2026-01-03: DB Total=0km, Saved SS=200km, Derived Base=0km (display base; JS adds current SS)
INFO - 2025-12-27 06:50:50 --> Expansion date 2026-01-03: DB Total=0km, Saved SS=200km, Derived Base=0km (display base; JS adds current SS)
INFO - 2025-12-27 06:50:50 --> Expansion date 2026-01-03: DB Total=0km, Saved SS=200km, Derived Base=0km (display base; JS adds current SS)
INFO - 2025-12-27 06:50:50 --> Expansion date 2026-01-03: DB Total=0km, Saved SS=200km, Derived Base=0km (display base; JS adds current SS)
INFO - 2025-12-27 06:50:50 --> Expansion date 2026-01-04: DB Total=36km, Saved SS=0km, Derived Base=36km (display base; JS adds current SS)
INFO - 2025-12-27 06:50:50 --> Expansion date 2026-01-04: DB Total=36km, Saved SS=0km, Derived Base=36km (display base; JS adds current SS)
INFO - 2025-12-27 06:50:50 --> Expansion date 2026-01-04: DB Total=36km, Saved SS=0km, Derived Base=36km (display base; JS adds current SS)
INFO - 2025-12-27 06:50:50 --> Expansion date 2026-01-04: DB Total=36km, Saved SS=0km, Derived Base=36km (display base; JS adds current SS)
DEBUG - 2025-12-27 06:51:25 --> Session: Class initialized using 'CodeIgniter\Session\Handlers\FileHandler' driver.
DEBUG - 2025-12-27 06:51:32 --> Session: Class initialized using 'CodeIgniter\Session\Handlers\FileHandler' driver.
DEBUG - 2025-12-27 06:51:34 --> Session: Class initialized using 'CodeIgniter\Session\Handlers\FileHandler' driver.
DEBUG - 2025-12-27 06:51:34 --> Session: Class initialized using 'CodeIgniter\Session\Handlers\FileHandler' driver.
DEBUG - 2025-12-27 06:51:35 --> Session: Class initialized using 'CodeIgniter\Session\Handlers\FileHandler' driver.
INFO - 2025-12-27 06:51:35 --> Fresh itinerary: Loaded previous itinerary details from extension_ref_id 564
DEBUG - 2025-12-27 06:51:35 --> Fresh SS match check: Day 1 (date 2026-01-02) | Current: location='9', hotel_id=401 | Prev Day 1: location='9', hotel_id=401 | LocationMatch=YES | HotelMatch=YES
INFO - 2025-12-27 06:51:35 --> Fresh itinerary: SUCCESSFULLY pre-loaded SS, Special Events & Addons for Day 1 (date 2026-01-02, location: 9) from previous Day 1 using hotel_id match | SS count: 0
DEBUG - 2025-12-27 06:51:35 --> Fresh SS match check: Day 2 (date 2026-01-03) | Current: location='9', hotel_id=401 | Prev Day 1: location='9', hotel_id=401 | LocationMatch=YES | HotelMatch=YES
DEBUG - 2025-12-27 06:51:35 --> Fresh SS match check: Day 2 (date 2026-01-03) | Current: location='9', hotel_id=401 | Prev Day 2: location='9', hotel_id=401 | LocationMatch=YES | HotelMatch=YES
INFO - 2025-12-27 06:51:35 --> Fresh itinerary: SUCCESSFULLY pre-loaded SS, Special Events & Addons for Day 2 (date 2026-01-03, location: 9) from previous Day 2 using hotel_id match | SS count: 1
INFO - 2025-12-27 06:51:35 --> Loaded default SS for Day 2 (date 2026-01-03): 1 items
DEBUG - 2025-12-27 06:51:35 --> Fresh SS match check: Day 3 (date 2026-01-04) | Current: location='9', hotel_id=401 | Prev Day 1: location='9', hotel_id=401 | LocationMatch=YES | HotelMatch=YES
DEBUG - 2025-12-27 06:51:35 --> Fresh SS match check: Day 3 (date 2026-01-04) | Current: location='9', hotel_id=401 | Prev Day 2: location='9', hotel_id=401 | LocationMatch=YES | HotelMatch=YES
DEBUG - 2025-12-27 06:51:35 --> Fresh SS match check: Day 3 (date 2026-01-04) | Current: location='9', hotel_id=401 | Prev Day 3: location='9', hotel_id=401 | LocationMatch=YES | HotelMatch=YES
INFO - 2025-12-27 06:51:35 --> Fresh itinerary: SUCCESSFULLY pre-loaded SS, Special Events & Addons for Day 3 (date 2026-01-04, location: 9) from previous Day 3 using hotel_id match | SS count: 1
INFO - 2025-12-27 06:51:35 --> Hardcoded Leisure for Day 3 (date 2026-01-04)
INFO - 2025-12-27 06:51:35 --> Expansion date 2026-01-02: DB Total=36km, Saved SS=0km, Derived Base=36km (display base; JS adds current SS)
INFO - 2025-12-27 06:51:35 --> Expansion date 2026-01-02: DB Total=36km, Saved SS=0km, Derived Base=36km (display base; JS adds current SS)
INFO - 2025-12-27 06:51:35 --> Expansion date 2026-01-02: DB Total=36km, Saved SS=0km, Derived Base=36km (display base; JS adds current SS)
INFO - 2025-12-27 06:51:35 --> Expansion date 2026-01-02: DB Total=36km, Saved SS=0km, Derived Base=36km (display base; JS adds current SS)
INFO - 2025-12-27 06:51:35 --> Expansion date 2026-01-03: DB Total=0km, Saved SS=200km, Derived Base=0km (display base; JS adds current SS)
INFO - 2025-12-27 06:51:35 --> Expansion date 2026-01-03: DB Total=0km, Saved SS=200km, Derived Base=0km (display base; JS adds current SS)
INFO - 2025-12-27 06:51:35 --> Expansion date 2026-01-03: DB Total=0km, Saved SS=200km, Derived Base=0km (display base; JS adds current SS)
INFO - 2025-12-27 06:51:35 --> Expansion date 2026-01-03: DB Total=0km, Saved SS=200km, Derived Base=0km (display base; JS adds current SS)
INFO - 2025-12-27 06:51:35 --> Expansion date 2026-01-04: DB Total=36km, Saved SS=0km, Derived Base=36km (display base; JS adds current SS)
INFO - 2025-12-27 06:51:35 --> Expansion date 2026-01-04: DB Total=36km, Saved SS=0km, Derived Base=36km (display base; JS adds current SS)
INFO - 2025-12-27 06:51:35 --> Expansion date 2026-01-04: DB Total=36km, Saved SS=0km, Derived Base=36km (display base; JS adds current SS)
INFO - 2025-12-27 06:51:35 --> Expansion date 2026-01-04: DB Total=36km, Saved SS=0km, Derived Base=36km (display base; JS adds current SS)
DEBUG - 2025-12-27 06:51:43 --> Session: Class initialized using 'CodeIgniter\Session\Handlers\FileHandler' driver.
DEBUG - 2025-12-27 06:51:43 --> Session: Class initialized using 'CodeIgniter\Session\Handlers\FileHandler' driver.
DEBUG - 2025-12-27 06:51:46 --> Session: Class initialized using 'CodeIgniter\Session\Handlers\FileHandler' driver.
DEBUG - 2025-12-27 06:51:46 --> Session: Class initialized using 'CodeIgniter\Session\Handlers\FileHandler' driver.
DEBUG - 2025-12-27 06:51:48 --> Session: Class initialized using 'CodeIgniter\Session\Handlers\FileHandler' driver.
DEBUG - 2025-12-27 06:51:50 --> Session: Class initialized using 'CodeIgniter\Session\Handlers\FileHandler' driver.
DEBUG - 2025-12-27 06:51:50 --> Session: Class initialized using 'CodeIgniter\Session\Handlers\FileHandler' driver.
DEBUG - 2025-12-27 06:51:52 --> Session: Class initialized using 'CodeIgniter\Session\Handlers\FileHandler' driver.
INFO - 2025-12-27 06:51:52 --> Loaded default SS for Day 2 (date 2026-01-03): 1 items
INFO - 2025-12-27 06:51:52 --> Hardcoded Leisure for Day 3 (date 2026-01-04)
INFO - 2025-12-27 06:51:52 --> Expansion date 2026-01-02: DB Total=36km, Saved SS=0km, Derived Base=36km (display base; JS adds current SS)
INFO - 2025-12-27 06:51:52 --> Expansion date 2026-01-02: DB Total=36km, Saved SS=0km, Derived Base=36km (display base; JS adds current SS)
INFO - 2025-12-27 06:51:52 --> Expansion date 2026-01-02: DB Total=36km, Saved SS=0km, Derived Base=36km (display base; JS adds current SS)
INFO - 2025-12-27 06:51:52 --> Expansion date 2026-01-02: DB Total=36km, Saved SS=0km, Derived Base=36km (display base; JS adds current SS)
INFO - 2025-12-27 06:51:52 --> Expansion date 2026-01-03: DB Total=0km, Saved SS=0km, Derived Base=0km (display base; JS adds current SS)
INFO - 2025-12-27 06:51:52 --> Expansion date 2026-01-03: DB Total=0km, Saved SS=0km, Derived Base=0km (display base; JS adds current SS)
INFO - 2025-12-27 06:51:52 --> Expansion date 2026-01-03: DB Total=0km, Saved SS=0km, Derived Base=0km (display base; JS adds current SS)
INFO - 2025-12-27 06:51:52 --> Expansion date 2026-01-03: DB Total=0km, Saved SS=0km, Derived Base=0km (display base; JS adds current SS)
INFO - 2025-12-27 06:51:52 --> Expansion date 2026-01-04: DB Total=36km, Saved SS=0km, Derived Base=36km (display base; JS adds current SS)
INFO - 2025-12-27 06:51:52 --> Expansion date 2026-01-04: DB Total=36km, Saved SS=0km, Derived Base=36km (display base; JS adds current SS)
INFO - 2025-12-27 06:51:52 --> Expansion date 2026-01-04: DB Total=36km, Saved SS=0km, Derived Base=36km (display base; JS adds current SS)
INFO - 2025-12-27 06:51:52 --> Expansion date 2026-01-04: DB Total=36km, Saved SS=0km, Derived Base=36km (display base; JS adds current SS)
DEBUG - 2025-12-27 06:51:59 --> Session: Class initialized using 'CodeIgniter\Session\Handlers\FileHandler' driver.
DEBUG - 2025-12-27 06:51:59 --> Session: Class initialized using 'CodeIgniter\Session\Handlers\FileHandler' driver.
DEBUG - 2025-12-27 06:52:01 --> Session: Class initialized using 'CodeIgniter\Session\Handlers\FileHandler' driver.
INFO - 2025-12-27 12:22:01 --> Expansion date 2026-01-02: DB Total=36km, Saved SS=0km, Derived Base=36km (display base; JS adds current SS)
INFO - 2025-12-27 12:22:01 --> Expansion date 2026-01-02: DB Total=36km, Saved SS=0km, Derived Base=36km (display base; JS adds current SS)
INFO - 2025-12-27 12:22:01 --> Expansion date 2026-01-02: DB Total=36km, Saved SS=0km, Derived Base=36km (display base; JS adds current SS)
INFO - 2025-12-27 12:22:01 --> Expansion date 2026-01-02: DB Total=36km, Saved SS=0km, Derived Base=36km (display base; JS adds current SS)
INFO - 2025-12-27 12:22:01 --> Expansion date 2026-01-03: DB Total=0km, Saved SS=200km, Derived Base=0km (display base; JS adds current SS)
INFO - 2025-12-27 12:22:01 --> Expansion date 2026-01-03: DB Total=0km, Saved SS=200km, Derived Base=0km (display base; JS adds current SS)
INFO - 2025-12-27 12:22:01 --> Expansion date 2026-01-03: DB Total=0km, Saved SS=200km, Derived Base=0km (display base; JS adds current SS)
INFO - 2025-12-27 12:22:01 --> Expansion date 2026-01-03: DB Total=0km, Saved SS=200km, Derived Base=0km (display base; JS adds current SS)
INFO - 2025-12-27 12:22:01 --> Expansion date 2026-01-04: DB Total=36km, Saved SS=0km, Derived Base=36km (display base; JS adds current SS)
INFO - 2025-12-27 12:22:01 --> Expansion date 2026-01-04: DB Total=36km, Saved SS=0km, Derived Base=36km (display base; JS adds current SS)
INFO - 2025-12-27 12:22:01 --> Expansion date 2026-01-04: DB Total=36km, Saved SS=0km, Derived Base=36km (display base; JS adds current SS)
INFO - 2025-12-27 12:22:01 --> Expansion date 2026-01-04: DB Total=36km, Saved SS=0km, Derived Base=36km (display base; JS adds current SS)
INFO - 2025-12-27 12:22:01 --> Itinerary expansion date 2026-01-02: Derived Base=36km (no SS added)
INFO - 2025-12-27 12:22:01 --> Itinerary expansion date 2026-01-02: Derived Base=36km (no SS added)
INFO - 2025-12-27 12:22:01 --> Itinerary expansion date 2026-01-02: Derived Base=36km (no SS added)
INFO - 2025-12-27 12:22:01 --> Itinerary expansion date 2026-01-02: Derived Base=36km (no SS added)
INFO - 2025-12-27 12:22:01 --> Itinerary expansion date 2026-01-03: Derived Base=0km (no SS added)
INFO - 2025-12-27 12:22:01 --> Itinerary expansion date 2026-01-03: Derived Base=0km (no SS added)
INFO - 2025-12-27 12:22:01 --> Itinerary expansion date 2026-01-03: Derived Base=0km (no SS added)
INFO - 2025-12-27 12:22:01 --> Itinerary expansion date 2026-01-03: Derived Base=0km (no SS added)
INFO - 2025-12-27 12:22:01 --> Itinerary expansion date 2026-01-04: Derived Base=0km (no SS added)
INFO - 2025-12-27 12:22:01 --> Itinerary expansion date 2026-01-04: Derived Base=0km (no SS added)
INFO - 2025-12-27 12:22:01 --> Itinerary expansion date 2026-01-04: Derived Base=0km (no SS added)
INFO - 2025-12-27 12:22:01 --> Itinerary expansion date 2026-01-04: Derived Base=0km (no SS added)
DEBUG - 2025-12-27 06:52:07 --> Session: Class initialized using 'CodeIgniter\Session\Handlers\FileHandler' driver.
DEBUG - 2025-12-27 06:52:07 --> Session: Class initialized using 'CodeIgniter\Session\Handlers\FileHandler' driver.
DEBUG - 2025-12-27 06:52:09 --> Session: Class initialized using 'CodeIgniter\Session\Handlers\FileHandler' driver.
INFO - 2025-12-27 12:22:09 --> Expansion date 2026-01-02: DB Total=36km, Saved SS=0km, Derived Base=36km (display base; JS adds current SS)
INFO - 2025-12-27 12:22:09 --> Expansion date 2026-01-02: DB Total=36km, Saved SS=0km, Derived Base=36km (display base; JS adds current SS)
INFO - 2025-12-27 12:22:09 --> Expansion date 2026-01-02: DB Total=36km, Saved SS=0km, Derived Base=36km (display base; JS adds current SS)
INFO - 2025-12-27 12:22:09 --> Expansion date 2026-01-02: DB Total=36km, Saved SS=0km, Derived Base=36km (display base; JS adds current SS)
INFO - 2025-12-27 12:22:09 --> Expansion date 2026-01-03: DB Total=0km, Saved SS=200km, Derived Base=0km (display base; JS adds current SS)
INFO - 2025-12-27 12:22:09 --> Expansion date 2026-01-03: DB Total=0km, Saved SS=200km, Derived Base=0km (display base; JS adds current SS)
INFO - 2025-12-27 12:22:09 --> Expansion date 2026-01-03: DB Total=0km, Saved SS=200km, Derived Base=0km (display base; JS adds current SS)
INFO - 2025-12-27 12:22:09 --> Expansion date 2026-01-03: DB Total=0km, Saved SS=200km, Derived Base=0km (display base; JS adds current SS)
INFO - 2025-12-27 12:22:09 --> Expansion date 2026-01-04: DB Total=36km, Saved SS=0km, Derived Base=36km (display base; JS adds current SS)
INFO - 2025-12-27 12:22:09 --> Expansion date 2026-01-04: DB Total=36km, Saved SS=0km, Derived Base=36km (display base; JS adds current SS)
INFO - 2025-12-27 12:22:09 --> Expansion date 2026-01-04: DB Total=36km, Saved SS=0km, Derived Base=36km (display base; JS adds current SS)
INFO - 2025-12-27 12:22:09 --> Expansion date 2026-01-04: DB Total=36km, Saved SS=0km, Derived Base=36km (display base; JS adds current SS)
INFO - 2025-12-27 12:22:09 --> Itinerary expansion date 2026-01-02: Derived Base=36km (no SS added)
INFO - 2025-12-27 12:22:09 --> Itinerary expansion date 2026-01-02: Derived Base=36km (no SS added)
INFO - 2025-12-27 12:22:09 --> Itinerary expansion date 2026-01-02: Derived Base=36km (no SS added)
INFO - 2025-12-27 12:22:09 --> Itinerary expansion date 2026-01-02: Derived Base=36km (no SS added)
INFO - 2025-12-27 12:22:09 --> Itinerary expansion date 2026-01-03: Derived Base=400km (no SS added)
INFO - 2025-12-27 12:22:09 --> Itinerary expansion date 2026-01-03: Derived Base=400km (no SS added)
INFO - 2025-12-27 12:22:09 --> Itinerary expansion date 2026-01-03: Derived Base=400km (no SS added)
INFO - 2025-12-27 12:22:09 --> Itinerary expansion date 2026-01-03: Derived Base=400km (no SS added)
INFO - 2025-12-27 12:22:09 --> Itinerary expansion date 2026-01-04: Derived Base=0km (no SS added)
INFO - 2025-12-27 12:22:09 --> Itinerary expansion date 2026-01-04: Derived Base=0km (no SS added)
INFO - 2025-12-27 12:22:09 --> Itinerary expansion date 2026-01-04: Derived Base=0km (no SS added)
INFO - 2025-12-27 12:22:09 --> Itinerary expansion date 2026-01-04: Derived Base=0km (no SS added)
DEBUG - 2025-12-27 06:52:13 --> Session: Class initialized using 'CodeIgniter\Session\Handlers\FileHandler' driver.
DEBUG - 2025-12-27 06:52:13 --> Session: Class initialized using 'CodeIgniter\Session\Handlers\FileHandler' driver.
DEBUG - 2025-12-27 06:52:15 --> Session: Class initialized using 'CodeIgniter\Session\Handlers\FileHandler' driver.
INFO - 2025-12-27 06:52:15 --> Expansion date 2026-01-02: DB Total=36km, Saved SS=0km, Derived Base=36km (display base; JS adds current SS)
INFO - 2025-12-27 06:52:15 --> Expansion date 2026-01-02: DB Total=36km, Saved SS=0km, Derived Base=36km (display base; JS adds current SS)
INFO - 2025-12-27 06:52:15 --> Expansion date 2026-01-02: DB Total=36km, Saved SS=0km, Derived Base=36km (display base; JS adds current SS)
INFO - 2025-12-27 06:52:15 --> Expansion date 2026-01-02: DB Total=36km, Saved SS=0km, Derived Base=36km (display base; JS adds current SS)
INFO - 2025-12-27 06:52:15 --> Expansion date 2026-01-03: DB Total=0km, Saved SS=200km, Derived Base=0km (display base; JS adds current SS)
INFO - 2025-12-27 06:52:15 --> Expansion date 2026-01-03: DB Total=0km, Saved SS=200km, Derived Base=0km (display base; JS adds current SS)
INFO - 2025-12-27 06:52:15 --> Expansion date 2026-01-03: DB Total=0km, Saved SS=200km, Derived Base=0km (display base; JS adds current SS)
INFO - 2025-12-27 06:52:15 --> Expansion date 2026-01-03: DB Total=0km, Saved SS=200km, Derived Base=0km (display base; JS adds current SS)
INFO - 2025-12-27 06:52:15 --> Expansion date 2026-01-04: DB Total=36km, Saved SS=0km, Derived Base=36km (display base; JS adds current SS)
INFO - 2025-12-27 06:52:15 --> Expansion date 2026-01-04: DB Total=36km, Saved SS=0km, Derived Base=36km (display base; JS adds current SS)
INFO - 2025-12-27 06:52:15 --> Expansion date 2026-01-04: DB Total=36km, Saved SS=0km, Derived Base=36km (display base; JS adds current SS)
INFO - 2025-12-27 06:52:15 --> Expansion date 2026-01-04: DB Total=36km, Saved SS=0km, Derived Base=36km (display base; JS adds current SS)
INFO - 2025-12-27 06:52:15 --> Itinerary expansion date 2026-01-02: Derived Base=36km (no SS added)
INFO - 2025-12-27 06:52:15 --> Itinerary expansion date 2026-01-02: Derived Base=36km (no SS added)
INFO - 2025-12-27 06:52:15 --> Itinerary expansion date 2026-01-02: Derived Base=36km (no SS added)
INFO - 2025-12-27 06:52:15 --> Itinerary expansion date 2026-01-02: Derived Base=36km (no SS added)
INFO - 2025-12-27 06:52:15 --> Itinerary expansion date 2026-01-03: Derived Base=400km (no SS added)
INFO - 2025-12-27 06:52:15 --> Itinerary expansion date 2026-01-03: Derived Base=400km (no SS added)
INFO - 2025-12-27 06:52:15 --> Itinerary expansion date 2026-01-03: Derived Base=400km (no SS added)
INFO - 2025-12-27 06:52:15 --> Itinerary expansion date 2026-01-03: Derived Base=400km (no SS added)
INFO - 2025-12-27 06:52:15 --> Itinerary expansion date 2026-01-04: Derived Base=0km (no SS added)
INFO - 2025-12-27 06:52:15 --> Itinerary expansion date 2026-01-04: Derived Base=0km (no SS added)
INFO - 2025-12-27 06:52:15 --> Itinerary expansion date 2026-01-04: Derived Base=0km (no SS added)
INFO - 2025-12-27 06:52:15 --> Itinerary expansion date 2026-01-04: Derived Base=0km (no SS added)
DEBUG - 2025-12-27 06:52:18 --> Session: Class initialized using 'CodeIgniter\Session\Handlers\FileHandler' driver.
DEBUG - 2025-12-27 06:52:18 --> Session: Class initialized using 'CodeIgniter\Session\Handlers\FileHandler' driver.
DEBUG - 2025-12-27 06:52:19 --> Session: Class initialized using 'CodeIgniter\Session\Handlers\FileHandler' driver.
INFO - 2025-12-27 12:22:19 --> Expansion date 2026-01-02: DB Total=36km, Saved SS=0km, Derived Base=36km (display base; JS adds current SS)
INFO - 2025-12-27 12:22:19 --> Expansion date 2026-01-02: DB Total=36km, Saved SS=0km, Derived Base=36km (display base; JS adds current SS)
INFO - 2025-12-27 12:22:19 --> Expansion date 2026-01-02: DB Total=36km, Saved SS=0km, Derived Base=36km (display base; JS adds current SS)
INFO - 2025-12-27 12:22:19 --> Expansion date 2026-01-02: DB Total=36km, Saved SS=0km, Derived Base=36km (display base; JS adds current SS)
INFO - 2025-12-27 12:22:19 --> Expansion date 2026-01-03: DB Total=0km, Saved SS=200km, Derived Base=0km (display base; JS adds current SS)
INFO - 2025-12-27 12:22:19 --> Expansion date 2026-01-03: DB Total=0km, Saved SS=200km, Derived Base=0km (display base; JS adds current SS)
INFO - 2025-12-27 12:22:19 --> Expansion date 2026-01-03: DB Total=0km, Saved SS=200km, Derived Base=0km (display base; JS adds current SS)
INFO - 2025-12-27 12:22:19 --> Expansion date 2026-01-03: DB Total=0km, Saved SS=200km, Derived Base=0km (display base; JS adds current SS)
INFO - 2025-12-27 12:22:19 --> Expansion date 2026-01-04: DB Total=36km, Saved SS=0km, Derived Base=36km (display base; JS adds current SS)
INFO - 2025-12-27 12:22:19 --> Expansion date 2026-01-04: DB Total=36km, Saved SS=0km, Derived Base=36km (display base; JS adds current SS)
INFO - 2025-12-27 12:22:19 --> Expansion date 2026-01-04: DB Total=36km, Saved SS=0km, Derived Base=36km (display base; JS adds current SS)
INFO - 2025-12-27 12:22:19 --> Expansion date 2026-01-04: DB Total=36km, Saved SS=0km, Derived Base=36km (display base; JS adds current SS)
INFO - 2025-12-27 12:22:19 --> Itinerary expansion date 2026-01-02: Derived Base=36km (no SS added)
INFO - 2025-12-27 12:22:19 --> Itinerary expansion date 2026-01-02: Derived Base=36km (no SS added)
INFO - 2025-12-27 12:22:19 --> Itinerary expansion date 2026-01-02: Derived Base=36km (no SS added)
INFO - 2025-12-27 12:22:19 --> Itinerary expansion date 2026-01-02: Derived Base=36km (no SS added)
INFO - 2025-12-27 12:22:19 --> Itinerary expansion date 2026-01-03: Derived Base=0km (no SS added)
INFO - 2025-12-27 12:22:19 --> Itinerary expansion date 2026-01-03: Derived Base=0km (no SS added)
INFO - 2025-12-27 12:22:19 --> Itinerary expansion date 2026-01-03: Derived Base=0km (no SS added)
INFO - 2025-12-27 12:22:19 --> Itinerary expansion date 2026-01-03: Derived Base=0km (no SS added)
INFO - 2025-12-27 12:22:19 --> Itinerary expansion date 2026-01-04: Derived Base=0km (no SS added)
INFO - 2025-12-27 12:22:19 --> Itinerary expansion date 2026-01-04: Derived Base=0km (no SS added)
INFO - 2025-12-27 12:22:19 --> Itinerary expansion date 2026-01-04: Derived Base=0km (no SS added)
INFO - 2025-12-27 12:22:19 --> Itinerary expansion date 2026-01-04: Derived Base=0km (no SS added)
DEBUG - 2025-12-27 06:52:23 --> Session: Class initialized using 'CodeIgniter\Session\Handlers\FileHandler' driver.
DEBUG - 2025-12-27 06:52:23 --> Session: Class initialized using 'CodeIgniter\Session\Handlers\FileHandler' driver.
DEBUG - 2025-12-27 06:52:24 --> Session: Class initialized using 'CodeIgniter\Session\Handlers\FileHandler' driver.
INFO - 2025-12-27 06:52:24 --> Expansion date 2026-01-02: DB Total=36km, Saved SS=0km, Derived Base=36km (display base; JS adds current SS)
INFO - 2025-12-27 06:52:24 --> Expansion date 2026-01-02: DB Total=36km, Saved SS=0km, Derived Base=36km (display base; JS adds current SS)
INFO - 2025-12-27 06:52:24 --> Expansion date 2026-01-02: DB Total=36km, Saved SS=0km, Derived Base=36km (display base; JS adds current SS)
INFO - 2025-12-27 06:52:24 --> Expansion date 2026-01-02: DB Total=36km, Saved SS=0km, Derived Base=36km (display base; JS adds current SS)
INFO - 2025-12-27 06:52:24 --> Expansion date 2026-01-03: DB Total=0km, Saved SS=200km, Derived Base=0km (display base; JS adds current SS)
INFO - 2025-12-27 06:52:24 --> Expansion date 2026-01-03: DB Total=0km, Saved SS=200km, Derived Base=0km (display base; JS adds current SS)
INFO - 2025-12-27 06:52:24 --> Expansion date 2026-01-03: DB Total=0km, Saved SS=200km, Derived Base=0km (display base; JS adds current SS)
INFO - 2025-12-27 06:52:24 --> Expansion date 2026-01-03: DB Total=0km, Saved SS=200km, Derived Base=0km (display base; JS adds current SS)
INFO - 2025-12-27 06:52:24 --> Expansion date 2026-01-04: DB Total=36km, Saved SS=0km, Derived Base=36km (display base; JS adds current SS)
INFO - 2025-12-27 06:52:24 --> Expansion date 2026-01-04: DB Total=36km, Saved SS=0km, Derived Base=36km (display base; JS adds current SS)
INFO - 2025-12-27 06:52:24 --> Expansion date 2026-01-04: DB Total=36km, Saved SS=0km, Derived Base=36km (display base; JS adds current SS)
INFO - 2025-12-27 06:52:24 --> Expansion date 2026-01-04: DB Total=36km, Saved SS=0km, Derived Base=36km (display base; JS adds current SS)
INFO - 2025-12-27 06:52:24 --> Itinerary expansion date 2026-01-02: Derived Base=36km (no SS added)
INFO - 2025-12-27 06:52:24 --> Itinerary expansion date 2026-01-02: Derived Base=36km (no SS added)
INFO - 2025-12-27 06:52:24 --> Itinerary expansion date 2026-01-02: Derived Base=36km (no SS added)
INFO - 2025-12-27 06:52:24 --> Itinerary expansion date 2026-01-02: Derived Base=36km (no SS added)
INFO - 2025-12-27 06:52:24 --> Itinerary expansion date 2026-01-03: Derived Base=0km (no SS added)
INFO - 2025-12-27 06:52:24 --> Itinerary expansion date 2026-01-03: Derived Base=0km (no SS added)
INFO - 2025-12-27 06:52:24 --> Itinerary expansion date 2026-01-03: Derived Base=0km (no SS added)
INFO - 2025-12-27 06:52:24 --> Itinerary expansion date 2026-01-03: Derived Base=0km (no SS added)
INFO - 2025-12-27 06:52:24 --> Itinerary expansion date 2026-01-04: Derived Base=0km (no SS added)
INFO - 2025-12-27 06:52:24 --> Itinerary expansion date 2026-01-04: Derived Base=0km (no SS added)
INFO - 2025-12-27 06:52:24 --> Itinerary expansion date 2026-01-04: Derived Base=0km (no SS added)
INFO - 2025-12-27 06:52:24 --> Itinerary expansion date 2026-01-04: Derived Base=0km (no SS added)
DEBUG - 2025-12-27 06:52:28 --> Session: Class initialized using 'CodeIgniter\Session\Handlers\FileHandler' driver.
DEBUG - 2025-12-27 06:52:28 --> Session: Class initialized using 'CodeIgniter\Session\Handlers\FileHandler' driver.
DEBUG - 2025-12-27 06:52:30 --> Session: Class initialized using 'CodeIgniter\Session\Handlers\FileHandler' driver.
INFO - 2025-12-27 06:52:30 --> Expansion date 2026-01-02: DB Total=36km, Saved SS=0km, Derived Base=36km (display base; JS adds current SS)
INFO - 2025-12-27 06:52:30 --> Expansion date 2026-01-02: DB Total=36km, Saved SS=0km, Derived Base=36km (display base; JS adds current SS)
INFO - 2025-12-27 06:52:30 --> Expansion date 2026-01-02: DB Total=36km, Saved SS=0km, Derived Base=36km (display base; JS adds current SS)
INFO - 2025-12-27 06:52:30 --> Expansion date 2026-01-02: DB Total=36km, Saved SS=0km, Derived Base=36km (display base; JS adds current SS)
INFO - 2025-12-27 06:52:30 --> Expansion date 2026-01-03: DB Total=0km, Saved SS=200km, Derived Base=0km (display base; JS adds current SS)
INFO - 2025-12-27 06:52:30 --> Expansion date 2026-01-03: DB Total=0km, Saved SS=200km, Derived Base=0km (display base; JS adds current SS)
INFO - 2025-12-27 06:52:30 --> Expansion date 2026-01-03: DB Total=0km, Saved SS=200km, Derived Base=0km (display base; JS adds current SS)
INFO - 2025-12-27 06:52:30 --> Expansion date 2026-01-03: DB Total=0km, Saved SS=200km, Derived Base=0km (display base; JS adds current SS)
INFO - 2025-12-27 06:52:30 --> Expansion date 2026-01-04: DB Total=36km, Saved SS=0km, Derived Base=36km (display base; JS adds current SS)
INFO - 2025-12-27 06:52:30 --> Expansion date 2026-01-04: DB Total=36km, Saved SS=0km, Derived Base=36km (display base; JS adds current SS)
INFO - 2025-12-27 06:52:30 --> Expansion date 2026-01-04: DB Total=36km, Saved SS=0km, Derived Base=36km (display base; JS adds current SS)
INFO - 2025-12-27 06:52:30 --> Expansion date 2026-01-04: DB Total=36km, Saved SS=0km, Derived Base=36km (display base; JS adds current SS)
INFO - 2025-12-27 06:52:30 --> Itinerary expansion date 2026-01-02: Derived Base=36km (no SS added)
INFO - 2025-12-27 06:52:30 --> Itinerary expansion date 2026-01-02: Derived Base=36km (no SS added)
INFO - 2025-12-27 06:52:30 --> Itinerary expansion date 2026-01-02: Derived Base=36km (no SS added)
INFO - 2025-12-27 06:52:30 --> Itinerary expansion date 2026-01-02: Derived Base=36km (no SS added)
INFO - 2025-12-27 06:52:30 --> Itinerary expansion date 2026-01-03: Derived Base=0km (no SS added)
INFO - 2025-12-27 06:52:30 --> Itinerary expansion date 2026-01-03: Derived Base=0km (no SS added)
INFO - 2025-12-27 06:52:30 --> Itinerary expansion date 2026-01-03: Derived Base=0km (no SS added)
INFO - 2025-12-27 06:52:30 --> Itinerary expansion date 2026-01-03: Derived Base=0km (no SS added)
INFO - 2025-12-27 06:52:30 --> Itinerary expansion date 2026-01-04: Derived Base=0km (no SS added)
INFO - 2025-12-27 06:52:30 --> Itinerary expansion date 2026-01-04: Derived Base=0km (no SS added)
INFO - 2025-12-27 06:52:30 --> Itinerary expansion date 2026-01-04: Derived Base=0km (no SS added)
INFO - 2025-12-27 06:52:30 --> Itinerary expansion date 2026-01-04: Derived Base=0km (no SS added)
DEBUG - 2025-12-27 06:52:34 --> Session: Class initialized using 'CodeIgniter\Session\Handlers\FileHandler' driver.
INFO - 2025-12-27 06:52:34 --> Expansion date 2026-01-02: DB Total=36km, Saved SS=0km, Derived Base=36km (display base; JS adds current SS)
INFO - 2025-12-27 06:52:34 --> Expansion date 2026-01-02: DB Total=36km, Saved SS=0km, Derived Base=36km (display base; JS adds current SS)
INFO - 2025-12-27 06:52:34 --> Expansion date 2026-01-02: DB Total=36km, Saved SS=0km, Derived Base=36km (display base; JS adds current SS)
INFO - 2025-12-27 06:52:34 --> Expansion date 2026-01-02: DB Total=36km, Saved SS=0km, Derived Base=36km (display base; JS adds current SS)
INFO - 2025-12-27 06:52:34 --> Expansion date 2026-01-03: DB Total=0km, Saved SS=200km, Derived Base=0km (display base; JS adds current SS)
INFO - 2025-12-27 06:52:34 --> Expansion date 2026-01-03: DB Total=0km, Saved SS=200km, Derived Base=0km (display base; JS adds current SS)
INFO - 2025-12-27 06:52:34 --> Expansion date 2026-01-03: DB Total=0km, Saved SS=200km, Derived Base=0km (display base; JS adds current SS)
INFO - 2025-12-27 06:52:34 --> Expansion date 2026-01-03: DB Total=0km, Saved SS=200km, Derived Base=0km (display base; JS adds current SS)
INFO - 2025-12-27 06:52:34 --> Expansion date 2026-01-04: DB Total=36km, Saved SS=0km, Derived Base=36km (display base; JS adds current SS)
INFO - 2025-12-27 06:52:34 --> Expansion date 2026-01-04: DB Total=36km, Saved SS=0km, Derived Base=36km (display base; JS adds current SS)
INFO - 2025-12-27 06:52:34 --> Expansion date 2026-01-04: DB Total=36km, Saved SS=0km, Derived Base=36km (display base; JS adds current SS)
INFO - 2025-12-27 06:52:34 --> Expansion date 2026-01-04: DB Total=36km, Saved SS=0km, Derived Base=36km (display base; JS adds current SS)
INFO - 2025-12-27 06:52:34 --> Itinerary expansion date 2026-01-02: Derived Base=36km (no SS added)
INFO - 2025-12-27 06:52:34 --> Itinerary expansion date 2026-01-02: Derived Base=36km (no SS added)
INFO - 2025-12-27 06:52:34 --> Itinerary expansion date 2026-01-02: Derived Base=36km (no SS added)
INFO - 2025-12-27 06:52:34 --> Itinerary expansion date 2026-01-02: Derived Base=36km (no SS added)
INFO - 2025-12-27 06:52:34 --> Itinerary expansion date 2026-01-03: Derived Base=0km (no SS added)
INFO - 2025-12-27 06:52:34 --> Itinerary expansion date 2026-01-03: Derived Base=0km (no SS added)
INFO - 2025-12-27 06:52:34 --> Itinerary expansion date 2026-01-03: Derived Base=0km (no SS added)
INFO - 2025-12-27 06:52:34 --> Itinerary expansion date 2026-01-03: Derived Base=0km (no SS added)
INFO - 2025-12-27 06:52:34 --> Itinerary expansion date 2026-01-04: Derived Base=0km (no SS added)
INFO - 2025-12-27 06:52:34 --> Itinerary expansion date 2026-01-04: Derived Base=0km (no SS added)
INFO - 2025-12-27 06:52:34 --> Itinerary expansion date 2026-01-04: Derived Base=0km (no SS added)
INFO - 2025-12-27 06:52:34 --> Itinerary expansion date 2026-01-04: Derived Base=0km (no SS added)
DEBUG - 2025-12-27 06:52:38 --> Session: Class initialized using 'CodeIgniter\Session\Handlers\FileHandler' driver.
DEBUG - 2025-12-27 06:52:38 --> Session: Class initialized using 'CodeIgniter\Session\Handlers\FileHandler' driver.
DEBUG - 2025-12-27 06:52:39 --> Session: Class initialized using 'CodeIgniter\Session\Handlers\FileHandler' driver.
INFO - 2025-12-27 12:22:40 --> Expansion date 2026-01-02: DB Total=36km, Saved SS=0km, Derived Base=36km (display base; JS adds current SS)
INFO - 2025-12-27 12:22:40 --> Expansion date 2026-01-02: DB Total=36km, Saved SS=0km, Derived Base=36km (display base; JS adds current SS)
INFO - 2025-12-27 12:22:40 --> Expansion date 2026-01-02: DB Total=36km, Saved SS=0km, Derived Base=36km (display base; JS adds current SS)
INFO - 2025-12-27 12:22:40 --> Expansion date 2026-01-02: DB Total=36km, Saved SS=0km, Derived Base=36km (display base; JS adds current SS)
INFO - 2025-12-27 12:22:40 --> Expansion date 2026-01-03: DB Total=0km, Saved SS=200km, Derived Base=0km (display base; JS adds current SS)
INFO - 2025-12-27 12:22:40 --> Expansion date 2026-01-03: DB Total=0km, Saved SS=200km, Derived Base=0km (display base; JS adds current SS)
INFO - 2025-12-27 12:22:40 --> Expansion date 2026-01-03: DB Total=0km, Saved SS=200km, Derived Base=0km (display base; JS adds current SS)
INFO - 2025-12-27 12:22:40 --> Expansion date 2026-01-03: DB Total=0km, Saved SS=200km, Derived Base=0km (display base; JS adds current SS)
INFO - 2025-12-27 12:22:40 --> Expansion date 2026-01-04: DB Total=36km, Saved SS=0km, Derived Base=36km (display base; JS adds current SS)
INFO - 2025-12-27 12:22:40 --> Expansion date 2026-01-04: DB Total=36km, Saved SS=0km, Derived Base=36km (display base; JS adds current SS)
INFO - 2025-12-27 12:22:40 --> Expansion date 2026-01-04: DB Total=36km, Saved SS=0km, Derived Base=36km (display base; JS adds current SS)
INFO - 2025-12-27 12:22:40 --> Expansion date 2026-01-04: DB Total=36km, Saved SS=0km, Derived Base=36km (display base; JS adds current SS)
INFO - 2025-12-27 12:22:40 --> Itinerary expansion date 2026-01-02: Derived Base=36km (no SS added)
INFO - 2025-12-27 12:22:40 --> Itinerary expansion date 2026-01-02: Derived Base=36km (no SS added)
INFO - 2025-12-27 12:22:40 --> Itinerary expansion date 2026-01-02: Derived Base=36km (no SS added)
INFO - 2025-12-27 12:22:40 --> Itinerary expansion date 2026-01-02: Derived Base=36km (no SS added)
INFO - 2025-12-27 12:22:40 --> Itinerary expansion date 2026-01-03: Derived Base=600km (no SS added)
INFO - 2025-12-27 12:22:40 --> Itinerary expansion date 2026-01-03: Derived Base=600km (no SS added)
INFO - 2025-12-27 12:22:40 --> Itinerary expansion date 2026-01-03: Derived Base=600km (no SS added)
INFO - 2025-12-27 12:22:40 --> Itinerary expansion date 2026-01-03: Derived Base=600km (no SS added)
INFO - 2025-12-27 12:22:40 --> Itinerary expansion date 2026-01-04: Derived Base=0km (no SS added)
INFO - 2025-12-27 12:22:40 --> Itinerary expansion date 2026-01-04: Derived Base=0km (no SS added)
INFO - 2025-12-27 12:22:40 --> Itinerary expansion date 2026-01-04: Derived Base=0km (no SS added)
INFO - 2025-12-27 12:22:40 --> Itinerary expansion date 2026-01-04: Derived Base=0km (no SS added)
DEBUG - 2025-12-27 06:52:43 --> Session: Class initialized using 'CodeIgniter\Session\Handlers\FileHandler' driver.
DEBUG - 2025-12-27 06:52:43 --> Session: Class initialized using 'CodeIgniter\Session\Handlers\FileHandler' driver.
DEBUG - 2025-12-27 06:52:44 --> Session: Class initialized using 'CodeIgniter\Session\Handlers\FileHandler' driver.
INFO - 2025-12-27 06:52:44 --> Expansion date 2026-01-02: DB Total=36km, Saved SS=0km, Derived Base=36km (display base; JS adds current SS)
INFO - 2025-12-27 06:52:44 --> Expansion date 2026-01-02: DB Total=36km, Saved SS=0km, Derived Base=36km (display base; JS adds current SS)
INFO - 2025-12-27 06:52:44 --> Expansion date 2026-01-02: DB Total=36km, Saved SS=0km, Derived Base=36km (display base; JS adds current SS)
INFO - 2025-12-27 06:52:44 --> Expansion date 2026-01-02: DB Total=36km, Saved SS=0km, Derived Base=36km (display base; JS adds current SS)
INFO - 2025-12-27 06:52:44 --> Expansion date 2026-01-03: DB Total=0km, Saved SS=200km, Derived Base=0km (display base; JS adds current SS)
INFO - 2025-12-27 06:52:44 --> Expansion date 2026-01-03: DB Total=0km, Saved SS=200km, Derived Base=0km (display base; JS adds current SS)
INFO - 2025-12-27 06:52:44 --> Expansion date 2026-01-03: DB Total=0km, Saved SS=200km, Derived Base=0km (display base; JS adds current SS)
INFO - 2025-12-27 06:52:44 --> Expansion date 2026-01-03: DB Total=0km, Saved SS=200km, Derived Base=0km (display base; JS adds current SS)
INFO - 2025-12-27 06:52:44 --> Expansion date 2026-01-04: DB Total=36km, Saved SS=0km, Derived Base=36km (display base; JS adds current SS)
INFO - 2025-12-27 06:52:44 --> Expansion date 2026-01-04: DB Total=36km, Saved SS=0km, Derived Base=36km (display base; JS adds current SS)
INFO - 2025-12-27 06:52:44 --> Expansion date 2026-01-04: DB Total=36km, Saved SS=0km, Derived Base=36km (display base; JS adds current SS)
INFO - 2025-12-27 06:52:44 --> Expansion date 2026-01-04: DB Total=36km, Saved SS=0km, Derived Base=36km (display base; JS adds current SS)
INFO - 2025-12-27 06:52:44 --> Itinerary expansion date 2026-01-02: Derived Base=36km (no SS added)
INFO - 2025-12-27 06:52:44 --> Itinerary expansion date 2026-01-02: Derived Base=36km (no SS added)
INFO - 2025-12-27 06:52:44 --> Itinerary expansion date 2026-01-02: Derived Base=36km (no SS added)
INFO - 2025-12-27 06:52:44 --> Itinerary expansion date 2026-01-02: Derived Base=36km (no SS added)
INFO - 2025-12-27 06:52:44 --> Itinerary expansion date 2026-01-03: Derived Base=600km (no SS added)
INFO - 2025-12-27 06:52:44 --> Itinerary expansion date 2026-01-03: Derived Base=600km (no SS added)
INFO - 2025-12-27 06:52:44 --> Itinerary expansion date 2026-01-03: Derived Base=600km (no SS added)
INFO - 2025-12-27 06:52:44 --> Itinerary expansion date 2026-01-03: Derived Base=600km (no SS added)
INFO - 2025-12-27 06:52:44 --> Itinerary expansion date 2026-01-04: Derived Base=0km (no SS added)
INFO - 2025-12-27 06:52:44 --> Itinerary expansion date 2026-01-04: Derived Base=0km (no SS added)
INFO - 2025-12-27 06:52:45 --> Itinerary expansion date 2026-01-04: Derived Base=0km (no SS added)
INFO - 2025-12-27 06:52:45 --> Itinerary expansion date 2026-01-04: Derived Base=0km (no SS added)
DEBUG - 2025-12-27 06:52:48 --> Session: Class initialized using 'CodeIgniter\Session\Handlers\FileHandler' driver.
DEBUG - 2025-12-27 06:52:48 --> Session: Class initialized using 'CodeIgniter\Session\Handlers\FileHandler' driver.
DEBUG - 2025-12-27 06:52:50 --> Session: Class initialized using 'CodeIgniter\Session\Handlers\FileHandler' driver.
INFO - 2025-12-27 12:22:50 --> Expansion date 2026-01-02: DB Total=36km, Saved SS=0km, Derived Base=36km (display base; JS adds current SS)
INFO - 2025-12-27 12:22:50 --> Expansion date 2026-01-02: DB Total=36km, Saved SS=0km, Derived Base=36km (display base; JS adds current SS)
INFO - 2025-12-27 12:22:50 --> Expansion date 2026-01-02: DB Total=36km, Saved SS=0km, Derived Base=36km (display base; JS adds current SS)
INFO - 2025-12-27 12:22:50 --> Expansion date 2026-01-02: DB Total=36km, Saved SS=0km, Derived Base=36km (display base; JS adds current SS)
INFO - 2025-12-27 12:22:50 --> Expansion date 2026-01-03: DB Total=0km, Saved SS=200km, Derived Base=0km (display base; JS adds current SS)
INFO - 2025-12-27 12:22:50 --> Expansion date 2026-01-03: DB Total=0km, Saved SS=200km, Derived Base=0km (display base; JS adds current SS)
INFO - 2025-12-27 12:22:50 --> Expansion date 2026-01-03: DB Total=0km, Saved SS=200km, Derived Base=0km (display base; JS adds current SS)
INFO - 2025-12-27 12:22:50 --> Expansion date 2026-01-03: DB Total=0km, Saved SS=200km, Derived Base=0km (display base; JS adds current SS)
INFO - 2025-12-27 12:22:50 --> Expansion date 2026-01-04: DB Total=36km, Saved SS=0km, Derived Base=36km (display base; JS adds current SS)
INFO - 2025-12-27 12:22:50 --> Expansion date 2026-01-04: DB Total=36km, Saved SS=0km, Derived Base=36km (display base; JS adds current SS)
INFO - 2025-12-27 12:22:50 --> Expansion date 2026-01-04: DB Total=36km, Saved SS=0km, Derived Base=36km (display base; JS adds current SS)
INFO - 2025-12-27 12:22:50 --> Expansion date 2026-01-04: DB Total=36km, Saved SS=0km, Derived Base=36km (display base; JS adds current SS)
INFO - 2025-12-27 12:22:50 --> Itinerary expansion date 2026-01-02: Derived Base=36km (no SS added)
INFO - 2025-12-27 12:22:50 --> Itinerary expansion date 2026-01-02: Derived Base=36km (no SS added)
INFO - 2025-12-27 12:22:50 --> Itinerary expansion date 2026-01-02: Derived Base=36km (no SS added)
INFO - 2025-12-27 12:22:50 --> Itinerary expansion date 2026-01-02: Derived Base=36km (no SS added)
INFO - 2025-12-27 12:22:50 --> Itinerary expansion date 2026-01-03: Derived Base=0km (no SS added)
INFO - 2025-12-27 12:22:50 --> Itinerary expansion date 2026-01-03: Derived Base=0km (no SS added)
INFO - 2025-12-27 12:22:50 --> Itinerary expansion date 2026-01-03: Derived Base=0km (no SS added)
INFO - 2025-12-27 12:22:50 --> Itinerary expansion date 2026-01-03: Derived Base=0km (no SS added)
INFO - 2025-12-27 12:22:50 --> Itinerary expansion date 2026-01-04: Derived Base=0km (no SS added)
INFO - 2025-12-27 12:22:50 --> Itinerary expansion date 2026-01-04: Derived Base=0km (no SS added)
INFO - 2025-12-27 12:22:50 --> Itinerary expansion date 2026-01-04: Derived Base=0km (no SS added)
INFO - 2025-12-27 12:22:50 --> Itinerary expansion date 2026-01-04: Derived Base=0km (no SS added)
DEBUG - 2025-12-27 06:52:54 --> Session: Class initialized using 'CodeIgniter\Session\Handlers\FileHandler' driver.
DEBUG - 2025-12-27 06:52:54 --> Session: Class initialized using 'CodeIgniter\Session\Handlers\FileHandler' driver.
DEBUG - 2025-12-27 06:53:00 --> Session: Class initialized using 'CodeIgniter\Session\Handlers\FileHandler' driver.
DEBUG - 2025-12-27 06:53:02 --> Session: Class initialized using 'CodeIgniter\Session\Handlers\FileHandler' driver.
DEBUG - 2025-12-27 06:53:02 --> Session: Class initialized using 'CodeIgniter\Session\Handlers\FileHandler' driver.
DEBUG - 2025-12-27 06:53:02 --> Session: Class initialized using 'CodeIgniter\Session\Handlers\FileHandler' driver.
DEBUG - 2025-12-27 06:53:10 --> Session: Class initialized using 'CodeIgniter\Session\Handlers\FileHandler' driver.
DEBUG - 2025-12-27 06:53:12 --> Session: Class initialized using 'CodeIgniter\Session\Handlers\FileHandler' driver.
DEBUG - 2025-12-27 06:53:12 --> Session: Class initialized using 'CodeIgniter\Session\Handlers\FileHandler' driver.
DEBUG - 2025-12-27 06:53:19 --> Session: Class initialized using 'CodeIgniter\Session\Handlers\FileHandler' driver.
INFO - 2025-12-27 06:53:19 --> Fresh itinerary: Loaded previous itinerary details from extension_ref_id 564
DEBUG - 2025-12-27 06:53:19 --> Fresh SS match check: Day 1 (date 2026-01-02) | Current: location='9', hotel_id=401 | Prev Day 1: location='9', hotel_id=401 | LocationMatch=YES | HotelMatch=YES
INFO - 2025-12-27 06:53:19 --> Fresh itinerary: SUCCESSFULLY pre-loaded SS, Special Events & Addons for Day 1 (date 2026-01-02, location: 9) from previous Day 1 using hotel_id match | SS count: 0
DEBUG - 2025-12-27 06:53:19 --> Fresh SS match check: Day 2 (date 2026-01-03) | Current: location='9', hotel_id=401 | Prev Day 1: location='9', hotel_id=401 | LocationMatch=YES | HotelMatch=YES
DEBUG - 2025-12-27 06:53:19 --> Fresh SS match check: Day 2 (date 2026-01-03) | Current: location='9', hotel_id=401 | Prev Day 2: location='9', hotel_id=401 | LocationMatch=YES | HotelMatch=YES
INFO - 2025-12-27 06:53:19 --> Fresh itinerary: SUCCESSFULLY pre-loaded SS, Special Events & Addons for Day 2 (date 2026-01-03, location: 9) from previous Day 2 using hotel_id match | SS count: 1
INFO - 2025-12-27 06:53:19 --> Loaded default SS for Day 2 (date 2026-01-03): 1 items
DEBUG - 2025-12-27 06:53:19 --> Fresh SS match check: Day 3 (date 2026-01-04) | Current: location='9', hotel_id=401 | Prev Day 1: location='9', hotel_id=401 | LocationMatch=YES | HotelMatch=YES
DEBUG - 2025-12-27 06:53:19 --> Fresh SS match check: Day 3 (date 2026-01-04) | Current: location='9', hotel_id=401 | Prev Day 2: location='9', hotel_id=401 | LocationMatch=YES | HotelMatch=YES
DEBUG - 2025-12-27 06:53:19 --> Fresh SS match check: Day 3 (date 2026-01-04) | Current: location='9', hotel_id=401 | Prev Day 3: location='9', hotel_id=401 | LocationMatch=YES | HotelMatch=YES
INFO - 2025-12-27 06:53:19 --> Fresh itinerary: SUCCESSFULLY pre-loaded SS, Special Events & Addons for Day 3 (date 2026-01-04, location: 9) from previous Day 3 using hotel_id match | SS count: 1
INFO - 2025-12-27 06:53:19 --> Hardcoded Leisure for Day 3 (date 2026-01-04)
INFO - 2025-12-27 06:53:19 --> Expansion date 2026-01-02: DB Total=36km, Saved SS=0km, Derived Base=36km (display base; JS adds current SS)
INFO - 2025-12-27 06:53:19 --> Expansion date 2026-01-02: DB Total=36km, Saved SS=0km, Derived Base=36km (display base; JS adds current SS)
INFO - 2025-12-27 06:53:19 --> Expansion date 2026-01-02: DB Total=36km, Saved SS=0km, Derived Base=36km (display base; JS adds current SS)
INFO - 2025-12-27 06:53:19 --> Expansion date 2026-01-02: DB Total=36km, Saved SS=0km, Derived Base=36km (display base; JS adds current SS)
INFO - 2025-12-27 06:53:19 --> Expansion date 2026-01-03: DB Total=0km, Saved SS=200km, Derived Base=0km (display base; JS adds current SS)
INFO - 2025-12-27 06:53:19 --> Expansion date 2026-01-03: DB Total=0km, Saved SS=200km, Derived Base=0km (display base; JS adds current SS)
INFO - 2025-12-27 06:53:19 --> Expansion date 2026-01-03: DB Total=0km, Saved SS=200km, Derived Base=0km (display base; JS adds current SS)
INFO - 2025-12-27 06:53:19 --> Expansion date 2026-01-03: DB Total=0km, Saved SS=200km, Derived Base=0km (display base; JS adds current SS)
INFO - 2025-12-27 06:53:19 --> Expansion date 2026-01-04: DB Total=36km, Saved SS=0km, Derived Base=36km (display base; JS adds current SS)
INFO - 2025-12-27 06:53:19 --> Expansion date 2026-01-04: DB Total=36km, Saved SS=0km, Derived Base=36km (display base; JS adds current SS)
INFO - 2025-12-27 06:53:19 --> Expansion date 2026-01-04: DB Total=36km, Saved SS=0km, Derived Base=36km (display base; JS adds current SS)
INFO - 2025-12-27 06:53:19 --> Expansion date 2026-01-04: DB Total=36km, Saved SS=0km, Derived Base=36km (display base; JS adds current SS)
DEBUG - 2025-12-27 06:54:11 --> Session: Class initialized using 'CodeIgniter\Session\Handlers\FileHandler' driver.
DEBUG - 2025-12-27 06:54:11 --> Session: Class initialized using 'CodeIgniter\Session\Handlers\FileHandler' driver.
INFO - 2025-12-27 06:54:11 --> Fresh itinerary: Loaded previous itinerary details from extension_ref_id 564
INFO - 2025-12-27 06:54:11 --> Expansion date 2026-01-02: DB Total=36km, Saved SS=250km, Derived Base=0km (display base; JS adds current SS)
INFO - 2025-12-27 06:54:11 --> Expansion date 2026-01-02: DB Total=36km, Saved SS=250km, Derived Base=0km (display base; JS adds current SS)
INFO - 2025-12-27 06:54:11 --> Expansion date 2026-01-02: DB Total=36km, Saved SS=250km, Derived Base=0km (display base; JS adds current SS)
INFO - 2025-12-27 06:54:11 --> Expansion date 2026-01-02: DB Total=36km, Saved SS=250km, Derived Base=0km (display base; JS adds current SS)
INFO - 2025-12-27 06:54:11 --> Expansion date 2026-01-03: DB Total=0km, Saved SS=200km, Derived Base=0km (display base; JS adds current SS)
INFO - 2025-12-27 06:54:11 --> Expansion date 2026-01-03: DB Total=0km, Saved SS=200km, Derived Base=0km (display base; JS adds current SS)
INFO - 2025-12-27 06:54:11 --> Expansion date 2026-01-03: DB Total=0km, Saved SS=200km, Derived Base=0km (display base; JS adds current SS)
INFO - 2025-12-27 06:54:11 --> Expansion date 2026-01-03: DB Total=0km, Saved SS=200km, Derived Base=0km (display base; JS adds current SS)
INFO - 2025-12-27 06:54:11 --> Expansion date 2026-01-04: DB Total=36km, Saved SS=0km, Derived Base=36km (display base; JS adds current SS)
INFO - 2025-12-27 06:54:11 --> Expansion date 2026-01-04: DB Total=36km, Saved SS=0km, Derived Base=36km (display base; JS adds current SS)
INFO - 2025-12-27 06:54:11 --> Expansion date 2026-01-04: DB Total=36km, Saved SS=0km, Derived Base=36km (display base; JS adds current SS)
INFO - 2025-12-27 06:54:11 --> Expansion date 2026-01-04: DB Total=36km, Saved SS=0km, Derived Base=36km (display base; JS adds current SS)
INFO - 2025-12-27 06:54:11 --> Itinerary expansion date 2026-01-02: Derived Base=36km (no SS added)
INFO - 2025-12-27 06:54:11 --> Itinerary expansion date 2026-01-02: Derived Base=36km (no SS added)
INFO - 2025-12-27 06:54:11 --> Itinerary expansion date 2026-01-02: Derived Base=36km (no SS added)
INFO - 2025-12-27 06:54:11 --> Itinerary expansion date 2026-01-02: Derived Base=36km (no SS added)
INFO - 2025-12-27 06:54:11 --> Itinerary expansion date 2026-01-03: Derived Base=400km (no SS added)
INFO - 2025-12-27 06:54:11 --> Itinerary expansion date 2026-01-03: Derived Base=400km (no SS added)
INFO - 2025-12-27 06:54:11 --> Itinerary expansion date 2026-01-03: Derived Base=400km (no SS added)
INFO - 2025-12-27 06:54:11 --> Itinerary expansion date 2026-01-03: Derived Base=400km (no SS added)
INFO - 2025-12-27 06:54:11 --> Itinerary expansion date 2026-01-04: Derived Base=0km (no SS added)
INFO - 2025-12-27 06:54:11 --> Itinerary expansion date 2026-01-04: Derived Base=0km (no SS added)
INFO - 2025-12-27 06:54:11 --> Itinerary expansion date 2026-01-04: Derived Base=0km (no SS added)
INFO - 2025-12-27 06:54:11 --> Itinerary expansion date 2026-01-04: Derived Base=0km (no SS added)
DEBUG - 2025-12-27 06:54:19 --> Session: Class initialized using 'CodeIgniter\Session\Handlers\FileHandler' driver.
DEBUG - 2025-12-27 06:54:19 --> Session: Class initialized using 'CodeIgniter\Session\Handlers\FileHandler' driver.
DEBUG - 2025-12-27 06:54:20 --> Session: Class initialized using 'CodeIgniter\Session\Handlers\FileHandler' driver.
DEBUG - 2025-12-27 06:54:22 --> Session: Class initialized using 'CodeIgniter\Session\Handlers\FileHandler' driver.
DEBUG - 2025-12-27 06:54:22 --> Session: Class initialized using 'CodeIgniter\Session\Handlers\FileHandler' driver.
DEBUG - 2025-12-27 06:54:26 --> Session: Class initialized using 'CodeIgniter\Session\Handlers\FileHandler' driver.
DEBUG - 2025-12-27 06:54:29 --> Session: Class initialized using 'CodeIgniter\Session\Handlers\FileHandler' driver.
INFO - 2025-12-27 06:54:29 --> Expansion date 2026-01-02: DB Total=36km, Saved SS=250km, Derived Base=0km (display base; JS adds current SS)
INFO - 2025-12-27 06:54:29 --> Expansion date 2026-01-02: DB Total=36km, Saved SS=250km, Derived Base=0km (display base; JS adds current SS)
INFO - 2025-12-27 06:54:29 --> Expansion date 2026-01-02: DB Total=36km, Saved SS=250km, Derived Base=0km (display base; JS adds current SS)
INFO - 2025-12-27 06:54:29 --> Expansion date 2026-01-02: DB Total=36km, Saved SS=250km, Derived Base=0km (display base; JS adds current SS)
INFO - 2025-12-27 06:54:29 --> Expansion date 2026-01-03: DB Total=0km, Saved SS=200km, Derived Base=0km (display base; JS adds current SS)
INFO - 2025-12-27 06:54:29 --> Expansion date 2026-01-03: DB Total=0km, Saved SS=200km, Derived Base=0km (display base; JS adds current SS)
INFO - 2025-12-27 06:54:29 --> Expansion date 2026-01-03: DB Total=0km, Saved SS=200km, Derived Base=0km (display base; JS adds current SS)
INFO - 2025-12-27 06:54:29 --> Expansion date 2026-01-03: DB Total=0km, Saved SS=200km, Derived Base=0km (display base; JS adds current SS)
INFO - 2025-12-27 06:54:29 --> Expansion date 2026-01-04: DB Total=36km, Saved SS=0km, Derived Base=36km (display base; JS adds current SS)
INFO - 2025-12-27 06:54:29 --> Expansion date 2026-01-04: DB Total=36km, Saved SS=0km, Derived Base=36km (display base; JS adds current SS)
INFO - 2025-12-27 06:54:29 --> Expansion date 2026-01-04: DB Total=36km, Saved SS=0km, Derived Base=36km (display base; JS adds current SS)
INFO - 2025-12-27 06:54:29 --> Expansion date 2026-01-04: DB Total=36km, Saved SS=0km, Derived Base=36km (display base; JS adds current SS)
INFO - 2025-12-27 06:54:29 --> Itinerary expansion date 2026-01-02: Derived Base=36km (no SS added)
INFO - 2025-12-27 06:54:29 --> Itinerary expansion date 2026-01-02: Derived Base=36km (no SS added)
INFO - 2025-12-27 06:54:29 --> Itinerary expansion date 2026-01-02: Derived Base=36km (no SS added)
INFO - 2025-12-27 06:54:29 --> Itinerary expansion date 2026-01-02: Derived Base=36km (no SS added)
INFO - 2025-12-27 06:54:29 --> Itinerary expansion date 2026-01-03: Derived Base=400km (no SS added)
INFO - 2025-12-27 06:54:29 --> Itinerary expansion date 2026-01-03: Derived Base=400km (no SS added)
INFO - 2025-12-27 06:54:29 --> Itinerary expansion date 2026-01-03: Derived Base=400km (no SS added)
INFO - 2025-12-27 06:54:29 --> Itinerary expansion date 2026-01-03: Derived Base=400km (no SS added)
INFO - 2025-12-27 06:54:29 --> Itinerary expansion date 2026-01-04: Derived Base=0km (no SS added)
INFO - 2025-12-27 06:54:29 --> Itinerary expansion date 2026-01-04: Derived Base=0km (no SS added)
INFO - 2025-12-27 06:54:29 --> Itinerary expansion date 2026-01-04: Derived Base=0km (no SS added)
INFO - 2025-12-27 06:54:29 --> Itinerary expansion date 2026-01-04: Derived Base=0km (no SS added)
DEBUG - 2025-12-27 06:54:40 --> Session: Class initialized using 'CodeIgniter\Session\Handlers\FileHandler' driver.
DEBUG - 2025-12-27 06:54:40 --> Session: Class initialized using 'CodeIgniter\Session\Handlers\FileHandler' driver.
DEBUG - 2025-12-27 06:54:43 --> Session: Class initialized using 'CodeIgniter\Session\Handlers\FileHandler' driver.
DEBUG - 2025-12-27 06:54:55 --> Session: Class initialized using 'CodeIgniter\Session\Handlers\FileHandler' driver.
DEBUG - 2025-12-27 06:54:56 --> Session: Class initialized using 'CodeIgniter\Session\Handlers\FileHandler' driver.
DEBUG - 2025-12-27 06:54:56 --> Session: Class initialized using 'CodeIgniter\Session\Handlers\FileHandler' driver.
DEBUG - 2025-12-27 06:54:56 --> Session: Class initialized using 'CodeIgniter\Session\Handlers\FileHandler' driver.
DEBUG - 2025-12-27 06:55:05 --> Session: Class initialized using 'CodeIgniter\Session\Handlers\FileHandler' driver.
DEBUG - 2025-12-27 06:55:07 --> Session: Class initialized using 'CodeIgniter\Session\Handlers\FileHandler' driver.
DEBUG - 2025-12-27 06:55:07 --> Session: Class initialized using 'CodeIgniter\Session\Handlers\FileHandler' driver.
DEBUG - 2025-12-27 06:55:12 --> Session: Class initialized using 'CodeIgniter\Session\Handlers\FileHandler' driver.
INFO - 2025-12-27 06:55:12 --> Fresh itinerary: Loaded previous itinerary details from extension_ref_id 565
DEBUG - 2025-12-27 06:55:12 --> Fresh SS match check: Day 1 (date 2026-01-02) | Current: location='9', hotel_id=401 | Prev Day 1: location='9', hotel_id=401 | LocationMatch=YES | HotelMatch=YES
INFO - 2025-12-27 06:55:12 --> Fresh itinerary: SUCCESSFULLY pre-loaded SS, Special Events & Addons for Day 1 (date 2026-01-02, location: 9) from previous Day 1 using hotel_id match | SS count: 3
DEBUG - 2025-12-27 06:55:12 --> Fresh SS match check: Day 2 (date 2026-01-03) | Current: location='9', hotel_id=401 | Prev Day 1: location='9', hotel_id=401 | LocationMatch=YES | HotelMatch=YES
DEBUG - 2025-12-27 06:55:12 --> Fresh SS match check: Day 2 (date 2026-01-03) | Current: location='9', hotel_id=401 | Prev Day 2: location='9', hotel_id=401 | LocationMatch=YES | HotelMatch=YES
INFO - 2025-12-27 06:55:12 --> Fresh itinerary: SUCCESSFULLY pre-loaded SS, Special Events & Addons for Day 2 (date 2026-01-03, location: 9) from previous Day 2 using hotel_id match | SS count: 1
INFO - 2025-12-27 06:55:12 --> Loaded default SS for Day 2 (date 2026-01-03): 1 items
DEBUG - 2025-12-27 06:55:12 --> Fresh SS match check: Day 3 (date 2026-01-04) | Current: location='9', hotel_id=401 | Prev Day 1: location='9', hotel_id=401 | LocationMatch=YES | HotelMatch=YES
DEBUG - 2025-12-27 06:55:12 --> Fresh SS match check: Day 3 (date 2026-01-04) | Current: location='9', hotel_id=401 | Prev Day 2: location='9', hotel_id=401 | LocationMatch=YES | HotelMatch=YES
DEBUG - 2025-12-27 06:55:12 --> Fresh SS match check: Day 3 (date 2026-01-04) | Current: location='9', hotel_id=401 | Prev Day 3: location='9', hotel_id=401 | LocationMatch=YES | HotelMatch=YES
INFO - 2025-12-27 06:55:12 --> Fresh itinerary: SUCCESSFULLY pre-loaded SS, Special Events & Addons for Day 3 (date 2026-01-04, location: 9) from previous Day 3 using hotel_id match | SS count: 1
INFO - 2025-12-27 06:55:12 --> Hardcoded Leisure for Day 3 (date 2026-01-04)
INFO - 2025-12-27 06:55:12 --> Expansion date 2026-01-02: DB Total=36km, Saved SS=0km, Derived Base=36km (display base; JS adds current SS)
INFO - 2025-12-27 06:55:12 --> Expansion date 2026-01-02: DB Total=36km, Saved SS=0km, Derived Base=36km (display base; JS adds current SS)
INFO - 2025-12-27 06:55:12 --> Expansion date 2026-01-02: DB Total=36km, Saved SS=0km, Derived Base=36km (display base; JS adds current SS)
INFO - 2025-12-27 06:55:12 --> Expansion date 2026-01-02: DB Total=36km, Saved SS=0km, Derived Base=36km (display base; JS adds current SS)
INFO - 2025-12-27 06:55:12 --> Expansion date 2026-01-03: DB Total=0km, Saved SS=200km, Derived Base=0km (display base; JS adds current SS)
INFO - 2025-12-27 06:55:12 --> Expansion date 2026-01-03: DB Total=0km, Saved SS=200km, Derived Base=0km (display base; JS adds current SS)
INFO - 2025-12-27 06:55:12 --> Expansion date 2026-01-03: DB Total=0km, Saved SS=200km, Derived Base=0km (display base; JS adds current SS)
INFO - 2025-12-27 06:55:12 --> Expansion date 2026-01-03: DB Total=0km, Saved SS=200km, Derived Base=0km (display base; JS adds current SS)
INFO - 2025-12-27 06:55:12 --> Expansion date 2026-01-04: DB Total=36km, Saved SS=0km, Derived Base=36km (display base; JS adds current SS)
INFO - 2025-12-27 06:55:12 --> Expansion date 2026-01-04: DB Total=36km, Saved SS=0km, Derived Base=36km (display base; JS adds current SS)
INFO - 2025-12-27 06:55:12 --> Expansion date 2026-01-04: DB Total=36km, Saved SS=0km, Derived Base=36km (display base; JS adds current SS)
INFO - 2025-12-27 06:55:12 --> Expansion date 2026-01-04: DB Total=36km, Saved SS=0km, Derived Base=36km (display base; JS adds current SS)
DEBUG - 2025-12-27 07:15:24 --> Session: Class initialized using 'CodeIgniter\Session\Handlers\FileHandler' driver.
INFO - 2025-12-27 07:15:24 --> Fresh itinerary: Loaded previous itinerary details from extension_ref_id 565
DEBUG - 2025-12-27 07:15:24 --> Fresh SS match check: Day 1 (date 2026-01-02) | Current: location='9', hotelDEBUG - 2025-12-27 07:08:56 --> Session: Class initialized using 'CodeIgniter\Session\Handlers\FileHandler' driver.
INFO - 2025-12-27 07:08:56 --> Fresh itinerary: Loaded previous itinerary details from extension_ref_id 565
DEBUG - 2025-12-27 07:08:56 --> Fresh SS match check: Day 1 (date 2026-01-02) | Current: location='9', hotel_id=401 | Prev Day 1: location='9', hotel_id=401 | LocationMatch=YES | HotelMatch=YES
INFO - 2025-12-27 07:08:56 --> Fresh itinerary: SUCCESSFULLY pre-loaded SS, Special Events & Addons for Day 1 (date 2026-01-02) | SS count: 3
INFO - 2025-12-27 07:08:56 --> Loading defaults for Day 1 (date 2026-01-02) - no saved/previous data found
DEBUG - 2025-12-27 07:08:56 --> Fresh SS match check: Day 2 (date 2026-01-03) | Current: location='9', hotel_id=401 | Prev Day 1: location='9', hotel_id=401 | LocationMatch=YES | HotelMatch=YES
DEBUG - 2025-12-27 07:08:56 --> Fresh SS match check: Day 2 (date 2026-01-03) | Current: location='9', hotel_id=401 | Prev Day 2: location='9', hotel_id=401 | LocationMatch=YES | HotelMatch=YES
INFO - 2025-12-27 07:08:56 --> Fresh itinerary: SUCCESSFULLY pre-loaded SS, Special Events & Addons for Day 2 (date 2026-01-03) | SS count: 1
INFO - 2025-12-27 07:08:56 --> Loading defaults for Day 2 (date 2026-01-03) - no saved/previous data found
INFO - 2025-12-27 07:08:56 --> Loaded default SS for Day 2 (date 2026-01-03): 1 items
DEBUG - 2025-12-27 07:08:57 --> Fresh SS match check: Day 3 (date 2026-01-04) | Current: location='9', hotel_id=401 | Prev Day 1: location='9', hotel_id=401 | LocationMatch=YES | HotelMatch=YES
DEBUG - 2025-12-27 07:08:57 --> Fresh SS match check: Day 3 (date 2026-01-04) | Current: location='9', hotel_id=401 | Prev Day 2: location='9', hotel_id=401 | LocationMatch=YES | HotelMatch=YES
DEBUG - 2025-12-27 07:08:57 --> Fresh SS match check: Day 3 (date 2026-01-04) | Current: location='9', hotel_id=401 | Prev Day 3: location='9', hotel_id=401 | LocationMatch=YES | HotelMatch=YES
INFO - 2025-12-27 07:08:57 --> Fresh itinerary: SUCCESSFULLY pre-loaded SS, Special Events & Addons for Day 3 (date 2026-01-04) | SS count: 1
INFO - 2025-12-27 07:08:57 --> Loading defaults for Day 3 (date 2026-01-04) - no saved/previous data found
INFO - 2025-12-27 07:08:57 --> Hardcoded Leisure for Day 3 (date 2026-01-04)
INFO - 2025-12-27 07:08:57 --> Expansion date 2026-01-02: DB Total=36km, Saved SS=0km, Derived Base=36km (display base; JS adds current SS)
INFO - 2025-12-27 07:08:57 --> Expansion date 2026-01-02: DB Total=36km, Saved SS=0km, Derived Base=36km (display base; JS adds current SS)
INFO - 2025-12-27 07:08:57 --> Expansion date 2026-01-02: DB Total=36km, Saved SS=0km, Derived Base=36km (display base; JS adds current SS)
INFO - 2025-12-27 07:08:57 --> Expansion date 2026-01-02: DB Total=36km, Saved SS=0km, Derived Base=36km (display base; JS adds current SS)
INFO - 2025-12-27 07:08:57 --> Expansion date 2026-01-03: DB Total=0km, Saved SS=200km, Derived Base=0km (display base; JS adds current SS)
INFO - 2025-12-27 07:08:57 --> Expansion date 2026-01-03: DB Total=0km, Saved SS=200km, Derived Base=0km (display base; JS adds current SS)
INFO - 2025-12-27 07:08:57 --> Expansion date 2026-01-03: DB Total=0km, Saved SS=200km, Derived Base=0km (display base; JS adds current SS)
INFO - 2025-12-27 07:08:57 --> Expansion date 2026-01-03: DB Total=0km, Saved SS=200km, Derived Base=0km (display base; JS adds current SS)
INFO - 2025-12-27 07:08:57 --> Expansion date 2026-01-04: DB Total=36km, Saved SS=0km, Derived Base=36km (display base; JS adds current SS)
INFO - 2025-12-27 07:08:57 --> Expansion date 2026-01-04: DB Total=36km, Saved SS=0km, Derived Base=36km (display base; JS adds current SS)
INFO - 2025-12-27 07:08:57 --> Expansion date 2026-01-04: DB Total=36km, Saved SS=0km, Derived Base=36km (display base; JS adds current SS)
INFO - 2025-12-27 07:08:57 --> Expansion date 2026-01-04: DB Total=36km, Saved SS=0km, Derived Base=36km (display base; JS adds current SS)
DEBUG - 2025-12-27 07:09:05 --> Session: Class initialized using 'CodeIgniter\Session\Handlers\FileHandler' driver.
DEBUG - 2025-12-27 07:09:05 --> Session: Class initialized using 'CodeIgniter\Session\Handlers\FileHandler' driver.
_id=401 | Prev Day 1: location='9', hotel_id=401 | LocationMatch=YES | HotelMatch=YES
INFO - 2025-12-27 07:15:24 --> Fresh itinerary: SUCCESSFULLY pre-loaded SS, Special Events & Addons for Day 1 (date 2026-01-02) | SS count: 3
INFO - 2025-12-27 07:15:24 --> SKIPPED defaults for Day 1 (date 2026-01-02) - using pre-loaded data (had_saved: yes, force_fresh: yes)
DEBUG - 2025-12-27 07:15:24 --> Fresh SS match check: Day 2 (date 2026-01-03) | Current: location='9', hotel_id=401 | Prev Day 1: location='9', hotel_id=401 | LocationMatch=YES | HotelMatch=YES
DEBUG - 2025-12-27 07:15:24 --> Fresh SS match check: Day 2 (date 2026-01-03) | Current: location='9', hotel_id=401 | Prev Day 2: location='9', hotel_id=401 | LocationMatch=YES | HotelMatch=YES
INFO - 2025-12-27 07:15:24 --> Fresh itinerary: SUCCESSFULLY pre-loaded SS, Special Events & Addons for Day 2 (date 2026-01-03) | SS count: 1
INFO - 2025-12-27 07:15:24 --> SKIPPED defaults for Day 2 (date 2026-01-03) - using pre-loaded data (had_saved: yes, force_fresh: yes)
DEBUG - 2025-12-27 07:15:24 --> Fresh SS match check: Day 3 (date 2026-01-04) | Current: location='9', hotel_id=401 | Prev Day 1: location='9', hotel_id=401 | LocationMatch=YES | HotelMatch=YES
DEBUG - 2025-12-27 07:15:24 --> Fresh SS match check: Day 3 (date 2026-01-04) | Current: location='9', hotel_id=401 | Prev Day 2: location='9', hotel_id=401 | LocationMatch=YES | HotelMatch=YES
DEBUG - 2025-12-27 07:15:24 --> Fresh SS match check: Day 3 (date 2026-01-04) | Current: location='9', hotel_id=401 | Prev Day 3: location='9', hotel_id=401 | LocationMatch=YES | HotelMatch=YES
INFO - 2025-12-27 07:15:24 --> Fresh itinerary: SUCCESSFULLY pre-loaded SS, Special Events & Addons for Day 3 (date 2026-01-04) | SS count: 1
INFO - 2025-12-27 07:15:24 --> SKIPPED defaults for Day 3 (date 2026-01-04) - using pre-loaded data (had_saved: yes, force_fresh: yes)
INFO - 2025-12-27 07:15:24 --> Expansion date 2026-01-02: DB Total=36km, Saved SS=250km, Derived Base=0km (display base; JS adds current SS)
INFO - 2025-12-27 07:15:24 --> Expansion date 2026-01-02: DB Total=36km, Saved SS=250km, Derived Base=0km (display base; JS adds current SS)
INFO - 2025-12-27 07:15:24 --> Expansion date 2026-01-02: DB Total=36km, Saved SS=250km, Derived Base=0km (display base; JS adds current SS)
INFO - 2025-12-27 07:15:24 --> Expansion date 2026-01-02: DB Total=36km, Saved SS=250km, Derived Base=0km (display base; JS adds current SS)
INFO - 2025-12-27 07:15:24 --> Expansion date 2026-01-03: DB Total=0km, Saved SS=200km, Derived Base=0km (display base; JS adds current SS)
INFO - 2025-12-27 07:15:24 --> Expansion date 2026-01-03: DB Total=0km, Saved SS=200km, Derived Base=0km (display base; JS adds current SS)
INFO - 2025-12-27 07:15:24 --> Expansion date 2026-01-03: DB Total=0km, Saved SS=200km, Derived Base=0km (display base; JS adds current SS)
INFO - 2025-12-27 07:15:24 --> Expansion date 2026-01-03: DB Total=0km, Saved SS=200km, Derived Base=0km (display base; JS adds current SS)
INFO - 2025-12-27 07:15:24 --> Expansion date 2026-01-04: DB Total=36km, Saved SS=0km, Derived Base=36km (display base; JS adds current SS)
INFO - 2025-12-27 07:15:24 --> Expansion date 2026-01-04: DB Total=36km, Saved SS=0km, Derived Base=36km (display base; JS adds current SS)
INFO - 2025-12-27 07:15:24 --> Expansion date 2026-01-04: DB Total=36km, Saved SS=0km, Derived Base=36km (display base; JS adds current SS)
INFO - 2025-12-27 07:15:24 --> Expansion date 2026-01-04: DB Total=36km, Saved SS=0km, Derived Base=36km (display base; JS adds current SS)
DEBUG - 2025-12-27 07:15:27 --> Session: Class initialized using 'CodeIgniter\Session\Handlers\FileHandler' driver.
INFO - 2025-12-27 07:15:27 --> Fresh itinerary: Loaded previous itinerary details from extension_ref_id 565
DEBUG - 2025-12-27 07:15:27 --> Fresh SS match check: Day 1 (date 2026-01-02) | Current: location='9', hotel_id=401 | Prev Day 1: location='9', hotel_id=401 | LocationMatch=YES | HotelMatch=YES
INFO - 2025-12-27 07:15:27 --> Fresh itinerary: SUCCESSFULLY pre-loaded SS, Special Events & Addons for Day 1 (date 2026-01-02) | SS count: 3
INFO - 2025-12-27 07:15:27 --> SKIPPED defaults for Day 1 (date 2026-01-02) - using pre-loaded data (had_saved: yes, force_fresh: yes)
DEBUG - 2025-12-27 07:15:27 --> Fresh SS match check: Day 2 (date 2026-01-03) | Current: location='9', hotel_id=401 | Prev Day 1: location='9', hotel_id=401 | LocationMatch=YES | HotelMatch=YES
DEBUG - 2025-12-27 07:15:27 --> Fresh SS match check: Day 2 (date 2026-01-03) | Current: location='9', hotel_id=401 | Prev Day 2: location='9', hotel_id=401 | LocationMatch=YES | HotelMatch=YES
INFO - 2025-12-27 07:15:27 --> Fresh itinerary: SUCCESSFULLY pre-loaded SS, Special Events & Addons for Day 2 (date 2026-01-03) | SS count: 1
INFO - 2025-12-27 07:15:27 --> SKIPPED defaults for Day 2 (date 2026-01-03) - using pre-loaded data (had_saved: yes, force_fresh: yes)
DEBUG - 2025-12-27 07:15:27 --> Fresh SS match check: Day 3 (date 2026-01-04) | Current: location='9', hotel_id=401 | Prev Day 1: location='9', hotel_id=401 | LocationMatch=YES | HotelMatch=YES
DEBUG - 2025-12-27 07:15:27 --> Fresh SS match check: Day 3 (date 2026-01-04) | Current: location='9', hotel_id=401 | Prev Day 2: location='9', hotel_id=401 | LocationMatch=YES | HotelMatch=YES
DEBUG - 2025-12-27 07:15:27 --> Fresh SS match check: Day 3 (date 2026-01-04) | Current: location='9', hotel_id=401 | Prev Day 3: location='9', hotel_id=401 | LocationMatch=YES | HotelMatch=YES
INFO - 2025-12-27 07:15:27 --> Fresh itinerary: SUCCESSFULLY pre-loaded SS, Special Events & Addons for Day 3 (date 2026-01-04) | SS count: 1
INFO - 2025-12-27 07:15:27 --> SKIPPED defaults for Day 3 (date 2026-01-04) - using pre-loaded data (had_saved: yes, force_fresh: yes)
INFO - 2025-12-27 07:15:27 --> Expansion date 2026-01-02: DB Total=36km, Saved SS=250km, Derived Base=0km (display base; JS adds current SS)
INFO - 2025-12-27 07:15:27 --> Expansion date 2026-01-02: DB Total=36km, Saved SS=250km, Derived Base=0km (display base; JS adds current SS)
INFO - 2025-12-27 07:15:27 --> Expansion date 2026-01-02: DB Total=36km, Saved SS=250km, Derived Base=0km (display base; JS adds current SS)
INFO - 2025-12-27 07:15:27 --> Expansion date 2026-01-02: DB Total=36km, Saved SS=250km, Derived Base=0km (display base; JS adds current SS)
INFO - 2025-12-27 07:15:27 --> Expansion date 2026-01-03: DB Total=0km, Saved SS=200km, Derived Base=0km (display base; JS adds current SS)
INFO - 2025-12-27 07:15:27 --> Expansion date 2026-01-03: DB Total=0km, Saved SS=200km, Derived Base=0km (display base; JS adds current SS)
INFO - 2025-12-27 07:15:27 --> Expansion date 2026-01-03: DB Total=0km, Saved SS=200km, Derived Base=0km (display base; JS adds current SS)
INFO - 2025-12-27 07:15:27 --> Expansion date 2026-01-03: DB Total=0km, Saved SS=200km, Derived Base=0km (display base; JS adds current SS)
INFO - 2025-12-27 07:15:27 --> Expansion date 2026-01-04: DB Total=36km, Saved SS=0km, Derived Base=36km (display base; JS adds current SS)
INFO - 2025-12-27 07:15:27 --> Expansion date 2026-01-04: DB Total=36km, Saved SS=0km, Derived Base=36km (display base; JS adds current SS)
INFO - 2025-12-27 07:15:27 --> Expansion date 2026-01-04: DB Total=36km, Saved SS=0km, Derived Base=36km (display base; JS adds current SS)
INFO - 2025-12-27 07:15:27 --> Expansion date 2026-01-04: DB Total=36km, Saved SS=0km, Derived Base=36km (display base; JS adds current SS)
DEBUG - 2025-12-27 07:15:35 --> Session: Class initialized using 'CodeIgniter\Session\Handlers\FileHandler' driver.
INFO - 2025-12-27 07:15:35 --> Fresh itinerary: Loaded previous itinerary details from extension_ref_id 565
DEBUG - 2025-12-27 07:15:35 --> Fresh SS match check: Day 1 (date 2026-01-02) | Current: location='9', hotel_id=401 | Prev Day 1: location='9', hotel_id=401 | LocationMatch=YES | HotelMatch=YES
INFO - 2025-12-27 07:15:35 --> Fresh itinerary: SUCCESSFULLY pre-loaded SS, Special Events & Addons for Day 1 (date 2026-01-02) | SS count: 3
INFO - 2025-12-27 07:15:35 --> SKIPPED defaults for Day 1 (date 2026-01-02) - using pre-loaded data (had_saved: yes, force_fresh: yes)
DEBUG - 2025-12-27 07:15:35 --> Fresh SS match check: Day 2 (date 2026-01-03) | Current: location='9', hotel_id=401 | Prev Day 1: location='9', hotel_id=401 | LocationMatch=YES | HotelMatch=YES
DEBUG - 2025-12-27 07:15:35 --> Fresh SS match check: Day 2 (date 2026-01-03) | Current: location='9', hotel_id=401 | Prev Day 2: location='9', hotel_id=401 | LocationMatch=YES | HotelMatch=YES
INFO - 2025-12-27 07:15:35 --> Fresh itinerary: SUCCESSFULLY pre-loaded SS, Special Events & Addons for Day 2 (date 2026-01-03) | SS count: 1
INFO - 2025-12-27 07:15:35 --> SKIPPED defaults for Day 2 (date 2026-01-03) - using pre-loaded data (had_saved: yes, force_fresh: yes)
DEBUG - 2025-12-27 07:15:35 --> Fresh SS match check: Day 3 (date 2026-01-04) | Current: location='9', hotel_id=401 | Prev Day 1: location='9', hotel_id=401 | LocationMatch=YES | HotelMatch=YES
DEBUG - 2025-12-27 07:15:35 --> Fresh SS match check: Day 3 (date 2026-01-04) | Current: location='9', hotel_id=401 | Prev Day 2: location='9', hotel_id=401 | LocationMatch=YES | HotelMatch=YES
DEBUG - 2025-12-27 07:15:35 --> Fresh SS match check: Day 3 (date 2026-01-04) | Current: location='9', hotel_id=401 | Prev Day 3: location='9', hotel_id=401 | LocationMatch=YES | HotelMatch=YES
INFO - 2025-12-27 07:15:35 --> Fresh itinerary: SUCCESSFULLY pre-loaded SS, Special Events & Addons for Day 3 (date 2026-01-04) | SS count: 1
INFO - 2025-12-27 07:15:35 --> SKIPPED defaults for Day 3 (date 2026-01-04) - using pre-loaded data (had_saved: yes, force_fresh: yes)
INFO - 2025-12-27 07:15:35 --> Expansion date 2026-01-02: DB Total=36km, Saved SS=250km, Derived Base=0km (display base; JS adds current SS)
INFO - 2025-12-27 07:15:35 --> Expansion date 2026-01-02: DB Total=36km, Saved SS=250km, Derived Base=0km (display base; JS adds current SS)
INFO - 2025-12-27 07:15:35 --> Expansion date 2026-01-02: DB Total=36km, Saved SS=250km, Derived Base=0km (display base; JS adds current SS)
INFO - 2025-12-27 07:15:35 --> Expansion date 2026-01-02: DB Total=36km, Saved SS=250km, Derived Base=0km (display base; JS adds current SS)
INFO - 2025-12-27 07:15:35 --> Expansion date 2026-01-03: DB Total=0km, Saved SS=200km, Derived Base=0km (display base; JS adds current SS)
INFO - 2025-12-27 07:15:35 --> Expansion date 2026-01-03: DB Total=0km, Saved SS=200km, Derived Base=0km (display base; JS adds current SS)
INFO - 2025-12-27 07:15:35 --> Expansion date 2026-01-03: DB Total=0km, Saved SS=200km, Derived Base=0km (display base; JS adds current SS)
INFO - 2025-12-27 07:15:35 --> Expansion date 2026-01-03: DB Total=0km, Saved SS=200km, Derived Base=0km (display base; JS adds current SS)
INFO - 2025-12-27 07:15:35 --> Expansion date 2026-01-04: DB Total=36km, Saved SS=0km, Derived Base=36km (display base; JS adds current SS)
INFO - 2025-12-27 07:15:35 --> Expansion date 2026-01-04: DB Total=36km, Saved SS=0km, Derived Base=36km (display base; JS adds current SS)
INFO - 2025-12-27 07:15:35 --> Expansion date 2026-01-04: DB Total=36km, Saved SS=0km, Derived Base=36km (display base; JS adds current SS)
INFO - 2025-12-27 07:15:35 --> Expansion date 2026-01-04: DB Total=36km, Saved SS=0km, Derived Base=36km (display base; JS adds current SS)
DEBUG - 2025-12-27 07:18:13 --> Session: Class initialized using 'CodeIgniter\Session\Handlers\FileHandler' driver.
DEBUG - 2025-12-27 07:18:13 --> Session: Class initialized using 'CodeIgniter\Session\Handlers\FileHandler' driver.
INFO - 2025-12-27 07:18:14 --> Fresh itinerary: Loaded previous itinerary details from extension_ref_id 565
INFO - 2025-12-27 07:18:14 --> SKIPPED defaults for Day 1 (date 2026-01-02) - using pre-loaded data (had_saved: yes, force_fresh: no)
INFO - 2025-12-27 07:18:14 --> SKIPPED defaults for Day 2 (date 2026-01-03) - using pre-loaded data (had_saved: yes, force_fresh: no)
INFO - 2025-12-27 07:18:14 --> SKIPPED defaults for Day 3 (date 2026-01-04) - using pre-loaded data (had_saved: yes, force_fresh: no)
INFO - 2025-12-27 07:18:14 --> Expansion date 2026-01-02: DB Total=36km, Saved SS=0km, Derived Base=36km (display base; JS adds current SS)
INFO - 2025-12-27 07:18:14 --> Expansion date 2026-01-02: DB Total=36km, Saved SS=0km, Derived Base=36km (display base; JS adds current SS)
INFO - 2025-12-27 07:18:14 --> Expansion date 2026-01-02: DB Total=36km, Saved SS=0km, Derived Base=36km (display base; JS adds current SS)
INFO - 2025-12-27 07:18:14 --> Expansion date 2026-01-02: DB Total=36km, Saved SS=0km, Derived Base=36km (display base; JS adds current SS)
INFO - 2025-12-27 07:18:14 --> Expansion date 2026-01-03: DB Total=0km, Saved SS=200km, Derived Base=0km (display base; JS adds current SS)
INFO - 2025-12-27 07:18:14 --> Expansion date 2026-01-03: DB Total=0km, Saved SS=200km, Derived Base=0km (display base; JS adds current SS)
INFO - 2025-12-27 07:18:14 --> Expansion date 2026-01-03: DB Total=0km, Saved SS=200km, Derived Base=0km (display base; JS adds current SS)
INFO - 2025-12-27 07:18:14 --> Expansion date 2026-01-03: DB Total=0km, Saved SS=200km, Derived Base=0km (display base; JS adds current SS)
INFO - 2025-12-27 07:18:14 --> Expansion date 2026-01-04: DB Total=36km, Saved SS=0km, Derived Base=36km (display base; JS adds current SS)
INFO - 2025-12-27 07:18:14 --> Expansion date 2026-01-04: DB Total=36km, Saved SS=0km, Derived Base=36km (display base; JS adds current SS)
INFO - 2025-12-27 07:18:14 --> Expansion date 2026-01-04: DB Total=36km, Saved SS=0km, Derived Base=36km (display base; JS adds current SS)
INFO - 2025-12-27 07:18:14 --> Expansion date 2026-01-04: DB Total=36km, Saved SS=0km, Derived Base=36km (display base; JS adds current SS)
INFO - 2025-12-27 07:18:14 --> Itinerary expansion date 2026-01-02: Derived Base=286km (no SS added)
INFO - 2025-12-27 07:18:14 --> Itinerary expansion date 2026-01-02: Derived Base=286km (no SS added)
INFO - 2025-12-27 07:18:14 --> Itinerary expansion date 2026-01-02: Derived Base=286km (no SS added)
INFO - 2025-12-27 07:18:14 --> Itinerary expansion date 2026-01-02: Derived Base=286km (no SS added)
INFO - 2025-12-27 07:18:14 --> Itinerary expansion date 2026-01-03: Derived Base=600km (no SS added)
INFO - 2025-12-27 07:18:14 --> Itinerary expansion date 2026-01-03: Derived Base=600km (no SS added)
INFO - 2025-12-27 07:18:14 --> Itinerary expansion date 2026-01-03: Derived Base=600km (no SS added)
INFO - 2025-12-27 07:18:14 --> Itinerary expansion date 2026-01-03: Derived Base=600km (no SS added)
INFO - 2025-12-27 07:18:14 --> Itinerary expansion date 2026-01-04: Derived Base=0km (no SS added)
INFO - 2025-12-27 07:18:14 --> Itinerary expansion date 2026-01-04: Derived Base=0km (no SS added)
INFO - 2025-12-27 07:18:14 --> Itinerary expansion date 2026-01-04: Derived Base=0km (no SS added)
INFO - 2025-12-27 07:18:14 --> Itinerary expansion date 2026-01-04: Derived Base=0km (no SS added)
DEBUG - 2025-12-27 07:18:22 --> Session: Class initialized using 'CodeIgniter\Session\Handlers\FileHandler' driver.
DEBUG - 2025-12-27 07:18:22 --> Session: Class initialized using 'CodeIgniter\Session\Handlers\FileHandler' driver.
DEBUG - 2025-12-27 07:18:22 --> Session: Class initialized using 'CodeIgniter\Session\Handlers\FileHandler' driver.
DEBUG - 2025-12-27 07:18:25 --> Session: Class initialized using 'CodeIgniter\Session\Handlers\FileHandler' driver.
DEBUG - 2025-12-27 07:18:26 --> Session: Class initialized using 'CodeIgniter\Session\Handlers\FileHandler' driver.
DEBUG - 2025-12-27 07:18:27 --> Session: Class initialized using 'CodeIgniter\Session\Handlers\FileHandler' driver.
DEBUG - 2025-12-27 07:18:31 --> Session: Class initialized using 'CodeIgniter\Session\Handlers\FileHandler' driver.
INFO - 2025-12-27 07:18:31 --> SKIPPED defaults for Day 1 (date 2026-01-02) - using pre-loaded data (had_saved: yes, force_fresh: no)
INFO - 2025-12-27 07:18:31 --> SKIPPED defaults for Day 2 (date 2026-01-03) - using pre-loaded data (had_saved: yes, force_fresh: no)
INFO - 2025-12-27 07:18:31 --> SKIPPED defaults for Day 3 (date 2026-01-04) - using pre-loaded data (had_saved: yes, force_fresh: no)
INFO - 2025-12-27 07:18:31 --> Expansion date 2026-01-02: DB Total=36km, Saved SS=0km, Derived Base=36km (display base; JS adds current SS)
INFO - 2025-12-27 07:18:31 --> Expansion date 2026-01-02: DB Total=36km, Saved SS=0km, Derived Base=36km (display base; JS adds current SS)
INFO - 2025-12-27 07:18:31 --> Expansion date 2026-01-02: DB Total=36km, Saved SS=0km, Derived Base=36km (display base; JS adds current SS)
INFO - 2025-12-27 07:18:31 --> Expansion date 2026-01-02: DB Total=36km, Saved SS=0km, Derived Base=36km (display base; JS adds current SS)
INFO - 2025-12-27 07:18:31 --> Expansion date 2026-01-03: DB Total=0km, Saved SS=200km, Derived Base=0km (display base; JS adds current SS)
INFO - 2025-12-27 07:18:31 --> Expansion date 2026-01-03: DB Total=0km, Saved SS=200km, Derived Base=0km (display base; JS adds current SS)
INFO - 2025-12-27 07:18:31 --> Expansion date 2026-01-03: DB Total=0km, Saved SS=200km, Derived Base=0km (display base; JS adds current SS)
INFO - 2025-12-27 07:18:31 --> Expansion date 2026-01-03: DB Total=0km, Saved SS=200km, Derived Base=0km (display base; JS adds current SS)
INFO - 2025-12-27 07:18:31 --> Expansion date 2026-01-04: DB Total=36km, Saved SS=0km, Derived Base=36km (display base; JS adds current SS)
INFO - 2025-12-27 07:18:31 --> Expansion date 2026-01-04: DB Total=36km, Saved SS=0km, Derived Base=36km (display base; JS adds current SS)
INFO - 2025-12-27 07:18:31 --> Expansion date 2026-01-04: DB Total=36km, Saved SS=0km, Derived Base=36km (display base; JS adds current SS)
INFO - 2025-12-27 07:18:31 --> Expansion date 2026-01-04: DB Total=36km, Saved SS=0km, Derived Base=36km (display base; JS adds current SS)
INFO - 2025-12-27 07:18:31 --> Itinerary expansion date 2026-01-02: Derived Base=286km (no SS added)
INFO - 2025-12-27 07:18:31 --> Itinerary expansion date 2026-01-02: Derived Base=286km (no SS added)
INFO - 2025-12-27 07:18:31 --> Itinerary expansion date 2026-01-02: Derived Base=286km (no SS added)
INFO - 2025-12-27 07:18:31 --> Itinerary expansion date 2026-01-02: Derived Base=286km (no SS added)
INFO - 2025-12-27 07:18:31 --> Itinerary expansion date 2026-01-03: Derived Base=600km (no SS added)
INFO - 2025-12-27 07:18:31 --> Itinerary expansion date 2026-01-03: Derived Base=600km (no SS added)
INFO - 2025-12-27 07:18:31 --> Itinerary expansion date 2026-01-03: Derived Base=600km (no SS added)
INFO - 2025-12-27 07:18:31 --> Itinerary expansion date 2026-01-03: Derived Base=600km (no SS added)
INFO - 2025-12-27 07:18:31 --> Itinerary expansion date 2026-01-04: Derived Base=0km (no SS added)
INFO - 2025-12-27 07:18:31 --> Itinerary expansion date 2026-01-04: Derived Base=0km (no SS added)
INFO - 2025-12-27 07:18:31 --> Itinerary expansion date 2026-01-04: Derived Base=0km (no SS added)
INFO - 2025-12-27 07:18:31 --> Itinerary expansion date 2026-01-04: Derived Base=0km (no SS added)
DEBUG - 2025-12-27 07:18:35 --> Session: Class initialized using 'CodeIgniter\Session\Handlers\FileHandler' driver.
DEBUG - 2025-12-27 07:18:35 --> Session: Class initialized using 'CodeIgniter\Session\Handlers\FileHandler' driver.
DEBUG - 2025-12-27 07:18:38 --> Session: Class initialized using 'CodeIgniter\Session\Handlers\FileHandler' driver.
DEBUG - 2025-12-27 07:18:39 --> Session: Class initialized using 'CodeIgniter\Session\Handlers\FileHandler' driver.
DEBUG - 2025-12-27 07:18:39 --> Session: Class initialized using 'CodeIgniter\Session\Handlers\FileHandler' driver.
DEBUG - 2025-12-27 07:18:39 --> Session: Class initialized using 'CodeIgniter\Session\Handlers\FileHandler' driver.
DEBUG - 2025-12-27 07:18:49 --> Session: Class initialized using 'CodeIgniter\Session\Handlers\FileHandler' driver.
DEBUG - 2025-12-27 07:18:52 --> Session: Class initialized using 'CodeIgniter\Session\Handlers\FileHandler' driver.
DEBUG - 2025-12-27 07:18:52 --> Session: Class initialized using 'CodeIgniter\Session\Handlers\FileHandler' driver.
DEBUG - 2025-12-27 07:18:53 --> Session: Class initialized using 'CodeIgniter\Session\Handlers\FileHandler' driver.
INFO - 2025-12-27 07:18:53 --> Fresh itinerary: Loaded previous itinerary details from extension_ref_id 566
DEBUG - 2025-12-27 07:18:53 --> Fresh SS match check: Day 1 (date 2026-01-02) | Current: location='9', hotel_id=401 | Prev Day 1: location='9', hotel_id=401 | LocationMatch=YES | HotelMatch=YES
INFO - 2025-12-27 07:18:53 --> Fresh itinerary: SUCCESSFULLY pre-loaded SS, Special Events & Addons for Day 1 (date 2026-01-02) | SS count: 0
INFO - 2025-12-27 07:18:53 --> SKIPPED defaults for Day 1 (date 2026-01-02) - using pre-loaded data (had_saved: yes, force_fresh: yes)
DEBUG - 2025-12-27 07:18:53 --> Fresh SS match check: Day 2 (date 2026-01-03) | Current: location='9', hotel_id=401 | Prev Day 1: location='9', hotel_id=401 | LocationMatch=YES | HotelMatch=YES
DEBUG - 2025-12-27 07:18:53 --> Fresh SS match check: Day 2 (date 2026-01-03) | Current: location='9', hotel_id=401 | Prev Day 2: location='9', hotel_id=401 | LocationMatch=YES | HotelMatch=YES
INFO - 2025-12-27 07:18:53 --> Fresh itinerary: SUCCESSFULLY pre-loaded SS, Special Events & Addons for Day 2 (date 2026-01-03) | SS count: 1
INFO - 2025-12-27 07:18:53 --> SKIPPED defaults for Day 2 (date 2026-01-03) - using pre-loaded data (had_saved: yes, force_fresh: yes)
DEBUG - 2025-12-27 07:18:53 --> Fresh SS match check: Day 3 (date 2026-01-04) | Current: location='9', hotel_id=401 | Prev Day 1: location='9', hotel_id=401 | LocationMatch=YES | HotelMatch=YES
DEBUG - 2025-12-27 07:18:53 --> Fresh SS match check: Day 3 (date 2026-01-04) | Current: location='9', hotel_id=401 | Prev Day 2: location='9', hotel_id=401 | LocationMatch=YES | HotelMatch=YES
DEBUG - 2025-12-27 07:18:53 --> Fresh SS match check: Day 3 (date 2026-01-04) | Current: location='9', hotel_id=401 | Prev Day 3: location='9', hotel_id=401 | LocationMatch=YES | HotelMatch=YES
INFO - 2025-12-27 07:18:53 --> Fresh itinerary: SUCCESSFULLY pre-loaded SS, Special Events & Addons for Day 3 (date 2026-01-04) | SS count: 1
INFO - 2025-12-27 07:18:53 --> SKIPPED defaults for Day 3 (date 2026-01-04) - using pre-loaded data (had_saved: yes, force_fresh: yes)
INFO - 2025-12-27 07:18:53 --> Expansion date 2026-01-02: DB Total=36km, Saved SS=0km, Derived Base=36km (display base; JS adds current SS)
INFO - 2025-12-27 07:18:53 --> Expansion date 2026-01-02: DB Total=36km, Saved SS=0km, Derived Base=36km (display base; JS adds current SS)
INFO - 2025-12-27 07:18:53 --> Expansion date 2026-01-02: DB Total=36km, Saved SS=0km, Derived Base=36km (display base; JS adds current SS)
INFO - 2025-12-27 07:18:53 --> Expansion date 2026-01-02: DB Total=36km, Saved SS=0km, Derived Base=36km (display base; JS adds current SS)
INFO - 2025-12-27 07:18:53 --> Expansion date 2026-01-03: DB Total=0km, Saved SS=200km, Derived Base=0km (display base; JS adds current SS)
INFO - 2025-12-27 07:18:53 --> Expansion date 2026-01-03: DB Total=0km, Saved SS=200km, Derived Base=0km (display base; JS adds current SS)
INFO - 2025-12-27 07:18:53 --> Expansion date 2026-01-03: DB Total=0km, Saved SS=200km, Derived Base=0km (display base; JS adds current SS)
INFO - 2025-12-27 07:18:53 --> Expansion date 2026-01-03: DB Total=0km, Saved SS=200km, Derived Base=0km (display base; JS adds current SS)
INFO - 2025-12-27 07:18:53 --> Expansion date 2026-01-04: DB Total=36km, Saved SS=0km, Derived Base=36km (display base; JS adds current SS)
INFO - 2025-12-27 07:18:53 --> Expansion date 2026-01-04: DB Total=36km, Saved SS=0km, Derived Base=36km (display base; JS adds current SS)
INFO - 2025-12-27 07:18:53 --> Expansion date 2026-01-04: DB Total=36km, Saved SS=0km, Derived Base=36km (display base; JS adds current SS)
INFO - 2025-12-27 07:18:53 --> Expansion date 2026-01-04: DB Total=36km, Saved SS=0km, Derived Base=36km (display base; JS adds current SS)
DEBUG - 2025-12-27 07:18:59 --> Session: Class initialized using 'CodeIgniter\Session\Handlers\FileHandler' driver.
INFO - 2025-12-27 07:18:59 --> Fresh itinerary: Loaded previous itinerary details from extension_ref_id 566
DEBUG - 2025-12-27 07:18:59 --> Fresh SS match check: Day 1 (date 2026-01-02) | Current: location='9', hotel_id=401 | Prev Day 1: location='9', hotel_id=401 | LocationMatch=YES | HotelMatch=YES
INFO - 2025-12-27 07:18:59 --> Fresh itinerary: SUCCESSFULLY pre-loaded SS, Special Events & Addons for Day 1 (date 2026-01-02) | SS count: 0
INFO - 2025-12-27 07:18:59 --> SKIPPED defaults for Day 1 (date 2026-01-02) - using pre-loaded data (had_saved: yes, force_fresh: yes)
DEBUG - 2025-12-27 07:18:59 --> Fresh SS match check: Day 2 (date 2026-01-03) | Current: location='9', hotel_id=401 | Prev Day 1: location='9', hotel_id=401 | LocationMatch=YES | HotelMatch=YES
DEBUG - 2025-12-27 07:18:59 --> Fresh SS match check: Day 2 (date 2026-01-03) | Current: location='9', hotel_id=401 | Prev Day 2: location='9', hotel_id=401 | LocationMatch=YES | HotelMatch=YES
INFO - 2025-12-27 07:18:59 --> Fresh itinerary: SUCCESSFULLY pre-loaded SS, Special Events & Addons for Day 2 (date 2026-01-03) | SS count: 1
INFO - 2025-12-27 07:18:59 --> SKIPPED defaults for Day 2 (date 2026-01-03) - using pre-loaded data (had_saved: yes, force_fresh: yes)
DEBUG - 2025-12-27 07:18:59 --> Fresh SS match check: Day 3 (date 2026-01-04) | Current: location='9', hotel_id=401 | Prev Day 1: location='9', hotel_id=401 | LocationMatch=YES | HotelMatch=YES
DEBUG - 2025-12-27 07:18:59 --> Fresh SS match check: Day 3 (date 2026-01-04) | Current: location='9', hotel_id=401 | Prev Day 2: location='9', hotel_id=401 | LocationMatch=YES | HotelMatch=YES
DEBUG - 2025-12-27 07:18:59 --> Fresh SS match check: Day 3 (date 2026-01-04) | Current: location='9', hotel_id=401 | Prev Day 3: location='9', hotel_id=401 | LocationMatch=YES | HotelMatch=YES
INFO - 2025-12-27 07:18:59 --> Fresh itinerary: SUCCESSFULLY pre-loaded SS, Special Events & Addons for Day 3 (date 2026-01-04) | SS count: 1
INFO - 2025-12-27 07:18:59 --> SKIPPED defaults for Day 3 (date 2026-01-04) - using pre-loaded data (had_saved: yes, force_fresh: yes)
INFO - 2025-12-27 07:18:59 --> Expansion date 2026-01-02: DB Total=36km, Saved SS=0km, Derived Base=36km (display base; JS adds current SS)
INFO - 2025-12-27 07:18:59 --> Expansion date 2026-01-02: DB Total=36km, Saved SS=0km, Derived Base=36km (display base; JS adds current SS)
INFO - 2025-12-27 07:18:59 --> Expansion date 2026-01-02: DB Total=36km, Saved SS=0km, Derived Base=36km (display base; JS adds current SS)
INFO - 2025-12-27 07:18:59 --> Expansion date 2026-01-02: DB Total=36km, Saved SS=0km, Derived Base=36km (display base; JS adds current SS)
INFO - 2025-12-27 07:18:59 --> Expansion date 2026-01-03: DB Total=0km, Saved SS=200km, Derived Base=0km (display base; JS adds current SS)
INFO - 2025-12-27 07:18:59 --> Expansion date 2026-01-03: DB Total=0km, Saved SS=200km, Derived Base=0km (display base; JS adds current SS)
INFO - 2025-12-27 07:18:59 --> Expansion date 2026-01-03: DB Total=0km, Saved SS=200km, Derived Base=0km (display base; JS adds current SS)
INFO - 2025-12-27 07:18:59 --> Expansion date 2026-01-03: DB Total=0km, Saved SS=200km, Derived Base=0km (display base; JS adds current SS)
INFO - 2025-12-27 07:18:59 --> Expansion date 2026-01-04: DB Total=36km, Saved SS=0km, Derived Base=36km (display base; JS adds current SS)
INFO - 2025-12-27 07:18:59 --> Expansion date 2026-01-04: DB Total=36km, Saved SS=0km, Derived Base=36km (display base; JS adds current SS)
INFO - 2025-12-27 07:18:59 --> Expansion date 2026-01-04: DB Total=36km, Saved SS=0km, Derived Base=36km (display base; JS adds current SS)
INFO - 2025-12-27 07:18:59 --> Expansion date 2026-01-04: DB Total=36km, Saved SS=0km, Derived Base=36km (display base; JS adds current SS)
DEBUG - 2025-12-27 07:19:09 --> Session: Class initialized using 'CodeIgniter\Session\Handlers\FileHandler' driver.
INFO - 2025-12-27 07:19:09 --> Fresh itinerary: Loaded previous itinerary details from extension_ref_id 566
DEBUG - 2025-12-27 07:19:09 --> Fresh SS match check: Day 1 (date 2026-01-02) | Current: location='9', hotel_id=401 | Prev Day 1: location='9', hotel_id=401 | LocationMatch=YES | HotelMatch=YES
INFO - 2025-12-27 07:19:09 --> Fresh itinerary: SUCCESSFULLY pre-loaded SS, Special Events & Addons for Day 1 (date 2026-01-02) | SS count: 0
INFO - 2025-12-27 07:19:09 --> SKIPPED defaults for Day 1 (date 2026-01-02) - using pre-loaded data (had_saved: yes, force_fresh: yes)
DEBUG - 2025-12-27 07:19:09 --> Fresh SS match check: Day 2 (date 2026-01-03) | Current: location='9', hotel_id=401 | Prev Day 1: location='9', hotel_id=401 | LocationMatch=YES | HotelMatch=YES
DEBUG - 2025-12-27 07:19:09 --> Fresh SS match check: Day 2 (date 2026-01-03) | Current: location='9', hotel_id=401 | Prev Day 2: location='9', hotel_id=401 | LocationMatch=YES | HotelMatch=YES
INFO - 2025-12-27 07:19:09 --> Fresh itinerary: SUCCESSFULLY pre-loaded SS, Special Events & Addons for Day 2 (date 2026-01-03) | SS count: 1
INFO - 2025-12-27 07:19:09 --> SKIPPED defaults for Day 2 (date 2026-01-03) - using pre-loaded data (had_saved: yes, force_fresh: yes)
DEBUG - 2025-12-27 07:19:09 --> Fresh SS match check: Day 3 (date 2026-01-04) | Current: location='9', hotel_id=401 | Prev Day 1: location='9', hotel_id=401 | LocationMatch=YES | HotelMatch=YES
DEBUG - 2025-12-27 07:19:09 --> Fresh SS match check: Day 3 (date 2026-01-04) | Current: location='9', hotel_id=401 | Prev Day 2: location='9', hotel_id=401 | LocationMatch=YES | HotelMatch=YES
DEBUG - 2025-12-27 07:19:09 --> Fresh SS match check: Day 3 (date 2026-01-04) | Current: location='9', hotel_id=401 | Prev Day 3: location='9', hotel_id=401 | LocationMatch=YES | HotelMatch=YES
INFO - 2025-12-27 07:19:09 --> Fresh itinerary: SUCCESSFULLY pre-loaded SS, Special Events & Addons for Day 3 (date 2026-01-04) | SS count: 1
INFO - 2025-12-27 07:19:09 --> SKIPPED defaults for Day 3 (date 2026-01-04) - using pre-loaded data (had_saved: yes, force_fresh: yes)
INFO - 2025-12-27 07:19:09 --> Expansion date 2026-01-02: DB Total=36km, Saved SS=0km, Derived Base=36km (display base; JS adds current SS)
INFO - 2025-12-27 07:19:09 --> Expansion date 2026-01-02: DB Total=36km, Saved SS=0km, Derived Base=36km (display base; JS adds current SS)
INFO - 2025-12-27 07:19:09 --> Expansion date 2026-01-02: DB Total=36km, Saved SS=0km, Derived Base=36km (display base; JS adds current SS)
INFO - 2025-12-27 07:19:09 --> Expansion date 2026-01-02: DB Total=36km, Saved SS=0km, Derived Base=36km (display base; JS adds current SS)
INFO - 2025-12-27 07:19:09 --> Expansion date 2026-01-03: DB Total=0km, Saved SS=200km, Derived Base=0km (display base; JS adds current SS)
INFO - 2025-12-27 07:19:09 --> Expansion date 2026-01-03: DB Total=0km, Saved SS=200km, Derived Base=0km (display base; JS adds current SS)
INFO - 2025-12-27 07:19:09 --> Expansion date 2026-01-03: DB Total=0km, Saved SS=200km, Derived Base=0km (display base; JS adds current SS)
INFO - 2025-12-27 07:19:09 --> Expansion date 2026-01-03: DB Total=0km, Saved SS=200km, Derived Base=0km (display base; JS adds current SS)
INFO - 2025-12-27 07:19:09 --> Expansion date 2026-01-04: DB Total=36km, Saved SS=0km, Derived Base=36km (display base; JS adds current SS)
INFO - 2025-12-27 07:19:09 --> Expansion date 2026-01-04: DB Total=36km, Saved SS=0km, Derived Base=36km (display base; JS adds current SS)
INFO - 2025-12-27 07:19:09 --> Expansion date 2026-01-04: DB Total=36km, Saved SS=0km, Derived Base=36km (display base; JS adds current SS)
INFO - 2025-12-27 07:19:09 --> Expansion date 2026-01-04: DB Total=36km, Saved SS=0km, Derived Base=36km (display base; JS adds current SS)
DEBUG - 2025-12-27 07:19:13 --> Session: Class initialized using 'CodeIgniter\Session\Handlers\FileHandler' driver.
DEBUG - 2025-12-27 07:19:15 --> Session: Class initialized using 'CodeIgniter\Session\Handlers\FileHandler' driver.
INFO - 2025-12-27 07:19:15 --> Fresh itinerary: Loaded previous itinerary details from extension_ref_id 566
DEBUG - 2025-12-27 07:19:15 --> Fresh SS match check: Day 1 (date 2026-01-02) | Current: location='9', hotel_id=401 | Prev Day 1: location='9', hotel_id=401 | LocationMatch=YES | HotelMatch=YES
INFO - 2025-12-27 07:19:15 --> Fresh itinerary: SUCCESSFULLY pre-loaded SS, Special Events & Addons for Day 1 (date 2026-01-02) | SS count: 0
INFO - 2025-12-27 07:19:15 --> SKIPPED defaults for Day 1 (date 2026-01-02) - using pre-loaded data (had_saved: yes, force_fresh: yes)
DEBUG - 2025-12-27 07:19:15 --> Fresh SS match check: Day 2 (date 2026-01-03) | Current: location='9', hotel_id=401 | Prev Day 1: location='9', hotel_id=401 | LocationMatch=YES | HotelMatch=YES
DEBUG - 2025-12-27 07:19:15 --> Fresh SS match check: Day 2 (date 2026-01-03) | Current: location='9', hotel_id=401 | Prev Day 2: location='9', hotel_id=401 | LocationMatch=YES | HotelMatch=YES
INFO - 2025-12-27 07:19:15 --> Fresh itinerary: SUCCESSFULLY pre-loaded SS, Special Events & Addons for Day 2 (date 2026-01-03) | SS count: 1
INFO - 2025-12-27 07:19:15 --> SKIPPED defaults for Day 2 (date 2026-01-03) - using pre-loaded data (had_saved: yes, force_fresh: yes)
DEBUG - 2025-12-27 07:19:15 --> Fresh SS match check: Day 3 (date 2026-01-04) | Current: location='9', hotel_id=401 | Prev Day 1: location='9', hotel_id=401 | LocationMatch=YES | HotelMatch=YES
DEBUG - 2025-12-27 07:19:15 --> Fresh SS match check: Day 3 (date 2026-01-04) | Current: location='9', hotel_id=401 | Prev Day 2: location='9', hotel_id=401 | LocationMatch=YES | HotelMatch=YES
DEBUG - 2025-12-27 07:19:15 --> Fresh SS match check: Day 3 (date 2026-01-04) | Current: location='9', hotel_id=401 | Prev Day 3: location='9', hotel_id=401 | LocationMatch=YES | HotelMatch=YES
INFO - 2025-12-27 07:19:15 --> Fresh itinerary: SUCCESSFULLY pre-loaded SS, Special Events & Addons for Day 3 (date 2026-01-04) | SS count: 1
INFO - 2025-12-27 07:19:15 --> SKIPPED defaults for Day 3 (date 2026-01-04) - using pre-loaded data (had_saved: yes, force_fresh: yes)
INFO - 2025-12-27 07:19:15 --> Expansion date 2026-01-02: DB Total=36km, Saved SS=0km, Derived Base=36km (display base; JS adds current SS)
INFO - 2025-12-27 07:19:15 --> Expansion date 2026-01-02: DB Total=36km, Saved SS=0km, Derived Base=36km (display base; JS adds current SS)
INFO - 2025-12-27 07:19:15 --> Expansion date 2026-01-02: DB Total=36km, Saved SS=0km, Derived Base=36km (display base; JS adds current SS)
INFO - 2025-12-27 07:19:15 --> Expansion date 2026-01-02: DB Total=36km, Saved SS=0km, Derived Base=36km (display base; JS adds current SS)
INFO - 2025-12-27 07:19:15 --> Expansion date 2026-01-03: DB Total=0km, Saved SS=200km, Derived Base=0km (display base; JS adds current SS)
INFO - 2025-12-27 07:19:15 --> Expansion date 2026-01-03: DB Total=0km, Saved SS=200km, Derived Base=0km (display base; JS adds current SS)
INFO - 2025-12-27 07:19:15 --> Expansion date 2026-01-03: DB Total=0km, Saved SS=200km, Derived Base=0km (display base; JS adds current SS)
INFO - 2025-12-27 07:19:15 --> Expansion date 2026-01-03: DB Total=0km, Saved SS=200km, Derived Base=0km (display base; JS adds current SS)
INFO - 2025-12-27 07:19:15 --> Expansion date 2026-01-04: DB Total=36km, Saved SS=0km, Derived Base=36km (display base; JS adds current SS)
INFO - 2025-12-27 07:19:15 --> Expansion date 2026-01-04: DB Total=36km, Saved SS=0km, Derived Base=36km (display base; JS adds current SS)
INFO - 2025-12-27 07:19:15 --> Expansion date 2026-01-04: DB Total=36km, Saved SS=0km, Derived Base=36km (display base; JS adds current SS)
INFO - 2025-12-27 07:19:15 --> Expansion date 2026-01-04: DB Total=36km, Saved SS=0km, Derived Base=36km (display base; JS adds current SS)
DEBUG - 2025-12-27 07:19:20 --> Session: Class initialized using 'CodeIgniter\Session\Handlers\FileHandler' driver.
DEBUG - 2025-12-27 07:19:22 --> Session: Class initialized using 'CodeIgniter\Session\Handlers\FileHandler' driver.
DEBUG - 2025-12-27 07:19:23 --> Session: Class initialized using 'CodeIgniter\Session\Handlers\FileHandler' driver.
DEBUG - 2025-12-27 07:19:24 --> Session: Class initialized using 'CodeIgniter\Session\Handlers\FileHandler' driver.
DEBUG - 2025-12-27 07:19:25 --> Session: Class initialized using 'CodeIgniter\Session\Handlers\FileHandler' driver.
DEBUG - 2025-12-27 07:19:29 --> Session: Class initialized using 'CodeIgniter\Session\Handlers\FileHandler' driver.
INFO - 2025-12-27 07:19:29 --> Loading defaults for Day 1 (date 2026-01-02) - no saved/previous/draft data found
INFO - 2025-12-27 07:19:29 --> Loading defaults for Day 2 (date 2026-01-03) - no saved/previous/draft data found
INFO - 2025-12-27 07:19:29 --> Loaded default SS for Day 2 (date 2026-01-03): 1 items
INFO - 2025-12-27 07:19:29 --> Loading defaults for Day 3 (date 2026-01-04) - no saved/previous/draft data found
INFO - 2025-12-27 07:19:29 --> Hardcoded Leisure for Day 3 (date 2026-01-04)
INFO - 2025-12-27 07:19:29 --> Expansion date 2026-01-02: DB Total=36km, Saved SS=0km, Derived Base=36km (display base; JS adds current SS)
INFO - 2025-12-27 07:19:29 --> Expansion date 2026-01-02: DB Total=36km, Saved SS=0km, Derived Base=36km (display base; JS adds current SS)
INFO - 2025-12-27 07:19:29 --> Expansion date 2026-01-02: DB Total=36km, Saved SS=0km, Derived Base=36km (display base; JS adds current SS)
INFO - 2025-12-27 07:19:29 --> Expansion date 2026-01-02: DB Total=36km, Saved SS=0km, Derived Base=36km (display base; JS adds current SS)
INFO - 2025-12-27 07:19:29 --> Expansion date 2026-01-03: DB Total=0km, Saved SS=200km, Derived Base=0km (display base; JS adds current SS)
INFO - 2025-12-27 07:19:29 --> Expansion date 2026-01-03: DB Total=0km, Saved SS=200km, Derived Base=0km (display base; JS adds current SS)
INFO - 2025-12-27 07:19:29 --> Expansion date 2026-01-03: DB Total=0km, Saved SS=200km, Derived Base=0km (display base; JS adds current SS)
INFO - 2025-12-27 07:19:29 --> Expansion date 2026-01-03: DB Total=0km, Saved SS=200km, Derived Base=0km (display base; JS adds current SS)
INFO - 2025-12-27 07:19:29 --> Expansion date 2026-01-04: DB Total=36km, Saved SS=0km, Derived Base=36km (display base; JS adds current SS)
INFO - 2025-12-27 07:19:29 --> Expansion date 2026-01-04: DB Total=36km, Saved SS=0km, Derived Base=36km (display base; JS adds current SS)
INFO - 2025-12-27 07:19:29 --> Expansion date 2026-01-04: DB Total=36km, Saved SS=0km, Derived Base=36km (display base; JS adds current SS)
INFO - 2025-12-27 07:19:29 --> Expansion date 2026-01-04: DB Total=36km, Saved SS=0km, Derived Base=36km (display base; JS adds current SS)
DEBUG - 2025-12-27 07:19:41 --> Session: Class initialized using 'CodeIgniter\Session\Handlers\FileHandler' driver.
DEBUG - 2025-12-27 07:19:41 --> Session: Class initialized using 'CodeIgniter\Session\Handlers\FileHandler' driver.
DEBUG - 2025-12-27 07:19:44 --> Session: Class initialized using 'CodeIgniter\Session\Handlers\FileHandler' driver.
INFO - 2025-12-27 12:49:44 --> SKIPPED defaults for Day 1 (date 2026-01-02) - using pre-loaded data (had_saved: yes, force_fresh: no)
INFO - 2025-12-27 12:49:44 --> SKIPPED defaults for Day 2 (date 2026-01-03) - using pre-loaded data (had_saved: yes, force_fresh: no)
INFO - 2025-12-27 12:49:44 --> SKIPPED defaults for Day 3 (date 2026-01-04) - using pre-loaded data (had_saved: yes, force_fresh: no)
INFO - 2025-12-27 12:49:44 --> Expansion date 2026-01-02: DB Total=36km, Saved SS=0km, Derived Base=36km (display base; JS adds current SS)
INFO - 2025-12-27 12:49:44 --> Expansion date 2026-01-02: DB Total=36km, Saved SS=0km, Derived Base=36km (display base; JS adds current SS)
INFO - 2025-12-27 12:49:44 --> Expansion date 2026-01-02: DB Total=36km, Saved SS=0km, Derived Base=36km (display base; JS adds current SS)
INFO - 2025-12-27 12:49:44 --> Expansion date 2026-01-02: DB Total=36km, Saved SS=0km, Derived Base=36km (display base; JS adds current SS)
INFO - 2025-12-27 12:49:44 --> Expansion date 2026-01-03: DB Total=0km, Saved SS=200km, Derived Base=0km (display base; JS adds current SS)
INFO - 2025-12-27 12:49:44 --> Expansion date 2026-01-03: DB Total=0km, Saved SS=200km, Derived Base=0km (display base; JS adds current SS)
INFO - 2025-12-27 12:49:44 --> Expansion date 2026-01-03: DB Total=0km, Saved SS=200km, Derived Base=0km (display base; JS adds current SS)
INFO - 2025-12-27 12:49:44 --> Expansion date 2026-01-03: DB Total=0km, Saved SS=200km, Derived Base=0km (display base; JS adds current SS)
INFO - 2025-12-27 12:49:44 --> Expansion date 2026-01-04: DB Total=36km, Saved SS=0km, Derived Base=36km (display base; JS adds current SS)
INFO - 2025-12-27 12:49:44 --> Expansion date 2026-01-04: DB Total=36km, Saved SS=0km, Derived Base=36km (display base; JS adds current SS)
INFO - 2025-12-27 12:49:44 --> Expansion date 2026-01-04: DB Total=36km, Saved SS=0km, Derived Base=36km (display base; JS adds current SS)
INFO - 2025-12-27 12:49:44 --> Expansion date 2026-01-04: DB Total=36km, Saved SS=0km, Derived Base=36km (display base; JS adds current SS)
INFO - 2025-12-27 12:49:44 --> Itinerary expansion date 2026-01-02: Derived Base=36km (no SS added)
INFO - 2025-12-27 12:49:44 --> Itinerary expansion date 2026-01-02: Derived Base=36km (no SS added)
INFO - 2025-12-27 12:49:44 --> Itinerary expansion date 2026-01-02: Derived Base=36km (no SS added)
INFO - 2025-12-27 12:49:44 --> Itinerary expansion date 2026-01-02: Derived Base=36km (no SS added)
INFO - 2025-12-27 12:49:44 --> Itinerary expansion date 2026-01-03: Derived Base=0km (no SS added)
INFO - 2025-12-27 12:49:44 --> Itinerary expansion date 2026-01-03: Derived Base=0km (no SS added)
INFO - 2025-12-27 12:49:44 --> Itinerary expansion date 2026-01-03: Derived Base=0km (no SS added)
INFO - 2025-12-27 12:49:44 --> Itinerary expansion date 2026-01-03: Derived Base=0km (no SS added)
INFO - 2025-12-27 12:49:44 --> Itinerary expansion date 2026-01-04: Derived Base=0km (no SS added)
INFO - 2025-12-27 12:49:44 --> Itinerary expansion date 2026-01-04: Derived Base=0km (no SS added)
INFO - 2025-12-27 12:49:44 --> Itinerary expansion date 2026-01-04: Derived Base=0km (no SS added)
INFO - 2025-12-27 12:49:44 --> Itinerary expansion date 2026-01-04: Derived Base=0km (no SS added)
DEBUG - 2025-12-27 07:19:50 --> Session: Class initialized using 'CodeIgniter\Session\Handlers\FileHandler' driver.
DEBUG - 2025-12-27 07:19:50 --> Session: Class initialized using 'CodeIgniter\Session\Handlers\FileHandler' driver.
DEBUG - 2025-12-27 07:19:52 --> Session: Class initialized using 'CodeIgniter\Session\Handlers\FileHandler' driver.
DEBUG - 2025-12-27 07:19:54 --> Session: Class initialized using 'CodeIgniter\Session\Handlers\FileHandler' driver.
INFO - 2025-12-27 12:49:54 --> SKIPPED defaults for Day 1 (date 2026-01-02) - using pre-loaded data (had_saved: yes, force_fresh: no)
INFO - 2025-12-27 12:49:54 --> SKIPPED defaults for Day 2 (date 2026-01-03) - using pre-loaded data (had_saved: yes, force_fresh: no)
INFO - 2025-12-27 12:49:54 --> SKIPPED defaults for Day 3 (date 2026-01-04) - using pre-loaded data (had_saved: yes, force_fresh: no)
INFO - 2025-12-27 12:49:54 --> Expansion date 2026-01-02: DB Total=36km, Saved SS=250km, Derived Base=0km (display base; JS adds current SS)
INFO - 2025-12-27 12:49:54 --> Expansion date 2026-01-02: DB Total=36km, Saved SS=250km, Derived Base=0km (display base; JS adds current SS)
INFO - 2025-12-27 12:49:54 --> Expansion date 2026-01-02: DB Total=36km, Saved SS=250km, Derived Base=0km (display base; JS adds current SS)
INFO - 2025-12-27 12:49:54 --> Expansion date 2026-01-02: DB Total=36km, Saved SS=250km, Derived Base=0km (display base; JS adds current SS)
INFO - 2025-12-27 12:49:54 --> Expansion date 2026-01-03: DB Total=0km, Saved SS=200km, Derived Base=0km (display base; JS adds current SS)
INFO - 2025-12-27 12:49:54 --> Expansion date 2026-01-03: DB Total=0km, Saved SS=200km, Derived Base=0km (display base; JS adds current SS)
INFO - 2025-12-27 12:49:54 --> Expansion date 2026-01-03: DB Total=0km, Saved SS=200km, Derived Base=0km (display base; JS adds current SS)
INFO - 2025-12-27 12:49:54 --> Expansion date 2026-01-03: DB Total=0km, Saved SS=200km, Derived Base=0km (display base; JS adds current SS)
INFO - 2025-12-27 12:49:54 --> Expansion date 2026-01-04: DB Total=36km, Saved SS=0km, Derived Base=36km (display base; JS adds current SS)
INFO - 2025-12-27 12:49:54 --> Expansion date 2026-01-04: DB Total=36km, Saved SS=0km, Derived Base=36km (display base; JS adds current SS)
INFO - 2025-12-27 12:49:54 --> Expansion date 2026-01-04: DB Total=36km, Saved SS=0km, Derived Base=36km (display base; JS adds current SS)
INFO - 2025-12-27 12:49:54 --> Expansion date 2026-01-04: DB Total=36km, Saved SS=0km, Derived Base=36km (display base; JS adds current SS)
INFO - 2025-12-27 12:49:54 --> Itinerary expansion date 2026-01-02: Derived Base=36km (no SS added)
INFO - 2025-12-27 12:49:54 --> Itinerary expansion date 2026-01-02: Derived Base=36km (no SS added)
INFO - 2025-12-27 12:49:54 --> Itinerary expansion date 2026-01-02: Derived Base=36km (no SS added)
INFO - 2025-12-27 12:49:54 --> Itinerary expansion date 2026-01-02: Derived Base=36km (no SS added)
INFO - 2025-12-27 12:49:54 --> Itinerary expansion date 2026-01-03: Derived Base=400km (no SS added)
INFO - 2025-12-27 12:49:54 --> Itinerary expansion date 2026-01-03: Derived Base=400km (no SS added)
INFO - 2025-12-27 12:49:54 --> Itinerary expansion date 2026-01-03: Derived Base=400km (no SS added)
INFO - 2025-12-27 12:49:54 --> Itinerary expansion date 2026-01-03: Derived Base=400km (no SS added)
INFO - 2025-12-27 12:49:54 --> Itinerary expansion date 2026-01-04: Derived Base=0km (no SS added)
INFO - 2025-12-27 12:49:54 --> Itinerary expansion date 2026-01-04: Derived Base=0km (no SS added)
INFO - 2025-12-27 12:49:54 --> Itinerary expansion date 2026-01-04: Derived Base=0km (no SS added)
INFO - 2025-12-27 12:49:54 --> Itinerary expansion date 2026-01-04: Derived Base=0km (no SS added)
DEBUG - 2025-12-27 07:20:01 --> Session: Class initialized using 'CodeIgniter\Session\Handlers\FileHandler' driver.
DEBUG - 2025-12-27 07:20:01 --> Session: Class initialized using 'CodeIgniter\Session\Handlers\FileHandler' driver.
DEBUG - 2025-12-27 07:20:02 --> Session: Class initialized using 'CodeIgniter\Session\Handlers\FileHandler' driver.
DEBUG - 2025-12-27 07:20:04 --> Session: Class initialized using 'CodeIgniter\Session\Handlers\FileHandler' driver.
INFO - 2025-12-27 12:50:04 --> SKIPPED defaults for Day 1 (date 2026-01-02) - using pre-loaded data (had_saved: yes, force_fresh: no)
INFO - 2025-12-27 12:50:04 --> SKIPPED defaults for Day 2 (date 2026-01-03) - using pre-loaded data (had_saved: yes, force_fresh: no)
INFO - 2025-12-27 12:50:04 --> SKIPPED defaults for Day 3 (date 2026-01-04) - using pre-loaded data (had_saved: yes, force_fresh: no)
INFO - 2025-12-27 12:50:04 --> Expansion date 2026-01-02: DB Total=36km, Saved SS=250km, Derived Base=0km (display base; JS adds current SS)
INFO - 2025-12-27 12:50:04 --> Expansion date 2026-01-02: DB Total=36km, Saved SS=250km, Derived Base=0km (display base; JS adds current SS)
INFO - 2025-12-27 12:50:04 --> Expansion date 2026-01-02: DB Total=36km, Saved SS=250km, Derived Base=0km (display base; JS adds current SS)
INFO - 2025-12-27 12:50:04 --> Expansion date 2026-01-02: DB Total=36km, Saved SS=250km, Derived Base=0km (display base; JS adds current SS)
INFO - 2025-12-27 12:50:04 --> Expansion date 2026-01-03: DB Total=0km, Saved SS=200km, Derived Base=0km (display base; JS adds current SS)
INFO - 2025-12-27 12:50:04 --> Expansion date 2026-01-03: DB Total=0km, Saved SS=200km, Derived Base=0km (display base; JS adds current SS)
INFO - 2025-12-27 12:50:04 --> Expansion date 2026-01-03: DB Total=0km, Saved SS=200km, Derived Base=0km (display base; JS adds current SS)
INFO - 2025-12-27 12:50:04 --> Expansion date 2026-01-03: DB Total=0km, Saved SS=200km, Derived Base=0km (display base; JS adds current SS)
INFO - 2025-12-27 12:50:04 --> Expansion date 2026-01-04: DB Total=36km, Saved SS=0km, Derived Base=36km (display base; JS adds current SS)
INFO - 2025-12-27 12:50:04 --> Expansion date 2026-01-04: DB Total=36km, Saved SS=0km, Derived Base=36km (display base; JS adds current SS)
INFO - 2025-12-27 12:50:04 --> Expansion date 2026-01-04: DB Total=36km, Saved SS=0km, Derived Base=36km (display base; JS adds current SS)
INFO - 2025-12-27 12:50:04 --> Expansion date 2026-01-04: DB Total=36km, Saved SS=0km, Derived Base=36km (display base; JS adds current SS)
INFO - 2025-12-27 12:50:04 --> Itinerary expansion date 2026-01-02: Derived Base=36km (no SS added)
INFO - 2025-12-27 12:50:04 --> Itinerary expansion date 2026-01-02: Derived Base=36km (no SS added)
INFO - 2025-12-27 12:50:04 --> Itinerary expansion date 2026-01-02: Derived Base=36km (no SS added)
INFO - 2025-12-27 12:50:04 --> Itinerary expansion date 2026-01-02: Derived Base=36km (no SS added)
INFO - 2025-12-27 12:50:04 --> Itinerary expansion date 2026-01-03: Derived Base=400km (no SS added)
INFO - 2025-12-27 12:50:04 --> Itinerary expansion date 2026-01-03: Derived Base=400km (no SS added)
INFO - 2025-12-27 12:50:04 --> Itinerary expansion date 2026-01-03: Derived Base=400km (no SS added)
INFO - 2025-12-27 12:50:04 --> Itinerary expansion date 2026-01-03: Derived Base=400km (no SS added)
INFO - 2025-12-27 12:50:04 --> Itinerary expansion date 2026-01-04: Derived Base=0km (no SS added)
INFO - 2025-12-27 12:50:04 --> Itinerary expansion date 2026-01-04: Derived Base=0km (no SS added)
INFO - 2025-12-27 12:50:04 --> Itinerary expansion date 2026-01-04: Derived Base=0km (no SS added)
INFO - 2025-12-27 12:50:04 --> Itinerary expansion date 2026-01-04: Derived Base=0km (no SS added)
DEBUG - 2025-12-27 07:20:08 --> Session: Class initialized using 'CodeIgniter\Session\Handlers\FileHandler' driver.
DEBUG - 2025-12-27 07:20:08 --> Session: Class initialized using 'CodeIgniter\Session\Handlers\FileHandler' driver.
DEBUG - 2025-12-27 07:20:10 --> Session: Class initialized using 'CodeIgniter\Session\Handlers\FileHandler' driver.
DEBUG - 2025-12-27 07:20:12 --> Session: Class initialized using 'CodeIgniter\Session\Handlers\FileHandler' driver.
INFO - 2025-12-27 07:20:12 --> SKIPPED defaults for Day 1 (date 2026-01-02) - using pre-loaded data (had_saved: yes, force_fresh: no)
INFO - 2025-12-27 07:20:12 --> SKIPPED defaults for Day 2 (date 2026-01-03) - using pre-loaded data (had_saved: yes, force_fresh: no)
INFO - 2025-12-27 07:20:12 --> SKIPPED defaults for Day 3 (date 2026-01-04) - using pre-loaded data (had_saved: yes, force_fresh: no)
INFO - 2025-12-27 07:20:12 --> Expansion date 2026-01-02: DB Total=36km, Saved SS=250km, Derived Base=0km (display base; JS adds current SS)
INFO - 2025-12-27 07:20:12 --> Expansion date 2026-01-02: DB Total=36km, Saved SS=250km, Derived Base=0km (display base; JS adds current SS)
INFO - 2025-12-27 07:20:12 --> Expansion date 2026-01-02: DB Total=36km, Saved SS=250km, Derived Base=0km (display base; JS adds current SS)
INFO - 2025-12-27 07:20:12 --> Expansion date 2026-01-02: DB Total=36km, Saved SS=250km, Derived Base=0km (display base; JS adds current SS)
INFO - 2025-12-27 07:20:12 --> Expansion date 2026-01-03: DB Total=0km, Saved SS=200km, Derived Base=0km (display base; JS adds current SS)
INFO - 2025-12-27 07:20:12 --> Expansion date 2026-01-03: DB Total=0km, Saved SS=200km, Derived Base=0km (display base; JS adds current SS)
INFO - 2025-12-27 07:20:12 --> Expansion date 2026-01-03: DB Total=0km, Saved SS=200km, Derived Base=0km (display base; JS adds current SS)
INFO - 2025-12-27 07:20:12 --> Expansion date 2026-01-03: DB Total=0km, Saved SS=200km, Derived Base=0km (display base; JS adds current SS)
INFO - 2025-12-27 07:20:12 --> Expansion date 2026-01-04: DB Total=36km, Saved SS=0km, Derived Base=36km (display base; JS adds current SS)
INFO - 2025-12-27 07:20:12 --> Expansion date 2026-01-04: DB Total=36km, Saved SS=0km, Derived Base=36km (display base; JS adds current SS)
INFO - 2025-12-27 07:20:12 --> Expansion date 2026-01-04: DB Total=36km, Saved SS=0km, Derived Base=36km (display base; JS adds current SS)
INFO - 2025-12-27 07:20:12 --> Expansion date 2026-01-04: DB Total=36km, Saved SS=0km, Derived Base=36km (display base; JS adds current SS)
INFO - 2025-12-27 07:20:12 --> Itinerary expansion date 2026-01-02: Derived Base=36km (no SS added)
INFO - 2025-12-27 07:20:12 --> Itinerary expansion date 2026-01-02: Derived Base=36km (no SS added)
INFO - 2025-12-27 07:20:12 --> Itinerary expansion date 2026-01-02: Derived Base=36km (no SS added)
INFO - 2025-12-27 07:20:12 --> Itinerary expansion date 2026-01-02: Derived Base=36km (no SS added)
INFO - 2025-12-27 07:20:12 --> Itinerary expansion date 2026-01-03: Derived Base=400km (no SS added)
INFO - 2025-12-27 07:20:12 --> Itinerary expansion date 2026-01-03: Derived Base=400km (no SS added)
INFO - 2025-12-27 07:20:12 --> Itinerary expansion date 2026-01-03: Derived Base=400km (no SS added)
INFO - 2025-12-27 07:20:12 --> Itinerary expansion date 2026-01-03: Derived Base=400km (no SS added)
INFO - 2025-12-27 07:20:12 --> Itinerary expansion date 2026-01-04: Derived Base=0km (no SS added)
INFO - 2025-12-27 07:20:12 --> Itinerary expansion date 2026-01-04: Derived Base=0km (no SS added)
INFO - 2025-12-27 07:20:12 --> Itinerary expansion date 2026-01-04: Derived Base=0km (no SS added)
INFO - 2025-12-27 07:20:12 --> Itinerary expansion date 2026-01-04: Derived Base=0km (no SS added)
DEBUG - 2025-12-27 07:20:32 --> Session: Class initialized using 'CodeIgniter\Session\Handlers\FileHandler' driver.
DEBUG - 2025-12-27 07:20:32 --> Session: Class initialized using 'CodeIgniter\Session\Handlers\FileHandler' driver.
DEBUG - 2025-12-27 07:25:39 --> Session: Class initialized using 'CodeIgniter\Session\Handlers\FileHandler' driver.
DEBUG - 2025-12-27 07:25:42 --> Session: Class initialized using 'CodeIgniter\Session\Handlers\FileHandler' driver.
DEBUG - 2025-12-27 07:25:43 --> Session: Class initialized using 'CodeIgniter\Session\Handlers\FileHandler' driver.
DEBUG - 2025-12-27 07:25:44 --> Session: Class initialized using 'CodeIgniter\Session\Handlers\FileHandler' driver.
DEBUG - 2025-12-27 07:25:44 --> Session: Class initialized using 'CodeIgniter\Session\Handlers\FileHandler' driver.
DEBUG - 2025-12-27 07:25:49 --> Session: Class initialized using 'CodeIgniter\Session\Handlers\FileHandler' driver.
DEBUG - 2025-12-27 07:25:50 --> Session: Class initialized using 'CodeIgniter\Session\Handlers\FileHandler' driver.
DEBUG - 2025-12-27 07:25:51 --> Session: Class initialized using 'CodeIgniter\Session\Handlers\FileHandler' driver.
DEBUG - 2025-12-27 07:25:52 --> Session: Class initialized using 'CodeIgniter\Session\Handlers\FileHandler' driver.
INFO - 2025-12-27 07:25:52 --> Fresh itinerary: Loaded previous itinerary details from extension_ref_id 566
DEBUG - 2025-12-27 07:25:52 --> Fresh SS match check: Day 1 (date 2026-01-02) | Current: location='9', hotel_id=401 | Prev Day 1: location='9', hotel_id=401 | LocationMatch=YES | HotelMatch=YES
INFO - 2025-12-27 07:25:52 --> Fresh itinerary: SUCCESSFULLY pre-loaded SS, Special Events & Addons for Day 1 (date 2026-01-02) | SS count: 0
INFO - 2025-12-27 07:25:52 --> SKIPPED defaults for Day 1 (date 2026-01-02) - using pre-loaded data (had_saved: yes, force_fresh: yes)
DEBUG - 2025-12-27 07:25:52 --> Fresh SS match check: Day 2 (date 2026-01-03) | Current: location='9', hotel_id=401 | Prev Day 1: location='9', hotel_id=401 | LocationMatch=YES | HotelMatch=YES
DEBUG - 2025-12-27 07:25:52 --> Fresh SS match check: Day 2 (date 2026-01-03) | Current: location='9', hotel_id=401 | Prev Day 2: location='9', hotel_id=401 | LocationMatch=YES | HotelMatch=YES
INFO - 2025-12-27 07:25:52 --> Fresh itinerary: SUCCESSFULLY pre-loaded SS, Special Events & Addons for Day 2 (date 2026-01-03) | SS count: 1
INFO - 2025-12-27 07:25:52 --> SKIPPED defaults for Day 2 (date 2026-01-03) - using pre-loaded data (had_saved: yes, force_fresh: yes)
DEBUG - 2025-12-27 07:25:52 --> Fresh SS match check: Day 3 (date 2026-01-04) | Current: location='9', hotel_id=401 | Prev Day 1: location='9', hotel_id=401 | LocationMatch=YES | HotelMatch=YES
DEBUG - 2025-12-27 07:25:52 --> Fresh SS match check: Day 3 (date 2026-01-04) | Current: location='9', hotel_id=401 | Prev Day 2: location='9', hotel_id=401 | LocationMatch=YES | HotelMatch=YES
DEBUG - 2025-12-27 07:25:52 --> Fresh SS match check: Day 3 (date 2026-01-04) | Current: location='9', hotel_id=401 | Prev Day 3: location='9', hotel_id=401 | LocationMatch=YES | HotelMatch=YES
INFO - 2025-12-27 07:25:52 --> Fresh itinerary: SUCCESSFULLY pre-loaded SS, Special Events & Addons for Day 3 (date 2026-01-04) | SS count: 1
INFO - 2025-12-27 07:25:52 --> SKIPPED defaults for Day 3 (date 2026-01-04) - using pre-loaded data (had_saved: yes, force_fresh: yes)
INFO - 2025-12-27 07:25:52 --> Expansion date 2026-01-02: DB Total=36km, Saved SS=0km, Derived Base=36km (display base; JS adds current SS)
INFO - 2025-12-27 07:25:52 --> Expansion date 2026-01-02: DB Total=36km, Saved SS=0km, Derived Base=36km (display base; JS adds current SS)
INFO - 2025-12-27 07:25:52 --> Expansion date 2026-01-02: DB Total=36km, Saved SS=0km, Derived Base=36km (display base; JS adds current SS)
INFO - 2025-12-27 07:25:52 --> Expansion date 2026-01-02: DB Total=36km, Saved SS=0km, Derived Base=36km (display base; JS adds current SS)
INFO - 2025-12-27 07:25:52 --> Expansion date 2026-01-03: DB Total=0km, Saved SS=200km, Derived Base=0km (display base; JS adds current SS)
INFO - 2025-12-27 07:25:52 --> Expansion date 2026-01-03: DB Total=0km, Saved SS=200km, Derived Base=0km (display base; JS adds current SS)
INFO - 2025-12-27 07:25:52 --> Expansion date 2026-01-03: DB Total=0km, Saved SS=200km, Derived Base=0km (display base; JS adds current SS)
INFO - 2025-12-27 07:25:52 --> Expansion date 2026-01-03: DB Total=0km, Saved SS=200km, Derived Base=0km (display base; JS adds current SS)
INFO - 2025-12-27 07:25:52 --> Expansion date 2026-01-04: DB Total=36km, Saved SS=0km, Derived Base=36km (display base; JS adds current SS)
INFO - 2025-12-27 07:25:52 --> Expansion date 2026-01-04: DB Total=36km, Saved SS=0km, Derived Base=36km (display base; JS adds current SS)
INFO - 2025-12-27 07:25:52 --> Expansion date 2026-01-04: DB Total=36km, Saved SS=0km, Derived Base=36km (display base; JS adds current SS)
INFO - 2025-12-27 07:25:52 --> Expansion date 2026-01-04: DB Total=36km, Saved SS=0km, Derived Base=36km (display base; JS adds current SS)
DEBUG - 2025-12-27 07:26:26 --> Session: Class initialized using 'CodeIgniter\Session\Handlers\FileHandler' driver.
DEBUG - 2025-12-27 07:26:28 --> Session: Class initialized using 'CodeIgniter\Session\Handlers\FileHandler' driver.
DEBUG - 2025-12-27 07:26:28 --> Session: Class initialized using 'CodeIgniter\Session\Handlers\FileHandler' driver.
DEBUG - 2025-12-27 07:26:38 --> Session: Class initialized using 'CodeIgniter\Session\Handlers\FileHandler' driver.
DEBUG - 2025-12-27 07:26:38 --> Session: Class initialized using 'CodeIgniter\Session\Handlers\FileHandler' driver.
DEBUG - 2025-12-27 07:29:03 --> Session: Class initialized using 'CodeIgniter\Session\Handlers\FileHandler' driver.
DEBUG - 2025-12-27 07:29:10 --> Session: Class initialized using 'CodeIgniter\Session\Handlers\FileHandler' driver.
INFO - 2025-12-27 07:29:10 --> Loading defaults for Day 1 (date 2026-01-02) - no saved/previous/draft data found
INFO - 2025-12-27 07:29:10 --> Loading defaults for Day 2 (date 2026-01-03) - no saved/previous/draft data found
INFO - 2025-12-27 07:29:10 --> Loaded default SS for Day 2 (date 2026-01-03): 1 items
INFO - 2025-12-27 07:29:10 --> Loading defaults for Day 3 (date 2026-01-04) - no saved/previous/draft data found
INFO - 2025-12-27 07:29:10 --> Hardcoded Leisure for Day 3 (date 2026-01-04)
INFO - 2025-12-27 07:29:10 --> Expansion date 2026-01-02: DB Total=36km, Saved SS=0km, Derived Base=36km (display base; JS adds current SS)
INFO - 2025-12-27 07:29:10 --> Expansion date 2026-01-02: DB Total=36km, Saved SS=0km, Derived Base=36km (display base; JS adds current SS)
INFO - 2025-12-27 07:29:10 --> Expansion date 2026-01-02: DB Total=36km, Saved SS=0km, Derived Base=36km (display base; JS adds current SS)
INFO - 2025-12-27 07:29:10 --> Expansion date 2026-01-02: DB Total=36km, Saved SS=0km, Derived Base=36km (display base; JS adds current SS)
INFO - 2025-12-27 07:29:10 --> Expansion date 2026-01-03: DB Total=0km, Saved SS=200km, Derived Base=0km (display base; JS adds current SS)
INFO - 2025-12-27 07:29:10 --> Expansion date 2026-01-03: DB Total=0km, Saved SS=200km, Derived Base=0km (display base; JS adds current SS)
INFO - 2025-12-27 07:29:10 --> Expansion date 2026-01-03: DB Total=0km, Saved SS=200km, Derived Base=0km (display base; JS adds current SS)
INFO - 2025-12-27 07:29:10 --> Expansion date 2026-01-03: DB Total=0km, Saved SS=200km, Derived Base=0km (display base; JS adds current SS)
INFO - 2025-12-27 07:29:10 --> Expansion date 2026-01-04: DB Total=36km, Saved SS=0km, Derived Base=36km (display base; JS adds current SS)
INFO - 2025-12-27 07:29:10 --> Expansion date 2026-01-04: DB Total=36km, Saved SS=0km, Derived Base=36km (display base; JS adds current SS)
INFO - 2025-12-27 07:29:10 --> Expansion date 2026-01-04: DB Total=36km, Saved SS=0km, Derived Base=36km (display base; JS adds current SS)
INFO - 2025-12-27 07:29:10 --> Expansion date 2026-01-04: DB Total=36km, Saved SS=0km, Derived Base=36km (display base; JS adds current SS)
DEBUG - 2025-12-27 07:30:34 --> Session: Class initialized using 'CodeIgniter\Session\Handlers\FileHandler' driver.
DEBUG - 2025-12-27 07:30:34 --> Session: Class initialized using 'CodeIgniter\Session\Handlers\FileHandler' driver.
DEBUG - 2025-12-27 07:30:36 --> Session: Class initialized using 'CodeIgniter\Session\Handlers\FileHandler' driver.
DEBUG - 2025-12-27 07:30:42 --> Session: Class initialized using 'CodeIgniter\Session\Handlers\FileHandler' driver.
INFO - 2025-12-27 07:30:42 --> Loading defaults for Day 1 (date 2026-01-02) - no saved/previous/draft data found
INFO - 2025-12-27 07:30:42 --> Loading defaults for Day 2 (date 2026-01-03) - no saved/previous/draft data found
INFO - 2025-12-27 07:30:42 --> Loaded default SS for Day 2 (date 2026-01-03): 1 items
INFO - 2025-12-27 07:30:42 --> Loading defaults for Day 3 (date 2026-01-04) - no saved/previous/draft data found
INFO - 2025-12-27 07:30:42 --> Hardcoded Leisure for Day 3 (date 2026-01-04)
INFO - 2025-12-27 07:30:42 --> Expansion date 2026-01-02: DB Total=36km, Saved SS=0km, Derived Base=36km (display base; JS adds current SS)
INFO - 2025-12-27 07:30:42 --> Expansion date 2026-01-02: DB Total=36km, Saved SS=0km, Derived Base=36km (display base; JS adds current SS)
INFO - 2025-12-27 07:30:42 --> Expansion date 2026-01-02: DB Total=36km, Saved SS=0km, Derived Base=36km (display base; JS adds current SS)
INFO - 2025-12-27 07:30:42 --> Expansion date 2026-01-02: DB Total=36km, Saved SS=0km, Derived Base=36km (display base; JS adds current SS)
INFO - 2025-12-27 07:30:42 --> Expansion date 2026-01-03: DB Total=0km, Saved SS=200km, Derived Base=0km (display base; JS adds current SS)
INFO - 2025-12-27 07:30:42 --> Expansion date 2026-01-03: DB Total=0km, Saved SS=200km, Derived Base=0km (display base; JS adds current SS)
INFO - 2025-12-27 07:30:42 --> Expansion date 2026-01-03: DB Total=0km, Saved SS=200km, Derived Base=0km (display base; JS adds current SS)
INFO - 2025-12-27 07:30:42 --> Expansion date 2026-01-03: DB Total=0km, Saved SS=200km, Derived Base=0km (display base; JS adds current SS)
INFO - 2025-12-27 07:30:42 --> Expansion date 2026-01-04: DB Total=36km, Saved SS=0km, Derived Base=36km (display base; JS adds current SS)
INFO - 2025-12-27 07:30:42 --> Expansion date 2026-01-04: DB Total=36km, Saved SS=0km, Derived Base=36km (display base; JS adds current SS)
INFO - 2025-12-27 07:30:42 --> Expansion date 2026-01-04: DB Total=36km, Saved SS=0km, Derived Base=36km (display base; JS adds current SS)
INFO - 2025-12-27 07:30:42 --> Expansion date 2026-01-04: DB Total=36km, Saved SS=0km, Derived Base=36km (display base; JS adds current SS)
DEBUG - 2025-12-27 07:30:53 --> Session: Class initialized using 'CodeIgniter\Session\Handlers\FileHandler' driver.
DEBUG - 2025-12-27 07:30:54 --> Session: Class initialized using 'CodeIgniter\Session\Handlers\FileHandler' driver.
DEBUG - 2025-12-27 07:30:57 --> Session: Class initialized using 'CodeIgniter\Session\Handlers\FileHandler' driver.
DEBUG - 2025-12-27 07:31:03 --> Session: Class initialized using 'CodeIgniter\Session\Handlers\FileHandler' driver.
INFO - 2025-12-27 07:31:03 --> Loading defaults for Day 1 (date 2026-01-02) - no saved/previous/draft data found
INFO - 2025-12-27 07:31:03 --> Loading defaults for Day 2 (date 2026-01-03) - no saved/previous/draft data found
INFO - 2025-12-27 07:31:03 --> Loaded default SS for Day 2 (date 2026-01-03): 1 items
INFO - 2025-12-27 07:31:03 --> Loading defaults for Day 3 (date 2026-01-04) - no saved/previous/draft data found
INFO - 2025-12-27 07:31:03 --> Hardcoded Leisure for Day 3 (date 2026-01-04)
INFO - 2025-12-27 07:31:03 --> Expansion date 2026-01-02: DB Total=36km, Saved SS=0km, Derived Base=36km (display base; JS adds current SS)
INFO - 2025-12-27 07:31:03 --> Expansion date 2026-01-02: DB Total=36km, Saved SS=0km, Derived Base=36km (display base; JS adds current SS)
INFO - 2025-12-27 07:31:03 --> Expansion date 2026-01-02: DB Total=36km, Saved SS=0km, Derived Base=36km (display base; JS adds current SS)
INFO - 2025-12-27 07:31:03 --> Expansion date 2026-01-02: DB Total=36km, Saved SS=0km, Derived Base=36km (display base; JS adds current SS)
INFO - 2025-12-27 07:31:03 --> Expansion date 2026-01-03: DB Total=0km, Saved SS=200km, Derived Base=0km (display base; JS adds current SS)
INFO - 2025-12-27 07:31:03 --> Expansion date 2026-01-03: DB Total=0km, Saved SS=200km, Derived Base=0km (display base; JS adds current SS)
INFO - 2025-12-27 07:31:03 --> Expansion date 2026-01-03: DB Total=0km, Saved SS=200km, Derived Base=0km (display base; JS adds current SS)
INFO - 2025-12-27 07:31:03 --> Expansion date 2026-01-03: DB Total=0km, Saved SS=200km, Derived Base=0km (display base; JS adds current SS)
INFO - 2025-12-27 07:31:03 --> Expansion date 2026-01-04: DB Total=36km, Saved SS=0km, Derived Base=36km (display base; JS adds current SS)
INFO - 2025-12-27 07:31:03 --> Expansion date 2026-01-04: DB Total=36km, Saved SS=0km, Derived Base=36km (display base; JS adds current SS)
INFO - 2025-12-27 07:31:03 --> Expansion date 2026-01-04: DB Total=36km, Saved SS=0km, Derived Base=36km (display base; JS adds current SS)
INFO - 2025-12-27 07:31:03 --> Expansion date 2026-01-04: DB Total=36km, Saved SS=0km, Derived Base=36km (display base; JS adds current SS)
DEBUG - 2025-12-27 07:42:46 --> Session: Class initialized using 'CodeIgniter\Session\Handlers\FileHandler' driver.
INFO - 2025-12-27 07:42:46 --> SKIPPED defaults for Day 1 (date 2026-01-02) - using pre-loaded data (had_saved: no, force_fresh: yes)
INFO - 2025-12-27 07:42:46 --> SKIPPED defaults for Day 2 (date 2026-01-03) - using pre-loaded data (had_saved: no, force_fresh: yes)
INFO - 2025-12-27 07:42:46 --> SKIPPED defaults for Day 3 (date 2026-01-04) - using pre-loaded data (had_saved: no, force_fresh: yes)
INFO - 2025-12-27 07:42:46 --> Expansion date 2026-01-02: DB Total=36km, Saved SS=0km, Derived Base=36km (display base; JS adds current SS)
INFO - 2025-12-27 07:42:46 --> Expansion date 2026-01-02: DB Total=36km, Saved SS=0km, Derived Base=36km (display base; JS adds current SS)
INFO - 2025-12-27 07:42:46 --> Expansion date 2026-01-02: DB Total=36km, Saved SS=0km, Derived Base=36km (display base; JS adds current SS)
INFO - 2025-12-27 07:42:46 --> Expansion date 2026-01-02: DB Total=36km, Saved SS=0km, Derived Base=36km (display base; JS adds current SS)
INFO - 2025-12-27 07:42:46 --> Expansion date 2026-01-03: DB Total=0km, Saved SS=0km, Derived Base=0km (display base; JS adds current SS)
INFO - 2025-12-27 07:42:46 --> Expansion date 2026-01-03: DB Total=0km, Saved SS=0km, Derived Base=0km (display base; JS adds current SS)
INFO - 2025-12-27 07:42:46 --> Expansion date 2026-01-03: DB Total=0km, Saved SS=0km, Derived Base=0km (display base; JS adds current SS)
INFO - 2025-12-27 07:42:46 --> Expansion date 2026-01-03: DB Total=0km, Saved SS=0km, Derived Base=0km (display base; JS adds current SS)
INFO - 2025-12-27 07:42:46 --> Expansion date 2026-01-04: DB Total=36km, Saved SS=0km, Derived Base=36km (display base; JS adds current SS)
INFO - 2025-12-27 07:42:46 --> Expansion date 2026-01-04: DB Total=36km, Saved SS=0km, Derived Base=36km (display base; JS adds current SS)
INFO - 2025-12-27 07:42:46 --> Expansion date 2026-01-04: DB Total=36km, Saved SS=0km, Derived Base=36km (display base; JS adds current SS)
INFO - 2025-12-27 07:42:46 --> Expansion date 2026-01-04: DB Total=36km, Saved SS=0km, Derived Base=36km (display base; JS adds current SS)
DEBUG - 2025-12-27 07:42:57 --> Session: Class initialized using 'CodeIgniter\Session\Handlers\FileHandler' driver.
INFO - 2025-12-27 07:42:57 --> SKIPPED defaults for Day 1 (date 2026-01-02) - using pre-loaded data (had_saved: no, force_fresh: yes)
INFO - 2025-12-27 07:42:57 --> SKIPPED defaults for Day 2 (date 2026-01-03) - using pre-loaded data (had_saved: no, force_fresh: yes)
INFO - 2025-12-27 07:42:57 --> SKIPPED defaults for Day 3 (date 2026-01-04) - using pre-loaded data (had_saved: no, force_fresh: yes)
INFO - 2025-12-27 07:42:57 --> Expansion date 2026-01-02: DB Total=36km, Saved SS=0km, Derived Base=36km (display base; JS adds current SS)
INFO - 2025-12-27 07:42:57 --> Expansion date 2026-01-02: DB Total=36km, Saved SS=0km, Derived Base=36km (display base; JS adds current SS)
INFO - 2025-12-27 07:42:57 --> Expansion date 2026-01-02: DB Total=36km, Saved SS=0km, Derived Base=36km (display base; JS adds current SS)
INFO - 2025-12-27 07:42:58 --> Expansion date 2026-01-02: DB Total=36km, Saved SS=0km, Derived Base=36km (display base; JS adds current SS)
INFO - 2025-12-27 07:42:58 --> Expansion date 2026-01-03: DB Total=0km, Saved SS=0km, Derived Base=0km (display base; JS adds current SS)
INFO - 2025-12-27 07:42:58 --> Expansion date 2026-01-03: DB Total=0km, Saved SS=0km, Derived Base=0km (display base; JS adds current SS)
INFO - 2025-12-27 07:42:58 --> Expansion date 2026-01-03: DB Total=0km, Saved SS=0km, Derived Base=0km (display base; JS adds current SS)
INFO - 2025-12-27 07:42:58 --> Expansion date 2026-01-03: DB Total=0km, Saved SS=0km, Derived Base=0km (display base; JS adds current SS)
INFO - 2025-12-27 07:42:58 --> Expansion date 2026-01-04: DB Total=36km, Saved SS=0km, Derived Base=36km (display base; JS adds current SS)
INFO - 2025-12-27 07:42:58 --> Expansion date 2026-01-04: DB Total=36km, Saved SS=0km, Derived Base=36km (display base; JS adds current SS)
INFO - 2025-12-27 07:42:58 --> Expansion date 2026-01-04: DB Total=36km, Saved SS=0km, Derived Base=36km (display base; JS adds current SS)
INFO - 2025-12-27 07:42:58 --> Expansion date 2026-01-04: DB Total=36km, Saved SS=0km, Derived Base=36km (display base; JS adds current SS)
DEBUG - 2025-12-27 07:43:00 --> Session: Class initialized using 'CodeIgniter\Session\Handlers\FileHandler' driver.
DEBUG - 2025-12-27 07:43:01 --> Session: Class initialized using 'CodeIgniter\Session\Handlers\FileHandler' driver.
DEBUG - 2025-12-27 07:43:03 --> Session: Class initialized using 'CodeIgniter\Session\Handlers\FileHandler' driver.
DEBUG - 2025-12-27 07:43:03 --> Session: Class initialized using 'CodeIgniter\Session\Handlers\FileHandler' driver.
DEBUG - 2025-12-27 07:43:05 --> Session: Class initialized using 'CodeIgniter\Session\Handlers\FileHandler' driver.
DEBUG - 2025-12-27 07:43:05 --> Session: Class initialized using 'CodeIgniter\Session\Handlers\FileHandler' driver.
DEBUG - 2025-12-27 07:43:07 --> Session: Class initialized using 'CodeIgniter\Session\Handlers\FileHandler' driver.
DEBUG - 2025-12-27 07:43:08 --> Session: Class initialized using 'CodeIgniter\Session\Handlers\FileHandler' driver.
INFO - 2025-12-27 13:13:08 --> SKIPPED defaults for Day 1 (date 2026-01-02) - using pre-loaded data (had_saved: yes, force_fresh: no)
INFO - 2025-12-27 13:13:08 --> SKIPPED defaults for Day 2 (date 2026-01-03) - using pre-loaded data (had_saved: yes, force_fresh: no)
INFO - 2025-12-27 13:13:08 --> SKIPPED defaults for Day 3 (date 2026-01-04) - using pre-loaded data (had_saved: yes, force_fresh: no)
INFO - 2025-12-27 13:13:08 --> Expansion date 2026-01-02: DB Total=36km, Saved SS=250km, Derived Base=0km (display base; JS adds current SS)
INFO - 2025-12-27 13:13:08 --> Expansion date 2026-01-02: DB Total=36km, Saved SS=250km, Derived Base=0km (display base; JS adds current SS)
INFO - 2025-12-27 13:13:08 --> Expansion date 2026-01-02: DB Total=36km, Saved SS=250km, Derived Base=0km (display base; JS adds current SS)
INFO - 2025-12-27 13:13:08 --> Expansion date 2026-01-02: DB Total=36km, Saved SS=250km, Derived Base=0km (display base; JS adds current SS)
INFO - 2025-12-27 13:13:08 --> Expansion date 2026-01-03: DB Total=0km, Saved SS=200km, Derived Base=0km (display base; JS adds current SS)
INFO - 2025-12-27 13:13:08 --> Expansion date 2026-01-03: DB Total=0km, Saved SS=200km, Derived Base=0km (display base; JS adds current SS)
INFO - 2025-12-27 13:13:08 --> Expansion date 2026-01-03: DB Total=0km, Saved SS=200km, Derived Base=0km (display base; JS adds current SS)
INFO - 2025-12-27 13:13:08 --> Expansion date 2026-01-03: DB Total=0km, Saved SS=200km, Derived Base=0km (display base; JS adds current SS)
INFO - 2025-12-27 13:13:08 --> Expansion date 2026-01-04: DB Total=36km, Saved SS=0km, Derived Base=36km (display base; JS adds current SS)
INFO - 2025-12-27 13:13:08 --> Expansion date 2026-01-04: DB Total=36km, Saved SS=0km, Derived Base=36km (display base; JS adds current SS)
INFO - 2025-12-27 13:13:08 --> Expansion date 2026-01-04: DB Total=36km, Saved SS=0km, Derived Base=36km (display base; JS adds current SS)
INFO - 2025-12-27 13:13:08 --> Expansion date 2026-01-04: DB Total=36km, Saved SS=0km, Derived Base=36km (display base; JS adds current SS)
INFO - 2025-12-27 13:13:08 --> Itinerary expansion date 2026-01-02: Derived Base=36km (no SS added)
INFO - 2025-12-27 13:13:08 --> Itinerary expansion date 2026-01-02: Derived Base=36km (no SS added)
INFO - 2025-12-27 13:13:08 --> Itinerary expansion date 2026-01-02: Derived Base=36km (no SS added)
INFO - 2025-12-27 13:13:08 --> Itinerary expansion date 2026-01-02: Derived Base=36km (no SS added)
INFO - 2025-12-27 13:13:08 --> Itinerary expansion date 2026-01-03: Derived Base=400km (no SS added)
INFO - 2025-12-27 13:13:08 --> Itinerary expansion date 2026-01-03: Derived Base=400km (no SS added)
INFO - 2025-12-27 13:13:08 --> Itinerary expansion date 2026-01-03: Derived Base=400km (no SS added)
INFO - 2025-12-27 13:13:08 --> Itinerary expansion date 2026-01-03: Derived Base=400km (no SS added)
INFO - 2025-12-27 13:13:08 --> Itinerary expansion date 2026-01-04: Derived Base=0km (no SS added)
INFO - 2025-12-27 13:13:08 --> Itinerary expansion date 2026-01-04: Derived Base=0km (no SS added)
INFO - 2025-12-27 13:13:08 --> Itinerary expansion date 2026-01-04: Derived Base=0km (no SS added)
INFO - 2025-12-27 13:13:08 --> Itinerary expansion date 2026-01-04: Derived Base=0km (no SS added)
DEBUG - 2025-12-27 07:43:16 --> Session: Class initialized using 'CodeIgniter\Session\Handlers\FileHandler' driver.
DEBUG - 2025-12-27 07:43:16 --> Session: Class initialized using 'CodeIgniter\Session\Handlers\FileHandler' driver.
DEBUG - 2025-12-27 07:43:19 --> Session: Class initialized using 'CodeIgniter\Session\Handlers\FileHandler' driver.
DEBUG - 2025-12-27 07:43:21 --> Session: Class initialized using 'CodeIgniter\Session\Handlers\FileHandler' driver.
DEBUG - 2025-12-27 07:43:22 --> Session: Class initialized using 'CodeIgniter\Session\Handlers\FileHandler' driver.
DEBUG - 2025-12-27 07:43:24 --> Session: Class initialized using 'CodeIgniter\Session\Handlers\FileHandler' driver.
DEBUG - 2025-12-27 07:43:27 --> Session: Class initialized using 'CodeIgniter\Session\Handlers\FileHandler' driver.
INFO - 2025-12-27 07:43:27 --> SKIPPED defaults for Day 1 (date 2026-01-02) - using pre-loaded data (had_saved: yes, force_fresh: no)
INFO - 2025-12-27 07:43:27 --> SKIPPED defaults for Day 2 (date 2026-01-03) - using pre-loaded data (had_saved: yes, force_fresh: no)
INFO - 2025-12-27 07:43:27 --> SKIPPED defaults for Day 3 (date 2026-01-04) - using pre-loaded data (had_saved: yes, force_fresh: no)
INFO - 2025-12-27 07:43:27 --> Expansion date 2026-01-02: DB Total=36km, Saved SS=250km, Derived Base=0km (display base; JS adds current SS)
INFO - 2025-12-27 07:43:27 --> Expansion date 2026-01-02: DB Total=36km, Saved SS=250km, Derived Base=0km (display base; JS adds current SS)
INFO - 2025-12-27 07:43:27 --> Expansion date 2026-01-02: DB Total=36km, Saved SS=250km, Derived Base=0km (display base; JS adds current SS)
INFO - 2025-12-27 07:43:27 --> Expansion date 2026-01-02: DB Total=36km, Saved SS=250km, Derived Base=0km (display base; JS adds current SS)
INFO - 2025-12-27 07:43:27 --> Expansion date 2026-01-03: DB Total=0km, Saved SS=200km, Derived Base=0km (display base; JS adds current SS)
INFO - 2025-12-27 07:43:27 --> Expansion date 2026-01-03: DB Total=0km, Saved SS=200km, Derived Base=0km (display base; JS adds current SS)
INFO - 2025-12-27 07:43:27 --> Expansion date 2026-01-03: DB Total=0km, Saved SS=200km, Derived Base=0km (display base; JS adds current SS)
INFO - 2025-12-27 07:43:27 --> Expansion date 2026-01-03: DB Total=0km, Saved SS=200km, Derived Base=0km (display base; JS adds current SS)
INFO - 2025-12-27 07:43:27 --> Expansion date 2026-01-04: DB Total=36km, Saved SS=0km, Derived Base=36km (display base; JS adds current SS)
INFO - 2025-12-27 07:43:27 --> Expansion date 2026-01-04: DB Total=36km, Saved SS=0km, Derived Base=36km (display base; JS adds current SS)
INFO - 2025-12-27 07:43:27 --> Expansion date 2026-01-04: DB Total=36km, Saved SS=0km, Derived Base=36km (display base; JS adds current SS)
INFO - 2025-12-27 07:43:27 --> Expansion date 2026-01-04: DB Total=36km, Saved SS=0km, Derived Base=36km (display base; JS adds current SS)
INFO - 2025-12-27 07:43:27 --> Itinerary expansion date 2026-01-02: Derived Base=36km (no SS added)
INFO - 2025-12-27 07:43:27 --> Itinerary expansion date 2026-01-02: Derived Base=36km (no SS added)
INFO - 2025-12-27 07:43:27 --> Itinerary expansion date 2026-01-02: Derived Base=36km (no SS added)
INFO - 2025-12-27 07:43:27 --> Itinerary expansion date 2026-01-02: Derived Base=36km (no SS added)
INFO - 2025-12-27 07:43:27 --> Itinerary expansion date 2026-01-03: Derived Base=400km (no SS added)
INFO - 2025-12-27 07:43:27 --> Itinerary expansion date 2026-01-03: Derived Base=400km (no SS added)
INFO - 2025-12-27 07:43:27 --> Itinerary expansion date 2026-01-03: Derived Base=400km (no SS added)
INFO - 2025-12-27 07:43:27 --> Itinerary expansion date 2026-01-03: Derived Base=400km (no SS added)
INFO - 2025-12-27 07:43:27 --> Itinerary expansion date 2026-01-04: Derived Base=0km (no SS added)
INFO - 2025-12-27 07:43:27 --> Itinerary expansion date 2026-01-04: Derived Base=0km (no SS added)
INFO - 2025-12-27 07:43:27 --> Itinerary expansion date 2026-01-04: Derived Base=0km (no SS added)
INFO - 2025-12-27 07:43:27 --> Itinerary expansion date 2026-01-04: Derived Base=0km (no SS added)
DEBUG - 2025-12-27 07:43:35 --> Session: Class initialized using 'CodeIgniter\Session\Handlers\FileHandler' driver.
DEBUG - 2025-12-27 07:43:35 --> Session: Class initialized using 'CodeIgniter\Session\Handlers\FileHandler' driver.
DEBUG - 2025-12-27 07:43:37 --> Session: Class initialized using 'CodeIgniter\Session\Handlers\FileHandler' driver.
DEBUG - 2025-12-27 07:43:50 --> Session: Class initialized using 'CodeIgniter\Session\Handlers\FileHandler' driver.
DEBUG - 2025-12-27 07:43:52 --> Session: Class initialized using 'CodeIgniter\Session\Handlers\FileHandler' driver.
DEBUG - 2025-12-27 07:43:52 --> Session: Class initialized using 'CodeIgniter\Session\Handlers\FileHandler' driver.
DEBUG - 2025-12-27 07:43:53 --> Session: Class initialized using 'CodeIgniter\Session\Handlers\FileHandler' driver.
DEBUG - 2025-12-27 07:43:57 --> Session: Class initialized using 'CodeIgniter\Session\Handlers\FileHandler' driver.
DEBUG - 2025-12-27 07:43:59 --> Session: Class initialized using 'CodeIgniter\Session\Handlers\FileHandler' driver.
DEBUG - 2025-12-27 07:43:59 --> Session: Class initialized using 'CodeIgniter\Session\Handlers\FileHandler' driver.
DEBUG - 2025-12-27 07:44:00 --> Session: Class initialized using 'CodeIgniter\Session\Handlers\FileHandler' driver.
INFO - 2025-12-27 07:44:00 --> SKIPPED defaults for Day 1 (date 2026-01-02) - using pre-loaded data (had_saved: no, force_fresh: yes)
INFO - 2025-12-27 07:44:00 --> SKIPPED defaults for Day 2 (date 2026-01-03) - using pre-loaded data (had_saved: no, force_fresh: yes)
INFO - 2025-12-27 07:44:00 --> SKIPPED defaults for Day 3 (date 2026-01-04) - using pre-loaded data (had_saved: no, force_fresh: yes)
INFO - 2025-12-27 07:44:00 --> Expansion date 2026-01-02: DB Total=36km, Saved SS=0km, Derived Base=36km (display base; JS adds current SS)
INFO - 2025-12-27 07:44:00 --> Expansion date 2026-01-02: DB Total=36km, Saved SS=0km, Derived Base=36km (display base; JS adds current SS)
INFO - 2025-12-27 07:44:00 --> Expansion date 2026-01-02: DB Total=36km, Saved SS=0km, Derived Base=36km (display base; JS adds current SS)
INFO - 2025-12-27 07:44:00 --> Expansion date 2026-01-02: DB Total=36km, Saved SS=0km, Derived Base=36km (display base; JS adds current SS)
INFO - 2025-12-27 07:44:00 --> Expansion date 2026-01-03: DB Total=0km, Saved SS=0km, Derived Base=0km (display base; JS adds current SS)
INFO - 2025-12-27 07:44:00 --> Expansion date 2026-01-03: DB Total=0km, Saved SS=0km, Derived Base=0km (display base; JS adds current SS)
INFO - 2025-12-27 07:44:00 --> Expansion date 2026-01-03: DB Total=0km, Saved SS=0km, Derived Base=0km (display base; JS adds current SS)
INFO - 2025-12-27 07:44:00 --> Expansion date 2026-01-03: DB Total=0km, Saved SS=0km, Derived Base=0km (display base; JS adds current SS)
INFO - 2025-12-27 07:44:00 --> Expansion date 2026-01-04: DB Total=36km, Saved SS=0km, Derived Base=36km (display base; JS adds current SS)
INFO - 2025-12-27 07:44:00 --> Expansion date 2026-01-04: DB Total=36km, Saved SS=0km, Derived Base=36km (display base; JS adds current SS)
INFO - 2025-12-27 07:44:00 --> Expansion date 2026-01-04: DB Total=36km, Saved SS=0km, Derived Base=36km (display base; JS adds current SS)
INFO - 2025-12-27 07:44:00 --> Expansion date 2026-01-04: DB Total=36km, Saved SS=0km, Derived Base=36km (display base; JS adds current SS)
DEBUG - 2025-12-27 07:44:33 --> Session: Class initialized using 'CodeIgniter\Session\Handlers\FileHandler' driver.
INFO - 2025-12-27 07:44:33 --> Fresh itinerary: Loaded previous itinerary details from extension_ref_id 566
DEBUG - 2025-12-27 07:44:34 --> Fresh SS match check: Day 1 (date 2026-01-02) | Current: location='9', hotel_id=401 | Prev Day 1: location='9', hotel_id=401 | LocationMatch=YES | HotelMatch=YES
INFO - 2025-12-27 07:44:34 --> Fresh itinerary: SUCCESSFULLY pre-loaded SS, Special Events & Addons for Day 1 (date 2026-01-02) | SS count: 0
INFO - 2025-12-27 07:44:34 --> SKIPPED defaults for Day 1 (date 2026-01-02) - using pre-loaded data (had_saved: yes, force_fresh: yes)
DEBUG - 2025-12-27 07:44:34 --> Fresh SS match check: Day 2 (date 2026-01-03) | Current: location='9', hotel_id=401 | Prev Day 1: location='9', hotel_id=401 | LocationMatch=YES | HotelMatch=YES
DEBUG - 2025-12-27 07:44:34 --> Fresh SS match check: Day 2 (date 2026-01-03) | Current: location='9', hotel_id=401 | Prev Day 2: location='9', hotel_id=401 | LocationMatch=YES | HotelMatch=YES
INFO - 2025-12-27 07:44:34 --> Fresh itinerary: SUCCESSFULLY pre-loaded SS, Special Events & Addons for Day 2 (date 2026-01-03) | SS count: 1
INFO - 2025-12-27 07:44:34 --> SKIPPED defaults for Day 2 (date 2026-01-03) - using pre-loaded data (had_saved: yes, force_fresh: yes)
DEBUG - 2025-12-27 07:44:34 --> Fresh SS match check: Day 3 (date 2026-01-04) | Current: location='9', hotel_id=401 | Prev Day 1: location='9', hotel_id=401 | LocationMatch=YES | HotelMatch=YES
DEBUG - 2025-12-27 07:44:34 --> Fresh SS match check: Day 3 (date 2026-01-04) | Current: location='9', hotel_id=401 | Prev Day 2: location='9', hotel_id=401 | LocationMatch=YES | HotelMatch=YES
DEBUG - 2025-12-27 07:44:34 --> Fresh SS match check: Day 3 (date 2026-01-04) | Current: location='9', hotel_id=401 | Prev Day 3: location='9', hotel_id=401 | LocationMatch=YES | HotelMatch=YES
INFO - 2025-12-27 07:44:34 --> Fresh itinerary: SUCCESSFULLY pre-loaded SS, Special Events & Addons for Day 3 (date 2026-01-04) | SS count: 1
INFO - 2025-12-27 07:44:34 --> SKIPPED defaults for Day 3 (date 2026-01-04) - using pre-loaded data (had_saved: yes, force_fresh: yes)
INFO - 2025-12-27 07:44:34 --> Expansion date 2026-01-02: DB Total=36km, Saved SS=0km, Derived Base=36km (display base; JS adds current SS)
INFO - 2025-12-27 07:44:34 --> Expansion date 2026-01-02: DB Total=36km, Saved SS=0km, Derived Base=36km (display base; JS adds current SS)
INFO - 2025-12-27 07:44:34 --> Expansion date 2026-01-02: DB Total=36km, Saved SS=0km, Derived Base=36km (display base; JS adds current SS)
INFO - 2025-12-27 07:44:34 --> Expansion date 2026-01-02: DB Total=36km, Saved SS=0km, Derived Base=36km (display base; JS adds current SS)
INFO - 2025-12-27 07:44:34 --> Expansion date 2026-01-03: DB Total=0km, Saved SS=200km, Derived Base=0km (display base; JS adds current SS)
INFO - 2025-12-27 07:44:34 --> Expansion date 2026-01-03: DB Total=0km, Saved SS=200km, Derived Base=0km (display base; JS adds current SS)
INFO - 2025-12-27 07:44:34 --> Expansion date 2026-01-03: DB Total=0km, Saved SS=200km, Derived Base=0km (display base; JS adds current SS)
INFO - 2025-12-27 07:44:34 --> Expansion date 2026-01-03: DB Total=0km, Saved SS=200km, Derived Base=0km (display base; JS adds current SS)
INFO - 2025-12-27 07:44:34 --> Expansion date 2026-01-04: DB Total=36km, Saved SS=0km, Derived Base=36km (display base; JS adds current SS)
INFO - 2025-12-27 07:44:34 --> Expansion date 2026-01-04: DB Total=36km, Saved SS=0km, Derived Base=36km (display base; JS adds current SS)
INFO - 2025-12-27 07:44:34 --> Expansion date 2026-01-04: DB Total=36km, Saved SS=0km, Derived Base=36km (display base; JS adds current SS)
INFO - 2025-12-27 07:44:34 --> Expansion date 2026-01-04: DB Total=36km, Saved SS=0km, Derived Base=36km (display base; JS adds current SS)
DEBUG - 2025-12-27 07:44:53 --> Session: Class initialized using 'CodeIgniter\Session\Handlers\FileHandler' driver.
DEBUG - 2025-12-27 07:44:54 --> Session: Class initialized using 'CodeIgniter\Session\Handlers\FileHandler' driver.
DEBUG - 2025-12-27 07:45:03 --> Session: Class initialized using 'CodeIgniter\Session\Handlers\FileHandler' driver.
DEBUG - 2025-12-27 07:45:04 --> Session: Class initialized using 'CodeIgniter\Session\Handlers\FileHandler' driver.
DEBUG - 2025-12-27 07:45:05 --> Session: Class initialized using 'CodeIgniter\Session\Handlers\FileHandler' driver.
DEBUG - 2025-12-27 07:45:05 --> Session: Class initialized using 'CodeIgniter\Session\Handlers\FileHandler' driver.
DEBUG - 2025-12-27 07:45:06 --> Session: Class initialized using 'CodeIgniter\Session\Handlers\FileHandler' driver.
DEBUG - 2025-12-27 07:45:12 --> Session: Class initialized using 'CodeIgniter\Session\Handlers\FileHandler' driver.
DEBUG - 2025-12-27 07:45:14 --> Session: Class initialized using 'CodeIgniter\Session\Handlers\FileHandler' driver.
DEBUG - 2025-12-27 07:45:14 --> Session: Class initialized using 'CodeIgniter\Session\Handlers\FileHandler' driver.
DEBUG - 2025-12-27 07:45:16 --> Session: Class initialized using 'CodeIgniter\Session\Handlers\FileHandler' driver.
DEBUG - 2025-12-27 07:45:21 --> Session: Class initialized using 'CodeIgniter\Session\Handlers\FileHandler' driver.
INFO - 2025-12-27 13:15:21 --> SKIPPED defaults for Day 1 (date 2026-01-02) - using pre-loaded data (had_saved: yes, force_fresh: no)
INFO - 2025-12-27 13:15:21 --> SKIPPED defaults for Day 2 (date 2026-01-03) - using pre-loaded data (had_saved: yes, force_fresh: no)
INFO - 2025-12-27 13:15:21 --> SKIPPED defaults for Day 3 (date 2026-01-04) - using pre-loaded data (had_saved: yes, force_fresh: no)
INFO - 2025-12-27 13:15:21 --> Expansion date 2026-01-02: DB Total=36km, Saved SS=0km, Derived Base=36km (display base; JS adds current SS)
INFO - 2025-12-27 13:15:21 --> Expansion date 2026-01-02: DB Total=36km, Saved SS=0km, Derived Base=36km (display base; JS adds current SS)
INFO - 2025-12-27 13:15:21 --> Expansion date 2026-01-02: DB Total=36km, Saved SS=0km, Derived Base=36km (display base; JS adds current SS)
INFO - 2025-12-27 13:15:21 --> Expansion date 2026-01-02: DB Total=36km, Saved SS=0km, Derived Base=36km (display base; JS adds current SS)
INFO - 2025-12-27 13:15:21 --> Expansion date 2026-01-03: DB Total=0km, Saved SS=200km, Derived Base=0km (display base; JS adds current SS)
INFO - 2025-12-27 13:15:21 --> Expansion date 2026-01-03: DB Total=0km, Saved SS=200km, Derived Base=0km (display base; JS adds current SS)
INFO - 2025-12-27 13:15:21 --> Expansion date 2026-01-03: DB Total=0km, Saved SS=200km, Derived Base=0km (display base; JS adds current SS)
INFO - 2025-12-27 13:15:21 --> Expansion date 2026-01-03: DB Total=0km, Saved SS=200km, Derived Base=0km (display base; JS adds current SS)
INFO - 2025-12-27 13:15:21 --> Expansion date 2026-01-04: DB Total=36km, Saved SS=0km, Derived Base=36km (display base; JS adds current SS)
INFO - 2025-12-27 13:15:21 --> Expansion date 2026-01-04: DB Total=36km, Saved SS=0km, Derived Base=36km (display base; JS adds current SS)
INFO - 2025-12-27 13:15:21 --> Expansion date 2026-01-04: DB Total=36km, Saved SS=0km, Derived Base=36km (display base; JS adds current SS)
INFO - 2025-12-27 13:15:21 --> Expansion date 2026-01-04: DB Total=36km, Saved SS=0km, Derived Base=36km (display base; JS adds current SS)
INFO - 2025-12-27 13:15:21 --> Itinerary expansion date 2026-01-02: Derived Base=286km (no SS added)
INFO - 2025-12-27 13:15:21 --> Itinerary expansion date 2026-01-02: Derived Base=286km (no SS added)
INFO - 2025-12-27 13:15:21 --> Itinerary expansion date 2026-01-02: Derived Base=286km (no SS added)
INFO - 2025-12-27 13:15:21 --> Itinerary expansion date 2026-01-02: Derived Base=286km (no SS added)
INFO - 2025-12-27 13:15:21 --> Itinerary expansion date 2026-01-03: Derived Base=600km (no SS added)
INFO - 2025-12-27 13:15:21 --> Itinerary expansion date 2026-01-03: Derived Base=600km (no SS added)
INFO - 2025-12-27 13:15:21 --> Itinerary expansion date 2026-01-03: Derived Base=600km (no SS added)
INFO - 2025-12-27 13:15:21 --> Itinerary expansion date 2026-01-03: Derived Base=600km (no SS added)
INFO - 2025-12-27 13:15:21 --> Itinerary expansion date 2026-01-04: Derived Base=0km (no SS added)
INFO - 2025-12-27 13:15:21 --> Itinerary expansion date 2026-01-04: Derived Base=0km (no SS added)
INFO - 2025-12-27 13:15:21 --> Itinerary expansion date 2026-01-04: Derived Base=0km (no SS added)
INFO - 2025-12-27 13:15:21 --> Itinerary expansion date 2026-01-04: Derived Base=0km (no SS added)
DEBUG - 2025-12-27 07:45:26 --> Session: Class initialized using 'CodeIgniter\Session\Handlers\FileHandler' driver.
DEBUG - 2025-12-27 07:45:26 --> Session: Class initialized using 'CodeIgniter\Session\Handlers\FileHandler' driver.
DEBUG - 2025-12-27 07:45:29 --> Session: Class initialized using 'CodeIgniter\Session\Handlers\FileHandler' driver.
DEBUG - 2025-12-27 07:45:33 --> Session: Class initialized using 'CodeIgniter\Session\Handlers\FileHandler' driver.
INFO - 2025-12-27 13:15:33 --> SKIPPED defaults for Day 1 (date 2026-01-02) - using pre-loaded data (had_saved: yes, force_fresh: no)
INFO - 2025-12-27 13:15:33 --> SKIPPED defaults for Day 2 (date 2026-01-03) - using pre-loaded data (had_saved: yes, force_fresh: no)
INFO - 2025-12-27 13:15:33 --> SKIPPED defaults for Day 3 (date 2026-01-04) - using pre-loaded data (had_saved: yes, force_fresh: no)
INFO - 2025-12-27 13:15:33 --> Expansion date 2026-01-02: DB Total=36km, Saved SS=0km, Derived Base=36km (display base; JS adds current SS)
INFO - 2025-12-27 13:15:33 --> Expansion date 2026-01-02: DB Total=36km, Saved SS=0km, Derived Base=36km (display base; JS adds current SS)
INFO - 2025-12-27 13:15:33 --> Expansion date 2026-01-02: DB Total=36km, Saved SS=0km, Derived Base=36km (display base; JS adds current SS)
INFO - 2025-12-27 13:15:33 --> Expansion date 2026-01-02: DB Total=36km, Saved SS=0km, Derived Base=36km (display base; JS adds current SS)
INFO - 2025-12-27 13:15:33 --> Expansion date 2026-01-03: DB Total=0km, Saved SS=200km, Derived Base=0km (display base; JS adds current SS)
INFO - 2025-12-27 13:15:33 --> Expansion date 2026-01-03: DB Total=0km, Saved SS=200km, Derived Base=0km (display base; JS adds current SS)
INFO - 2025-12-27 13:15:33 --> Expansion date 2026-01-03: DB Total=0km, Saved SS=200km, Derived Base=0km (display base; JS adds current SS)
INFO - 2025-12-27 13:15:33 --> Expansion date 2026-01-03: DB Total=0km, Saved SS=200km, Derived Base=0km (display base; JS adds current SS)
INFO - 2025-12-27 13:15:33 --> Expansion date 2026-01-04: DB Total=36km, Saved SS=0km, Derived Base=36km (display base; JS adds current SS)
INFO - 2025-12-27 13:15:33 --> Expansion date 2026-01-04: DB Total=36km, Saved SS=0km, Derived Base=36km (display base; JS adds current SS)
INFO - 2025-12-27 13:15:33 --> Expansion date 2026-01-04: DB Total=36km, Saved SS=0km, Derived Base=36km (display base; JS adds current SS)
INFO - 2025-12-27 13:15:33 --> Expansion date 2026-01-04: DB Total=36km, Saved SS=0km, Derived Base=36km (display base; JS adds current SS)
INFO - 2025-12-27 13:15:33 --> Itinerary expansion date 2026-01-02: Derived Base=286km (no SS added)
INFO - 2025-12-27 13:15:33 --> Itinerary expansion date 2026-01-02: Derived Base=286km (no SS added)
INFO - 2025-12-27 13:15:33 --> Itinerary expansion date 2026-01-02: Derived Base=286km (no SS added)
INFO - 2025-12-27 13:15:33 --> Itinerary expansion date 2026-01-02: Derived Base=286km (no SS added)
INFO - 2025-12-27 13:15:33 --> Itinerary expansion date 2026-01-03: Derived Base=600km (no SS added)
INFO - 2025-12-27 13:15:33 --> Itinerary expansion date 2026-01-03: Derived Base=600km (no SS added)
INFO - 2025-12-27 13:15:33 --> Itinerary expansion date 2026-01-03: Derived Base=600km (no SS added)
INFO - 2025-12-27 13:15:33 --> Itinerary expansion date 2026-01-03: Derived Base=600km (no SS added)
INFO - 2025-12-27 13:15:33 --> Itinerary expansion date 2026-01-04: Derived Base=0km (no SS added)
INFO - 2025-12-27 13:15:33 --> Itinerary expansion date 2026-01-04: Derived Base=0km (no SS added)
INFO - 2025-12-27 13:15:33 --> Itinerary expansion date 2026-01-04: Derived Base=0km (no SS added)
INFO - 2025-12-27 13:15:33 --> Itinerary expansion date 2026-01-04: Derived Base=0km (no SS added)
DEBUG - 2025-12-27 07:45:38 --> Session: Class initialized using 'CodeIgniter\Session\Handlers\FileHandler' driver.
DEBUG - 2025-12-27 07:45:38 --> Session: Class initialized using 'CodeIgniter\Session\Handlers\FileHandler' driver.
DEBUG - 2025-12-27 07:45:40 --> Session: Class initialized using 'CodeIgniter\Session\Handlers\FileHandler' driver.
DEBUG - 2025-12-27 07:45:42 --> Session: Class initialized using 'CodeIgniter\Session\Handlers\FileHandler' driver.
INFO - 2025-12-27 07:45:42 --> SKIPPED defaults for Day 1 (date 2026-01-02) - using pre-loaded data (had_saved: yes, force_fresh: no)
INFO - 2025-12-27 07:45:42 --> SKIPPED defaults for Day 2 (date 2026-01-03) - using pre-loaded data (had_saved: yes, force_fresh: no)
INFO - 2025-12-27 07:45:42 --> SKIPPED defaults for Day 3 (date 2026-01-04) - using pre-loaded data (had_saved: yes, force_fresh: no)
INFO - 2025-12-27 07:45:42 --> Expansion date 2026-01-02: DB Total=36km, Saved SS=0km, Derived Base=36km (display base; JS adds current SS)
INFO - 2025-12-27 07:45:42 --> Expansion date 2026-01-02: DB Total=36km, Saved SS=0km, Derived Base=36km (display base; JS adds current SS)
INFO - 2025-12-27 07:45:42 --> Expansion date 2026-01-02: DB Total=36km, Saved SS=0km, Derived Base=36km (display base; JS adds current SS)
INFO - 2025-12-27 07:45:42 --> Expansion date 2026-01-02: DB Total=36km, Saved SS=0km, Derived Base=36km (display base; JS adds current SS)
INFO - 2025-12-27 07:45:42 --> Expansion date 2026-01-03: DB Total=0km, Saved SS=200km, Derived Base=0km (display base; JS adds current SS)
INFO - 2025-12-27 07:45:42 --> Expansion date 2026-01-03: DB Total=0km, Saved SS=200km, Derived Base=0km (display base; JS adds current SS)
INFO - 2025-12-27 07:45:42 --> Expansion date 2026-01-03: DB Total=0km, Saved SS=200km, Derived Base=0km (display base; JS adds current SS)
INFO - 2025-12-27 07:45:42 --> Expansion date 2026-01-03: DB Total=0km, Saved SS=200km, Derived Base=0km (display base; JS adds current SS)
INFO - 2025-12-27 07:45:42 --> Expansion date 2026-01-04: DB Total=36km, Saved SS=0km, Derived Base=36km (display base; JS adds current SS)
INFO - 2025-12-27 07:45:42 --> Expansion date 2026-01-04: DB Total=36km, Saved SS=0km, Derived Base=36km (display base; JS adds current SS)
INFO - 2025-12-27 07:45:42 --> Expansion date 2026-01-04: DB Total=36km, Saved SS=0km, Derived Base=36km (display base; JS adds current SS)
INFO - 2025-12-27 07:45:42 --> Expansion date 2026-01-04: DB Total=36km, Saved SS=0km, Derived Base=36km (display base; JS adds current SS)
INFO - 2025-12-27 07:45:42 --> Itinerary expansion date 2026-01-02: Derived Base=286km (no SS added)
INFO - 2025-12-27 07:45:42 --> Itinerary expansion date 2026-01-02: Derived Base=286km (no SS added)
INFO - 2025-12-27 07:45:42 --> Itinerary expansion date 2026-01-02: Derived Base=286km (no SS added)
INFO - 2025-12-27 07:45:42 --> Itinerary expansion date 2026-01-02: Derived Base=286km (no SS added)
INFO - 2025-12-27 07:45:42 --> Itinerary expansion date 2026-01-03: Derived Base=600km (no SS added)
INFO - 2025-12-27 07:45:42 --> Itinerary expansion date 2026-01-03: Derived Base=600km (no SS added)
INFO - 2025-12-27 07:45:42 --> Itinerary expansion date 2026-01-03: Derived Base=600km (no SS added)
INFO - 2025-12-27 07:45:42 --> Itinerary expansion date 2026-01-03: Derived Base=600km (no SS added)
INFO - 2025-12-27 07:45:42 --> Itinerary expansion date 2026-01-04: Derived Base=0km (no SS added)
INFO - 2025-12-27 07:45:42 --> Itinerary expansion date 2026-01-04: Derived Base=0km (no SS added)
INFO - 2025-12-27 07:45:42 --> Itinerary expansion date 2026-01-04: Derived Base=0km (no SS added)
INFO - 2025-12-27 07:45:42 --> Itinerary expansion date 2026-01-04: Derived Base=0km (no SS added)
DEBUG - 2025-12-27 07:46:05 --> Session: Class initialized using 'CodeIgniter\Session\Handlers\FileHandler' driver.
DEBUG - 2025-12-27 07:46:05 --> Session: Class initialized using 'CodeIgniter\Session\Handlers\FileHandler' driver.
DEBUG - 2025-12-27 07:46:07 --> Session: Class initialized using 'CodeIgniter\Session\Handlers\FileHandler' driver.
DEBUG - 2025-12-27 07:46:08 --> Session: Class initialized using 'CodeIgniter\Session\Handlers\FileHandler' driver.
INFO - 2025-12-27 13:16:08 --> SKIPPED defaults for Day 1 (date 2026-01-02) - using pre-loaded data (had_saved: yes, force_fresh: no)
INFO - 2025-12-27 13:16:08 --> SKIPPED defaults for Day 2 (date 2026-01-03) - using pre-loaded data (had_saved: yes, force_fresh: no)
INFO - 2025-12-27 13:16:08 --> SKIPPED defaults for Day 3 (date 2026-01-04) - using pre-loaded data (had_saved: yes, force_fresh: no)
INFO - 2025-12-27 13:16:08 --> Expansion date 2026-01-02: DB Total=36km, Saved SS=0km, Derived Base=36km (display base; JS adds current SS)
INFO - 2025-12-27 13:16:08 --> Expansion date 2026-01-02: DB Total=36km, Saved SS=0km, Derived Base=36km (display base; JS adds current SS)
INFO - 2025-12-27 13:16:08 --> Expansion date 2026-01-02: DB Total=36km, Saved SS=0km, Derived Base=36km (display base; JS adds current SS)
INFO - 2025-12-27 13:16:08 --> Expansion date 2026-01-02: DB Total=36km, Saved SS=0km, Derived Base=36km (display base; JS adds current SS)
INFO - 2025-12-27 13:16:08 --> Expansion date 2026-01-03: DB Total=0km, Saved SS=200km, Derived Base=0km (display base; JS adds current SS)
INFO - 2025-12-27 13:16:08 --> Expansion date 2026-01-03: DB Total=0km, Saved SS=200km, Derived Base=0km (display base; JS adds current SS)
INFO - 2025-12-27 13:16:08 --> Expansion date 2026-01-03: DB Total=0km, Saved SS=200km, Derived Base=0km (display base; JS adds current SS)
INFO - 2025-12-27 13:16:08 --> Expansion date 2026-01-03: DB Total=0km, Saved SS=200km, Derived Base=0km (display base; JS adds current SS)
INFO - 2025-12-27 13:16:08 --> Expansion date 2026-01-04: DB Total=36km, Saved SS=0km, Derived Base=36km (display base; JS adds current SS)
INFO - 2025-12-27 13:16:08 --> Expansion date 2026-01-04: DB Total=36km, Saved SS=0km, Derived Base=36km (display base; JS adds current SS)
INFO - 2025-12-27 13:16:08 --> Expansion date 2026-01-04: DB Total=36km, Saved SS=0km, Derived Base=36km (display base; JS adds current SS)
INFO - 2025-12-27 13:16:08 --> Expansion date 2026-01-04: DB Total=36km, Saved SS=0km, Derived Base=36km (display base; JS adds current SS)
INFO - 2025-12-27 13:16:08 --> Itinerary expansion date 2026-01-02: Derived Base=286km (no SS added)
INFO - 2025-12-27 13:16:08 --> Itinerary expansion date 2026-01-02: Derived Base=286km (no SS added)
INFO - 2025-12-27 13:16:08 --> Itinerary expansion date 2026-01-02: Derived Base=286km (no SS added)
INFO - 2025-12-27 13:16:08 --> Itinerary expansion date 2026-01-02: Derived Base=286km (no SS added)
INFO - 2025-12-27 13:16:08 --> Itinerary expansion date 2026-01-03: Derived Base=600km (no SS added)
INFO - 2025-12-27 13:16:08 --> Itinerary expansion date 2026-01-03: Derived Base=600km (no SS added)
INFO - 2025-12-27 13:16:08 --> Itinerary expansion date 2026-01-03: Derived Base=600km (no SS added)
INFO - 2025-12-27 13:16:08 --> Itinerary expansion date 2026-01-03: Derived Base=600km (no SS added)
INFO - 2025-12-27 13:16:08 --> Itinerary expansion date 2026-01-04: Derived Base=0km (no SS added)
INFO - 2025-12-27 13:16:08 --> Itinerary expansion date 2026-01-04: Derived Base=0km (no SS added)
INFO - 2025-12-27 13:16:08 --> Itinerary expansion date 2026-01-04: Derived Base=0km (no SS added)
INFO - 2025-12-27 13:16:08 --> Itinerary expansion date 2026-01-04: Derived Base=0km (no SS added)
DEBUG - 2025-12-27 07:46:12 --> Session: Class initialized using 'CodeIgniter\Session\Handlers\FileHandler' driver.
DEBUG - 2025-12-27 07:46:12 --> Session: Class initialized using 'CodeIgniter\Session\Handlers\FileHandler' driver.
DEBUG - 2025-12-27 07:46:14 --> Session: Class initialized using 'CodeIgniter\Session\Handlers\FileHandler' driver.
DEBUG - 2025-12-27 07:46:50 --> Session: Class initialized using 'CodeIgniter\Session\Handlers\FileHandler' driver.
INFO - 2025-12-27 07:46:50 --> SKIPPED defaults for Day 1 (date 2026-01-02) - using pre-loaded data (had_saved: yes, force_fresh: no)
INFO - 2025-12-27 07:46:50 --> SKIPPED defaults for Day 2 (date 2026-01-03) - using pre-loaded data (had_saved: yes, force_fresh: no)
INFO - 2025-12-27 07:46:50 --> SKIPPED defaults for Day 3 (date 2026-01-04) - using pre-loaded data (had_saved: yes, force_fresh: no)
INFO - 2025-12-27 07:46:50 --> Expansion date 2026-01-02: DB Total=36km, Saved SS=0km, Derived Base=36km (display base; JS adds current SS)
INFO - 2025-12-27 07:46:50 --> Expansion date 2026-01-02: DB Total=36km, Saved SS=0km, Derived Base=36km (display base; JS adds current SS)
INFO - 2025-12-27 07:46:50 --> Expansion date 2026-01-02: DB Total=36km, Saved SS=0km, Derived Base=36km (display base; JS adds current SS)
INFO - 2025-12-27 07:46:50 --> Expansion date 2026-01-02: DB Total=36km, Saved SS=0km, Derived Base=36km (display base; JS adds current SS)
INFO - 2025-12-27 07:46:50 --> Expansion date 2026-01-03: DB Total=0km, Saved SS=200km, Derived Base=0km (display base; JS adds current SS)
INFO - 2025-12-27 07:46:50 --> Expansion date 2026-01-03: DB Total=0km, Saved SS=200km, Derived Base=0km (display base; JS adds current SS)
INFO - 2025-12-27 07:46:50 --> Expansion date 2026-01-03: DB Total=0km, Saved SS=200km, Derived Base=0km (display base; JS adds current SS)
INFO - 2025-12-27 07:46:50 --> Expansion date 2026-01-03: DB Total=0km, Saved SS=200km, Derived Base=0km (display base; JS adds current SS)
INFO - 2025-12-27 07:46:50 --> Expansion date 2026-01-04: DB Total=36km, Saved SS=0km, Derived Base=36km (display base; JS adds current SS)
INFO - 2025-12-27 07:46:50 --> Expansion date 2026-01-04: DB Total=36km, Saved SS=0km, Derived Base=36km (display base; JS adds current SS)
INFO - 2025-12-27 07:46:50 --> Expansion date 2026-01-04: DB Total=36km, Saved SS=0km, Derived Base=36km (display base; JS adds current SS)
INFO - 2025-12-27 07:46:50 --> Expansion date 2026-01-04: DB Total=36km, Saved SS=0km, Derived Base=36km (display base; JS adds current SS)
INFO - 2025-12-27 07:46:50 --> Itinerary expansion date 2026-01-02: Derived Base=286km (no SS added)
INFO - 2025-12-27 07:46:50 --> Itinerary expansion date 2026-01-02: Derived Base=286km (no SS added)
INFO - 2025-12-27 07:46:50 --> Itinerary expansion date 2026-01-02: Derived Base=286km (no SS added)
INFO - 2025-12-27 07:46:50 --> Itinerary expansion date 2026-01-02: Derived Base=286km (no SS added)
INFO - 2025-12-27 07:46:50 --> Itinerary expansion date 2026-01-03: Derived Base=600km (no SS added)
INFO - 2025-12-27 07:46:50 --> Itinerary expansion date 2026-01-03: Derived Base=600km (no SS added)
INFO - 2025-12-27 07:46:50 --> Itinerary expansion date 2026-01-03: Derived Base=600km (no SS added)
INFO - 2025-12-27 07:46:50 --> Itinerary expansion date 2026-01-03: Derived Base=600km (no SS added)
INFO - 2025-12-27 07:46:50 --> Itinerary expansion date 2026-01-04: Derived Base=0km (no SS added)
INFO - 2025-12-27 07:46:50 --> Itinerary expansion date 2026-01-04: Derived Base=0km (no SS added)
INFO - 2025-12-27 07:46:50 --> Itinerary expansion date 2026-01-04: Derived Base=0km (no SS added)
INFO - 2025-12-27 07:46:50 --> Itinerary expansion date 2026-01-04: Derived Base=0km (no SS added)
DEBUG - 2025-12-27 07:46:52 --> Session: Class initialized using 'CodeIgniter\Session\Handlers\FileHandler' driver.
DEBUG - 2025-12-27 07:46:52 --> Session: Class initialized using 'CodeIgniter\Session\Handlers\FileHandler' driver.
DEBUG - 2025-12-27 07:46:54 --> Session: Class initialized using 'CodeIgniter\Session\Handlers\FileHandler' driver.
DEBUG - 2025-12-27 07:46:56 --> Session: Class initialized using 'CodeIgniter\Session\Handlers\FileHandler' driver.
INFO - 2025-12-27 13:16:56 --> SKIPPED defaults for Day 1 (date 2026-01-02) - using pre-loaded data (had_saved: yes, force_fresh: no)
INFO - 2025-12-27 13:16:56 --> SKIPPED defaults for Day 2 (date 2026-01-03) - using pre-loaded data (had_saved: yes, force_fresh: no)
INFO - 2025-12-27 13:16:56 --> SKIPPED defaults for Day 3 (date 2026-01-04) - using pre-loaded data (had_saved: yes, force_fresh: no)
INFO - 2025-12-27 13:16:56 --> Expansion date 2026-01-02: DB Total=36km, Saved SS=0km, Derived Base=36km (display base; JS adds current SS)
INFO - 2025-12-27 13:16:56 --> Expansion date 2026-01-02: DB Total=36km, Saved SS=0km, Derived Base=36km (display base; JS adds current SS)
INFO - 2025-12-27 13:16:56 --> Expansion date 2026-01-02: DB Total=36km, Saved SS=0km, Derived Base=36km (display base; JS adds current SS)
INFO - 2025-12-27 13:16:56 --> Expansion date 2026-01-02: DB Total=36km, Saved SS=0km, Derived Base=36km (display base; JS adds current SS)
INFO - 2025-12-27 13:16:56 --> Expansion date 2026-01-03: DB Total=0km, Saved SS=200km, Derived Base=0km (display base; JS adds current SS)
INFO - 2025-12-27 13:16:56 --> Expansion date 2026-01-03: DB Total=0km, Saved SS=200km, Derived Base=0km (display base; JS adds current SS)
INFO - 2025-12-27 13:16:56 --> Expansion date 2026-01-03: DB Total=0km, Saved SS=200km, Derived Base=0km (display base; JS adds current SS)
INFO - 2025-12-27 13:16:56 --> Expansion date 2026-01-03: DB Total=0km, Saved SS=200km, Derived Base=0km (display base; JS adds current SS)
INFO - 2025-12-27 13:16:56 --> Expansion date 2026-01-04: DB Total=36km, Saved SS=0km, Derived Base=36km (display base; JS adds current SS)
INFO - 2025-12-27 13:16:56 --> Expansion date 2026-01-04: DB Total=36km, Saved SS=0km, Derived Base=36km (display base; JS adds current SS)
INFO - 2025-12-27 13:16:56 --> Expansion date 2026-01-04: DB Total=36km, Saved SS=0km, Derived Base=36km (display base; JS adds current SS)
INFO - 2025-12-27 13:16:56 --> Expansion date 2026-01-04: DB Total=36km, Saved SS=0km, Derived Base=36km (display base; JS adds current SS)
INFO - 2025-12-27 13:16:56 --> Itinerary expansion date 2026-01-02: Derived Base=286km (no SS added)
INFO - 2025-12-27 13:16:56 --> Itinerary expansion date 2026-01-02: Derived Base=286km (no SS added)
INFO - 2025-12-27 13:16:56 --> Itinerary expansion date 2026-01-02: Derived Base=286km (no SS added)
INFO - 2025-12-27 13:16:56 --> Itinerary expansion date 2026-01-02: Derived Base=286km (no SS added)
INFO - 2025-12-27 13:16:56 --> Itinerary expansion date 2026-01-03: Derived Base=600km (no SS added)
INFO - 2025-12-27 13:16:56 --> Itinerary expansion date 2026-01-03: Derived Base=600km (no SS added)
INFO - 2025-12-27 13:16:56 --> Itinerary expansion date 2026-01-03: Derived Base=600km (no SS added)
INFO - 2025-12-27 13:16:56 --> Itinerary expansion date 2026-01-03: Derived Base=600km (no SS added)
INFO - 2025-12-27 13:16:56 --> Itinerary expansion date 2026-01-04: Derived Base=0km (no SS added)
INFO - 2025-12-27 13:16:56 --> Itinerary expansion date 2026-01-04: Derived Base=0km (no SS added)
INFO - 2025-12-27 13:16:56 --> Itinerary expansion date 2026-01-04: Derived Base=0km (no SS added)
INFO - 2025-12-27 13:16:56 --> Itinerary expansion date 2026-01-04: Derived Base=0km (no SS added)
DEBUG - 2025-12-27 07:47:03 --> Session: Class initialized using 'CodeIgniter\Session\Handlers\FileHandler' driver.
DEBUG - 2025-12-27 07:47:03 --> Session: Class initialized using 'CodeIgniter\Session\Handlers\FileHandler' driver.
DEBUG - 2025-12-27 07:47:05 --> Session: Class initialized using 'CodeIgniter\Session\Handlers\FileHandler' driver.
DEBUG - 2025-12-27 07:47:07 --> Session: Class initialized using 'CodeIgniter\Session\Handlers\FileHandler' driver.
INFO - 2025-12-27 07:47:07 --> SKIPPED defaults for Day 1 (date 2026-01-02) - using pre-loaded data (had_saved: yes, force_fresh: no)
INFO - 2025-12-27 07:47:07 --> SKIPPED defaults for Day 2 (date 2026-01-03) - using pre-loaded data (had_saved: yes, force_fresh: no)
INFO - 2025-12-27 07:47:07 --> SKIPPED defaults for Day 3 (date 2026-01-04) - using pre-loaded data (had_saved: yes, force_fresh: no)
INFO - 2025-12-27 07:47:07 --> Expansion date 2026-01-02: DB Total=36km, Saved SS=0km, Derived Base=36km (display base; JS adds current SS)
INFO - 2025-12-27 07:47:07 --> Expansion date 2026-01-02: DB Total=36km, Saved SS=0km, Derived Base=36km (display base; JS adds current SS)
INFO - 2025-12-27 07:47:07 --> Expansion date 2026-01-02: DB Total=36km, Saved SS=0km, Derived Base=36km (display base; JS adds current SS)
INFO - 2025-12-27 07:47:07 --> Expansion date 2026-01-02: DB Total=36km, Saved SS=0km, Derived Base=36km (display base; JS adds current SS)
INFO - 2025-12-27 07:47:07 --> Expansion date 2026-01-03: DB Total=0km, Saved SS=200km, Derived Base=0km (display base; JS adds current SS)
INFO - 2025-12-27 07:47:07 --> Expansion date 2026-01-03: DB Total=0km, Saved SS=200km, Derived Base=0km (display base; JS adds current SS)
INFO - 2025-12-27 07:47:07 --> Expansion date 2026-01-03: DB Total=0km, Saved SS=200km, Derived Base=0km (display base; JS adds current SS)
INFO - 2025-12-27 07:47:07 --> Expansion date 2026-01-03: DB Total=0km, Saved SS=200km, Derived Base=0km (display base; JS adds current SS)
INFO - 2025-12-27 07:47:07 --> Expansion date 2026-01-04: DB Total=36km, Saved SS=0km, Derived Base=36km (display base; JS adds current SS)
INFO - 2025-12-27 07:47:07 --> Expansion date 2026-01-04: DB Total=36km, Saved SS=0km, Derived Base=36km (display base; JS adds current SS)
INFO - 2025-12-27 07:47:07 --> Expansion date 2026-01-04: DB Total=36km, Saved SS=0km, Derived Base=36km (display base; JS adds current SS)
INFO - 2025-12-27 07:47:07 --> Expansion date 2026-01-04: DB Total=36km, Saved SS=0km, Derived Base=36km (display base; JS adds current SS)
INFO - 2025-12-27 07:47:07 --> Itinerary expansion date 2026-01-02: Derived Base=286km (no SS added)
INFO - 2025-12-27 07:47:07 --> Itinerary expansion date 2026-01-02: Derived Base=286km (no SS added)
INFO - 2025-12-27 07:47:07 --> Itinerary expansion date 2026-01-02: Derived Base=286km (no SS added)
INFO - 2025-12-27 07:47:07 --> Itinerary expansion date 2026-01-02: Derived Base=286km (no SS added)
INFO - 2025-12-27 07:47:07 --> Itinerary expansion date 2026-01-03: Derived Base=600km (no SS added)
INFO - 2025-12-27 07:47:07 --> Itinerary expansion date 2026-01-03: Derived Base=600km (no SS added)
INFO - 2025-12-27 07:47:07 --> Itinerary expansion date 2026-01-03: Derived Base=600km (no SS added)
INFO - 2025-12-27 07:47:07 --> Itinerary expansion date 2026-01-03: Derived Base=600km (no SS added)
INFO - 2025-12-27 07:47:07 --> Itinerary expansion date 2026-01-04: Derived Base=0km (no SS added)
INFO - 2025-12-27 07:47:07 --> Itinerary expansion date 2026-01-04: Derived Base=0km (no SS added)
INFO - 2025-12-27 07:47:07 --> Itinerary expansion date 2026-01-04: Derived Base=0km (no SS added)
INFO - 2025-12-27 07:47:07 --> Itinerary expansion date 2026-01-04: Derived Base=0km (no SS added)
DEBUG - 2025-12-27 07:47:14 --> Session: Class initialized using 'CodeIgniter\Session\Handlers\FileHandler' driver.
DEBUG - 2025-12-27 07:47:14 --> Session: Class initialized using 'CodeIgniter\Session\Handlers\FileHandler' driver.
DEBUG - 2025-12-27 07:47:16 --> Session: Class initialized using 'CodeIgniter\Session\Handlers\FileHandler' driver.
DEBUG - 2025-12-27 07:47:19 --> Session: Class initialized using 'CodeIgniter\Session\Handlers\FileHandler' driver.
DEBUG - 2025-12-27 07:47:19 --> Session: Class initialized using 'CodeIgniter\Session\Handlers\FileHandler' driver.
DEBUG - 2025-12-27 07:47:21 --> Session: Class initialized using 'CodeIgniter\Session\Handlers\FileHandler' driver.
DEBUG - 2025-12-27 07:47:23 --> Session: Class initialized using 'CodeIgniter\Session\Handlers\FileHandler' driver.
INFO - 2025-12-27 13:17:23 --> SKIPPED defaults for Day 1 (date 2026-01-02) - using pre-loaded data (had_saved: yes, force_fresh: no)
INFO - 2025-12-27 13:17:23 --> SKIPPED defaults for Day 2 (date 2026-01-03) - using pre-loaded data (had_saved: yes, force_fresh: no)
INFO - 2025-12-27 13:17:23 --> SKIPPED defaults for Day 3 (date 2026-01-04) - using pre-loaded data (had_saved: yes, force_fresh: no)
INFO - 2025-12-27 13:17:23 --> Expansion date 2026-01-02: DB Total=36km, Saved SS=250km, Derived Base=0km (display base; JS adds current SS)
INFO - 2025-12-27 13:17:23 --> Expansion date 2026-01-02: DB Total=36km, Saved SS=250km, Derived Base=0km (display base; JS adds current SS)
INFO - 2025-12-27 13:17:23 --> Expansion date 2026-01-02: DB Total=36km, Saved SS=250km, Derived Base=0km (display base; JS adds current SS)
INFO - 2025-12-27 13:17:23 --> Expansion date 2026-01-02: DB Total=36km, Saved SS=250km, Derived Base=0km (display base; JS adds current SS)
INFO - 2025-12-27 13:17:23 --> Expansion date 2026-01-03: DB Total=0km, Saved SS=200km, Derived Base=0km (display base; JS adds current SS)
INFO - 2025-12-27 13:17:23 --> Expansion date 2026-01-03: DB Total=0km, Saved SS=200km, Derived Base=0km (display base; JS adds current SS)
INFO - 2025-12-27 13:17:23 --> Expansion date 2026-01-03: DB Total=0km, Saved SS=200km, Derived Base=0km (display base; JS adds current SS)
INFO - 2025-12-27 13:17:23 --> Expansion date 2026-01-03: DB Total=0km, Saved SS=200km, Derived Base=0km (display base; JS adds current SS)
INFO - 2025-12-27 13:17:23 --> Expansion date 2026-01-04: DB Total=36km, Saved SS=0km, Derived Base=36km (display base; JS adds current SS)
INFO - 2025-12-27 13:17:23 --> Expansion date 2026-01-04: DB Total=36km, Saved SS=0km, Derived Base=36km (display base; JS adds current SS)
INFO - 2025-12-27 13:17:23 --> Expansion date 2026-01-04: DB Total=36km, Saved SS=0km, Derived Base=36km (display base; JS adds current SS)
INFO - 2025-12-27 13:17:23 --> Expansion date 2026-01-04: DB Total=36km, Saved SS=0km, Derived Base=36km (display base; JS adds current SS)
INFO - 2025-12-27 13:17:23 --> Itinerary expansion date 2026-01-02: Derived Base=36km (no SS added)
INFO - 2025-12-27 13:17:23 --> Itinerary expansion date 2026-01-02: Derived Base=36km (no SS added)
INFO - 2025-12-27 13:17:23 --> Itinerary expansion date 2026-01-02: Derived Base=36km (no SS added)
INFO - 2025-12-27 13:17:23 --> Itinerary expansion date 2026-01-02: Derived Base=36km (no SS added)
INFO - 2025-12-27 13:17:23 --> Itinerary expansion date 2026-01-03: Derived Base=400km (no SS added)
INFO - 2025-12-27 13:17:23 --> Itinerary expansion date 2026-01-03: Derived Base=400km (no SS added)
INFO - 2025-12-27 13:17:23 --> Itinerary expansion date 2026-01-03: Derived Base=400km (no SS added)
INFO - 2025-12-27 13:17:23 --> Itinerary expansion date 2026-01-03: Derived Base=400km (no SS added)
INFO - 2025-12-27 13:17:23 --> Itinerary expansion date 2026-01-04: Derived Base=0km (no SS added)
INFO - 2025-12-27 13:17:23 --> Itinerary expansion date 2026-01-04: Derived Base=0km (no SS added)
INFO - 2025-12-27 13:17:23 --> Itinerary expansion date 2026-01-04: Derived Base=0km (no SS added)
INFO - 2025-12-27 13:17:23 --> Itinerary expansion date 2026-01-04: Derived Base=0km (no SS added)
DEBUG - 2025-12-27 07:47:28 --> Session: Class initialized using 'CodeIgniter\Session\Handlers\FileHandler' driver.
DEBUG - 2025-12-27 07:47:28 --> Session: Class initialized using 'CodeIgniter\Session\Handlers\FileHandler' driver.
DEBUG - 2025-12-27 07:47:29 --> Session: Class initialized using 'CodeIgniter\Session\Handlers\FileHandler' driver.
DEBUG - 2025-12-27 07:47:31 --> Session: Class initialized using 'CodeIgniter\Session\Handlers\FileHandler' driver.
INFO - 2025-12-27 07:47:31 --> SKIPPED defaults for Day 1 (date 2026-01-02) - using pre-loaded data (had_saved: yes, force_fresh: no)
INFO - 2025-12-27 07:47:31 --> SKIPPED defaults for Day 2 (date 2026-01-03) - using pre-loaded data (had_saved: yes, force_fresh: no)
INFO - 2025-12-27 07:47:31 --> SKIPPED defaults for Day 3 (date 2026-01-04) - using pre-loaded data (had_saved: yes, force_fresh: no)
INFO - 2025-12-27 07:47:31 --> Expansion date 2026-01-02: DB Total=36km, Saved SS=250km, Derived Base=0km (display base; JS adds current SS)
INFO - 2025-12-27 07:47:31 --> Expansion date 2026-01-02: DB Total=36km, Saved SS=250km, Derived Base=0km (display base; JS adds current SS)
INFO - 2025-12-27 07:47:31 --> Expansion date 2026-01-02: DB Total=36km, Saved SS=250km, Derived Base=0km (display base; JS adds current SS)
INFO - 2025-12-27 07:47:31 --> Expansion date 2026-01-02: DB Total=36km, Saved SS=250km, Derived Base=0km (display base; JS adds current SS)
INFO - 2025-12-27 07:47:31 --> Expansion date 2026-01-03: DB Total=0km, Saved SS=200km, Derived Base=0km (display base; JS adds current SS)
INFO - 2025-12-27 07:47:31 --> Expansion date 2026-01-03: DB Total=0km, Saved SS=200km, Derived Base=0km (display base; JS adds current SS)
INFO - 2025-12-27 07:47:31 --> Expansion date 2026-01-03: DB Total=0km, Saved SS=200km, Derived Base=0km (display base; JS adds current SS)
INFO - 2025-12-27 07:47:31 --> Expansion date 2026-01-03: DB Total=0km, Saved SS=200km, Derived Base=0km (display base; JS adds current SS)
INFO - 2025-12-27 07:47:31 --> Expansion date 2026-01-04: DB Total=36km, Saved SS=0km, Derived Base=36km (display base; JS adds current SS)
INFO - 2025-12-27 07:47:31 --> Expansion date 2026-01-04: DB Total=36km, Saved SS=0km, Derived Base=36km (display base; JS adds current SS)
INFO - 2025-12-27 07:47:31 --> Expansion date 2026-01-04: DB Total=36km, Saved SS=0km, Derived Base=36km (display base; JS adds current SS)
INFO - 2025-12-27 07:47:31 --> Expansion date 2026-01-04: DB Total=36km, Saved SS=0km, Derived Base=36km (display base; JS adds current SS)
INFO - 2025-12-27 07:47:31 --> Itinerary expansion date 2026-01-02: Derived Base=36km (no SS added)
INFO - 2025-12-27 07:47:31 --> Itinerary expansion date 2026-01-02: Derived Base=36km (no SS added)
INFO - 2025-12-27 07:47:31 --> Itinerary expansion date 2026-01-02: Derived Base=36km (no SS added)
INFO - 2025-12-27 07:47:31 --> Itinerary expansion date 2026-01-02: Derived Base=36km (no SS added)
INFO - 2025-12-27 07:47:31 --> Itinerary expansion date 2026-01-03: Derived Base=400km (no SS added)
INFO - 2025-12-27 07:47:31 --> Itinerary expansion date 2026-01-03: Derived Base=400km (no SS added)
INFO - 2025-12-27 07:47:31 --> Itinerary expansion date 2026-01-03: Derived Base=400km (no SS added)
INFO - 2025-12-27 07:47:31 --> Itinerary expansion date 2026-01-03: Derived Base=400km (no SS added)
INFO - 2025-12-27 07:47:31 --> Itinerary expansion date 2026-01-04: Derived Base=0km (no SS added)
INFO - 2025-12-27 07:47:31 --> Itinerary expansion date 2026-01-04: Derived Base=0km (no SS added)
INFO - 2025-12-27 07:47:31 --> Itinerary expansion date 2026-01-04: Derived Base=0km (no SS added)
INFO - 2025-12-27 07:47:31 --> Itinerary expansion date 2026-01-04: Derived Base=0km (no SS added)
DEBUG - 2025-12-27 07:47:35 --> Session: Class initialized using 'CodeIgniter\Session\Handlers\FileHandler' driver.
DEBUG - 2025-12-27 07:47:36 --> Session: Class initialized using 'CodeIgniter\Session\Handlers\FileHandler' driver.
DEBUG - 2025-12-27 07:47:38 --> Session: Class initialized using 'CodeIgniter\Session\Handlers\FileHandler' driver.
DEBUG - 2025-12-27 07:47:42 --> Session: Class initialized using 'CodeIgniter\Session\Handlers\FileHandler' driver.
DEBUG - 2025-12-27 07:47:43 --> Session: Class initialized using 'CodeIgniter\Session\Handlers\FileHandler' driver.
INFO - 2025-12-27 13:17:44 --> SKIPPED defaults for Day 1 (date 2026-01-02) - using pre-loaded data (had_saved: yes, force_fresh: no)
INFO - 2025-12-27 13:17:44 --> SKIPPED defaults for Day 2 (date 2026-01-03) - using pre-loaded data (had_saved: yes, force_fresh: no)
INFO - 2025-12-27 13:17:44 --> SKIPPED defaults for Day 3 (date 2026-01-04) - using pre-loaded data (had_saved: yes, force_fresh: no)
INFO - 2025-12-27 13:17:44 --> Expansion date 2026-01-02: DB Total=36km, Saved SS=0km, Derived Base=36km (display base; JS adds current SS)
INFO - 2025-12-27 13:17:44 --> Expansion date 2026-01-02: DB Total=36km, Saved SS=0km, Derived Base=36km (display base; JS adds current SS)
INFO - 2025-12-27 13:17:44 --> Expansion date 2026-01-02: DB Total=36km, Saved SS=0km, Derived Base=36km (display base; JS adds current SS)
INFO - 2025-12-27 13:17:44 --> Expansion date 2026-01-02: DB Total=36km, Saved SS=0km, Derived Base=36km (display base; JS adds current SS)
INFO - 2025-12-27 13:17:44 --> Expansion date 2026-01-03: DB Total=0km, Saved SS=200km, Derived Base=0km (display base; JS adds current SS)
INFO - 2025-12-27 13:17:44 --> Expansion date 2026-01-03: DB Total=0km, Saved SS=200km, Derived Base=0km (display base; JS adds current SS)
INFO - 2025-12-27 13:17:44 --> Expansion date 2026-01-03: DB Total=0km, Saved SS=200km, Derived Base=0km (display base; JS adds current SS)
INFO - 2025-12-27 13:17:44 --> Expansion date 2026-01-03: DB Total=0km, Saved SS=200km, Derived Base=0km (display base; JS adds current SS)
INFO - 2025-12-27 13:17:44 --> Expansion date 2026-01-04: DB Total=36km, Saved SS=0km, Derived Base=36km (display base; JS adds current SS)
INFO - 2025-12-27 13:17:44 --> Expansion date 2026-01-04: DB Total=36km, Saved SS=0km, Derived Base=36km (display base; JS adds current SS)
INFO - 2025-12-27 13:17:44 --> Expansion date 2026-01-04: DB Total=36km, Saved SS=0km, Derived Base=36km (display base; JS adds current SS)
INFO - 2025-12-27 13:17:44 --> Expansion date 2026-01-04: DB Total=36km, Saved SS=0km, Derived Base=36km (display base; JS adds current SS)
INFO - 2025-12-27 13:17:44 --> Itinerary expansion date 2026-01-02: Derived Base=36km (no SS added)
INFO - 2025-12-27 13:17:44 --> Itinerary expansion date 2026-01-02: Derived Base=36km (no SS added)
INFO - 2025-12-27 13:17:44 --> Itinerary expansion date 2026-01-02: Derived Base=36km (no SS added)
INFO - 2025-12-27 13:17:44 --> Itinerary expansion date 2026-01-02: Derived Base=36km (no SS added)
INFO - 2025-12-27 13:17:44 --> Itinerary expansion date 2026-01-03: Derived Base=0km (no SS added)
INFO - 2025-12-27 13:17:44 --> Itinerary expansion date 2026-01-03: Derived Base=0km (no SS added)
INFO - 2025-12-27 13:17:44 --> Itinerary expansion date 2026-01-03: Derived Base=0km (no SS added)
INFO - 2025-12-27 13:17:44 --> Itinerary expansion date 2026-01-03: Derived Base=0km (no SS added)
INFO - 2025-12-27 13:17:44 --> Itinerary expansion date 2026-01-04: Derived Base=0km (no SS added)
INFO - 2025-12-27 13:17:44 --> Itinerary expansion date 2026-01-04: Derived Base=0km (no SS added)
INFO - 2025-12-27 13:17:44 --> Itinerary expansion date 2026-01-04: Derived Base=0km (no SS added)
INFO - 2025-12-27 13:17:44 --> Itinerary expansion date 2026-01-04: Derived Base=0km (no SS added)
DEBUG - 2025-12-27 07:47:48 --> Session: Class initialized using 'CodeIgniter\Session\Handlers\FileHandler' driver.
DEBUG - 2025-12-27 07:47:48 --> Session: Class initialized using 'CodeIgniter\Session\Handlers\FileHandler' driver.
DEBUG - 2025-12-27 07:47:49 --> Session: Class initialized using 'CodeIgniter\Session\Handlers\FileHandler' driver.
INFO - 2025-12-27 13:17:49 --> SKIPPED defaults for Day 1 (date 2026-01-02) - using pre-loaded data (had_saved: yes, force_fresh: no)
INFO - 2025-12-27 13:17:49 --> SKIPPED defaults for Day 2 (date 2026-01-03) - using pre-loaded data (had_saved: yes, force_fresh: no)
INFO - 2025-12-27 13:17:49 --> SKIPPED defaults for Day 3 (date 2026-01-04) - using pre-loaded data (had_saved: yes, force_fresh: no)
INFO - 2025-12-27 13:17:49 --> Expansion date 2026-01-02: DB Total=36km, Saved SS=0km, Derived Base=36km (display base; JS adds current SS)
INFO - 2025-12-27 13:17:49 --> Expansion date 2026-01-02: DB Total=36km, Saved SS=0km, Derived Base=36km (display base; JS adds current SS)
INFO - 2025-12-27 13:17:49 --> Expansion date 2026-01-02: DB Total=36km, Saved SS=0km, Derived Base=36km (display base; JS adds current SS)
INFO - 2025-12-27 13:17:50 --> Expansion date 2026-01-02: DB Total=36km, Saved SS=0km, Derived Base=36km (display base; JS adds current SS)
INFO - 2025-12-27 13:17:50 --> Expansion date 2026-01-03: DB Total=0km, Saved SS=200km, Derived Base=0km (display base; JS adds current SS)
INFO - 2025-12-27 13:17:50 --> Expansion date 2026-01-03: DB Total=0km, Saved SS=200km, Derived Base=0km (display base; JS adds current SS)
INFO - 2025-12-27 13:17:50 --> Expansion date 2026-01-03: DB Total=0km, Saved SS=200km, Derived Base=0km (display base; JS adds current SS)
INFO - 2025-12-27 13:17:50 --> Expansion date 2026-01-03: DB Total=0km, Saved SS=200km, Derived Base=0km (display base; JS adds current SS)
INFO - 2025-12-27 13:17:50 --> Expansion date 2026-01-04: DB Total=36km, Saved SS=0km, Derived Base=36km (display base; JS adds current SS)
INFO - 2025-12-27 13:17:50 --> Expansion date 2026-01-04: DB Total=36km, Saved SS=0km, Derived Base=36km (display base; JS adds current SS)
INFO - 2025-12-27 13:17:50 --> Expansion date 2026-01-04: DB Total=36km, Saved SS=0km, Derived Base=36km (display base; JS adds current SS)
INFO - 2025-12-27 13:17:50 --> Expansion date 2026-01-04: DB Total=36km, Saved SS=0km, Derived Base=36km (display base; JS adds current SS)
INFO - 2025-12-27 13:17:50 --> Itinerary expansion date 2026-01-02: Derived Base=36km (no SS added)
INFO - 2025-12-27 13:17:50 --> Itinerary expansion date 2026-01-02: Derived Base=36km (no SS added)
INFO - 2025-12-27 13:17:50 --> Itinerary expansion date 2026-01-02: Derived Base=36km (no SS added)
INFO - 2025-12-27 13:17:50 --> Itinerary expansion date 2026-01-02: Derived Base=36km (no SS added)
INFO - 2025-12-27 13:17:50 --> Itinerary expansion date 2026-01-03: Derived Base=200km (no SS added)
INFO - 2025-12-27 13:17:50 --> Itinerary expansion date 2026-01-03: Derived Base=200km (no SS added)
INFO - 2025-12-27 13:17:50 --> Itinerary expansion date 2026-01-03: Derived Base=200km (no SS added)
INFO - 2025-12-27 13:17:50 --> Itinerary expansion date 2026-01-03: Derived Base=200km (no SS added)
INFO - 2025-12-27 13:17:50 --> Itinerary expansion date 2026-01-04: Derived Base=0km (no SS added)
INFO - 2025-12-27 13:17:50 --> Itinerary expansion date 2026-01-04: Derived Base=0km (no SS added)
INFO - 2025-12-27 13:17:50 --> Itinerary expansion date 2026-01-04: Derived Base=0km (no SS added)
INFO - 2025-12-27 13:17:50 --> Itinerary expansion date 2026-01-04: Derived Base=0km (no SS added)
DEBUG - 2025-12-27 07:47:55 --> Session: Class initialized using 'CodeIgniter\Session\Handlers\FileHandler' driver.
DEBUG - 2025-12-27 07:47:55 --> Session: Class initialized using 'CodeIgniter\Session\Handlers\FileHandler' driver.
DEBUG - 2025-12-27 07:47:57 --> Session: Class initialized using 'CodeIgniter\Session\Handlers\FileHandler' driver.
DEBUG - 2025-12-27 07:47:59 --> Session: Class initialized using 'CodeIgniter\Session\Handlers\FileHandler' driver.
INFO - 2025-12-27 07:47:59 --> SKIPPED defaults for Day 1 (date 2026-01-02) - using pre-loaded data (had_saved: yes, force_fresh: no)
INFO - 2025-12-27 07:47:59 --> SKIPPED defaults for Day 2 (date 2026-01-03) - using pre-loaded data (had_saved: yes, force_fresh: no)
INFO - 2025-12-27 07:47:59 --> SKIPPED defaults for Day 3 (date 2026-01-04) - using pre-loaded data (had_saved: yes, force_fresh: no)
INFO - 2025-12-27 07:47:59 --> Expansion date 2026-01-02: DB Total=36km, Saved SS=0km, Derived Base=36km (display base; JS adds current SS)
INFO - 2025-12-27 07:47:59 --> Expansion date 2026-01-02: DB Total=36km, Saved SS=0km, Derived Base=36km (display base; JS adds current SS)
INFO - 2025-12-27 07:47:59 --> Expansion date 2026-01-02: DB Total=36km, Saved SS=0km, Derived Base=36km (display base; JS adds current SS)
INFO - 2025-12-27 07:47:59 --> Expansion date 2026-01-02: DB Total=36km, Saved SS=0km, Derived Base=36km (display base; JS adds current SS)
INFO - 2025-12-27 07:47:59 --> Expansion date 2026-01-03: DB Total=0km, Saved SS=200km, Derived Base=0km (display base; JS adds current SS)
INFO - 2025-12-27 07:47:59 --> Expansion date 2026-01-03: DB Total=0km, Saved SS=200km, Derived Base=0km (display base; JS adds current SS)
INFO - 2025-12-27 07:47:59 --> Expansion date 2026-01-03: DB Total=0km, Saved SS=200km, Derived Base=0km (display base; JS adds current SS)
INFO - 2025-12-27 07:47:59 --> Expansion date 2026-01-03: DB Total=0km, Saved SS=200km, Derived Base=0km (display base; JS adds current SS)
INFO - 2025-12-27 07:47:59 --> Expansion date 2026-01-04: DB Total=36km, Saved SS=0km, Derived Base=36km (display base; JS adds current SS)
INFO - 2025-12-27 07:47:59 --> Expansion date 2026-01-04: DB Total=36km, Saved SS=0km, Derived Base=36km (display base; JS adds current SS)
INFO - 2025-12-27 07:47:59 --> Expansion date 2026-01-04: DB Total=36km, Saved SS=0km, Derived Base=36km (display base; JS adds current SS)
INFO - 2025-12-27 07:47:59 --> Expansion date 2026-01-04: DB Total=36km, Saved SS=0km, Derived Base=36km (display base; JS adds current SS)
INFO - 2025-12-27 07:47:59 --> Itinerary expansion date 2026-01-02: Derived Base=36km (no SS added)
INFO - 2025-12-27 07:47:59 --> Itinerary expansion date 2026-01-02: Derived Base=36km (no SS added)
INFO - 2025-12-27 07:47:59 --> Itinerary expansion date 2026-01-02: Derived Base=36km (no SS added)
INFO - 2025-12-27 07:47:59 --> Itinerary expansion date 2026-01-02: Derived Base=36km (no SS added)
INFO - 2025-12-27 07:47:59 --> Itinerary expansion date 2026-01-03: Derived Base=200km (no SS added)
INFO - 2025-12-27 07:47:59 --> Itinerary expansion date 2026-01-03: Derived Base=200km (no SS added)
INFO - 2025-12-27 07:47:59 --> Itinerary expansion date 2026-01-03: Derived Base=200km (no SS added)
INFO - 2025-12-27 07:47:59 --> Itinerary expansion date 2026-01-03: Derived Base=200km (no SS added)
INFO - 2025-12-27 07:47:59 --> Itinerary expansion date 2026-01-04: Derived Base=0km (no SS added)
INFO - 2025-12-27 07:47:59 --> Itinerary expansion date 2026-01-04: Derived Base=0km (no SS added)
INFO - 2025-12-27 07:47:59 --> Itinerary expansion date 2026-01-04: Derived Base=0km (no SS added)
INFO - 2025-12-27 07:47:59 --> Itinerary expansion date 2026-01-04: Derived Base=0km (no SS added)
DEBUG - 2025-12-27 07:48:04 --> Session: Class initialized using 'CodeIgniter\Session\Handlers\FileHandler' driver.
DEBUG - 2025-12-27 07:48:05 --> Session: Class initialized using 'CodeIgniter\Session\Handlers\FileHandler' driver.
DEBUG - 2025-12-27 07:48:06 --> Session: Class initialized using 'CodeIgniter\Session\Handlers\FileHandler' driver.
DEBUG - 2025-12-27 07:48:09 --> Session: Class initialized using 'CodeIgniter\Session\Handlers\FileHandler' driver.
INFO - 2025-12-27 07:48:09 --> SKIPPED defaults for Day 1 (date 2026-01-02) - using pre-loaded data (had_saved: yes, force_fresh: no)
INFO - 2025-12-27 07:48:09 --> SKIPPED defaults for Day 2 (date 2026-01-03) - using pre-loaded data (had_saved: yes, force_fresh: no)
INFO - 2025-12-27 07:48:09 --> SKIPPED defaults for Day 3 (date 2026-01-04) - using pre-loaded data (had_saved: yes, force_fresh: no)
INFO - 2025-12-27 07:48:09 --> Expansion date 2026-01-02: DB Total=36km, Saved SS=0km, Derived Base=36km (display base; JS adds current SS)
INFO - 2025-12-27 07:48:09 --> Expansion date 2026-01-02: DB Total=36km, Saved SS=0km, Derived Base=36km (display base; JS adds current SS)
INFO - 2025-12-27 07:48:09 --> Expansion date 2026-01-02: DB Total=36km, Saved SS=0km, Derived Base=36km (display base; JS adds current SS)
INFO - 2025-12-27 07:48:09 --> Expansion date 2026-01-02: DB Total=36km, Saved SS=0km, Derived Base=36km (display base; JS adds current SS)
INFO - 2025-12-27 07:48:09 --> Expansion date 2026-01-03: DB Total=0km, Saved SS=200km, Derived Base=0km (display base; JS adds current SS)
INFO - 2025-12-27 07:48:09 --> Expansion date 2026-01-03: DB Total=0km, Saved SS=200km, Derived Base=0km (display base; JS adds current SS)
INFO - 2025-12-27 07:48:09 --> Expansion date 2026-01-03: DB Total=0km, Saved SS=200km, Derived Base=0km (display base; JS adds current SS)
INFO - 2025-12-27 07:48:09 --> Expansion date 2026-01-03: DB Total=0km, Saved SS=200km, Derived Base=0km (display base; JS adds current SS)
INFO - 2025-12-27 07:48:09 --> Expansion date 2026-01-04: DB Total=36km, Saved SS=0km, Derived Base=36km (display base; JS adds current SS)
INFO - 2025-12-27 07:48:09 --> Expansion date 2026-01-04: DB Total=36km, Saved SS=0km, Derived Base=36km (display base; JS adds current SS)
INFO - 2025-12-27 07:48:09 --> Expansion date 2026-01-04: DB Total=36km, Saved SS=0km, Derived Base=36km (display base; JS adds current SS)
INFO - 2025-12-27 07:48:09 --> Expansion date 2026-01-04: DB Total=36km, Saved SS=0km, Derived Base=36km (display base; JS adds current SS)
INFO - 2025-12-27 07:48:09 --> Itinerary expansion date 2026-01-02: Derived Base=36km (no SS added)
INFO - 2025-12-27 07:48:09 --> Itinerary expansion date 2026-01-02: Derived Base=36km (no SS added)
INFO - 2025-12-27 07:48:09 --> Itinerary expansion date 2026-01-02: Derived Base=36km (no SS added)
INFO - 2025-12-27 07:48:09 --> Itinerary expansion date 2026-01-02: Derived Base=36km (no SS added)
INFO - 2025-12-27 07:48:09 --> Itinerary expansion date 2026-01-03: Derived Base=200km (no SS added)
INFO - 2025-12-27 07:48:09 --> Itinerary expansion date 2026-01-03: Derived Base=200km (no SS added)
INFO - 2025-12-27 07:48:09 --> Itinerary expansion date 2026-01-03: Derived Base=200km (no SS added)
INFO - 2025-12-27 07:48:09 --> Itinerary expansion date 2026-01-03: Derived Base=200km (no SS added)
INFO - 2025-12-27 07:48:09 --> Itinerary expansion date 2026-01-04: Derived Base=0km (no SS added)
INFO - 2025-12-27 07:48:09 --> Itinerary expansion date 2026-01-04: Derived Base=0km (no SS added)
INFO - 2025-12-27 07:48:09 --> Itinerary expansion date 2026-01-04: Derived Base=0km (no SS added)
INFO - 2025-12-27 07:48:09 --> Itinerary expansion date 2026-01-04: Derived Base=0km (no SS added)
DEBUG - 2025-12-27 07:48:19 --> Session: Class initialized using 'CodeIgniter\Session\Handlers\FileHandler' driver.
DEBUG - 2025-12-27 07:48:19 --> Session: Class initialized using 'CodeIgniter\Session\Handlers\FileHandler' driver.
DEBUG - 2025-12-27 07:48:20 --> Session: Class initialized using 'CodeIgniter\Session\Handlers\FileHandler' driver.
DEBUG - 2025-12-27 07:48:21 --> Session: Class initialized using 'CodeIgniter\Session\Handlers\FileHandler' driver.
INFO - 2025-12-27 13:18:22 --> SKIPPED defaults for Day 1 (date 2026-01-02) - using pre-loaded data (had_saved: yes, force_fresh: no)
INFO - 2025-12-27 13:18:22 --> SKIPPED defaults for Day 2 (date 2026-01-03) - using pre-loaded data (had_saved: yes, force_fresh: no)
INFO - 2025-12-27 13:18:22 --> SKIPPED defaults for Day 3 (date 2026-01-04) - using pre-loaded data (had_saved: yes, force_fresh: no)
INFO - 2025-12-27 13:18:22 --> Expansion date 2026-01-02: DB Total=36km, Saved SS=250km, Derived Base=0km (display base; JS adds current SS)
INFO - 2025-12-27 13:18:22 --> Expansion date 2026-01-02: DB Total=36km, Saved SS=250km, Derived Base=0km (display base; JS adds current SS)
INFO - 2025-12-27 13:18:22 --> Expansion date 2026-01-02: DB Total=36km, Saved SS=250km, Derived Base=0km (display base; JS adds current SS)
INFO - 2025-12-27 13:18:22 --> Expansion date 2026-01-02: DB Total=36km, Saved SS=250km, Derived Base=0km (display base; JS adds current SS)
INFO - 2025-12-27 13:18:22 --> Expansion date 2026-01-03: DB Total=0km, Saved SS=200km, Derived Base=0km (display base; JS adds current SS)
INFO - 2025-12-27 13:18:22 --> Expansion date 2026-01-03: DB Total=0km, Saved SS=200km, Derived Base=0km (display base; JS adds current SS)
INFO - 2025-12-27 13:18:22 --> Expansion date 2026-01-03: DB Total=0km, Saved SS=200km, Derived Base=0km (display base; JS adds current SS)
INFO - 2025-12-27 13:18:22 --> Expansion date 2026-01-03: DB Total=0km, Saved SS=200km, Derived Base=0km (display base; JS adds current SS)
INFO - 2025-12-27 13:18:22 --> Expansion date 2026-01-04: DB Total=36km, Saved SS=0km, Derived Base=36km (display base; JS adds current SS)
INFO - 2025-12-27 13:18:22 --> Expansion date 2026-01-04: DB Total=36km, Saved SS=0km, Derived Base=36km (display base; JS adds current SS)
INFO - 2025-12-27 13:18:22 --> Expansion date 2026-01-04: DB Total=36km, Saved SS=0km, Derived Base=36km (display base; JS adds current SS)
INFO - 2025-12-27 13:18:22 --> Expansion date 2026-01-04: DB Total=36km, Saved SS=0km, Derived Base=36km (display base; JS adds current SS)
INFO - 2025-12-27 13:18:22 --> Itinerary expansion date 2026-01-02: Derived Base=36km (no SS added)
INFO - 2025-12-27 13:18:22 --> Itinerary expansion date 2026-01-02: Derived Base=36km (no SS added)
INFO - 2025-12-27 13:18:22 --> Itinerary expansion date 2026-01-02: Derived Base=36km (no SS added)
INFO - 2025-12-27 13:18:22 --> Itinerary expansion date 2026-01-02: Derived Base=36km (no SS added)
INFO - 2025-12-27 13:18:22 --> Itinerary expansion date 2026-01-03: Derived Base=400km (no SS added)
INFO - 2025-12-27 13:18:22 --> Itinerary expansion date 2026-01-03: Derived Base=400km (no SS added)
INFO - 2025-12-27 13:18:22 --> Itinerary expansion date 2026-01-03: Derived Base=400km (no SS added)
INFO - 2025-12-27 13:18:22 --> Itinerary expansion date 2026-01-03: Derived Base=400km (no SS added)
INFO - 2025-12-27 13:18:22 --> Itinerary expansion date 2026-01-04: Derived Base=0km (no SS added)
INFO - 2025-12-27 13:18:22 --> Itinerary expansion date 2026-01-04: Derived Base=0km (no SS added)
INFO - 2025-12-27 13:18:22 --> Itinerary expansion date 2026-01-04: Derived Base=0km (no SS added)
INFO - 2025-12-27 13:18:22 --> Itinerary expansion date 2026-01-04: Derived Base=0km (no SS added)
DEBUG - 2025-12-27 07:48:27 --> Session: Class initialized using 'CodeIgniter\Session\Handlers\FileHandler' driver.
DEBUG - 2025-12-27 07:48:27 --> Session: Class initialized using 'CodeIgniter\Session\Handlers\FileHandler' driver.
DEBUG - 2025-12-27 07:48:29 --> Session: Class initialized using 'CodeIgniter\Session\Handlers\FileHandler' driver.
DEBUG - 2025-12-27 07:48:30 --> Session: Class initialized using 'CodeIgniter\Session\Handlers\FileHandler' driver.
INFO - 2025-12-27 07:48:30 --> SKIPPED defaults for Day 1 (date 2026-01-02) - using pre-loaded data (had_saved: yes, force_fresh: no)
INFO - 2025-12-27 07:48:30 --> SKIPPED defaults for Day 2 (date 2026-01-03) - using pre-loaded data (had_saved: yes, force_fresh: no)
INFO - 2025-12-27 07:48:30 --> SKIPPED defaults for Day 3 (date 2026-01-04) - using pre-loaded data (had_saved: yes, force_fresh: no)
INFO - 2025-12-27 07:48:30 --> Expansion date 2026-01-02: DB Total=36km, Saved SS=250km, Derived Base=0km (display base; JS adds current SS)
INFO - 2025-12-27 07:48:30 --> Expansion date 2026-01-02: DB Total=36km, Saved SS=250km, Derived Base=0km (display base; JS adds current SS)
INFO - 2025-12-27 07:48:30 --> Expansion date 2026-01-02: DB Total=36km, Saved SS=250km, Derived Base=0km (display base; JS adds current SS)
INFO - 2025-12-27 07:48:30 --> Expansion date 2026-01-02: DB Total=36km, Saved SS=250km, Derived Base=0km (display base; JS adds current SS)
INFO - 2025-12-27 07:48:30 --> Expansion date 2026-01-03: DB Total=0km, Saved SS=200km, Derived Base=0km (display base; JS adds current SS)
INFO - 2025-12-27 07:48:30 --> Expansion date 2026-01-03: DB Total=0km, Saved SS=200km, Derived Base=0km (display base; JS adds current SS)
INFO - 2025-12-27 07:48:30 --> Expansion date 2026-01-03: DB Total=0km, Saved SS=200km, Derived Base=0km (display base; JS adds current SS)
INFO - 2025-12-27 07:48:30 --> Expansion date 2026-01-03: DB Total=0km, Saved SS=200km, Derived Base=0km (display base; JS adds current SS)
INFO - 2025-12-27 07:48:30 --> Expansion date 2026-01-04: DB Total=36km, Saved SS=0km, Derived Base=36km (display base; JS adds current SS)
INFO - 2025-12-27 07:48:30 --> Expansion date 2026-01-04: DB Total=36km, Saved SS=0km, Derived Base=36km (display base; JS adds current SS)
INFO - 2025-12-27 07:48:30 --> Expansion date 2026-01-04: DB Total=36km, Saved SS=0km, Derived Base=36km (display base; JS adds current SS)
INFO - 2025-12-27 07:48:30 --> Expansion date 2026-01-04: DB Total=36km, Saved SS=0km, Derived Base=36km (display base; JS adds current SS)
INFO - 2025-12-27 07:48:30 --> Itinerary expansion date 2026-01-02: Derived Base=36km (no SS added)
INFO - 2025-12-27 07:48:30 --> Itinerary expansion date 2026-01-02: Derived Base=36km (no SS added)
INFO - 2025-12-27 07:48:30 --> Itinerary expansion date 2026-01-02: Derived Base=36km (no SS added)
INFO - 2025-12-27 07:48:30 --> Itinerary expansion date 2026-01-02: Derived Base=36km (no SS added)
INFO - 2025-12-27 07:48:30 --> Itinerary expansion date 2026-01-03: Derived Base=400km (no SS added)
INFO - 2025-12-27 07:48:30 --> Itinerary expansion date 2026-01-03: Derived Base=400km (no SS added)
INFO - 2025-12-27 07:48:30 --> Itinerary expansion date 2026-01-03: Derived Base=400km (no SS added)
INFO - 2025-12-27 07:48:30 --> Itinerary expansion date 2026-01-03: Derived Base=400km (no SS added)
INFO - 2025-12-27 07:48:30 --> Itinerary expansion date 2026-01-04: Derived Base=0km (no SS added)
INFO - 2025-12-27 07:48:30 --> Itinerary expansion date 2026-01-04: Derived Base=0km (no SS added)
INFO - 2025-12-27 07:48:30 --> Itinerary expansion date 2026-01-04: Derived Base=0km (no SS added)
INFO - 2025-12-27 07:48:30 --> Itinerary expansion date 2026-01-04: Derived Base=0km (no SS added)
DEBUG - 2025-12-27 07:48:34 --> Session: Class initialized using 'CodeIgniter\Session\Handlers\FileHandler' driver.
DEBUG - 2025-12-27 07:48:34 --> Session: Class initialized using 'CodeIgniter\Session\Handlers\FileHandler' driver.
DEBUG - 2025-12-27 07:48:36 --> Session: Class initialized using 'CodeIgniter\Session\Handlers\FileHandler' driver.
DEBUG - 2025-12-27 07:48:44 --> Session: Class initialized using 'CodeIgniter\Session\Handlers\FileHandler' driver.
INFO - 2025-12-27 13:18:44 --> SKIPPED defaults for Day 1 (date 2026-01-02) - using pre-loaded data (had_saved: yes, force_fresh: no)
INFO - 2025-12-27 13:18:44 --> SKIPPED defaults for Day 2 (date 2026-01-03) - using pre-loaded data (had_saved: yes, force_fresh: no)
INFO - 2025-12-27 13:18:44 --> SKIPPED defaults for Day 3 (date 2026-01-04) - using pre-loaded data (had_saved: yes, force_fresh: no)
INFO - 2025-12-27 13:18:44 --> Expansion date 2026-01-02: DB Total=36km, Saved SS=250km, Derived Base=0km (display base; JS adds current SS)
INFO - 2025-12-27 13:18:44 --> Expansion date 2026-01-02: DB Total=36km, Saved SS=250km, Derived Base=0km (display base; JS adds current SS)
INFO - 2025-12-27 13:18:44 --> Expansion date 2026-01-02: DB Total=36km, Saved SS=250km, Derived Base=0km (display base; JS adds current SS)
INFO - 2025-12-27 13:18:44 --> Expansion date 2026-01-02: DB Total=36km, Saved SS=250km, Derived Base=0km (display base; JS adds current SS)
INFO - 2025-12-27 13:18:44 --> Expansion date 2026-01-03: DB Total=0km, Saved SS=200km, Derived Base=0km (display base; JS adds current SS)
INFO - 2025-12-27 13:18:44 --> Expansion date 2026-01-03: DB Total=0km, Saved SS=200km, Derived Base=0km (display base; JS adds current SS)
INFO - 2025-12-27 13:18:44 --> Expansion date 2026-01-03: DB Total=0km, Saved SS=200km, Derived Base=0km (display base; JS adds current SS)
INFO - 2025-12-27 13:18:44 --> Expansion date 2026-01-03: DB Total=0km, Saved SS=200km, Derived Base=0km (display base; JS adds current SS)
INFO - 2025-12-27 13:18:44 --> Expansion date 2026-01-04: DB Total=36km, Saved SS=0km, Derived Base=36km (display base; JS adds current SS)
INFO - 2025-12-27 13:18:44 --> Expansion date 2026-01-04: DB Total=36km, Saved SS=0km, Derived Base=36km (display base; JS adds current SS)
INFO - 2025-12-27 13:18:44 --> Expansion date 2026-01-04: DB Total=36km, Saved SS=0km, Derived Base=36km (display base; JS adds current SS)
INFO - 2025-12-27 13:18:44 --> Expansion date 2026-01-04: DB Total=36km, Saved SS=0km, Derived Base=36km (display base; JS adds current SS)
INFO - 2025-12-27 13:18:44 --> Itinerary expansion date 2026-01-02: Derived Base=36km (no SS added)
INFO - 2025-12-27 13:18:44 --> Itinerary expansion date 2026-01-02: Derived Base=36km (no SS added)
INFO - 2025-12-27 13:18:44 --> Itinerary expansion date 2026-01-02: Derived Base=36km (no SS added)
INFO - 2025-12-27 13:18:44 --> Itinerary expansion date 2026-01-02: Derived Base=36km (no SS added)
INFO - 2025-12-27 13:18:44 --> Itinerary expansion date 2026-01-03: Derived Base=400km (no SS added)
INFO - 2025-12-27 13:18:44 --> Itinerary expansion date 2026-01-03: Derived Base=400km (no SS added)
INFO - 2025-12-27 13:18:44 --> Itinerary expansion date 2026-01-03: Derived Base=400km (no SS added)
INFO - 2025-12-27 13:18:44 --> Itinerary expansion date 2026-01-03: Derived Base=400km (no SS added)
INFO - 2025-12-27 13:18:44 --> Itinerary expansion date 2026-01-04: Derived Base=0km (no SS added)
INFO - 2025-12-27 13:18:44 --> Itinerary expansion date 2026-01-04: Derived Base=0km (no SS added)
INFO - 2025-12-27 13:18:44 --> Itinerary expansion date 2026-01-04: Derived Base=0km (no SS added)
INFO - 2025-12-27 13:18:44 --> Itinerary expansion date 2026-01-04: Derived Base=0km (no SS added)
DEBUG - 2025-12-27 07:48:47 --> Session: Class initialized using 'CodeIgniter\Session\Handlers\FileHandler' driver.
DEBUG - 2025-12-27 07:48:47 --> Session: Class initialized using 'CodeIgniter\Session\Handlers\FileHandler' driver.
DEBUG - 2025-12-27 07:48:52 --> Session: Class initialized using 'CodeIgniter\Session\Handlers\FileHandler' driver.
DEBUG - 2025-12-27 07:48:53 --> Session: Class initialized using 'CodeIgniter\Session\Handlers\FileHandler' driver.
INFO - 2025-12-27 07:48:53 --> SKIPPED defaults for Day 1 (date 2026-01-02) - using pre-loaded data (had_saved: yes, force_fresh: no)
INFO - 2025-12-27 07:48:53 --> SKIPPED defaults for Day 2 (date 2026-01-03) - using pre-loaded data (had_saved: yes, force_fresh: no)
INFO - 2025-12-27 07:48:53 --> SKIPPED defaults for Day 3 (date 2026-01-04) - using pre-loaded data (had_saved: yes, force_fresh: no)
INFO - 2025-12-27 07:48:53 --> Expansion date 2026-01-02: DB Total=36km, Saved SS=250km, Derived Base=0km (display base; JS adds current SS)
INFO - 2025-12-27 07:48:53 --> Expansion date 2026-01-02: DB Total=36km, Saved SS=250km, Derived Base=0km (display base; JS adds current SS)
INFO - 2025-12-27 07:48:53 --> Expansion date 2026-01-02: DB Total=36km, Saved SS=250km, Derived Base=0km (display base; JS adds current SS)
INFO - 2025-12-27 07:48:53 --> Expansion date 2026-01-02: DB Total=36km, Saved SS=250km, Derived Base=0km (display base; JS adds current SS)
INFO - 2025-12-27 07:48:53 --> Expansion date 2026-01-03: DB Total=0km, Saved SS=200km, Derived Base=0km (display base; JS adds current SS)
INFO - 2025-12-27 07:48:53 --> Expansion date 2026-01-03: DB Total=0km, Saved SS=200km, Derived Base=0km (display base; JS adds current SS)
INFO - 2025-12-27 07:48:53 --> Expansion date 2026-01-03: DB Total=0km, Saved SS=200km, Derived Base=0km (display base; JS adds current SS)
INFO - 2025-12-27 07:48:53 --> Expansion date 2026-01-03: DB Total=0km, Saved SS=200km, Derived Base=0km (display base; JS adds current SS)
INFO - 2025-12-27 07:48:53 --> Expansion date 2026-01-04: DB Total=36km, Saved SS=0km, Derived Base=36km (display base; JS adds current SS)
INFO - 2025-12-27 07:48:53 --> Expansion date 2026-01-04: DB Total=36km, Saved SS=0km, Derived Base=36km (display base; JS adds current SS)
INFO - 2025-12-27 07:48:53 --> Expansion date 2026-01-04: DB Total=36km, Saved SS=0km, Derived Base=36km (display base; JS adds current SS)
INFO - 2025-12-27 07:48:53 --> Expansion date 2026-01-04: DB Total=36km, Saved SS=0km, Derived Base=36km (display base; JS adds current SS)
INFO - 2025-12-27 07:48:53 --> Itinerary expansion date 2026-01-02: Derived Base=36km (no SS added)
INFO - 2025-12-27 07:48:53 --> Itinerary expansion date 2026-01-02: Derived Base=36km (no SS added)
INFO - 2025-12-27 07:48:53 --> Itinerary expansion date 2026-01-02: Derived Base=36km (no SS added)
INFO - 2025-12-27 07:48:53 --> Itinerary expansion date 2026-01-02: Derived Base=36km (no SS added)
INFO - 2025-12-27 07:48:53 --> Itinerary expansion date 2026-01-03: Derived Base=400km (no SS added)
INFO - 2025-12-27 07:48:53 --> Itinerary expansion date 2026-01-03: Derived Base=400km (no SS added)
INFO - 2025-12-27 07:48:53 --> Itinerary expansion date 2026-01-03: Derived Base=400km (no SS added)
INFO - 2025-12-27 07:48:53 --> Itinerary expansion date 2026-01-03: Derived Base=400km (no SS added)
INFO - 2025-12-27 07:48:53 --> Itinerary expansion date 2026-01-04: Derived Base=0km (no SS added)
INFO - 2025-12-27 07:48:53 --> Itinerary expansion date 2026-01-04: Derived Base=0km (no SS added)
INFO - 2025-12-27 07:48:53 --> Itinerary expansion date 2026-01-04: Derived Base=0km (no SS added)
INFO - 2025-12-27 07:48:53 --> Itinerary expansion date 2026-01-04: Derived Base=0km (no SS added)
DEBUG - 2025-12-27 07:49:00 --> Session: Class initialized using 'CodeIgniter\Session\Handlers\FileHandler' driver.
DEBUG - 2025-12-27 07:49:00 --> Session: Class initialized using 'CodeIgniter\Session\Handlers\FileHandler' driver.
DEBUG - 2025-12-27 07:49:02 --> Session: Class initialized using 'CodeIgniter\Session\Handlers\FileHandler' driver.
DEBUG - 2025-12-27 07:49:03 --> Session: Class initialized using 'CodeIgniter\Session\Handlers\FileHandler' driver.
DEBUG - 2025-12-27 07:49:04 --> Session: Class initialized using 'CodeIgniter\Session\Handlers\FileHandler' driver.
DEBUG - 2025-12-27 07:49:05 --> Session: Class initialized using 'CodeIgniter\Session\Handlers\FileHandler' driver.
DEBUG - 2025-12-27 07:49:07 --> Session: Class initialized using 'CodeIgniter\Session\Handlers\FileHandler' driver.
INFO - 2025-12-27 13:19:07 --> SKIPPED defaults for Day 1 (date 2026-01-02) - using pre-loaded data (had_saved: yes, force_fresh: no)
INFO - 2025-12-27 13:19:07 --> SKIPPED defaults for Day 2 (date 2026-01-03) - using pre-loaded data (had_saved: yes, force_fresh: no)
INFO - 2025-12-27 13:19:07 --> SKIPPED defaults for Day 3 (date 2026-01-04) - using pre-loaded data (had_saved: yes, force_fresh: no)
INFO - 2025-12-27 13:19:07 --> Expansion date 2026-01-02: DB Total=36km, Saved SS=0km, Derived Base=36km (display base; JS adds current SS)
INFO - 2025-12-27 13:19:07 --> Expansion date 2026-01-02: DB Total=36km, Saved SS=0km, Derived Base=36km (display base; JS adds current SS)
INFO - 2025-12-27 13:19:07 --> Expansion date 2026-01-02: DB Total=36km, Saved SS=0km, Derived Base=36km (display base; JS adds current SS)
INFO - 2025-12-27 13:19:07 --> Expansion date 2026-01-02: DB Total=36km, Saved SS=0km, Derived Base=36km (display base; JS adds current SS)
INFO - 2025-12-27 13:19:07 --> Expansion date 2026-01-03: DB Total=0km, Saved SS=200km, Derived Base=0km (display base; JS adds current SS)
INFO - 2025-12-27 13:19:07 --> Expansion date 2026-01-03: DB Total=0km, Saved SS=200km, Derived Base=0km (display base; JS adds current SS)
INFO - 2025-12-27 13:19:07 --> Expansion date 2026-01-03: DB Total=0km, Saved SS=200km, Derived Base=0km (display base; JS adds current SS)
INFO - 2025-12-27 13:19:07 --> Expansion date 2026-01-03: DB Total=0km, Saved SS=200km, Derived Base=0km (display base; JS adds current SS)
INFO - 2025-12-27 13:19:07 --> Expansion date 2026-01-04: DB Total=36km, Saved SS=0km, Derived Base=36km (display base; JS adds current SS)
INFO - 2025-12-27 13:19:07 --> Expansion date 2026-01-04: DB Total=36km, Saved SS=0km, Derived Base=36km (display base; JS adds current SS)
INFO - 2025-12-27 13:19:07 --> Expansion date 2026-01-04: DB Total=36km, Saved SS=0km, Derived Base=36km (display base; JS adds current SS)
INFO - 2025-12-27 13:19:07 --> Expansion date 2026-01-04: DB Total=36km, Saved SS=0km, Derived Base=36km (display base; JS adds current SS)
INFO - 2025-12-27 13:19:07 --> Itinerary expansion date 2026-01-02: Derived Base=286km (no SS added)
INFO - 2025-12-27 13:19:07 --> Itinerary expansion date 2026-01-02: Derived Base=286km (no SS added)
INFO - 2025-12-27 13:19:07 --> Itinerary expansion date 2026-01-02: Derived Base=286km (no SS added)
INFO - 2025-12-27 13:19:07 --> Itinerary expansion date 2026-01-02: Derived Base=286km (no SS added)
INFO - 2025-12-27 13:19:07 --> Itinerary expansion date 2026-01-03: Derived Base=600km (no SS added)
INFO - 2025-12-27 13:19:07 --> Itinerary expansion date 2026-01-03: Derived Base=600km (no SS added)
INFO - 2025-12-27 13:19:07 --> Itinerary expansion date 2026-01-03: Derived Base=600km (no SS added)
INFO - 2025-12-27 13:19:07 --> Itinerary expansion date 2026-01-03: Derived Base=600km (no SS added)
INFO - 2025-12-27 13:19:07 --> Itinerary expansion date 2026-01-04: Derived Base=0km (no SS added)
INFO - 2025-12-27 13:19:07 --> Itinerary expansion date 2026-01-04: Derived Base=0km (no SS added)
INFO - 2025-12-27 13:19:07 --> Itinerary expansion date 2026-01-04: Derived Base=0km (no SS added)
INFO - 2025-12-27 13:19:07 --> Itinerary expansion date 2026-01-04: Derived Base=0km (no SS added)
DEBUG - 2025-12-27 07:49:10 --> Session: Class initialized using 'CodeIgniter\Session\Handlers\FileHandler' driver.
DEBUG - 2025-12-27 07:49:10 --> Session: Class initialized using 'CodeIgniter\Session\Handlers\FileHandler' driver.
DEBUG - 2025-12-27 07:49:12 --> Session: Class initialized using 'CodeIgniter\Session\Handlers\FileHandler' driver.
DEBUG - 2025-12-27 07:49:15 --> Session: Class initialized using 'CodeIgniter\Session\Handlers\FileHandler' driver.
DEBUG - 2025-12-27 07:49:15 --> Session: Class initialized using 'CodeIgniter\Session\Handlers\FileHandler' driver.
